{
  "subreddit": "specialed",
  "post": {
    "id": "1l5g5m1",
    "title": "Private school hell. Please help",
    "author": "MostPreparation685",
    "created_utc": 1749285716.0,
    "score": 12,
    "num_comments": 15,
    "url": "https://www.reddit.com/r/specialed/comments/1l5g5m1/private_school_hell_please_help/",
    "selftext": "My child attends a Christian private school in which his mother's family has multiple members employed at. We are not together and have a custody agreement that says I'm to be included in all decision making including education. She did successfully argue in court to have him attend the school after I objected because when he was a toddler I was already experiencing favoritism towards his mother and teachers making blatant false allegations. At that time we had already been in court for 5 years and I could no longer afford counsel because I am a disabled veteran on a fixed income. Every year I would be removed from emails and other correspondence multiple times thus missing many school functions. Fast forward to last year when my child was in 4th grade. I attended all parent teacher conferences (the mother refuses to jointly attend) and the teacher never once mentioned my child I'll ll0p was exhibiting signs indicative of A.D.D. However the teacher and the mom had my son tested by a physician and the diagnosis was my child performed all tests at a higher and above average scoring however mom and teacher continued advocating for medicine and eventually the physician agreed. 9 months later the mom told me our child started new medication. My first parenting time my child complained of the medicine giving him headaches and making him tired. This prompted me to contact the physician which eventually led me to the school. I requested student records and received 2 pages with essentially nothing except general info and grades from the previous semester. After contacting the physician again I discovered the prescription had been ordered and filled for 9 months and only taken for 3;days on the 9th month. After questioning the doctor she immediately cancelled the order and dropped my child as a patient due to mom's handling of the medication and this led to the school who then contacted me to find more student records and this was just about this situation and I was called in for a meeting. Prior to the meeting I was told that no teacher had any interactions with any doctor, that they had nothing on file and they don't even get involved with a situation like that. The meeting which I thought would be with the principal and teacher turned out to be 6 people sitting across from me. When I told the principal that he had already lied about this incident (and many others) he immediately called security on his radio, ended the meeting and had me escorted off school grounds. Later stating I accosted people at that meeting. So I regrouped and starting ready as much info as I could and then formally requested all student records, permanent records, disciplinary records et 3 weeks ago. I received one set of documents and that was regarding some of this medication incident and what I learned is the school knew about the medication and teacher involvement for almost a year and then started a 504 accomodation plan draft only after I started asking questions. The meeting I had been escorted out of was later referenced as a 504 accomodation plan draft meeting. Folks I know this is extremely long but please anyone with some sound advice please help,"
  },
  "comments": [
    {
      "id": "mwgtgik",
      "author": "Immediate_East8456",
      "body": "Private schools aren't subject to federal laws like IDEA. They can literally do whatever they want. They are under no obligation to provide FAPE, because they aren't free.\n\n\nThere may be laws broken in your case, but if so, they aren't laws that pertain to special education. Maybe custody or family laws etc. But no one here can give you advice on that.\n\n\nPublic schools (including charter schools that receive public money) are the only place where special education law applies. I'm sorry for your troubles, but you're asking the wrong sub.",
      "created_utc": 1749290924.0,
      "score": 64,
      "permalink": "/r/specialed/comments/1l5g5m1/private_school_hell_please_help/mwgtgik/",
      "is_submitter": false,
      "edited": false,
      "stickied": false
    },
    {
      "id": "mwkly1c",
      "author": "Money_Pomegranate_96",
      "body": "So for us, I have the exclusive right to do things and make certain decisions for my kids no matter where they are (my house or dad\u2019s house). Then we each have independent rights to make decisions for certain things when we have them in our possession. We don\u2019t have a joint decision-making rights that would require us both to sign off on something, but that was a choice we made.\n\nIt\u2019s important to differentiate between us both having the same \u201cindependent\u201d decision-making rights vs. having \u201cjoint\u201d decision-making rights. The thing is that I can make educational and medical choices for my kids while they\u2019re with me without including their dad because I have that independent right (and actually I think the educational decision-making right is exclusive to me because I\u2019m a teacher and he lives in another state so we thought it best for the kids). I do tell him and actually ask for his advice or feelings about things first because that\u2019s good co-parenting, but I\u2019m not necessarily required to. You may want to double check the wording of your custody plan, and if you\u2019re to be included, set up a meeting with the principal where you can discuss and give the school a copy of the order with that part highlighted. You could also have a lawyer write a letter giving a warning. They can write a letter to the school that won\u2019t require you to fully retain them. They\u2019ll just charge a set fee. Typically, schools will cave to lawyer warnings when they\u2019re in the wrong.  \n\nAs far as records, if you think you\u2019re not getting them all, you can ask a lawyer to write a letter giving them a warning. Sometimes a little legal muscle will go a long way.",
      "created_utc": 1749339548.0,
      "score": 5,
      "permalink": "/r/specialed/comments/1l5g5m1/private_school_hell_please_help/mwkly1c/",
      "is_submitter": false,
      "edited": false,
      "stickied": false
    },
    {
      "id": "mwygryj",
      "author": "PrincessIcicle",
      "body": "You definitely need to take mom to court. She seems to be in violation of your court order.",
      "created_utc": 1749527131.0,
      "score": 2,
      "permalink": "/r/specialed/comments/1l5g5m1/private_school_hell_please_help/mwygryj/",
      "is_submitter": false,
      "edited": false,
      "stickied": false
    },
    {
      "id": "mwxuwgv",
      "author": "AdamHelpsPeople",
      "body": "This sounds like something you should be talking to a lawyer about, unfortunately. Especially if they're accusing you of accosting someone.",
      "created_utc": 1749519283.0,
      "score": 1,
      "permalink": "/r/specialed/comments/1l5g5m1/private_school_hell_please_help/mwxuwgv/",
      "is_submitter": false,
      "edited": false,
      "stickied": false
    },
    {
      "id": "mwh9p89",
      "author": "datanerdette",
      "body": "True, although private schools are sometimes required to follow aspects of 504 plans if they receive any federal funding, and definitely need to follow court-ordered parenting plans. OP might get better targeted advice in r/askalawyer and co-parenting and custody subs.",
      "created_utc": 1749299181.0,
      "score": 12,
      "permalink": "/r/specialed/comments/1l5g5m1/private_school_hell_please_help/mwh9p89/",
      "is_submitter": false,
      "edited": false,
      "stickied": false
    },
    {
      "id": "mwhyu58",
      "author": "bsiekie",
      "body": "Special education and 504 are different laws - I don\u2019t see him asking about IDEA. \n\nWhile private schools are not bound by IDEA, it sounds like this one does provide 504 support, which may be appropriate based on the child\u2019s needs.",
      "created_utc": 1749308287.0,
      "score": 10,
      "permalink": "/r/specialed/comments/1l5g5m1/private_school_hell_please_help/mwhyu58/",
      "is_submitter": false,
      "edited": false,
      "stickied": false
    },
    {
      "id": "mwl9or7",
      "author": "MostPreparation685",
      "body": "So we do have joint decision making in our agreement however it's constantly an issue. Typically I let a lot slide because to be honest I'm co-parenting with a bipolar(documented) alcoholic unfortunately. So from my standpoint I try to be as peaceful as possible in order to protect my child from the insanity. My child does not have disabilities and that is really the big issue but the mother and teachers pushed it so much I believe the doctor caved and to be completely honest my gut knows where those 9 months of prescription amphetamines went and it wasn't down my child's throat. I know Christian schools are a business like anyone else but they have no issue letting my child take the fall if it can either make me look bad or somehow benefit his mom by circumventing our order so that she can maintain control. I'm also a disabled combat veteran and that has been an opportunity for them to portray me as unhinged and unstable which has never happened. They even concocted a story that my child said He has access to firearms in my home and uses them unsupervised. I was shocked!!! There are no firearms in my home and he definitely doesn't have access to them but I have taken him shooting and because of that alleged statement about access to firearms he was sent home from school for two days but the principal decided he would not put it in his file..so unfortunately the sins of the father are carried by my the son in this situation and I just wish I could do more to protect him",
      "created_utc": 1749348748.0,
      "score": 0,
      "permalink": "/r/specialed/comments/1l5g5m1/private_school_hell_please_help/mwl9or7/",
      "is_submitter": true,
      "edited": false,
      "stickied": false
    },
    {
      "id": "mx1zbyg",
      "author": "MostPreparation685",
      "body": "And I am. But I'm making the case about the school helping her to facilitate her breaking the order in the first place. I never realized how many procedures there are with getting information from a private school. Now that I am following the law to a T in my approach they are finally doing something. However it appears there's more covering up and forging documents than I anticipated but I believe now they have my attention",
      "created_utc": 1749577513.0,
      "score": 1,
      "permalink": "/r/specialed/comments/1l5g5m1/private_school_hell_please_help/mx1zbyg/",
      "is_submitter": true,
      "edited": false,
      "stickied": false
    },
    {
      "id": "mwlgkbl",
      "author": "MostPreparation685",
      "body": "We had a meeting that was to discuss what in the heck was going on with the teacher being involved and nothing was ever said. This was in September 24. I received a document from the school two days ago that said the meeting was a 504 accommodation plan. I can assure you absolutely nothing was discussed saying that my son may have a disability and require special needs. The meeting was 6 people and me. I'm assuming a couple people were their attorneys",
      "created_utc": 1749351517.0,
      "score": 0,
      "permalink": "/r/specialed/comments/1l5g5m1/private_school_hell_please_help/mwlgkbl/",
      "is_submitter": true,
      "edited": false,
      "stickied": false
    },
    {
      "id": "mwlbbjq",
      "author": "Money_Pomegranate_96",
      "body": "If I were you, I\u2019d look for an organization that specifically help dads and/or vets with legal fees or at least give legal advice. They\u2019re out there but may be difficult to find. Most states/counties have legal aid offices that work with people based on income. If you suspect she took the meds, she probably wouldn\u2019t pass a drug test. You don\u2019t just stop taking amphetamines when a prescription runs out. Definitely get in touch with an attorney. And maybe even family services if you\u2019re worried about abuse or neglect.",
      "created_utc": 1749349382.0,
      "score": 2,
      "permalink": "/r/specialed/comments/1l5g5m1/private_school_hell_please_help/mwlbbjq/",
      "is_submitter": false,
      "edited": false,
      "stickied": false
    },
    {
      "id": "mwnvta2",
      "author": "melissa-assilem",
      "body": "Everyone at the table should have introduced themselves (name, position, purpose for attending). You shouldn\u2019t have to assume who is who and you should know if an attorney is present and why. This situation sounds really weird. I would definitely record any meetings you attend. The lack of professionalism alone is enough to question what is going on.",
      "created_utc": 1749393639.0,
      "score": 9,
      "permalink": "/r/specialed/comments/1l5g5m1/private_school_hell_please_help/mwnvta2/",
      "is_submitter": false,
      "edited": false,
      "stickied": false
    },
    {
      "id": "mwlcd34",
      "author": "MostPreparation685",
      "body": "Oh I had and unfortunately I didn't find out about almost all of this until 9 months later believe it or not. I do have an attorney and have been thinking of a plan of action. Currently I'm properly getting as many records as possible in order to save money on legal fees. I agree there is help out there however in 11 years I haven't found it and one of her tactics is to drag court on with her family's support. But at the end of the day my son and I have a terrific relationship and that's something nobody can take away",
      "created_utc": 1749349801.0,
      "score": 2,
      "permalink": "/r/specialed/comments/1l5g5m1/private_school_hell_please_help/mwlcd34/",
      "is_submitter": true,
      "edited": false,
      "stickied": false
    },
    {
      "id": "mwogyto",
      "author": "MostPreparation685",
      "body": "Oh I agree. I definitely walked into the meeting thinking \"what is this?\" Like I've mentioned I'm still waiting on records that should explain everything but my gut says there's some serious forging going on. I have been keeping records of everything. Unfortunately there's so much more to this story that I tried my best to simplify things and only address the most troubling issues. As a father it really hurts that I wasn't able to protect my child.",
      "created_utc": 1749400183.0,
      "score": 0,
      "permalink": "/r/specialed/comments/1l5g5m1/private_school_hell_please_help/mwogyto/",
      "is_submitter": true,
      "edited": false,
      "stickied": false
    },
    {
      "id": "mwmi66b",
      "author": "Money_Pomegranate_96",
      "body": "Just keep up the good fight! I hate to see involved, decent dads get the short end of the stick stick because of bitter women. I'm really lucky that my kid's dad and I can put personal feelings aside and work together for our kids. It truly is what's best. Good luck!",
      "created_utc": 1749370642.0,
      "score": 2,
      "permalink": "/r/specialed/comments/1l5g5m1/private_school_hell_please_help/mwmi66b/",
      "is_submitter": false,
      "edited": false,
      "stickied": false
    },
    {
      "id": "mwxz2uw",
      "author": "MostPreparation685",
      "body": "So I actually received the records today and I thought it was a joke. Our Joint Parenting Agreement was not in the records. There were a few other minor court documents but not the MOST IMPORTANT. I have for a fact given them our jpa multiple times and have referenced it with specific sections I can't count how many times. The also did not include a disciplinary report and something else interesting that I saw last year going through this. The mom had excluded me from emergency contacts and also from being able to pick up and drop off. Those documents I had them correct last year and none of them were in there. I'm curious too as to why the teacher and mom pushed the medicine so much and then after it was prescribed the teacher and mom said nothing to me for almost a year but also never even started a 504 plan until q year later when I started asking questions. I'm disgusted my son was used to get people drugs and the school allowed it. Thank you everyone and I'm sorry this was so long but I needed to turn to some other people for opinions",
      "created_utc": 1749520682.0,
      "score": 2,
      "permalink": "/r/specialed/comments/1l5g5m1/private_school_hell_please_help/mwxz2uw/",
      "is_submitter": true,
      "edited": false,
      "stickied": false
    }
  ],
  "relevance": {
    "score": 6.5,
    "user_type": "parent",
    "pain_points": [],
    "keywords_found": [
      "special needs",
      "504",
      "toddler"
    ],
    "sentiment_score": 0.9966,
    "age_relevance": false,
    "urgency_level": "high",
    "competitive_mentions": [],
    "timestamp": "2025-06-12T14:58:20.313359"
  }
}