{
  "subreddit": "waldorf",
  "post": {
    "id": "1kphgao",
    "title": "Seeking High School Recommendations: Great Waldorf + Great Place (Extra Points for Skiing!)",
    "author": "TwoRight9509",
    "created_utc": 1747566475.0,
    "score": 5,
    "num_comments": 29,
    "url": "https://www.reddit.com/r/Waldorf/comments/1kphgao/seeking_high_school_recommendations_great_waldorf/",
    "selftext": "Hi everyone,\nWe\u2019re looking for a USA, Canada or EU Waldorf high school recommendations from this wise and experienced community. Our son has been in Waldorf since pre-K, and we\u2019re now starting to think seriously about the next chapter, especially where he can really thrive in high school.\n\nLuckily, one of us is Canadian, one of us is from the USA and the Canadian has an EU passport.\n\nWhat we\u2019re hoping to find is that sweet spot; the nexus of a great Waldorf high school and a great place. Somewhere with a strong, well-rounded high school program and a setting that\u2019s beautiful, inspiring, or full of life beyond the classroom.\n\nBonus points if it\u2019s near skiing or outdoor adventure. He thrives when he\u2019s active and connected to nature.\n\nIf you or your child had a truly meaningful Waldorf high school experience, we\u2019d love to hear:\n\t\u2022\tWhat school?\n\t\u2022\tWhat made it great?\n\t\u2022\tWhat\u2019s the surrounding community like?\n\nThank you so much for sharing your stories or suggestions, this decision matters a lot to us.\n"
  },
  "comments": [
    {
      "id": "mszyyjf",
      "author": "GatelyKat1",
      "body": "Sacramento Waldorf School is a private school that serves kids preschool-12th grade. My kids are still young, so I can't speak to the high school experience there, but the school is in a great location by the American river, with a huge farm on campus. And we're less than 2 hours from Lake Tahoe, with great skiing options.",
      "created_utc": 1747594802.0,
      "score": 7,
      "permalink": "/r/Waldorf/comments/1kphgao/seeking_high_school_recommendations_great_waldorf/mszyyjf/",
      "is_submitter": false,
      "edited": 1747595024.0,
      "stickied": false
    },
    {
      "id": "msynxwz",
      "author": "ballofsnowyoperas",
      "body": "You may love the Lake Champlain Waldorf School in Vermont. Thriving high school and community. Feel free to message with any questions or info requests.",
      "created_utc": 1747579931.0,
      "score": 3,
      "permalink": "/r/Waldorf/comments/1kphgao/seeking_high_school_recommendations_great_waldorf/msynxwz/",
      "is_submitter": false,
      "edited": false,
      "stickied": false
    },
    {
      "id": "mt1cmzt",
      "author": "Then_Night_5750",
      "body": "Green Meadow Waldorf School in Spring Valley NY\n\nhttps://www.gmws.org\n\nid consider it a \u201chub\u201d in the NE waldorf community. established EC-HS programming. teacher training for ec, grades, hs and special subjects. and hosts WECAN/AWSNA conferences and lots of workshops. the school has dedicated faculty, a big thriving local Anthroposophical community, markets and farm. \n\nit is an absolutely beautiful, magical school!!",
      "created_utc": 1747611436.0,
      "score": 3,
      "permalink": "/r/Waldorf/comments/1kphgao/seeking_high_school_recommendations_great_waldorf/mt1cmzt/",
      "is_submitter": false,
      "edited": false,
      "stickied": false
    },
    {
      "id": "mt018zg",
      "author": "Dona_nobis",
      "body": "In beautiful areas of the Northeast accessible to hiking and skiing,\n\nHigh Mowing (offers boarding, attracts from all over the US and int'l)\n\nHawthorne Valley (strong arts and crafts)",
      "created_utc": 1747595535.0,
      "score": 2,
      "permalink": "/r/Waldorf/comments/1kphgao/seeking_high_school_recommendations_great_waldorf/mt018zg/",
      "is_submitter": false,
      "edited": 1747613952.0,
      "stickied": false
    },
    {
      "id": "mt7nfsw",
      "author": "heatherb369",
      "body": "The Denver Waldorf School! You\u2019ll get a great Waldorf school experience and you\u2019ll be in Colorado which has some of the most incredible nature in the United States",
      "created_utc": 1747698866.0,
      "score": 2,
      "permalink": "/r/Waldorf/comments/1kphgao/seeking_high_school_recommendations_great_waldorf/mt7nfsw/",
      "is_submitter": false,
      "edited": false,
      "stickied": false
    },
    {
      "id": "msy1cit",
      "author": "arkofjoy",
      "body": "I can't recommend a high school, but I would suggest that you narrow your search by looking at schools that do the year 12 independent research project. It is such an incredible preparation for university and an amazing opportunity to discover what they want, and sometimes, what they don't want.",
      "created_utc": 1747571766.0,
      "score": 1,
      "permalink": "/r/Waldorf/comments/1kphgao/seeking_high_school_recommendations_great_waldorf/msy1cit/",
      "is_submitter": false,
      "edited": false,
      "stickied": false
    },
    {
      "id": "msz2kn9",
      "author": "MayaPapayaLA",
      "body": "I'm confused, u/TwoRight9509 are you looking to move as a family to whatever location your son wants to go to high school at, or to send them to the school as a boarder? If it's the former, is your whole family able to emigrate to anywhere in the US, EU or Canada? If it's the latter, will you also need a (Waldorf/Steiner) school that has boarding facilities and/or a family willing to take in your son?",
      "created_utc": 1747584627.0,
      "score": 1,
      "permalink": "/r/Waldorf/comments/1kphgao/seeking_high_school_recommendations_great_waldorf/msz2kn9/",
      "is_submitter": false,
      "edited": false,
      "stickied": false
    },
    {
      "id": "mt1h60v",
      "author": "ndh1965",
      "body": "Check out the Youth Intiative High School in Viroqua WI. Unfortunately my kids were not able to go due to distance and job commitments, but I have quite a few friends, who's kids went and loved it! Bonus, WI has lots of skiing!",
      "created_utc": 1747613102.0,
      "score": 1,
      "permalink": "/r/Waldorf/comments/1kphgao/seeking_high_school_recommendations_great_waldorf/mt1h60v/",
      "is_submitter": false,
      "edited": false,
      "stickied": false
    },
    {
      "id": "mt87qol",
      "author": "hollyjollydolly",
      "body": "Cincinnati Waldorf school",
      "created_utc": 1747706374.0,
      "score": 1,
      "permalink": "/r/Waldorf/comments/1kphgao/seeking_high_school_recommendations_great_waldorf/mt87qol/",
      "is_submitter": false,
      "edited": false,
      "stickied": false
    },
    {
      "id": "mtahhjg",
      "author": "CostResponsible1641",
      "body": "High Mowing, Denver, Sacramento Waldorf School with my top recommendation going to the latter. Very well-rounded opportunities, inclusive, incredible faculty, facilities, many of my students have gone there for high-school and loved it, and they continue to talk about it even after college and beyond. Just an incredible extended community in an amazing location.",
      "created_utc": 1747747055.0,
      "score": 1,
      "permalink": "/r/Waldorf/comments/1kphgao/seeking_high_school_recommendations_great_waldorf/mtahhjg/",
      "is_submitter": false,
      "edited": false,
      "stickied": false
    },
    {
      "id": "mti6hpe",
      "author": "EfficiencyOk8675",
      "body": "You may want to check out BC.  Vancouver and Whistler both have high school programs.  \n\nIf you are open to options that are less established, there is a newer high school in Sandpoint, Idaho called Nova School.\n\nI can\u2019t speak to the quality of any of them, but just know they exist. And they have immediate access to world class outdoors and skiing.",
      "created_utc": 1747847313.0,
      "score": 1,
      "permalink": "/r/Waldorf/comments/1kphgao/seeking_high_school_recommendations_great_waldorf/mti6hpe/",
      "is_submitter": false,
      "edited": false,
      "stickied": false
    },
    {
      "id": "mtob0n0",
      "author": "still-learning-new",
      "body": "Our two children went to a wonderful Waldorf High School which we can highly recommend. The outstanding feature was the inclusion of the students in the running of the school which was a life changing experience! The school is called the Youth Initiative High School and is located in Viroqua, Wisconsin, United States. [www.yihs.net](http://www.yihs.net)",
      "created_utc": 1747929370.0,
      "score": 1,
      "permalink": "/r/Waldorf/comments/1kphgao/seeking_high_school_recommendations_great_waldorf/mtob0n0/",
      "is_submitter": false,
      "edited": false,
      "stickied": false
    },
    {
      "id": "mvxuz8z",
      "author": "Witty-Chicken2266",
      "body": "We definitely don\u2019t have much skiing around here in North Carolina. But the high school at Emerson Waldorf is thriving! And since we\u2019re two hours from the coast and a shorter distance from the mountains there\u2019s plenty of other outdoor opportunities. The high school students take annual trips both places and beyond.",
      "created_utc": 1749040102.0,
      "score": 1,
      "permalink": "/r/Waldorf/comments/1kphgao/seeking_high_school_recommendations_great_waldorf/mvxuz8z/",
      "is_submitter": false,
      "edited": false,
      "stickied": false
    },
    {
      "id": "mwzredn",
      "author": "jbhipp",
      "body": "High Mowing School in NH would be great! It's a big high school (by Waldorf standards) with lots of extracurricular options, nine studios on campus,  and an amazing rural campus. Because it's a boarding school, it's very multicultural. Close to ski areas in southern New Hampshire and the white mountains. There is a ski program for kids in the winter.",
      "created_utc": 1749551833.0,
      "score": 1,
      "permalink": "/r/Waldorf/comments/1kphgao/seeking_high_school_recommendations_great_waldorf/mwzredn/",
      "is_submitter": false,
      "edited": false,
      "stickied": false
    },
    {
      "id": "msyywox",
      "author": "roryseiter",
      "body": "Anchorage. We don\u2019t have a high school though. 45 minutes from Alyeska resort. Tons of backcountry skiing. Summer is amazing. Only 300,000 people but it feels like a big village.",
      "created_utc": 1747583457.0,
      "score": -6,
      "permalink": "/r/Waldorf/comments/1kphgao/seeking_high_school_recommendations_great_waldorf/msyywox/",
      "is_submitter": false,
      "edited": false,
      "stickied": false
    },
    {
      "id": "mt0qmbt",
      "author": "TwoRight9509",
      "body": "Hmmm\u2026\u2026. Thank you for the lead!",
      "created_utc": 1747603693.0,
      "score": 2,
      "permalink": "/r/Waldorf/comments/1kphgao/seeking_high_school_recommendations_great_waldorf/mt0qmbt/",
      "is_submitter": true,
      "edited": false,
      "stickied": false
    },
    {
      "id": "mt0qcku",
      "author": "TwoRight9509",
      "body": "I\u2019ll look at it - thank you!",
      "created_utc": 1747603604.0,
      "score": 1,
      "permalink": "/r/Waldorf/comments/1kphgao/seeking_high_school_recommendations_great_waldorf/mt0qcku/",
      "is_submitter": true,
      "edited": false,
      "stickied": false
    },
    {
      "id": "mt326pi",
      "author": "TwoRight9509",
      "body": "Very interesting - thank you very much : )",
      "created_utc": 1747638931.0,
      "score": 1,
      "permalink": "/r/Waldorf/comments/1kphgao/seeking_high_school_recommendations_great_waldorf/mt326pi/",
      "is_submitter": true,
      "edited": false,
      "stickied": false
    },
    {
      "id": "mt0qskr",
      "author": "TwoRight9509",
      "body": "Perfect. I\u2019ve looked a bit at Hawthorne - I\u2019ll look again as at High Mowing. Thank you!",
      "created_utc": 1747603751.0,
      "score": 1,
      "permalink": "/r/Waldorf/comments/1kphgao/seeking_high_school_recommendations_great_waldorf/mt0qskr/",
      "is_submitter": true,
      "edited": false,
      "stickied": false
    },
    {
      "id": "mt9bjgc",
      "author": "TwoRight9509",
      "body": "Great suggestion! We hadn\u2019t thought of Denver\u2026.. thank you!",
      "created_utc": 1747725646.0,
      "score": 2,
      "permalink": "/r/Waldorf/comments/1kphgao/seeking_high_school_recommendations_great_waldorf/mt9bjgc/",
      "is_submitter": true,
      "edited": false,
      "stickied": false
    },
    {
      "id": "mt0qhbs",
      "author": "TwoRight9509",
      "body": "I didn\u2019t know about that but I\u2019ll be reading about it tonight! Thank you.",
      "created_utc": 1747603646.0,
      "score": 2,
      "permalink": "/r/Waldorf/comments/1kphgao/seeking_high_school_recommendations_great_waldorf/mt0qhbs/",
      "is_submitter": true,
      "edited": false,
      "stickied": false
    },
    {
      "id": "mt0q7iu",
      "author": "TwoRight9509",
      "body": "Good question - we\u2019re looking to move as a family. Luckily, one of us is Canadian, one of us is from the USA and the Canadian has an EU passport. I\u2019ll put that in the main body of the post. Thanks for asking : )",
      "created_utc": 1747603557.0,
      "score": 2,
      "permalink": "/r/Waldorf/comments/1kphgao/seeking_high_school_recommendations_great_waldorf/mt0q7iu/",
      "is_submitter": true,
      "edited": false,
      "stickied": false
    },
    {
      "id": "mt2yjmp",
      "author": "TwoRight9509",
      "body": "Thank you!",
      "created_utc": 1747636733.0,
      "score": 2,
      "permalink": "/r/Waldorf/comments/1kphgao/seeking_high_school_recommendations_great_waldorf/mt2yjmp/",
      "is_submitter": true,
      "edited": false,
      "stickied": false
    },
    {
      "id": "mt9c6fe",
      "author": "TwoRight9509",
      "body": "Cincinnati - we\u2019re already not far away. I\u2019ll read up on them, thank you!",
      "created_utc": 1747726049.0,
      "score": 1,
      "permalink": "/r/Waldorf/comments/1kphgao/seeking_high_school_recommendations_great_waldorf/mt9c6fe/",
      "is_submitter": true,
      "edited": false,
      "stickied": false
    },
    {
      "id": "mtbhj17",
      "author": "TwoRight9509",
      "body": "Well said! And thank you for being a teacher : )\n\nMy parents were teachers. I love you guys.",
      "created_utc": 1747758052.0,
      "score": 2,
      "permalink": "/r/Waldorf/comments/1kphgao/seeking_high_school_recommendations_great_waldorf/mtbhj17/",
      "is_submitter": true,
      "edited": false,
      "stickied": false
    },
    {
      "id": "mticdie",
      "author": "TwoRight9509",
      "body": "I literally dream about the Whistler option - I grew up south of Vancouver : ) \nI\u2019ll check out Nova School. Thank you!",
      "created_utc": 1747848951.0,
      "score": 1,
      "permalink": "/r/Waldorf/comments/1kphgao/seeking_high_school_recommendations_great_waldorf/mticdie/",
      "is_submitter": true,
      "edited": false,
      "stickied": false
    },
    {
      "id": "mw3axvj",
      "author": "TwoRight9509",
      "body": "Much appreciated!!",
      "created_utc": 1749104658.0,
      "score": 1,
      "permalink": "/r/Waldorf/comments/1kphgao/seeking_high_school_recommendations_great_waldorf/mw3axvj/",
      "is_submitter": true,
      "edited": false,
      "stickied": false
    },
    {
      "id": "msz0pxu",
      "author": "Overlandtraveler",
      "body": "Specifically asks for a H.S., recommends random place having no H.S.",
      "created_utc": 1747584033.0,
      "score": 7,
      "permalink": "/r/Waldorf/comments/1kphgao/seeking_high_school_recommendations_great_waldorf/msz0pxu/",
      "is_submitter": false,
      "edited": false,
      "stickied": false
    },
    {
      "id": "mt2yker",
      "author": "exclaim_bot",
      "body": ">Thank you!\n\nYou're welcome!",
      "created_utc": 1747636746.0,
      "score": 1,
      "permalink": "/r/Waldorf/comments/1kphgao/seeking_high_school_recommendations_great_waldorf/mt2yker/",
      "is_submitter": false,
      "edited": false,
      "stickied": false
    }
  ],
  "relevance": {
    "score": 7.700000000000001,
    "user_type": "teacher",
    "pain_points": [
      "hi everyone,\nwe\u2019re looking for a usa, canada or eu waldorf high school recommendations from this wise and experienced community",
      "hi everyone,\nwe\u2019re looking for a usa, canada or eu waldorf high school recommendations from this wise and experienced community"
    ],
    "keywords_found": [
      "preschool"
    ],
    "sentiment_score": 0.9998,
    "age_relevance": true,
    "urgency_level": "low",
    "competitive_mentions": [],
    "timestamp": "2025-06-12T15:09:15.412673"
  }
}