{
  "subreddit": "occupationaltherapy",
  "post": {
    "id": "1l7l7xn",
    "title": "Whose side is the OT on?",
    "author": "Gunsoflogic",
    "created_utc": 1749515478.0,
    "score": 26,
    "num_comments": 39,
    "url": "https://www.reddit.com/r/OccupationalTherapy/comments/1l7l7xn/whose_side_is_the_ot_on/",
    "selftext": "Edit to say I'm from Ireland, and to clarify I've been referred to an Occupational Therapist for Occupational Health, which you have helped me figure out. Thanks again!\n\nSorry for the weird question.  I'm autistic and Google searching isn't giving me any clarity.\n\nI've been referred to an OT by my job because I've worked reduced hours for the last 2 months due to medication side effects.\n\nThe job is paying for the appointment, and they said its to evaluate whether I'm ready to come back to work fully or to gradually increase my hours.\n\nMy question is, is this like a HR scenario where HR is usually holding the best interests of the business? Or is the OT meant to advocate for my needs ahead of the business? I've never done this and I don't know what I'm supposed to say or not say to the OT.\n\nAny advice is greatly appreciated and I mean no offence. Thank you!"
  },
  "comments": [
    {
      "id": "mwxr1ra",
      "author": "cynmyn",
      "body": "You can (and should) ask the OT this question! As part of the informed consent process before you agree to participate, the therapist should make sure you have a thorough understanding of what their role is, who they're accountable to, and what information gets shared. This includes making sure you understand the potential benefits and risks of participating.",
      "created_utc": 1749517972.0,
      "score": 58,
      "permalink": "/r/OccupationalTherapy/comments/1l7l7xn/whose_side_is_the_ot_on/mwxr1ra/",
      "is_submitter": false,
      "edited": false,
      "stickied": false
    },
    {
      "id": "mwxpwad",
      "author": "RunnerInTheWild",
      "body": "OT here (USA). Occupational therapists should always be on the side of the client, HR on the other hand, typically has the company\u2019s interest in mind. Here in the US, occupational therapists work with people of all ages and walks of life to maximize function and independence in anything you want to or need to do throughout your day (work included). As someone else mentioned, there\u2019s something called a functional capacity evaluation that employers will sometimes ask you to complete with an OT but this is typically related to return-to-work following a physical injury to ensure you\u2019re well enough to perform all necessary job functions. \n\nIn your case, I could see OT being helpful to work with you on figuring out how your medication side effects impact your job performance and ways to mitigate any negative impacts you may be facing at work due to these medications. This would likely be done by looking at the physical, social, and emotional demands of your job and coming up with ways to adapt or modify either the job itself or any of your routines throughout the day that impact your ability to participate in your job.",
      "created_utc": 1749517582.0,
      "score": 19,
      "permalink": "/r/OccupationalTherapy/comments/1l7l7xn/whose_side_is_the_ot_on/mwxpwad/",
      "is_submitter": false,
      "edited": false,
      "stickied": false
    },
    {
      "id": "mwxw7ib",
      "author": "wintermittens32",
      "body": "I do this kind of work! Workplace accommodations. Depending on where you live there are employer obligations to provide accommodations (outside of creating undue hardship). We are there as a third party to provide HR with documentation for the accommodations required. We are on the client side and provide only functional information to the employer. Always a good idea to clarify what kind of information is being shared and for what purpose during the consent process.",
      "created_utc": 1749519720.0,
      "score": 12,
      "permalink": "/r/OccupationalTherapy/comments/1l7l7xn/whose_side_is_the_ot_on/mwxw7ib/",
      "is_submitter": false,
      "edited": false,
      "stickied": false
    },
    {
      "id": "mwy7zai",
      "author": "ScreenNameToFollow",
      "body": "Hi OP. I'm an occupational therapist from the UK. I'm just wondering, have you definitely had an occupational *therapy* referral or is it an occupational *health* referral? I'm not sure about the Irish system, but in the UK, employees are referred to occupational health to identify the impact their health needs may be having on their work and establish any reasonable adjustments that can be put in place to enable the person to (return to) work safely. They can offer advice and support, recommendations & refer you on to other professionals.\n\n\nAfter the assessment, they will write a report with their recommendations.\u00a0 Certainly in the UK (and I presume in Ireland) you have a right to read it through and submit any corrections before it is shared with your employer. I would recommend that you do this. Occupational health can't force your employer to do anything but if it's there as a recommendation from a professional and they choose not to follow it, your employer has to be able to explain why they didn't implement the adjustment should you go off sick etc.\u00a0\n\n\nThere's a specific qualification in occupational health. Many practitioners have a background in nursing or occupational therapy.\n\n\nIf you're worried about the assessment or what comes next, ask your assessor. They will have dealt with people in your situation before and they will be able to talk to you about your individual plan.",
      "created_utc": 1749523772.0,
      "score": 9,
      "permalink": "/r/OccupationalTherapy/comments/1l7l7xn/whose_side_is_the_ot_on/mwy7zai/",
      "is_submitter": false,
      "edited": 1749523954.0,
      "stickied": false
    },
    {
      "id": "mwxmn7e",
      "author": "aleij",
      "body": "This sounds like a functional capacity evaluation. I think? I unfortunately don\u2019t have a lot of experience with this and I\u2019m hoping someone else can comment.\u00a0",
      "created_utc": 1749516480.0,
      "score": 5,
      "permalink": "/r/OccupationalTherapy/comments/1l7l7xn/whose_side_is_the_ot_on/mwxmn7e/",
      "is_submitter": false,
      "edited": false,
      "stickied": false
    },
    {
      "id": "mwy5071",
      "author": "Phineapple",
      "body": "It's very interesting to hear the difference between countries in terms of OT scope! I'm an OT working in New Zealand, and vocational rehab is a common career path. This type of referral would not be atypical in the slightest. \n\nIf I were your OT, I would clarify my role and obligations to you during our initial meeting. You can definitely tell them what you are / are not comfortable to share with your company, etc.",
      "created_utc": 1749522721.0,
      "score": 2,
      "permalink": "/r/OccupationalTherapy/comments/1l7l7xn/whose_side_is_the_ot_on/mwy5071/",
      "is_submitter": false,
      "edited": false,
      "stickied": false
    },
    {
      "id": "mwyhkhl",
      "author": "IMpropersignlanguage",
      "body": "This sounds like an FCE (functional capacity evaluation). I used to do FCEs before switching careers. The OT is looking objectively at your performance; there\u2019s no advocation for you nor the employer. The OT will give you a task, you\u2019ll perform it, they\u2019ll record it using standardized assessments and measures. If you purposefully underperform there\u2019s a way for them to determine that. If you don\u2019t function at the minimum level for the job, they\u2019ll be able to communicate that effectively. If you function at or above the minimum level, they\u2019ll communicate that as well. \n\nThe OT in this case is basically a camera with a brain that can observe and report with zero loyalties. They are completely detached from the employer and if they are caught fudging numbers for either party, lawyers may get involved and that\u2019s an ordeal no overworked OT needs in their life.\n\nAt the end of the assessment, the OT will use a standardized, government approved method to determine your performance category and list potential restrictions and necessary accommodations, if any.\n\nThis is simply just a way to get numbers to quantify what you\u2019re able to do. There\u2019s rarely any angle. It helps the employer plan for when they can expect you back so they can hire a temp if necessary to cover the loss of labor in the meantime. If you need some type of rehabilitation, this can identify that more specifically.\n\nJust do your best and you\u2019ll be fine.",
      "created_utc": 1749527461.0,
      "score": 2,
      "permalink": "/r/OccupationalTherapy/comments/1l7l7xn/whose_side_is_the_ot_on/mwyhkhl/",
      "is_submitter": false,
      "edited": false,
      "stickied": false
    },
    {
      "id": "mwxm5uw",
      "author": "lulubrum",
      "body": "There are OTs who do ergonomic assessments, but that consists of evaluating chair height, desk, computer set up, etc..and make workspace recommendations. I\u2019m not sure that an OT would be helpful for what your work is wanting.\n\nBut to answer your question about HR\u2026HR is ALWAYS on the side of your employer, and not the employee. Their job is to protect the business at all costs. So I would definitely be cautious that they may be building a case against you.",
      "created_utc": 1749516317.0,
      "score": 5,
      "permalink": "/r/OccupationalTherapy/comments/1l7l7xn/whose_side_is_the_ot_on/mwxm5uw/",
      "is_submitter": false,
      "edited": 1749516617.0,
      "stickied": false
    },
    {
      "id": "mwxkuly",
      "author": "Anxious-Insect5862",
      "body": "I have never heard of anything like this ever happening and have no idea why this would be in an OT's scope. Curious to see other replies.",
      "created_utc": 1749515870.0,
      "score": 3,
      "permalink": "/r/OccupationalTherapy/comments/1l7l7xn/whose_side_is_the_ot_on/mwxkuly/",
      "is_submitter": false,
      "edited": false,
      "stickied": false
    },
    {
      "id": "mwxp9ma",
      "author": "moonablaze",
      "body": "99% chance the OT is on your side. But be clear to the OT what is and is not ok to share with your employer.",
      "created_utc": 1749517371.0,
      "score": 4,
      "permalink": "/r/OccupationalTherapy/comments/1l7l7xn/whose_side_is_the_ot_on/mwxp9ma/",
      "is_submitter": false,
      "edited": false,
      "stickied": false
    },
    {
      "id": "mwxjp5r",
      "author": "AutoModerator",
      "body": "Welcome to r/OccupationalTherapy! This is an automatic comment on every post. \n\nIf this is your first time posting, please read the sub rules. If you are asking a question, don't forget to check the sub [FAQs](https://www.reddit.com/r/OccupationalTherapy/wiki/index/faqs), or do a search of the sub to see if your question has been answered already. **Please note that we are not able to give specific treatment advice or exercises to do at home.**\n\nFailure to follow rules may result in your post being removed, or a ban. Thank you! \n\n*I am a bot, and this action was performed automatically. Please [contact the moderators of this subreddit](/message/compose/?to=/r/OccupationalTherapy) if you have any questions or concerns.*",
      "created_utc": 1749515479.0,
      "score": 1,
      "permalink": "/r/OccupationalTherapy/comments/1l7l7xn/whose_side_is_the_ot_on/mwxjp5r/",
      "is_submitter": false,
      "edited": false,
      "stickied": false
    },
    {
      "id": "mx0rmld",
      "author": "pandagrrl13",
      "body": "I have done work hardening as one of my fieldwork\u2019s and in that setting, the OT was looking out for the best interest of the referral source.",
      "created_utc": 1749565215.0,
      "score": 1,
      "permalink": "/r/OccupationalTherapy/comments/1l7l7xn/whose_side_is_the_ot_on/mx0rmld/",
      "is_submitter": false,
      "edited": false,
      "stickied": false
    },
    {
      "id": "mx43bbq",
      "author": "thatkidanthony",
      "body": "Also consider a possibility is that an occupational health referral might actually end you up in an occupational medicine doctors office. \nMeaning you\u2019d be meeting with a physician and not an OT. \n\nIf it\u2019s an occupational therapist, the training they receive might revolve around taking care of your mental health or removing barriers to working, or general wellness. \n\nIf it\u2019s a doctor you can expect lots of questions about the medication, a general physical exam, and an interview that screens for mental health issues or other specific occupational hazards that would prevent you from working. \n\nI\u2019m not from Ireland so couldn\u2019t speak to any of this for sure! \nGood luck!",
      "created_utc": 1749600194.0,
      "score": 1,
      "permalink": "/r/OccupationalTherapy/comments/1l7l7xn/whose_side_is_the_ot_on/mx43bbq/",
      "is_submitter": false,
      "edited": false,
      "stickied": false
    },
    {
      "id": "mx5tnb4",
      "author": "Kirstemis",
      "body": "Are you sure they're referring you to OT? It's much more likely to be occupational health. I'm in the UK and I can't imagine there's much difference in terminology between here and Ireland.\n\nI wouldn't pay too much attention (with respect) to the Americans who say HR is there to protect the business. That reflects American culture but it's not really accurate this side of the Atlantic. HR are there to advise managers on employment law and company policies and ensure they're doing things correctly.\n\nOccupational health aren't on anyone's side. They're neutral. They're there to find out about your health problems and establish if you're fit to be at work, and recommend any adjustments you need to be able to work.",
      "created_utc": 1749626562.0,
      "score": 1,
      "permalink": "/r/OccupationalTherapy/comments/1l7l7xn/whose_side_is_the_ot_on/mx5tnb4/",
      "is_submitter": false,
      "edited": false,
      "stickied": false
    },
    {
      "id": "mwxs2lu",
      "author": "Gunsoflogic",
      "body": "You folks are brilliant. I hadn't considered asking them as I was afraid it would be rude, I was scared to even post this.\n\nCould you possibly help in phrasing the question I'm asking so that I don't come off as rude to them?",
      "created_utc": 1749518319.0,
      "score": 26,
      "permalink": "/r/OccupationalTherapy/comments/1l7l7xn/whose_side_is_the_ot_on/mwxs2lu/",
      "is_submitter": true,
      "edited": false,
      "stickied": false
    },
    {
      "id": "mwxreuk",
      "author": "Gunsoflogic",
      "body": "This is incredibly clear and helpful. Thanks for taking the time to reply, I really appreciate it. I will be honest with the OT and hopefully this will lead to some additional supports in my workplace and a smooth transition to my regular hours.",
      "created_utc": 1749518095.0,
      "score": 10,
      "permalink": "/r/OccupationalTherapy/comments/1l7l7xn/whose_side_is_the_ot_on/mwxreuk/",
      "is_submitter": true,
      "edited": false,
      "stickied": false
    },
    {
      "id": "mwxwvl2",
      "author": "Gunsoflogic",
      "body": "Thank you so much, you're all so helpful!",
      "created_utc": 1749519944.0,
      "score": 3,
      "permalink": "/r/OccupationalTherapy/comments/1l7l7xn/whose_side_is_the_ot_on/mwxwvl2/",
      "is_submitter": true,
      "edited": false,
      "stickied": false
    },
    {
      "id": "mwy1phi",
      "author": "Exciting-End2902",
      "body": "OT student here. What is the job title for your type of position? I feel like I would enjoy this type of setting after I\u2019ve spent a few years in the clinic. Thank you! \ud83c\udf7b",
      "created_utc": 1749521572.0,
      "score": 2,
      "permalink": "/r/OccupationalTherapy/comments/1l7l7xn/whose_side_is_the_ot_on/mwy1phi/",
      "is_submitter": false,
      "edited": false,
      "stickied": false
    },
    {
      "id": "mwzer3y",
      "author": "Gunsoflogic",
      "body": "You're correct. The email from my employer said I was being referred to Occupational Therapy, but I've looked up the place online and they offer Occupational Health! \n\nThanks so much I'll make sure to read through it",
      "created_utc": 1749544711.0,
      "score": 5,
      "permalink": "/r/OccupationalTherapy/comments/1l7l7xn/whose_side_is_the_ot_on/mwzer3y/",
      "is_submitter": true,
      "edited": false,
      "stickied": false
    },
    {
      "id": "mwy538q",
      "author": "tyrelltsura",
      "body": "Doesn\u2019t sound like an FCE. Unless there is a work comp claim?",
      "created_utc": 1749522750.0,
      "score": 1,
      "permalink": "/r/OccupationalTherapy/comments/1l7l7xn/whose_side_is_the_ot_on/mwy538q/",
      "is_submitter": false,
      "edited": false,
      "stickied": false
    },
    {
      "id": "mwxw21l",
      "author": "moonablaze",
      "body": "OTs in vocational rehabilitation are definitely a thing, just not so much in the US.",
      "created_utc": 1749519669.0,
      "score": 2,
      "permalink": "/r/OccupationalTherapy/comments/1l7l7xn/whose_side_is_the_ot_on/mwxw21l/",
      "is_submitter": false,
      "edited": false,
      "stickied": false
    },
    {
      "id": "mwxmthb",
      "author": "Gunsoflogic",
      "body": "OT sides with business. Got it. Thanks so much!\nEdit: I was wrong and misunderstood.",
      "created_utc": 1749516540.0,
      "score": -6,
      "permalink": "/r/OccupationalTherapy/comments/1l7l7xn/whose_side_is_the_ot_on/mwxmthb/",
      "is_submitter": true,
      "edited": 1749517007.0,
      "stickied": false
    },
    {
      "id": "mwxljcm",
      "author": "Gunsoflogic",
      "body": "I'm now realising this is a US sub, I'm in Ireland and Occupational therapy here can be, like OCCUPATION-al therapy if you get me. Support around work and jobs.\n\nThough there is also occupational therapy in the sense of what I've seen other people post here about. I'm as confused as you are honestly.",
      "created_utc": 1749516107.0,
      "score": 6,
      "permalink": "/r/OccupationalTherapy/comments/1l7l7xn/whose_side_is_the_ot_on/mwxljcm/",
      "is_submitter": true,
      "edited": false,
      "stickied": false
    },
    {
      "id": "mwxw8sg",
      "author": "moonablaze",
      "body": "Vocational rehab? definitely in OT's scope, just not a common role in the US.",
      "created_utc": 1749519732.0,
      "score": 4,
      "permalink": "/r/OccupationalTherapy/comments/1l7l7xn/whose_side_is_the_ot_on/mwxw8sg/",
      "is_submitter": false,
      "edited": false,
      "stickied": false
    },
    {
      "id": "mwxqctp",
      "author": "Gunsoflogic",
      "body": "That's a very simple and effective thing I had not considered saying. Thank you that's very helpful!",
      "created_utc": 1749517738.0,
      "score": 2,
      "permalink": "/r/OccupationalTherapy/comments/1l7l7xn/whose_side_is_the_ot_on/mwxqctp/",
      "is_submitter": true,
      "edited": false,
      "stickied": false
    },
    {
      "id": "mwxvwnf",
      "author": "moonablaze",
      "body": "I would ask something like \"Just so I understand, what are you required to report to my employer and what can stay just between us?\"",
      "created_utc": 1749519620.0,
      "score": 37,
      "permalink": "/r/OccupationalTherapy/comments/1l7l7xn/whose_side_is_the_ot_on/mwxvwnf/",
      "is_submitter": false,
      "edited": false,
      "stickied": false
    },
    {
      "id": "mwxrotw",
      "author": "RunnerInTheWild",
      "body": "You\u2019re so welcome! Feel free to DM me if you have anymore questions!",
      "created_utc": 1749518189.0,
      "score": 5,
      "permalink": "/r/OccupationalTherapy/comments/1l7l7xn/whose_side_is_the_ot_on/mwxrotw/",
      "is_submitter": false,
      "edited": false,
      "stickied": false
    },
    {
      "id": "mwy6teu",
      "author": "Janknitz",
      "body": "However, I would double check with the OT that is his/her understanding of the plan.",
      "created_utc": 1749523357.0,
      "score": 5,
      "permalink": "/r/OccupationalTherapy/comments/1l7l7xn/whose_side_is_the_ot_on/mwy6teu/",
      "is_submitter": false,
      "edited": false,
      "stickied": false
    },
    {
      "id": "mwzzkep",
      "author": "ScreenNameToFollow",
      "body": "You're welcome, I hope the assessment goes well & you get everything you need put in place.",
      "created_utc": 1749555519.0,
      "score": 2,
      "permalink": "/r/OccupationalTherapy/comments/1l7l7xn/whose_side_is_the_ot_on/mwzzkep/",
      "is_submitter": false,
      "edited": false,
      "stickied": false
    },
    {
      "id": "mwyhsfk",
      "author": "IMpropersignlanguage",
      "body": "FCEs can be ordered by either employee or employer to determine level of disability outside of a work comp claim.",
      "created_utc": 1749527554.0,
      "score": 1,
      "permalink": "/r/OccupationalTherapy/comments/1l7l7xn/whose_side_is_the_ot_on/mwyhsfk/",
      "is_submitter": false,
      "edited": false,
      "stickied": false
    },
    {
      "id": "mwxncji",
      "author": "lulubrum",
      "body": "No, OT should be on the clients side. Their goal is to maximize your function at work, home, school, etc\u2026I was pointing out that HR always sides with the business.",
      "created_utc": 1749516720.0,
      "score": 8,
      "permalink": "/r/OccupationalTherapy/comments/1l7l7xn/whose_side_is_the_ot_on/mwxncji/",
      "is_submitter": false,
      "edited": false,
      "stickied": false
    },
    {
      "id": "mwxpfgz",
      "author": "CampyUke98",
      "body": "In the US, we would call this Occupational Medicine, and generally a medical physician or a nurse practitioner would oversee the clinic to determine if the patient qualified for disability. As another commenter said, perhaps this is a functional capacity evaluation, which I've always heard of physical therapy completing, but I could definitely see OT completing too.",
      "created_utc": 1749517425.0,
      "score": 5,
      "permalink": "/r/OccupationalTherapy/comments/1l7l7xn/whose_side_is_the_ot_on/mwxpfgz/",
      "is_submitter": false,
      "edited": false,
      "stickied": false
    },
    {
      "id": "mwxmg23",
      "author": "Anxious-Insect5862",
      "body": "Hmm, no clue then! Good luck",
      "created_utc": 1749516414.0,
      "score": 2,
      "permalink": "/r/OccupationalTherapy/comments/1l7l7xn/whose_side_is_the_ot_on/mwxmg23/",
      "is_submitter": false,
      "edited": false,
      "stickied": false
    },
    {
      "id": "mwy5cwk",
      "author": "tyrelltsura",
      "body": "That\u2019s important context to add. If you don\u2019t indicate which country you\u2019re located in, people might be guessing based on where they live. \n\nIt is an international sub, but generally, with any advice where legal issues come into play, you should indicate your location.",
      "created_utc": 1749522844.0,
      "score": 2,
      "permalink": "/r/OccupationalTherapy/comments/1l7l7xn/whose_side_is_the_ot_on/mwy5cwk/",
      "is_submitter": false,
      "edited": false,
      "stickied": false
    },
    {
      "id": "mwxyab0",
      "author": "cynmyn",
      "body": "I agree with this! Usually employers aren't entitled to your specific medical details, only info about how it affects your work functionally.\n\nYou can also ask if you are considered the client, or if the employer is the client.",
      "created_utc": 1749520415.0,
      "score": 21,
      "permalink": "/r/OccupationalTherapy/comments/1l7l7xn/whose_side_is_the_ot_on/mwxyab0/",
      "is_submitter": false,
      "edited": false,
      "stickied": false
    },
    {
      "id": "mwxw12a",
      "author": "Gunsoflogic",
      "body": "Perfect thank you so much!",
      "created_utc": 1749519660.0,
      "score": 11,
      "permalink": "/r/OccupationalTherapy/comments/1l7l7xn/whose_side_is_the_ot_on/mwxw12a/",
      "is_submitter": true,
      "edited": false,
      "stickied": false
    },
    {
      "id": "mx19o6e",
      "author": "tyrelltsura",
      "body": "It looks like this person is in Europe so it\u2019s neither",
      "created_utc": 1749570381.0,
      "score": 1,
      "permalink": "/r/OccupationalTherapy/comments/1l7l7xn/whose_side_is_the_ot_on/mx19o6e/",
      "is_submitter": false,
      "edited": false,
      "stickied": false
    },
    {
      "id": "mwxo1xy",
      "author": "Gunsoflogic",
      "body": "Oops sorry. Thanks for clarifying!  I appreciate it",
      "created_utc": 1749516960.0,
      "score": 2,
      "permalink": "/r/OccupationalTherapy/comments/1l7l7xn/whose_side_is_the_ot_on/mwxo1xy/",
      "is_submitter": true,
      "edited": false,
      "stickied": false
    },
    {
      "id": "mwxq629",
      "author": "Gunsoflogic",
      "body": "Ah ok, US/EU translation barrier strikes again! Thanks for your feedback",
      "created_utc": 1749517675.0,
      "score": 3,
      "permalink": "/r/OccupationalTherapy/comments/1l7l7xn/whose_side_is_the_ot_on/mwxq629/",
      "is_submitter": true,
      "edited": false,
      "stickied": false
    }
  ],
  "relevance": {
    "score": 7,
    "user_type": "therapist",
    "pain_points": [
      "they can offer advice and support, recommendations & refer you on to other professionals",
      "after the assessment, they will write a report with their recommendations",
      "and make workspace recommendations"
    ],
    "keywords_found": [
      "transition",
      "routine"
    ],
    "sentiment_score": 0.9998,
    "age_relevance": false,
    "urgency_level": "low",
    "competitive_mentions": [],
    "timestamp": "2025-06-12T14:47:37.190500"
  }
}