{
  "subreddit": "homeschool",
  "post": {
    "id": "1l8yuif",
    "title": "6th grade ELA curriculum",
    "author": "OKmamaJ",
    "created_utc": 1749663282.0,
    "score": 1,
    "num_comments": 13,
    "url": "https://www.reddit.com/r/homeschool/comments/1l8yuif/6th_grade_ela_curriculum/",
    "selftext": "I need help finding a good secular ELA curriculum for my rising 6th grader. He's wicked smart, AuDHD, math & science nerd. *This particular kiddo **must** have **strictly** secular curriculum, per his own demand.* His reading comprehension is actually several grades ahead, but his independent reading level is a couple of years behind because his visual disabilities can make it difficult for him to read depending on formatting. And then there's writing... He kinda needs to just go back to the beginning when it comes to writing. \ud83e\udee3 \n\nI absolutely LOVE The Writing Revolution, but it's not a true curriculum, and even the options that incorporate it (like Lithouse) don't really make a full curriculum, especially not one that would come anywhere close to keeping up with state standards for our charter school.\n\nBut the biggest thing keeping me from just running with TWR is that I need something that is already planned out & doesn't require a ton of time from me, because he's the youngest of 4, and my oldest two still need a lot of supervision to stay on task.\n\n---\n\nI really like the storybook format of Michael Clay Thompson, and I think it would be fantastic for him for grammar, but I really can't afford $500+ to get him through both Island & Town in one year. Also I hate that they actively work to keep their (rather expensive) curriculum from being resold. But also how explicit is their writing instruction?\n\nSince his reading comprehension is good, could I get away with just Grammar Island/Sentence Island & Grammar Town/Sentence Town? Maybe in conjunction with a cheaper literature/reading curriculum? Would I still need to use something like TWR with it?\n\n---\n\nI also recently found Exploring the World Through Story. The Wisdom Tales levels would really appeal to him, and I love that it uses concepts from TWR, but it specifically says it needs a comprehensive writing program to accompany it.\n\nI looked at, and liked, his suggestion of Write by Number, because kiddo is very much a math person, and I thought that systematic approach might work better for him. But it seems like it's not the best in terms of actual grammar... And it also seems to suffer from the \"stupidly expensive and no used copies\" curse. (I did sign up for the free trial of the digital version, but not being able to print pages for him to work from or not being able to reflow the text with a bigger font is going to present problems.)\n\nI tried to look at his other suggestion, Sprouts, and I definitely like the price \ud83d\ude05 but the preview of it is a bit slim. It *looks* like it really does turn TWR into a 1 year curriculum, but does it go into enough depth?\n\n---\n\nAs for kiddo... He would probably prefer to stay with T4L, because he likes their videos, but that's mostly what got us into this position. Their language arts curriculum is pretty good on initial phonics & reading comprehension, but not so much in terms of explicit writing instruction\n\n---\n\nAre there any good options I'm not aware of? Our unicorn would be an all-in-one language arts and writing curriculum with video lessons and frequent explicit writing instruction, but at this point I'm pretty sure that doesn't exist...\n\n"
  },
  "comments": [
    {
      "id": "mx8p57c",
      "author": "bibliovortex",
      "body": "I would look at Hearth & Story, personally. If you're familiar with Pandia Press, it's by the same author as History Quest. It is modular, so if you decide you need to swap out a component for something else, you don't have to buy the whole package. (But the whole package is $25 per grade level, plus the cost of the books if you buy rather than getting them through your library.) The reading list for each year is short with the general expectation being 1 chapter per day, and you could always use an audiobook or read aloud together if needed. They have 4th, 5th, 6th, and one year targeted at 7th/8th available right now, so you could also opt to work down 1-2 grade levels if that wouldn't bother him. It's written to align with Common Core standards for the relevant grade levels.\n\nLightning Literature is another all-in-one I didn't see on your list. It is substantially more expensive and their reading lists are longer, but the only things it doesn't cover are handwriting and spelling and a 6th grader shouldn't really need a ton of that.\n\nI like Michael Clay Thompson's grammar books for teaching sentence analysis. However, it's my understanding from reviews and looking at the sample is that the writing strand is really not very structured or explicit - it's more vibes than anything. I would not recommend it for the situation you're describing.\n\nIf Exploring the World Through Story counts as \"strictly secular\" by your son's reckoning, despite covering stories from the Jewish/Christian religious traditions, you might also consider Wordsmith Apprentice as your \"starting over\" writing instruction. It also reviews basic grammar concepts as it goes (parts of speech and subject/verb/object sentence structure). The publisher is *not* secular, but in this curriculum, all I saw was the story of David & Goliath used as the basis for a writing example. The context includes other culturally familiar stories such as Goldilocks & the Three Bears - it's not pushing a religious point of view. I don't know if this would bother your son or not. It is also very affordable at $12 for a PDF copy, and it is written to the student and scaffolds up to writing a short 4-5 paragraph opinion essay by the end of the school year. The author has a free 36-week schedule (for 3 days per week) available on her website, but if you're not super concerned about finishing it within exactly one school year, each assignment within the text has a place to note the completion date, and you could just direct your son to go until he gets to one of those date blanks. It ought to work out about the same and would be very open-and-go.",
      "created_utc": 1749665277.0,
      "score": 4,
      "permalink": "/r/homeschool/comments/1l8yuif/6th_grade_ela_curriculum/mx8p57c/",
      "is_submitter": false,
      "edited": false,
      "stickied": false
    },
    {
      "id": "mx8t3ef",
      "author": "catsi29",
      "body": "Have you looked into Learning Language Arts through Literature? That might fit the bill. The only thing it doesn\u2019t have is video lessons.",
      "created_utc": 1749666405.0,
      "score": 2,
      "permalink": "/r/homeschool/comments/1l8yuif/6th_grade_ela_curriculum/mx8t3ef/",
      "is_submitter": false,
      "edited": false,
      "stickied": false
    },
    {
      "id": "mx8u3sc",
      "author": "FImom",
      "body": "You can try Core Knowledge - secular, free, and follows common core (full ELA program).",
      "created_utc": 1749666699.0,
      "score": 2,
      "permalink": "/r/homeschool/comments/1l8yuif/6th_grade_ela_curriculum/mx8u3sc/",
      "is_submitter": false,
      "edited": false,
      "stickied": false
    },
    {
      "id": "mx9k5q1",
      "author": "black_berry_jamboree",
      "body": "There are some MCT buy sell trade groups on fb, that may be a way to obtain it at a discount. I've personally had success obtaining titles in the \"Royal Fireworks MCT Lang Arts Discussion\" group.",
      "created_utc": 1749674269.0,
      "score": 2,
      "permalink": "/r/homeschool/comments/1l8yuif/6th_grade_ela_curriculum/mx9k5q1/",
      "is_submitter": false,
      "edited": false,
      "stickied": false
    },
    {
      "id": "mx9vtxi",
      "author": "Ecstatic-Balance5170",
      "body": "It depends on what type of writer you are dealing with. Most writing curricula are written for what I will call the \"natural writer.\" In other words, the kid who will sit down and write page after page and get lost in their own stories. If you need a program that tells you exactly what to do, try IEW. You will hear complaints that it stifles creativity. For the \"natural writer,\" it probably would. But it is a lifesaver for the kid who does not know what to write and stares at the page. It guides them through small successes that build on one another. I own a lot of the Michael Clay Thompson material. It is lovely, but the only part of it that worked for my kids was the vocabulary portion (Caesar's English series). It was an indulgence that I enjoyed for myself, though.",
      "created_utc": 1749677737.0,
      "score": 2,
      "permalink": "/r/homeschool/comments/1l8yuif/6th_grade_ela_curriculum/mx9vtxi/",
      "is_submitter": false,
      "edited": false,
      "stickied": false
    },
    {
      "id": "mxau88x",
      "author": "Lurker_Not_Commenter",
      "body": "Essentials In Writing is exactly what you are looking for.  Gentle approach, short video lessons, doable writing assignments broken into clear steps, also covers grammar.  If you want literature you can add in that component - Essentials in Literature.  Also they are having a 40% off sale right now.",
      "created_utc": 1749689360.0,
      "score": 1,
      "permalink": "/r/homeschool/comments/1l8yuif/6th_grade_ela_curriculum/mxau88x/",
      "is_submitter": false,
      "edited": false,
      "stickied": false
    },
    {
      "id": "mxb6f7s",
      "author": "ChaiAndLeggings",
      "body": "Have you looked at Brave Writer? I feel like Bogart does a good job of developing an enjoyment of writing and reading. You can add the literature program alongside or add a different literature/reading program as desired. \n\nAn all in one may be hard if skills are a bit varied, but I feel like Brave Writer has a good selection of novels to choose from for Literature. There are online classes as well for some flexibility on your end. \n\nI see some other good answers in the previous replies, so I am simply adding this curriculum as another option that comes to mind.",
      "created_utc": 1749693736.0,
      "score": 1,
      "permalink": "/r/homeschool/comments/1l8yuif/6th_grade_ela_curriculum/mxb6f7s/",
      "is_submitter": false,
      "edited": false,
      "stickied": false
    },
    {
      "id": "mx979fl",
      "author": "OKmamaJ",
      "body": "He & I actually talked to the Lightning Lit publisher at a curriculum fair, because I had looked at it in the past for my middle kid & kinda like it, but she said it probably wouldn't be a good fit with his issues. \n\nHearth & Story... As much as we love Pandia, and as much as I love the \"Brain Food\" segment (especially that it has media literacy!) the writing segment jumps straight into an entire 5 paragraph essay on day 1. Probably not a good idea, from a motivational standpoint if nothing else. I might see what he thinks of their novel/short story sections, and just replace the writing with Write by Number. \ud83e\udd14\n\nAnd Wordsmith, I've never heard of it before. I'll have to look for a sample, tell him about the stories you mentioned, & see what he thinks. He loves learning about world cultures, and has a pretty strong social justice/diversity streak, so EWTS works because it has so many different cultures represented on an equal footing. If it's just western traditional stories... probably not, but we'll see. That price definitely goes in the \"pros\" column \ud83d\ude05",
      "created_utc": 1749670542.0,
      "score": 1,
      "permalink": "/r/homeschool/comments/1l8yuif/6th_grade_ela_curriculum/mx979fl/",
      "is_submitter": true,
      "edited": false,
      "stickied": false
    },
    {
      "id": "mx8vufi",
      "author": "OKmamaJ",
      "body": "I have such a love-hate relationship with the Core Knowledge program. If I had found it to begin with, and could have started him in their program early, I think it would have been great for him. I love how it's all integrated & gives such a broad worldview. As it stands right now though, he's all over the place, and it's really hard to start from there with that program, especially with just one student and no classroom teaching experience. I tried to get it up & running for him 2 years ago, before we gave up & went back to the charter school in hopes that they could help him. \n\nWhich, I mean, they did at least get him in occupational therapy & get a proper evaluation of his vision issues, but their curriculum choices just aren't working out for him. So we're switching to another one that has a lot more freedom of choice & options for, I guess you could call it supported homeschooling rather than school at home. And wouldn't you know it, their preferred free curriculum option is Core Knowledge. \ud83d\ude02",
      "created_utc": 1749667206.0,
      "score": 1,
      "permalink": "/r/homeschool/comments/1l8yuif/6th_grade_ela_curriculum/mx8vufi/",
      "is_submitter": true,
      "edited": false,
      "stickied": false
    },
    {
      "id": "mxbxhl1",
      "author": "OKmamaJ",
      "body": "Well you just saved me a ton \ud83d\ude02 I already got in & got all the Island level instructors manuals. \n\nBased on some flip-through videos I've watched, and the fact I'm going to have to retype all the exercises anyway due to his visual & motor issues, I figure I can get away with not having the student books, especially for this level.",
      "created_utc": 1749704840.0,
      "score": 3,
      "permalink": "/r/homeschool/comments/1l8yuif/6th_grade_ela_curriculum/mxbxhl1/",
      "is_submitter": true,
      "edited": false,
      "stickied": false
    },
    {
      "id": "mx9nidp",
      "author": "bibliovortex",
      "body": "I haven't used H&S myself (I think it will be a good fit for my rising 3rd grader when she hits their target age range, but at this stage, not so much for my older child) so this would probably be a publisher question. But you \\*can\\* buy each grade level's writing component separately, and I have a feeling it's not super integrated with the literature given the emphasis is primarily on nonfiction writing, so you might be able to use 4th or 5th grade writing + 6th grade for the other components. It looks like 4th grade starts with paragraph structure.\n\nAs for Wordsmith, I made the comparison to EWTS because both of them incorporate some use of traditional Christian stories (as stories) which I know some people would not consider \"strictly secular.\" To the extent it represents any culture at all, it's in the writing samples, which reflect a fairly generic US culture for the most part because the framing device is that you're working as a cub reporter for a local paper. I haven't really seen anything else quite like it - a one-year upper elementary intensive that literally takes you all the way from writing *less than full sentences* all the way to short essays. If he's able to start at the paragraph level there are more options, though.",
      "created_utc": 1749675243.0,
      "score": 1,
      "permalink": "/r/homeschool/comments/1l8yuif/6th_grade_ela_curriculum/mx9nidp/",
      "is_submitter": false,
      "edited": false,
      "stickied": false
    },
    {
      "id": "mx9kloa",
      "author": "FImom",
      "body": "I have mixed feeling about it too and I do adapt it for home use. I view curriculum more like suggestions.\n\nMaybe you can look at Mosdos.\n\n[https://mosdospress.com/reading-curriculum/6th-grade-pearl/](https://mosdospress.com/reading-curriculum/6th-grade-pearl/)\n\nIf your kid has a lot skills \"all of over the place\" it may be easier to cobble together ELA than do an all in one.",
      "created_utc": 1749674396.0,
      "score": 1,
      "permalink": "/r/homeschool/comments/1l8yuif/6th_grade_ela_curriculum/mx9kloa/",
      "is_submitter": false,
      "edited": false,
      "stickied": false
    },
    {
      "id": "mxcsnf1",
      "author": "Knitstock",
      "body": "This was going to be one of my suggestions! The town level starts to have more answers in the text (bolding the words they have to find, etc) and it keeps increasing but for island some post-it's cover the answers for shared reading..  I also would not do two years in one.  The grammar covers all middle school grammar standards in the island level so there is no need to rush and if you feel the need to \"catch up\" later the classical liturature level was added to slow kids down a bit and could be skipped over, though we loved it.  You do want the practice book to go with the grammar, we did one sentence a day after finishing grammar island and it really was the key to remembering all that was learned.  I would also highly recommend the vocabulary, especially for a math and science kid, sind island focuses on the Greek and Latin prefixes and roots that help so much with those terms.  \n\nWriting was a love hate for us, it is a big picture discussion which is very well done but not explicit instructions on step by step. If you can find the old writing strands, with the bird cage on the cover, those are secular, much more explicit, humorous, and would pair well with MCT, plus supper cheap, I got mine for about $3 from a used book site.  Level 3 is where I would start, but this is used every other week so you could do two levels in one year if you wanted, but don't confuse the levels with grades, level 3 is late elementary level.  I just found this so we're actually planning it for 6th ourselves and excited.  Prior to that we added in Writing With Ease 2&3 and Writing With Skill 1, over the ywars.  I love WWS for the systematic how to construct a paper once you can write a good paragraph summary but it is intense and might really turn him off now though it might be one to consider in a year or two.",
      "created_utc": 1749722761.0,
      "score": 1,
      "permalink": "/r/homeschool/comments/1l8yuif/6th_grade_ela_curriculum/mxcsnf1/",
      "is_submitter": false,
      "edited": false,
      "stickied": false
    }
  ],
  "relevance": {
    "score": 7,
    "user_type": "parent",
    "pain_points": [
      "i need help finding a good secular ela curriculum for my rising 6th grader",
      "essentials in writing is exactly what you are looking for"
    ],
    "keywords_found": [
      "homeschool"
    ],
    "sentiment_score": 0.9998,
    "age_relevance": false,
    "urgency_level": "low",
    "competitive_mentions": [],
    "timestamp": "2025-06-12T15:02:15.777575"
  }
}