{
  "subreddit": "toddlers",
  "post": {
    "id": "1l99u2r",
    "title": "Sanity check: taking away binky and moving to big girl bed?",
    "author": "KnomeGnows",
    "created_utc": 1749691186.0,
    "score": 1,
    "num_comments": 2,
    "url": "https://www.reddit.com/r/toddlers/comments/1l99u2r/sanity_check_taking_away_binky_and_moving_to_big/",
    "selftext": "I need a sanity check here because I\u2019m not sure what the right answer is. I can see this helping our situation tremendously or going horribly wrong.\n\nMy daughter is 2y9m and we just took her binkies away on the dentist\u2019s recommendation (it was starting to alter her jaw). She only had them for sleeping for a long time, but they were so effective I referred to them as her off switch and she would have had them every minute of every day if we would have let her. The transition off of them has been as hard as I expected to be, and whereas before bedtime was a breeze, now every night is a battle. It\u2019s been a little less than a week since we got rid of them, but bedtime is getting pushed over an hour later than it should be AND she\u2019s waking up much earlier than she used to because she doesn\u2019t have the binky to go back to sleep. I know this is going to take awhile, and she\u2019s scared and upset and I have so much sympathy for her, but it\u2019s been brutal on us as well.\n\nI guess where I need the sanity check is that my husband and I are seriously considering moving her to a big girl bed because of the nighttime battles. Previous to this I was a believer in keeping her in her crib as long as possible. However - she is going through a huge mommy phase at the moment and I am also 22 weeks pregnant, so standing and leaning over to rub her back is getting harder and harder. Laying with her would be so much easier on me. She has also napped in big beds while we\u2019re traveling and likes it. But I just don\u2019t know whether it would actually make it better, or if it would be too much change at once. She\u2019s struggling with no binkies and I don\u2019t want to overwhelm her (or us). Any thoughts or advice would be great! We talk endlessly with no good answer. "
  },
  "comments": [
    {
      "id": "mxbwl9c",
      "author": "heeeeeeeeeresjohnny",
      "body": "Is there enough space in her room for both the crib and a twin or full bed? Could you put the big girl bed in there and see how she does, and if it's much worse then go back to the crib?",
      "created_utc": 1749704396.0,
      "score": 2,
      "permalink": "/r/toddlers/comments/1l99u2r/sanity_check_taking_away_binky_and_moving_to_big/mxbwl9c/",
      "is_submitter": false,
      "edited": false,
      "stickied": false
    },
    {
      "id": "mxc54r8",
      "author": "Grouchy-Rain-6145",
      "body": "Are you 100% against co sleeping? That may provide het comfort. I don't see anything wrong with putting her in a bigger bed if you think it may help. One thing I will say,without TELLING you what to do, in my opinion no matter the resistance do not give the binky back. Its truly best to cut it out all together,  she will forget about it soon enough.  We were lucky that we stopped binkies at like 6 months and my kid didn't have an issue with it, which I know is rare. But definitely at her age it will affect teeth and her development,  id definitely try to just throw them out and fight through the tough nights. As much as I know that's easier said than done, coming from a mother of a 2 year old always on the edge of a breakdown \ud83d\ude02\n\nEdited to add i misread, thought you were saying youre still giving binky at night only lol my mistake.  Still, stay strong!",
      "created_utc": 1749708848.0,
      "score": 1,
      "permalink": "/r/toddlers/comments/1l99u2r/sanity_check_taking_away_binky_and_moving_to_big/mxc54r8/",
      "is_submitter": false,
      "edited": false,
      "stickied": false
    }
  ],
  "relevance": {
    "score": 6.050000000000001,
    "user_type": "parent",
    "pain_points": [
      "she\u2019s struggling with no binkies and i don\u2019t want to overwhelm her (or us)"
    ],
    "keywords_found": [
      "transition"
    ],
    "sentiment_score": 0.976,
    "age_relevance": true,
    "urgency_level": "medium",
    "competitive_mentions": [],
    "timestamp": "2025-06-12T14:50:31.743295"
  }
}