{
  "subreddit": "ADHD",
  "post": {
    "id": "1l9bcwf",
    "title": "ADHD Coaching? MFT?",
    "author": "StarsFires",
    "created_utc": 1749695692.0,
    "score": 1,
    "num_comments": 2,
    "url": "https://www.reddit.com/r/ADHD/comments/1l9bcwf/adhd_coaching_mft/",
    "selftext": "I need help, and I need help deciding where to go for help. I have a few secondary symptoms to ADHD such as rejection sensitive dysphoria, anxiety and depression, etc. I've tried a few MFTs and I felt like they thought I was a bit of a lost cause... It's very difficult to find therapy that isn't from someone who clearly wants to do couples therapy.\n\nWere you able to find therapy with a specialization in adult-diagnosed ADHD? Have you tried ADHD coaching? Where did you have a positive experience?"
  },
  "comments": [
    {
      "id": "mxbbuso",
      "author": "AutoModerator",
      "body": "Hi /u/StarsFires and thanks for posting on /r/ADHD! \n\n### Please take a second to [read our rules](/r/adhd/about/rules) if you haven't already.\n\n---\n\n### /r/adhd news\n\n* If you are posting about the **US Medication Shortage**, please see this [post](https://www.reddit.com/r/ADHD/comments/12dr3h5/megathread_us_medication_shortage/).\n\n---\n\n^(*This message is not a removal notification. It's just our way to keep everyone updated on r/adhd happenings.*)\n\n\n*I am a bot, and this action was performed automatically. Please [contact the moderators of this subreddit](/message/compose/?to=/r/ADHD) if you have any questions or concerns.*",
      "created_utc": 1749695693.0,
      "score": 1,
      "permalink": "/r/ADHD/comments/1l9bcwf/adhd_coaching_mft/mxbbuso/",
      "is_submitter": false,
      "edited": false,
      "stickied": true
    },
    {
      "id": "mxbbuqx",
      "author": "AutoModerator",
      "body": "Please be aware that RSD, or rejection sensitivity dysphoria, is not a syndrome or disorder recognised by any medical authority. \n\nRejection sensitivity dysphoria has not been the subject of any credible peer-reviewed scientific research, nor is it listed in the top two psychiatric diagnostic manuals, the DSM or the ICD. It has been propagated solely through blogs and the internet by William Dodson, who coined the term in the context of ADHD. Dodson's explanation of these experiences and claims about how to treat it all warrant healthy skepticism.\n\nHere are some scientific articles on ADHD and rejection:\n\n* [Rejection sensitivity and disruption of attention by social threat cues](https://www.ncbi.nlm.nih.gov/pmc/articles/PMC2771869/)\n* [Justice and rejection sensitivity in children and adolescents with ADHD symptoms](https://pubmed.ncbi.nlm.nih.gov/24878677/)\n* [Rejection sensitivity and social outcomes of young adult men with ADHD](https://pubmed.ncbi.nlm.nih.gov/17242422/)\n\nAlthough r/ADHD's rules strictly disallow discussion of other 'popular science' (aka unproven hypotheses), we find that many, many people identify with the concept of RSD, and we have **not** removed this post. We do not want to minimise or downplay your feelings, and many people use RSD as a shorthand for this shared experience of struggling with emotions. \n\nHowever, please consider using the terms 'rejection sensitivity' and 'emotional dysregulation' instead.\n\n^(*A moderator has not removed your submission; this is not a punitive action. We intend this comment solely to be informative.*)\n\n\n*I am a bot, and this action was performed automatically. Please [contact the moderators of this subreddit](/message/compose/?to=/r/ADHD) if you have any questions or concerns.*",
      "created_utc": 1749695693.0,
      "score": 1,
      "permalink": "/r/ADHD/comments/1l9bcwf/adhd_coaching_mft/mxbbuqx/",
      "is_submitter": false,
      "edited": false,
      "stickied": false
    }
  ],
  "relevance": {
    "score": 6.6000000000000005,
    "user_type": "therapist",
    "pain_points": [
      "we do not want to minimise or downplay your feelings, and many people use rsd as a shorthand for this shared experience of struggling with emotions",
      "i need help, and i need help deciding where to go for help"
    ],
    "keywords_found": [],
    "sentiment_score": 0.7933,
    "age_relevance": false,
    "urgency_level": "medium",
    "competitive_mentions": [],
    "timestamp": "2025-06-12T14:46:29.531364"
  }
}