{
  "subreddit": "ADHD",
  "post": {
    "id": "1l9j3qt",
    "title": "I haven\u2019t slept in 3 days please help",
    "author": "Ok_Visual8319",
    "created_utc": 1749724341.0,
    "score": 0,
    "num_comments": 32,
    "url": "https://www.reddit.com/r/ADHD/comments/1l9j3qt/i_havent_slept_in_3_days_please_help/",
    "selftext": "So as the title says I have not slept at all in the last 3 days. \nI am extremely exhausted and mentally very unwell and upset because my brain simply. doesn\u2019t. shut up. \nI will lay at night in bed and have songs stuck in my head or think about things I did throughout the week or will do, then think about conversations I might have in the future or random scenarios and there is a song again, one line or so that\u2019s stuck in my head and whatever I try it won\u2019t go quiet. \n\nNow the craziest thing is I even take strong sleep medications like zopiclone, Lunivia (eszopiclone) and Quiviviq and I combine them sometimes with promethazine or melatonin. \n\nNOTHING helps even slightly. \n\nNow I am at a level of sleep deprivation that I\u2019m at my absolute limit. \n\nIf anyone has any medical recommendations or tips, anything at all, please help me, because I can\u2019t go on like this. \nI don\u2019t even know if I have ADHD because I didn\u2019t get diagnosed yet but from all I have read it\u2019s very likely I do which is why I post here. \n\nEvery help is appreciated thank you very much. \n  "
  },
  "comments": [
    {
      "id": "mxcvmr5",
      "author": "AutoModerator",
      "body": "Hi /u/Ok_Visual8319 and thanks for posting on /r/ADHD! \n\n### Please take a second to [read our rules](/r/adhd/about/rules) if you haven't already.\n\n---\n\n### /r/adhd news\n\n* If you are posting about the **US Medication Shortage**, please see this [post](https://www.reddit.com/r/ADHD/comments/12dr3h5/megathread_us_medication_shortage/).\n\n---\n\n^(*This message is not a removal notification. It's just our way to keep everyone updated on r/adhd happenings.*)\n\n\n*I am a bot, and this action was performed automatically. Please [contact the moderators of this subreddit](/message/compose/?to=/r/ADHD) if you have any questions or concerns.*",
      "created_utc": 1749724343.0,
      "score": 1,
      "permalink": "/r/ADHD/comments/1l9j3qt/i_havent_slept_in_3_days_please_help/mxcvmr5/",
      "is_submitter": false,
      "edited": false,
      "stickied": true
    },
    {
      "id": "mxcwoio",
      "author": "Grobbekee",
      "body": "Sometimes a cup of coffee helps in these situations, or an ice cold shower or an antihistamine. And you probably have to stop with these sleep meds, they make adhd worse,  and just accept not sleeping much for a while.",
      "created_utc": 1749724874.0,
      "score": 6,
      "permalink": "/r/ADHD/comments/1l9j3qt/i_havent_slept_in_3_days_please_help/mxcwoio/",
      "is_submitter": false,
      "edited": false,
      "stickied": false
    },
    {
      "id": "mxczmxy",
      "author": "brodogus",
      "body": "Definitely go see a doctor ASAP.",
      "created_utc": 1749726288.0,
      "score": 6,
      "permalink": "/r/ADHD/comments/1l9j3qt/i_havent_slept_in_3_days_please_help/mxczmxy/",
      "is_submitter": false,
      "edited": false,
      "stickied": false
    },
    {
      "id": "mxd1otk",
      "author": "rawpowerofmind",
      "body": "I have bipolar disorder and adhd and I have been awake for 3 days straight multiple times. I'm not sure if it's due to one of the disorders or something else but your description is exactly how it always happens to me. Not even the strongest sleep meds do anything.\n\nIt's scary and it might seem like you'll never sleep again but 3 days has always been the limit for me, eventually when my body just can't handle the sleep deprivation anymore I get suddenly knocked out. Hopefully the same happens to you too. I'm pretty sure of it.\n\nI don't know why this sometimes happens and what's the solution but just wanted to tell you you're not alone in this.",
      "created_utc": 1749727226.0,
      "score": 3,
      "permalink": "/r/ADHD/comments/1l9j3qt/i_havent_slept_in_3_days_please_help/mxd1otk/",
      "is_submitter": false,
      "edited": false,
      "stickied": false
    },
    {
      "id": "mxcxook",
      "author": "Fragrant_Medicine",
      "body": "Not adhd related. STOP the promethazine asap and replace zopiclone with Remeron",
      "created_utc": 1749725367.0,
      "score": 2,
      "permalink": "/r/ADHD/comments/1l9j3qt/i_havent_slept_in_3_days_please_help/mxcxook/",
      "is_submitter": false,
      "edited": false,
      "stickied": false
    },
    {
      "id": "mxd6x6x",
      "author": "amberallday",
      "body": "I find that when I\u2019m stressing about not having slept for days, I\u2019m MUCH less likely to sleep - worrying about if I\u2019ll sleep keeps me awake. \n\nChange of location can help - depending on who you live with, can you set yourself up on the sofa - nice cosy blanket to snuggle in, nice cup of coffee (I find it can calm my brain \u201cjust enough\u201d to let the physical tiredness take over), TV playing something you\u2019re happy to watch but know so well that you don\u2019t mind if you miss a bit (eg I put on Sound of Music for this the other day). \n\nTell yourself you\u2019re just \u201cbeing horizontal\u201d to get some rest, sleep isn\u2019t the aim right now. Then see what happens. \n\nBut you have to genuinely believe you don\u2019t mind if you sleep in the next hour - this time is just for relaxing in a horizontal manner. \n\nAlso: put your phone in another room so you can\u2019t reach for it & keep yourself awake :-)",
      "created_utc": 1749729457.0,
      "score": 2,
      "permalink": "/r/ADHD/comments/1l9j3qt/i_havent_slept_in_3_days_please_help/mxd6x6x/",
      "is_submitter": false,
      "edited": false,
      "stickied": false
    },
    {
      "id": "mxd7oj4",
      "author": "Old-Stable-3124",
      "body": "I had this, my psychiatrist advised me to take Melatonin. O.5 mg 2h before going to sleep! Try it! It's better using a more subtle way than using any other type of medication..",
      "created_utc": 1749729763.0,
      "score": 1,
      "permalink": "/r/ADHD/comments/1l9j3qt/i_havent_slept_in_3_days_please_help/mxd7oj4/",
      "is_submitter": false,
      "edited": false,
      "stickied": false
    },
    {
      "id": "mxdl3m8",
      "author": "Important-Emotion-85",
      "body": "This is unethical advice and I am not a doctor. Don't do this if your meds react with it. Drink and play solitaire. I cant say the other option here. You want to think about anything other than needing to sleep. Solitaire takes enough brain power to distract you, but is also repetitive and mind numbing.",
      "created_utc": 1749734624.0,
      "score": 1,
      "permalink": "/r/ADHD/comments/1l9j3qt/i_havent_slept_in_3_days_please_help/mxdl3m8/",
      "is_submitter": false,
      "edited": false,
      "stickied": false
    },
    {
      "id": "mxdmk94",
      "author": "RealisticAbility7",
      "body": "Get some sunlight in the morning. I find melatonin helpful but you have to make the effort after taking it.",
      "created_utc": 1749735113.0,
      "score": 1,
      "permalink": "/r/ADHD/comments/1l9j3qt/i_havent_slept_in_3_days_please_help/mxdmk94/",
      "is_submitter": false,
      "edited": false,
      "stickied": false
    },
    {
      "id": "mxe2yg0",
      "author": "Safe-Contribution666",
      "body": "As others have said, try coffee\n\nCoffee like many stimulants, quietens and focuses my mind.\n\nGreat for needing to focus on single boring tasks, also great for having silence in my head when needing to sleep.\n\nAlways found it odd that during super long gaming sessions, when my friends smashed Red Bulls and coffee to stay awake, they'd put me to sleep LOL\n\nAlso consider Phenergan, sometimes sold/known as Promethazine, which is an antihistamine that has powerful sedative properties. Can be bought otc at pharmacies, at least here in Australia it can",
      "created_utc": 1749740084.0,
      "score": 1,
      "permalink": "/r/ADHD/comments/1l9j3qt/i_havent_slept_in_3_days_please_help/mxe2yg0/",
      "is_submitter": false,
      "edited": false,
      "stickied": false
    },
    {
      "id": "mxcwsnh",
      "author": "Ok_Visual8319",
      "body": "In the morning or evening? I haven\u2019t had coffee in years",
      "created_utc": 1749724932.0,
      "score": 2,
      "permalink": "/r/ADHD/comments/1l9j3qt/i_havent_slept_in_3_days_please_help/mxcwsnh/",
      "is_submitter": true,
      "edited": false,
      "stickied": false
    },
    {
      "id": "mxczq21",
      "author": "Ok_Visual8319",
      "body": "I have, they sent me home with 25mg Quviviq",
      "created_utc": 1749726328.0,
      "score": 2,
      "permalink": "/r/ADHD/comments/1l9j3qt/i_havent_slept_in_3_days_please_help/mxczq21/",
      "is_submitter": true,
      "edited": false,
      "stickied": false
    },
    {
      "id": "mxd2iev",
      "author": "Ok_Visual8319",
      "body": "Thank you so much, this is relieving to hear that I\u2019m not alone in this. I\u2019m sorry you have to go through this as well. \nI also am not sure of the reason why it happens. \nWhen it happens for you, during the three days, do you just give up on trying sleeping alltogether or do you lay in bed all night trying? \nAlso when you know it happens, do you even try meds or not even because you know it won\u2019t work? \nThank you very much and best greetings \u2764\ufe0f",
      "created_utc": 1749727598.0,
      "score": 2,
      "permalink": "/r/ADHD/comments/1l9j3qt/i_havent_slept_in_3_days_please_help/mxd2iev/",
      "is_submitter": true,
      "edited": false,
      "stickied": false
    },
    {
      "id": "mxcy6ab",
      "author": "Ok_Visual8319",
      "body": "I have heard of this. Why would you say this is not ADHD diagnosis? Any clues on what it might be? \nFor today I do not have Remeron on hand but I do have Dominal 40mg if that could help?",
      "created_utc": 1749725601.0,
      "score": 0,
      "permalink": "/r/ADHD/comments/1l9j3qt/i_havent_slept_in_3_days_please_help/mxcy6ab/",
      "is_submitter": true,
      "edited": false,
      "stickied": false
    },
    {
      "id": "mxd7egw",
      "author": "amberallday",
      "body": "Second thing to try, if that doesn\u2019t work for you - is start an activity on the assumption that you don\u2019t need sleep. \n\nOften if I\u2019m being slow & still because I need sleep, my brain forgets how tired I am. \n\nThen if I make myself go downstairs to start cooking, or organising the kitchen cupboard I\u2019ve been planning to do, or doing laundry - something normal & daytime-ish, I\u2019ll realise how physically tired I am. \n\nAlso it helps my brain see that I\u2019m not being mean by suggesting sleep, I\u2019m being a kind parent to the 3-year-old child that is my brain right now.",
      "created_utc": 1749729650.0,
      "score": 2,
      "permalink": "/r/ADHD/comments/1l9j3qt/i_havent_slept_in_3_days_please_help/mxd7egw/",
      "is_submitter": false,
      "edited": false,
      "stickied": false
    },
    {
      "id": "mxd7tdd",
      "author": "Ok_Visual8319",
      "body": "I have tried 2mg melatonin, it is like sugar pills unfortunately",
      "created_utc": 1749729816.0,
      "score": 1,
      "permalink": "/r/ADHD/comments/1l9j3qt/i_havent_slept_in_3_days_please_help/mxd7tdd/",
      "is_submitter": true,
      "edited": false,
      "stickied": false
    },
    {
      "id": "mxd0odu",
      "author": "nomorenotifications",
      "body": "It may be counterintuitive, but sometimes caffeine at night will help me sleep, especially when it's because my mind doesn't shut up.",
      "created_utc": 1749726768.0,
      "score": 4,
      "permalink": "/r/ADHD/comments/1l9j3qt/i_havent_slept_in_3_days_please_help/mxd0odu/",
      "is_submitter": false,
      "edited": false,
      "stickied": false
    },
    {
      "id": "mxd18gu",
      "author": "brodogus",
      "body": "Max dose is 50mg. I would stop mixing it with other  medications.",
      "created_utc": 1749727021.0,
      "score": 2,
      "permalink": "/r/ADHD/comments/1l9j3qt/i_havent_slept_in_3_days_please_help/mxd18gu/",
      "is_submitter": false,
      "edited": false,
      "stickied": false
    },
    {
      "id": "mxd61p6",
      "author": "rawpowerofmind",
      "body": "In the first 5 times it happened I tried EVERYTHING, all the meds, minerals, vitamins, no phone, no screens, most optimal room temperature, meditation, all the tricks I could find on the internet. Nothing, I would just lay awake for 5-7 hours in the bed until I get too frustrated.\n\nNow I won't even bother, if I haven't fell asleep in the bed for 3 hours I know sh*t's about to go down again so I'll just get up and do stuff. Usually after 2 days I'm too tired to do anything productive so I'll just watch TV. After 3 days I'm too tired to even watch anything so I'll just doom scroll and sometimes don't even have the mental energy for that so I'll just vegetate and suffer in silence. At that point I'm starting to get hallucinations from the corners of my eye too. \n\nI'm not panicking anymore though because I know I will definitely fall asleep at some point sooner or later, it's just a nasty feeling to endure it but you're not gonna die or go permamently crazy.\n\nI would be careful with eating, for me I start to feel hungry and crave for snacks all the time in that insomnia state but this combined with sleep deprivation it was too easy to gain visceral fat that is usually burned when you sleep in normal situations and also heartburn and other digestion problems.\n\nAbout the question whether I try to sleep or not: I have noticed I subconsciously lay down on the nearest couch or bed when I'm starting to fall asleep in the final moments so I don't try to sleep I just wait for the body's emergency sleep mode to come and let it do it's thing lol.",
      "created_utc": 1749729102.0,
      "score": 1,
      "permalink": "/r/ADHD/comments/1l9j3qt/i_havent_slept_in_3_days_please_help/mxd61p6/",
      "is_submitter": false,
      "edited": false,
      "stickied": false
    },
    {
      "id": "mxd7sme",
      "author": "rawpowerofmind",
      "body": "Also maybe don't take anymore sleep meds and not even melatonin for now. For me they sometimes create the opposite effect, it feels like they make the body forget what is sleep lol and the time I eventually fall asleep is almost always the time when the meds have worn off.",
      "created_utc": 1749729808.0,
      "score": 1,
      "permalink": "/r/ADHD/comments/1l9j3qt/i_havent_slept_in_3_days_please_help/mxd7sme/",
      "is_submitter": false,
      "edited": false,
      "stickied": false
    },
    {
      "id": "mxd7nuh",
      "author": "Jexsica",
      "body": "You can\u2019t go by one symptom. Also, it\u2019s not a common side effect. Falling and staying asleep sure but not full blown staying awake for days.",
      "created_utc": 1749729755.0,
      "score": 0,
      "permalink": "/r/ADHD/comments/1l9j3qt/i_havent_slept_in_3_days_please_help/mxd7nuh/",
      "is_submitter": false,
      "edited": false,
      "stickied": false
    },
    {
      "id": "mxd95xr",
      "author": "Ok_Visual8319",
      "body": "Thank you, I will try it",
      "created_utc": 1749730348.0,
      "score": 1,
      "permalink": "/r/ADHD/comments/1l9j3qt/i_havent_slept_in_3_days_please_help/mxd95xr/",
      "is_submitter": true,
      "edited": false,
      "stickied": false
    },
    {
      "id": "mxd0xd1",
      "author": "Ok_Visual8319",
      "body": "That is super interesting thank you very much.\nI\u2019m thinking it might have parallels to stimulants that are usually prescribed that are based on amphetamines like adderall and medikinet. \nI will try this tonight, it can\u2019t really get worse at this point anyways. \nThank you a lot",
      "created_utc": 1749726881.0,
      "score": 3,
      "permalink": "/r/ADHD/comments/1l9j3qt/i_havent_slept_in_3_days_please_help/mxd0xd1/",
      "is_submitter": true,
      "edited": false,
      "stickied": false
    },
    {
      "id": "mxd1cgs",
      "author": "Ok_Visual8319",
      "body": "I have tried, I have the 50mg pills even as well. It doesn\u2019t do anything but make my hands numb and give me hallucinations",
      "created_utc": 1749727071.0,
      "score": 2,
      "permalink": "/r/ADHD/comments/1l9j3qt/i_havent_slept_in_3_days_please_help/mxd1cgs/",
      "is_submitter": true,
      "edited": false,
      "stickied": false
    },
    {
      "id": "mxd8dpa",
      "author": "Ok_Visual8319",
      "body": "That is interesting, it is the same for me, I only get actually somewhat tired when the zopiclone and all wears off, late in the morning. \nI will try doing random shit for as long as possible today and when I pass out I pass out. Should be a normal safety mechanism of the body right? Or can this be non existent with some people?",
      "created_utc": 1749730041.0,
      "score": 1,
      "permalink": "/r/ADHD/comments/1l9j3qt/i_havent_slept_in_3_days_please_help/mxd8dpa/",
      "is_submitter": true,
      "edited": false,
      "stickied": false
    },
    {
      "id": "mxd7yes",
      "author": "Ok_Visual8319",
      "body": "Oh yeah no definitely not good to go by one symptom that\u2019s true. However from what I read almost all symptoms are hitting my problems in life.",
      "created_utc": 1749729872.0,
      "score": 1,
      "permalink": "/r/ADHD/comments/1l9j3qt/i_havent_slept_in_3_days_please_help/mxd7yes/",
      "is_submitter": true,
      "edited": false,
      "stickied": false
    },
    {
      "id": "mxd1ox7",
      "author": "nomorenotifications",
      "body": "I hope it works, I think it is like that with stimulates treating ADHD, sometimes I try to pull an all nighter, I'll get tired and drink caffeine to stay awake, and usually puts me to sleep. \n\nAlso, make sure you are not hungry when you try to sleep. At least for me, it's harder to sleep on an empty stomach.",
      "created_utc": 1749727227.0,
      "score": 2,
      "permalink": "/r/ADHD/comments/1l9j3qt/i_havent_slept_in_3_days_please_help/mxd1ox7/",
      "is_submitter": false,
      "edited": false,
      "stickied": false
    },
    {
      "id": "mxd1gn8",
      "author": "brodogus",
      "body": "I\u2019d go back to the doctor in that case, or the hospital if it continues for another day or two.",
      "created_utc": 1749727124.0,
      "score": 3,
      "permalink": "/r/ADHD/comments/1l9j3qt/i_havent_slept_in_3_days_please_help/mxd1gn8/",
      "is_submitter": false,
      "edited": false,
      "stickied": false
    },
    {
      "id": "mxdap4y",
      "author": "rawpowerofmind",
      "body": "It's a normal mechanism yes, I don't want to scare you but there is a thing called fatal insomnia where you don't have it but it's very very very very rare so you don't have to worry about it.",
      "created_utc": 1749730942.0,
      "score": 1,
      "permalink": "/r/ADHD/comments/1l9j3qt/i_havent_slept_in_3_days_please_help/mxdap4y/",
      "is_submitter": false,
      "edited": false,
      "stickied": false
    },
    {
      "id": "mxdqcad",
      "author": "Fragrant_Medicine",
      "body": "In my experience sleeping pills are not used to treat adhd. Mostly for Major Depressive Disorder or similar symptoms. Your body is most likely are addicted to the sleeping pills, preventing you from sleeping properly. You should talk to your physician or therapist about SSRI and other types of regulating medications for daytime use.",
      "created_utc": 1749736338.0,
      "score": 1,
      "permalink": "/r/ADHD/comments/1l9j3qt/i_havent_slept_in_3_days_please_help/mxdqcad/",
      "is_submitter": false,
      "edited": false,
      "stickied": false
    }
  ],
  "relevance": {
    "score": 7.800000000000001,
    "user_type": "parent",
    "pain_points": [
      "if anyone has any medical recommendations or tips, anything at all, please help me, because i can\u2019t go on like this",
      "nothing, i would just lay awake for 5-7 hours in the bed until i get too frustrated"
    ],
    "keywords_found": [],
    "sentiment_score": 0.9988,
    "age_relevance": false,
    "urgency_level": "high",
    "competitive_mentions": [],
    "timestamp": "2025-06-12T15:00:12.909196"
  }
}