{
  "subreddit": "occupationaltherapy",
  "post": {
    "id": "1l9bdri",
    "title": "How \"touchy\" are pediatric occupational therapists?",
    "author": "Middle-Instruction36",
    "created_utc": 1749695764.0,
    "score": 31,
    "num_comments": 29,
    "url": "https://www.reddit.com/r/OccupationalTherapy/comments/1l9bdri/how_touchy_are_pediatric_occupational_therapists/",
    "selftext": "i want to start by saying i have a teaching background and we were trained to not touch kids, maybe a high five but no hugs or anything like that.\n\n  \nmy child has autism and we started occupational therapy. child has a therapist she loves and the therapist has a lot of experience. i noticed she is a bit handsy and i wanted to ask if this is typical. for example, she may get behind child and put her arms over child and to help model certain actions. she has also placed child in her lap to help with certain activities. \n\n  \nto be honest, i don't mind because it's done in front of me and i know she is trying to help. i'm just wondering if it's normal."
  },
  "comments": [
    {
      "id": "mxbde6k",
      "author": "Nelsonmuntz2020",
      "body": "Very typical. Some kids need sensory input to even be able to regulate their emotions and participate in activities. Just talk to the ot if you aren't comfortable.",
      "created_utc": 1749696256.0,
      "score": 168,
      "permalink": "/r/OccupationalTherapy/comments/1l9bdri/how_touchy_are_pediatric_occupational_therapists/mxbde6k/",
      "is_submitter": false,
      "edited": false,
      "stickied": false
    },
    {
      "id": "mxbe2k5",
      "author": "Some_Advantage4623",
      "body": "I would say we are VERY hands on! We have to be!",
      "created_utc": 1749696504.0,
      "score": 112,
      "permalink": "/r/OccupationalTherapy/comments/1l9bdri/how_touchy_are_pediatric_occupational_therapists/mxbe2k5/",
      "is_submitter": false,
      "edited": false,
      "stickied": false
    },
    {
      "id": "mxbdks1",
      "author": "Simplypixiedust",
      "body": "Very normal. This isn\u2019t out of line at all.",
      "created_utc": 1749696324.0,
      "score": 100,
      "permalink": "/r/OccupationalTherapy/comments/1l9bdri/how_touchy_are_pediatric_occupational_therapists/mxbdks1/",
      "is_submitter": false,
      "edited": false,
      "stickied": false
    },
    {
      "id": "mxbdjg0",
      "author": "four1996",
      "body": "I\u2019m a Peds therapist and I\u2019d say it\u2019s pretty normal. Touch can be a big part of therapy from re positioning a pencil, helping a kiddo motor plan to undress and providing sensory input like squeezing arms. Typically touch, or cues as some may call them, will fade over time as the kids learn. \n\nI would encourage you to ask why your therapist is doing something a certain way, it can really help with parent education. I love when parents ask what I\u2019m doing and why.",
      "created_utc": 1749696311.0,
      "score": 53,
      "permalink": "/r/OccupationalTherapy/comments/1l9bdri/how_touchy_are_pediatric_occupational_therapists/mxbdjg0/",
      "is_submitter": false,
      "edited": false,
      "stickied": false
    },
    {
      "id": "mxbea6a",
      "author": "thatkidanthony",
      "body": "Definately depends on therapists level of comfort, but I wouldn\u2019t find it weird at all - especially in peds. \n\nSome reasons I might be very touchy with a particular client:\n1) If the activity requires physical assistance to be successfully completed such as hand over hand. \n\n2) if I\u2019d like to prime, or assist with activation of certain muscle groups \n\n3) the student requires postural and back support from behind \n\n4) were working on a rhythm activity and I want them to \u201cfeel\u201d the rhythm\n\n5) I might need a child to move in a specific way, and explaining it has not worked. \n\n6) many more!\n\nAs for why touch specifically helps is because deep (firm) Touch specifically activates the proprioception system. \nAnd The goal of all this touch is to help them be successful at the activity and \u201cintegrate\u201d the proprioceptive information (from touch) into a coordinated response *independently*\n\nMeaning at some point your therapist should begin to decrease how \u201ctouchy\u201d they\u2019re being and your child gets the activities correct and begins to make their own (successful) responses without the need for physical touch.",
      "created_utc": 1749696583.0,
      "score": 37,
      "permalink": "/r/OccupationalTherapy/comments/1l9bdri/how_touchy_are_pediatric_occupational_therapists/mxbea6a/",
      "is_submitter": false,
      "edited": false,
      "stickied": false
    },
    {
      "id": "mxbdtho",
      "author": "secretthirdoption",
      "body": "Hi! I\u2019ll say it\u2019s what you\u2019ve described is pretty common! It varies from therapist to therapist, but I\u2019d say it depends on the child\u2019s age and support needs. Especially for my patients with more profound autism or kids who need more support with sensory processing, I will give squeezes and physical prompts to support regulation.",
      "created_utc": 1749696412.0,
      "score": 21,
      "permalink": "/r/OccupationalTherapy/comments/1l9bdri/how_touchy_are_pediatric_occupational_therapists/mxbdtho/",
      "is_submitter": false,
      "edited": false,
      "stickied": false
    },
    {
      "id": "mxbhj97",
      "author": "shiningonthesea",
      "body": "she is helping your child regulate, and providing her with sensory input.  We peds OTs are very touchy!",
      "created_utc": 1749697795.0,
      "score": 21,
      "permalink": "/r/OccupationalTherapy/comments/1l9bdri/how_touchy_are_pediatric_occupational_therapists/mxbhj97/",
      "is_submitter": false,
      "edited": false,
      "stickied": false
    },
    {
      "id": "mxbxsbm",
      "author": "MsTossItAll",
      "body": "I'm an RN, not an OT, but I do have a child who was diagnosed with ASD before he turned 2. \n\nThis is essential to help young children learn. They don't know how to move their muscles, so the OT is showing them. I don't know the rationale behind it, but I would expect that part has to do with guiding the child rather than letting the child use the adult as a tool, which is a common action for kids with ASD. This is easier to do when the adult is behind the child. As they improve in their skills, the OT tends to back off more and encourage the child to work on their own.",
      "created_utc": 1749704991.0,
      "score": 16,
      "permalink": "/r/OccupationalTherapy/comments/1l9bdri/how_touchy_are_pediatric_occupational_therapists/mxbxsbm/",
      "is_submitter": false,
      "edited": false,
      "stickied": false
    },
    {
      "id": "mxbt88h",
      "author": "Famous_Arm_7173",
      "body": "What you described is what I typically do. We are trained to be hands-on therapists.",
      "created_utc": 1749702782.0,
      "score": 12,
      "permalink": "/r/OccupationalTherapy/comments/1l9bdri/how_touchy_are_pediatric_occupational_therapists/mxbt88h/",
      "is_submitter": false,
      "edited": false,
      "stickied": false
    },
    {
      "id": "mxbmvyh",
      "author": "Inevitable-Tank3397",
      "body": "OT in general is very touchy and hands on. It is a rehab therapy and there is a lot of physical contact in many areas of practice from inpatient hospital setting to hand therapy to pediatrics. Very normal!",
      "created_utc": 1749699951.0,
      "score": 11,
      "permalink": "/r/OccupationalTherapy/comments/1l9bdri/how_touchy_are_pediatric_occupational_therapists/mxbmvyh/",
      "is_submitter": false,
      "edited": false,
      "stickied": false
    },
    {
      "id": "mxbhzae",
      "author": "RyanDonnelly221",
      "body": "Very normal",
      "created_utc": 1749697967.0,
      "score": 7,
      "permalink": "/r/OccupationalTherapy/comments/1l9bdri/how_touchy_are_pediatric_occupational_therapists/mxbhzae/",
      "is_submitter": false,
      "edited": false,
      "stickied": false
    },
    {
      "id": "mxbeerl",
      "author": "Individual-Storage-4",
      "body": "We are hands-on if we are demonstrating how to do something, achieve a certain position, or providing hand-over-hand assistance. So I believe the hands over the child to model an action is probably for that. Personally I have only ever placed a toddler or baby in my lap, moreso for support and safety. But I don\u2019t think I would do that if the child could sit on their own. Also a lot of children that OTs work with have sensory integration challenges so that is something we have to be mindful of when placing hands on a child during treatment.",
      "created_utc": 1749696630.0,
      "score": 6,
      "permalink": "/r/OccupationalTherapy/comments/1l9bdri/how_touchy_are_pediatric_occupational_therapists/mxbeerl/",
      "is_submitter": false,
      "edited": false,
      "stickied": false
    },
    {
      "id": "mxbg6m8",
      "author": "Thatsjustbeachy",
      "body": "In many situations that can be appropriate especially if the therapist is trying guide the upper extremities at the elbows or back of the upper arms (especially if the task uses two hands - reaching in front or across the child is awkward, blocks their view, and involves more \u201cgrabbing\u201d of the arms versus guiding or facilitating them from behind or underneath, which is more natural and engaging). Sitting behind or around the child may also help facilitate proper posture, engage core and back muscles, and proper positioning. Some children do respond better to this approach and the proprioceptive input of the therapist guiding them in that way or sitting around them can be helpful and even calming for many children. \n\n\nThat being said, the therapist\u2019s goal should always be to reduce that level of prompting, trying to remove tactile cueing to the greatest extent possible, for example go through that 1-2x demonstrating and tactilely cueing the child, and then remove or scale down that level of tactile cueing or try different seating such as a cube chair in front of the therapist to see if the child can more independently engage. \n\n\nAlso, the therapist could be explaining that to you, and I would encourage you to ask the therapist for some input as to how they are guiding your child and if they could even show you the techniques and maybe that would give some more understanding. Of course though touch should only be appropriate and facilitatory to the goals at hand! Hope that helps a bit.",
      "created_utc": 1749697294.0,
      "score": 4,
      "permalink": "/r/OccupationalTherapy/comments/1l9bdri/how_touchy_are_pediatric_occupational_therapists/mxbg6m8/",
      "is_submitter": false,
      "edited": 1749697496.0,
      "stickied": false
    },
    {
      "id": "mxdfrli",
      "author": "Odd_Olive_1347",
      "body": "The question I\u2019d ask my self is how is your child responding to the touch? Is it helping them regulate and complete the activity? Is the therapist following your child\u2019s cues?",
      "created_utc": 1749732799.0,
      "score": 3,
      "permalink": "/r/OccupationalTherapy/comments/1l9bdri/how_touchy_are_pediatric_occupational_therapists/mxdfrli/",
      "is_submitter": false,
      "edited": false,
      "stickied": false
    },
    {
      "id": "mxcpqf6",
      "author": "MyloMads35",
      "body": "As a paeds OT, I\u2019d say as the most here, very typical to hold especially when our kids needs some tactile input or hand over hand assistance especially in fine motor skills training.",
      "created_utc": 1749721140.0,
      "score": 2,
      "permalink": "/r/OccupationalTherapy/comments/1l9bdri/how_touchy_are_pediatric_occupational_therapists/mxcpqf6/",
      "is_submitter": false,
      "edited": false,
      "stickied": false
    },
    {
      "id": "mxd61xf",
      "author": "itsavalthing",
      "body": "As a therapist, especially occupational therapy it is very normal and tactile cues are used to facilitate correct movements, provide sensory input, and to help with positioning (grip positing if writing) during a task for safety and optimal movement. \n\nWhen I was doing early intervention peds it was 100% hands on for positioning and handling and to facilitate motor planning in preparation for play/engaging with the environment. Also tactile cues are great especially for kiddos who might not do well with verbal or visual cues.",
      "created_utc": 1749729104.0,
      "score": 2,
      "permalink": "/r/OccupationalTherapy/comments/1l9bdri/how_touchy_are_pediatric_occupational_therapists/mxd61xf/",
      "is_submitter": false,
      "edited": false,
      "stickied": false
    },
    {
      "id": "mxceh5h",
      "author": "Crushjunky",
      "body": "Totally normal. Helping them climb, supporting them in awkward positions to facilitate balance responses, there\u2019s a lot of hands on. At my clinic we began each session with a purposeful sensory protocol with buzzing and brushing which sets the tone for being regulated and in touch with what\u2019s going on in the body.",
      "created_utc": 1749714254.0,
      "score": 2,
      "permalink": "/r/OccupationalTherapy/comments/1l9bdri/how_touchy_are_pediatric_occupational_therapists/mxceh5h/",
      "is_submitter": false,
      "edited": false,
      "stickied": false
    },
    {
      "id": "mxcc0yn",
      "author": "CatsChat",
      "body": "I\u2019m not in peds, but I agree that in this sort of OT it\u2019s essential to be hands on. However I think touch should be announced or telegraphed before it happens, particularly if someone might have sensory differences. Coming up behind someone and touching them when they aren\u2019t aware isn\u2019t great practice in my opinion. If she said she was going to do this, that could be different. \nBut like I said, I\u2019m not in peds, I do adult mental health where people could thump me if I touched them and they weren\u2019t expecting it!",
      "created_utc": 1749712757.0,
      "score": 3,
      "permalink": "/r/OccupationalTherapy/comments/1l9bdri/how_touchy_are_pediatric_occupational_therapists/mxcc0yn/",
      "is_submitter": false,
      "edited": false,
      "stickied": false
    },
    {
      "id": "mxbc1y7",
      "author": "AutoModerator",
      "body": "Welcome to r/OccupationalTherapy! This is an automatic comment on every post. \n\nIf this is your first time posting, please read the sub rules. If you are asking a question, don't forget to check the sub [FAQs](https://www.reddit.com/r/OccupationalTherapy/wiki/index/faqs), or do a search of the sub to see if your question has been answered already. **Please note that we are not able to give specific treatment advice or exercises to do at home.**\n\nFailure to follow rules may result in your post being removed, or a ban. Thank you! \n\n*I am a bot, and this action was performed automatically. Please [contact the moderators of this subreddit](/message/compose/?to=/r/OccupationalTherapy) if you have any questions or concerns.*",
      "created_utc": 1749695765.0,
      "score": 1,
      "permalink": "/r/OccupationalTherapy/comments/1l9bdri/how_touchy_are_pediatric_occupational_therapists/mxbc1y7/",
      "is_submitter": false,
      "edited": false,
      "stickied": false
    },
    {
      "id": "mxd7by1",
      "author": "kosalt",
      "body": "100% normal OTs must help with physical prompts, even at school it\u2019s the same (I work both OP and school)\u00a0",
      "created_utc": 1749729623.0,
      "score": 1,
      "permalink": "/r/OccupationalTherapy/comments/1l9bdri/how_touchy_are_pediatric_occupational_therapists/mxd7by1/",
      "is_submitter": false,
      "edited": false,
      "stickied": false
    },
    {
      "id": "mxdfdnh",
      "author": "ktdobs",
      "body": "I\u2019m a peds OT working with autistic children. Not only normal, it\u2019s necessary to treat",
      "created_utc": 1749732665.0,
      "score": 1,
      "permalink": "/r/OccupationalTherapy/comments/1l9bdri/how_touchy_are_pediatric_occupational_therapists/mxdfdnh/",
      "is_submitter": false,
      "edited": false,
      "stickied": false
    },
    {
      "id": "mxdiz0l",
      "author": "Live_Pressure8575",
      "body": "I worked at a peds clinic (COTA) mostly with children on the spectrum. This is 100% normal and necessary to teach motor planning and muscle memory.",
      "created_utc": 1749733908.0,
      "score": 1,
      "permalink": "/r/OccupationalTherapy/comments/1l9bdri/how_touchy_are_pediatric_occupational_therapists/mxdiz0l/",
      "is_submitter": false,
      "edited": false,
      "stickied": false
    },
    {
      "id": "mxdj1sj",
      "author": "cosmos_honeydew",
      "body": "There\u2019s a difference between being hands on and forceful. I am very physical but I typically avoid hand over hand assistance",
      "created_utc": 1749733935.0,
      "score": 1,
      "permalink": "/r/OccupationalTherapy/comments/1l9bdri/how_touchy_are_pediatric_occupational_therapists/mxdj1sj/",
      "is_submitter": false,
      "edited": false,
      "stickied": false
    },
    {
      "id": "mxdl3ka",
      "author": "GreebleLotus",
      "body": "Another peds OT here. Yes, absolutely normal and often needed. At the same time I\u2019m also teaching about consent. I always ask the child (and/or caregiver depending on age) first, as well as giving the reason why, and also then teaching the caregiver what I\u2019m doing and having them practice in session so they can use the same technique at home.",
      "created_utc": 1749734624.0,
      "score": 1,
      "permalink": "/r/OccupationalTherapy/comments/1l9bdri/how_touchy_are_pediatric_occupational_therapists/mxdl3ka/",
      "is_submitter": false,
      "edited": false,
      "stickied": false
    },
    {
      "id": "mxdmzq9",
      "author": "thepunnywon",
      "body": "normal however everyone\u2019s perception is different, I was sexually abused as a child and have a different perception of touch- best case scenario is to be in the session with your child so you can provide regulation and safe touch to the child if needed. Modeling goes a long way w/o touch in my opinion. Reading through everyone\u2019s responses and I don\u2019t necessarily agree, as therapists we work with populations that may have a hard time distinguishing safe from unsafe individuals - if I ever provide touch such as handover hand or hand under hand, I always ask the child or make sure that the parent is with me during this session to gauge the child\u2019s comfort level if they cannot communicate to me consent. If you are not comfortable with something, the therapist is doing I would just communicate that to them. they might not be aware if it\u2019s making you uncomfortable.",
      "created_utc": 1749735259.0,
      "score": 1,
      "permalink": "/r/OccupationalTherapy/comments/1l9bdri/how_touchy_are_pediatric_occupational_therapists/mxdmzq9/",
      "is_submitter": false,
      "edited": 1749735778.0,
      "stickied": false
    },
    {
      "id": "mxdt3f7",
      "author": "9flat",
      "body": "Depends on their needs/ preferences. Some I give big bear hugs, some not . Lots of times the soft touch is not as welcome. I\u2019ve never met an autistic child that didn\u2019t like a  good tickle.",
      "created_utc": 1749737188.0,
      "score": 1,
      "permalink": "/r/OccupationalTherapy/comments/1l9bdri/how_touchy_are_pediatric_occupational_therapists/mxdt3f7/",
      "is_submitter": false,
      "edited": false,
      "stickied": false
    },
    {
      "id": "mxe1cok",
      "author": "Chrisettea",
      "body": "Pediatric OTA here! It is incredibly normal! While I don\u2019t do things like hugs, I do engage in a lot of hand over hand to help children get the motion of activities. Sometimes just seeing it might not be enough. I also do high fives to celebrate that they did something well or they gave a good attempt at an activity. I engage in joint compression exercises as well for upper body for sensory input as well.",
      "created_utc": 1749739625.0,
      "score": 1,
      "permalink": "/r/OccupationalTherapy/comments/1l9bdri/how_touchy_are_pediatric_occupational_therapists/mxe1cok/",
      "is_submitter": false,
      "edited": false,
      "stickied": false
    },
    {
      "id": "mxbeqbm",
      "author": "Some_Advantage4623",
      "body": "I will add- I\u2019ve noticed some of my clients I never touch and some I touch a lot! A mix of providing appropriate prompts and following the child\u2019s lead. Sometimes that looks like lots of big squeezes and crashes and sometimes that looks like lots of space and just visual models. Whatever keeps them regulated and engaged!",
      "created_utc": 1749696747.0,
      "score": 51,
      "permalink": "/r/OccupationalTherapy/comments/1l9bdri/how_touchy_are_pediatric_occupational_therapists/mxbeqbm/",
      "is_submitter": false,
      "edited": false,
      "stickied": false
    },
    {
      "id": "mxdmtpn",
      "author": "Gullible-Expert6780",
      "body": "Well said, friend!!",
      "created_utc": 1749735202.0,
      "score": 1,
      "permalink": "/r/OccupationalTherapy/comments/1l9bdri/how_touchy_are_pediatric_occupational_therapists/mxdmtpn/",
      "is_submitter": false,
      "edited": false,
      "stickied": false
    }
  ],
  "relevance": {
    "score": 6.6000000000000005,
    "user_type": "therapist",
    "pain_points": [
      "also a lot of children that ots work with have sensory integration challenges so that is something we have to be mindful of when placing hands on a child during treatment"
    ],
    "keywords_found": [
      "autism",
      "toddler"
    ],
    "sentiment_score": 0.9999,
    "age_relevance": true,
    "urgency_level": "low",
    "competitive_mentions": [],
    "timestamp": "2025-06-12T15:01:16.947445"
  }
}