{
  "subreddit": "homeschool",
  "post": {
    "id": "1l8f4up",
    "title": "Tests",
    "author": "homeschoolmomof2-",
    "created_utc": 1749601979.0,
    "score": 1,
    "num_comments": 19,
    "url": "https://www.reddit.com/r/homeschool/comments/1l8f4up/tests/",
    "selftext": "How much toward overall grade do you do tests? I\u2019m trying to figure out grades for the upcoming year and I am not sure what to use? 10%, 20%. Would love to hear what others do \n\nEdit- they will be going into 6th grade "
  },
  "comments": [
    {
      "id": "mx4954f",
      "author": "AsparagusWild379",
      "body": "What grade?",
      "created_utc": 1749602248.0,
      "score": 5,
      "permalink": "/r/homeschool/comments/1l8f4up/tests/mx4954f/",
      "is_submitter": false,
      "edited": false,
      "stickied": false
    },
    {
      "id": "mx4ken9",
      "author": "bibliovortex",
      "body": "It really depends on what other categories you are thinking about - it's ok for it to be different in different subjects, too. It's also ok to not give formal grades across the board or issue a \"report card,\" at this age.\n\nIn general, I would be looking for a balance between daily/weekly work and longer-term projects/cumulative assessments. Depending on the subject this could be a lot of things: \n\n\\- Lesson practice or short activity/project\n\n\\- Reading or comprehension questions\n\n\\- Short/frequent quizzes mostly on new content\n\n\\- Short writing assignments\n\n\\- Longer-term or capstone projects\n\n\\- Essays, research assignments, and other longer-form written work\n\n\\- Cumulative quizzes or tests\n\n(If you're not sure how to grade big projects or writing assignments, a rubric is a really good way to start and you can find lots of examples for free.)\n\nI personally do not like to make any one category of work \"make or break.\" It's stressful for kids, especially if there aren't that many assignments going into a category. Depending on the kid, too, under-weighting the normal assignments may accidentally incentivize them to slack off and then cram, which doesn't lead to good long-term retention. So normally I would break it down to have about a third of the overall grade depend on cumulative tests (certainly no more than 40%) and aim to have at least 3-4 tests in the category so no single one can completely tank the average and they don't have long enough in between to completely forget about review. If it's a class with one or more long-term projects, I might do 20-25% on tests and 10-20% on projects. The rest of the grade would be based on daily/weekly smaller assignments. \n\nI also like to think about the balance between simpler and more demanding assignments. Bloom's taxonomy is often used as a shorthand for this, with the first three levels being straightforward tasks (remember/understand/apply) and the top three levels being more cognitively challenging (analyze/evaluate/create). Both the difficulty of the material and the age of the student are going to impact how you decide to balance this out - there's not a single right answer here.",
      "created_utc": 1749606189.0,
      "score": 3,
      "permalink": "/r/homeschool/comments/1l8f4up/tests/mx4ken9/",
      "is_submitter": false,
      "edited": false,
      "stickied": false
    },
    {
      "id": "mx4962t",
      "author": "FImom",
      "body": "What grade?",
      "created_utc": 1749602258.0,
      "score": 1,
      "permalink": "/r/homeschool/comments/1l8f4up/tests/mx4962t/",
      "is_submitter": false,
      "edited": false,
      "stickied": false
    },
    {
      "id": "mx4otpl",
      "author": "481126",
      "body": "My kiddo moves up a grade every school year like they would in PS. They do work at whatever grade level they need. We strive for continued progress. I don't need to test but some of the curriculums have tests and if kiddo wants to do them we do. Kiddo has testing anxiety so sometimes I will present it in a way so it doesn't look like a test if I'm checking if we can move on.   \nOnce we get to middle school I will begin testing and recording grades. We will continue to do what we have always done and not move on until kiddo knows nearly all the things for that level. We'd still be in grade 1 math if I waited until they understood money.",
      "created_utc": 1749607732.0,
      "score": 1,
      "permalink": "/r/homeschool/comments/1l8f4up/tests/mx4otpl/",
      "is_submitter": false,
      "edited": false,
      "stickied": false
    },
    {
      "id": "mx4qdz6",
      "author": "homeschoolmomof2-",
      "body": "I\u2019m still kinda torn about tests. I know they are used to show mastery but are they even necessary? I feel like they are based on memorization and not actual learning, but part of me feel like they need to have some kind of tests. I\u2019m not doing very many and doing more presentations and projects for knowledge understanding. I\u2019m sure part of this is being a public school kid myself.",
      "created_utc": 1749608285.0,
      "score": 1,
      "permalink": "/r/homeschool/comments/1l8f4up/tests/mx4qdz6/",
      "is_submitter": true,
      "edited": false,
      "stickied": false
    },
    {
      "id": "mx4z19g",
      "author": "Fluffymarshmellow333",
      "body": "I use 30% for quizzes and tests, 20% for exams mostly. If it\u2019s a class with projects/essays/labs I drop it down to 20% for all tests. \n\nI\u2019m pretty loose with what constitutes as a quiz though. We are usually in bed eating popsicles just going over questions, those they don\u2019t do well on- we discuss. I feel it\u2019s more a participation grade for us.",
      "created_utc": 1749611557.0,
      "score": 1,
      "permalink": "/r/homeschool/comments/1l8f4up/tests/mx4z19g/",
      "is_submitter": false,
      "edited": false,
      "stickied": false
    },
    {
      "id": "mx4skmu",
      "author": "alax_12345",
      "body": "100%\n\nHear me out. Homework is practice. You expect mistakes and learning from them. You can do it over and over until you get it right. Quizzes let you know that the skill is ready for true assessment. \n\nThe only measurement that should count is the test. All the other work is necessary prep work, the first draft, the cartoon you make so the proportions are right, the dress rehearsal. When it\u2019s all said and done, the grade should tell the reader how well the student knows the course. \n\nNot the first draft - you edited that. The final draft is what matters. Not the review. Not the rehearsal. \n\nYou don\u2019t GIVE grades. The student EARNS them. Retakes are possible - show me what you know.",
      "created_utc": 1749609080.0,
      "score": 0,
      "permalink": "/r/homeschool/comments/1l8f4up/tests/mx4skmu/",
      "is_submitter": false,
      "edited": false,
      "stickied": false
    },
    {
      "id": "mx51nbt",
      "author": "WastingAnotherHour",
      "body": "Until OP answered, I was thinking \u201cWhat grade?\u201d as in \u201cYou give grades?\u201d\n\nNot that we\u2019ve never used grades for anything - they can be valuable - but it\u2019s definitely not a priority for us.",
      "created_utc": 1749612614.0,
      "score": 4,
      "permalink": "/r/homeschool/comments/1l8f4up/tests/mx51nbt/",
      "is_submitter": false,
      "edited": false,
      "stickied": false
    },
    {
      "id": "mx4966h",
      "author": "homeschoolmomof2-",
      "body": "6th",
      "created_utc": 1749602259.0,
      "score": 1,
      "permalink": "/r/homeschool/comments/1l8f4up/tests/mx4966h/",
      "is_submitter": true,
      "edited": false,
      "stickied": false
    },
    {
      "id": "mx4l6jj",
      "author": "homeschoolmomof2-",
      "body": "Well this is my plan\nLA-daily work, spelling tests, writing assignments. I wasn\u2019t going to do an formal tests\nMath-assessments at the end of each unit, but there is a review at the end of each lesson(spiral approach)\nHistory-I\u2019m creating a unit test for each unit, total of 4 units plus daily work\nScience-vocab tests each week on the current lessons, science experiments (approx 10-15 for the year) and a poster project at the end of each unit(4 units)",
      "created_utc": 1749606461.0,
      "score": 2,
      "permalink": "/r/homeschool/comments/1l8f4up/tests/mx4l6jj/",
      "is_submitter": true,
      "edited": false,
      "stickied": false
    },
    {
      "id": "mx49dn3",
      "author": "homeschoolmomof2-",
      "body": "6th",
      "created_utc": 1749602332.0,
      "score": 2,
      "permalink": "/r/homeschool/comments/1l8f4up/tests/mx49dn3/",
      "is_submitter": true,
      "edited": false,
      "stickied": false
    },
    {
      "id": "mx4slwk",
      "author": "Less-Amount-1616",
      "body": "Tests themselves encourage learning.\n\n\\>I feel like they are based on memorization and not actual learning,\n\nWell, one, they aren't necessarily based on memorization. But second, memorization is of course a form of learning.\n\nPersonally I believe in constant, fairly objective assessments (I think the term \"tests\" here suggests a little more structure than I'd employ) to measure and promote retention and direct the next set of learning. \n\nBut I don't think I'm going to be hung up over the grading or scoring or things like that unless there's an actual formal exam down the road being prepared for  (say an AP) and communicating that level of performance is going to be directly helpful for estimating how the child will do on the exam",
      "created_utc": 1749609093.0,
      "score": 3,
      "permalink": "/r/homeschool/comments/1l8f4up/tests/mx4slwk/",
      "is_submitter": false,
      "edited": false,
      "stickied": false
    },
    {
      "id": "mx55l8k",
      "author": "Paghk_the_Stupendous",
      "body": "Here's another way to think about it: later in life, they're going to have to pass tests. \n\nTests are their own skill.  You might be great at a thing, but if you test poorly, you might not get to do it after all that work learning.  So test your students, but also teach them how to do well on tests.\n\nSame with job interviews.  It's good to interview at places you're not even sure about, because you can get comfortable and better at interviewing.  You'll learn skills and confidence for interviews and interview well when it matters.",
      "created_utc": 1749614267.0,
      "score": 1,
      "permalink": "/r/homeschool/comments/1l8f4up/tests/mx55l8k/",
      "is_submitter": false,
      "edited": false,
      "stickied": false
    },
    {
      "id": "mx4c3qb",
      "author": "AsparagusWild379",
      "body": "I would say no more than 25%. I don't actually assign grades to mine, because it's not required, until high school.",
      "created_utc": 1749603277.0,
      "score": 2,
      "permalink": "/r/homeschool/comments/1l8f4up/tests/mx4c3qb/",
      "is_submitter": false,
      "edited": false,
      "stickied": false
    },
    {
      "id": "mx50p6r",
      "author": "Fluffymarshmellow333",
      "body": "Could add essays and projects to the history for 10% at least, more if you wanted.",
      "created_utc": 1749612224.0,
      "score": 1,
      "permalink": "/r/homeschool/comments/1l8f4up/tests/mx50p6r/",
      "is_submitter": false,
      "edited": false,
      "stickied": false
    },
    {
      "id": "mx7yve7",
      "author": "bibliovortex",
      "body": "That all sounds fine, yeah. For history I would suggest including some type of analytical/written component on the tests or else creating an additional category for short essays if the tests are going to be mostly short answer/multiple choice type questions.",
      "created_utc": 1749657910.0,
      "score": 1,
      "permalink": "/r/homeschool/comments/1l8f4up/tests/mx7yve7/",
      "is_submitter": false,
      "edited": false,
      "stickied": false
    },
    {
      "id": "mx4b3ef",
      "author": "FImom",
      "body": "40% homework (assignments, projects)\n\n60% tests (midterm, final)",
      "created_utc": 1749602923.0,
      "score": 2,
      "permalink": "/r/homeschool/comments/1l8f4up/tests/mx4b3ef/",
      "is_submitter": false,
      "edited": false,
      "stickied": false
    },
    {
      "id": "mx4hrv7",
      "author": "homeschoolmomof2-",
      "body": "The math curriculum I\u2019m doing has unit tests but LA doesn\u2019t. I don\u2019t think I\u2019m gonna do tests for LA just spelling tests and writing assignments, plus their daily work. I am creating a test for each unit in history and weekly quizzes for science. I hope that is enough",
      "created_utc": 1749605264.0,
      "score": 1,
      "permalink": "/r/homeschool/comments/1l8f4up/tests/mx4hrv7/",
      "is_submitter": true,
      "edited": false,
      "stickied": false
    },
    {
      "id": "mx88xgh",
      "author": "homeschoolmomof2-",
      "body": "We are doing cultural studies as well I plan to have a documentary they watch and then a summary of what they learned from the video. Their thoughts, how it relates to our culture, how it is different etc. the course I\u2019m doing comes with a student explorer with activity\u2019s and writing assignments included. I could add one essay question on the unit tests so thank you!",
      "created_utc": 1749660794.0,
      "score": 2,
      "permalink": "/r/homeschool/comments/1l8f4up/tests/mx88xgh/",
      "is_submitter": true,
      "edited": false,
      "stickied": false
    }
  ],
  "relevance": {
    "score": 6,
    "user_type": "parent",
    "pain_points": [
      "in general, i would be looking for a balance between daily/weekly work and longer-term projects/cumulative assessments",
      "both the difficulty of the material and the age of the student are going to impact how you decide to balance this out - there's not a single right answer here"
    ],
    "keywords_found": [],
    "sentiment_score": 0.9967,
    "age_relevance": false,
    "urgency_level": "low",
    "competitive_mentions": [],
    "timestamp": "2025-06-12T14:48:32.888575"
  }
}