{
  "subreddit": "autism",
  "post": {
    "id": "1l9mhah",
    "title": "How to deal with a friend's mental rigidity?",
    "author": "Nicole_Zed",
    "created_utc": 1749734890.0,
    "score": 3,
    "num_comments": 6,
    "url": "https://www.reddit.com/r/autism/comments/1l9mhah/how_to_deal_with_a_friends_mental_rigidity/",
    "selftext": "I don't know where else to ask.\n\nI have a friend of around 20 years (we're headed to our late 30s) who has become increasingly difficult to be around.\n\nI can't rightly explain everything because it would turn into a rant.\n\nI would like to be a supportive friend but I find myself running out of patience.\n\nIn short, my friend believes he has autism but will not go get tested for it. He's had a pretty crappy life filled with meth addiction and low paying jobs. But at least he's not on meth anymore...\n\nThe issue for me is that he believes that the \"society\" is the problem. He's developed and entire philosophy based on tearing down the system because he cannot understand the value in it. In *any* of it.\n\nHe believes that tearing down society would mean people would be \"at complete peace.\" It ignores basic psychology on every level.\n\nI could give hundreds of examples of his thought process not lining up with reality.\n\nIf something doesn't line up with his world view, it must be wrong. \n\nIt wouldn't be such a problem if he wasn't so outspoken about his political views.\n\nHe hates it when other people tell him how to live but that's essentially all he does...\n\nHe can't see his hypocrisy at all.\n\nIs there any way I can approach this better? \n\nOr do I just need to let it go? \n\nAny insight to helping me understand this complete mental rigidity would be appreciated.\n\n\n"
  },
  "comments": [
    {
      "id": "mxdlw7y",
      "author": "AutoModerator",
      "body": "Hey /u/Nicole_Zed, thank you for your post at /r/autism. Our rules can be found **[here](https://www.reddit.com/r/autism/wiki/index/rules-and-guidelines)**. All approved posts get this message. \n\n\nThanks!        \n\n\n*I am a bot, and this action was performed automatically. Please [contact the moderators of this subreddit](/message/compose/?to=/r/autism) if you have any questions or concerns.*",
      "created_utc": 1749734890.0,
      "score": 1,
      "permalink": "/r/autism/comments/1l9mhah/how_to_deal_with_a_friends_mental_rigidity/mxdlw7y/",
      "is_submitter": false,
      "edited": false,
      "stickied": true
    },
    {
      "id": "mxdvm4p",
      "author": "Ader_Titsoff_",
      "body": "In my opinion this guy has a very different issue than autism, and the help he needs is above my competence. \nI'd say honestly to tell him to get help and if he doesn't stay away it seems to me like  he is a ticking time bomb. Good luck",
      "created_utc": 1749737942.0,
      "score": 1,
      "permalink": "/r/autism/comments/1l9mhah/how_to_deal_with_a_friends_mental_rigidity/mxdvm4p/",
      "is_submitter": false,
      "edited": false,
      "stickied": false
    },
    {
      "id": "mxdxasq",
      "author": "DogeToMars23",
      "body": "Why doesn't he want to get tested?",
      "created_utc": 1749738439.0,
      "score": 1,
      "permalink": "/r/autism/comments/1l9mhah/how_to_deal_with_a_friends_mental_rigidity/mxdxasq/",
      "is_submitter": false,
      "edited": false,
      "stickied": false
    },
    {
      "id": "mxdzehk",
      "author": "Nicole_Zed",
      "body": "So...\u00a0\n\n\nI left out a lot of the stuff I thought was related to autism because I wanted to adress the specific issue of mental rigidity.\n\n\nIf it helps, he basically has two interests. And even those are pretty niche within those interests. One hobby of his takes up more than half of his living room.\n\n\nHe's dyslexic. He has difficulty with abstract concepts. He has a set routine. He has a straight aversion to cleaning and grooming. He has difficulty understanding hierarchy.\u00a0\n\n\nHe's described his thought process as a \"web.\" If something doesn't fit in that web, it must not be true.\u00a0\n\n\nBut thank you for replying.\u00a0\n\n\nI am just trying to figure out if it is autism or not too.\u00a0\n\n\nBecause if I can confidently say these things are caused by autism and not just irresponsibility then I can continue to try and work with that.\n\n\nHe's a bit of a bad influence. I find his lack of motivation to change for the better to rub off on me. It'd be nice to think it's a condition I can point to in the dsm.\n\n\nI recently got diagnosed with adhd and it's made my life easier learning to navigate from this lens.\n\n\nI have also developed a new found forgiveness for people, including myself.",
      "created_utc": 1749739058.0,
      "score": 1,
      "permalink": "/r/autism/comments/1l9mhah/how_to_deal_with_a_friends_mental_rigidity/mxdzehk/",
      "is_submitter": true,
      "edited": false,
      "stickied": false
    },
    {
      "id": "mxe0bm7",
      "author": "Nicole_Zed",
      "body": "I'm frankly not sure. He seems to want to but he doesn't have health insurance, and frankly, I just don't think he knows how to navigate that system.\n\n\nIt's intimidating. I personally spend far too much of my life arguing with insurance and providers.\u00a0\n\n\nHe wants the \"validation\" but I feel the reason he doesn't do it is because if he got a diagnosis that would mean there's an actual solution to his problems.\n\n\nAnd that would mean it's not society's fault for his problems.\n\n\nI have urged him multiple times to seek psychological help.\n\n\nI wouldn't have the hope I have today if I didn't do it. Getting a late adhd diagnosis (and medication) has saved my life.",
      "created_utc": 1749739327.0,
      "score": 1,
      "permalink": "/r/autism/comments/1l9mhah/how_to_deal_with_a_friends_mental_rigidity/mxe0bm7/",
      "is_submitter": true,
      "edited": false,
      "stickied": false
    },
    {
      "id": "mxe1605",
      "author": "DogeToMars23",
      "body": "Maybe tell him to join a group of autistic people. Like this one.\n\nPersonally it helped me, cause here the perspective is that many face the same struggles but do it in a different way.",
      "created_utc": 1749739571.0,
      "score": 1,
      "permalink": "/r/autism/comments/1l9mhah/how_to_deal_with_a_friends_mental_rigidity/mxe1605/",
      "is_submitter": false,
      "edited": false,
      "stickied": false
    }
  ],
  "relevance": {
    "score": 7,
    "user_type": "other",
    "pain_points": [
      "he has difficulty with abstract concepts",
      "he has difficulty understanding hierarchy"
    ],
    "keywords_found": [
      "autism",
      "routine"
    ],
    "sentiment_score": 0.9898,
    "age_relevance": false,
    "urgency_level": "low",
    "competitive_mentions": [],
    "timestamp": "2025-06-12T14:58:25.534475"
  }
}