{
  "subreddit": "specialed",
  "post": {
    "id": "1l88fzk",
    "title": "Veteran teacher switching to sped: Praxis HELP!",
    "author": "starjess3",
    "created_utc": 1749584969.0,
    "score": 4,
    "num_comments": 15,
    "url": "https://www.reddit.com/r/specialed/comments/1l88fzk/veteran_teacher_switching_to_sped_praxis_help/",
    "selftext": "Hi everyone! I have been a high school English teacher for the past 15 years. I've worked at the same school for the past 14. For the past 5 years, I've been co-teaching several English 9, 10, and 12 classes with a special education teacher. I absolutely love these co-taught classes. I love co-teaching, I love the kids! My current co-teacher is leaving, which leaves an open position for an ELA sped learning specialist. I decided to apply. I applied, interviewed, and got the job. There's an alternative route to obtaining your sped endorsement here in Colorado where you can teach and go through the program concurrently, which is my plan. However, before the program will accept me, I have to pass the elementary praxis, which includes the three test bundle (math, science, and social studies). I also have to take the reading and sped praxis exams, but I am not concerned about the reading and the sped one can be taken after my year in the program. I'm signed up to take the elementary ed praxis on June 27, so I can get my application to the program approved ASAP. \n\n  \nI AM STRUGGLING! I've been using [study.com](http://study.com) and quizlet, and a couple of other printed study guides to study for the test. I am not concerned about social studies. I took a few practice tests and am scoring 85-90% each time. However, I am struggling with science and math. I have always struggled in math and science. I was an A student all through high school and college except for in math and science classes (and I had to work my ass off for Cs.) I think I'm struggling even more knowing that I will not be teaching science or math......EVER. I will only be teaching ELA and assisted reading classes. I'm feeling really frustrated right now as I continue to struggle. Anyone have any tips to help me study for these exams? Words of encouragement, commiseration? Luckily it's summer break so I have more free time to study---but I also have two little kiddos of my own home with me all the time; I've been studying during nap time every day for the past 2 weeks. I have seen some improvement in the science as there are terms and such that I can memorize. But I have seen little to NO improvement in math. Every time I think I've got a concept, the next time I do it, I fuck it up."
  },
  "comments": [
    {
      "id": "mx3dsv6",
      "author": "silvs1707",
      "body": "Oh wow... In Texas all I had to do was take the sped ec-12 test and can basically teach in any sped environment. I went from teaching high school math to bring a resource teacher. I'm glad I didn't have to pass English taste because I would've struggled as well. I would just say that if you're struggling with specific topics based on your review tests then look up khan academy videos to help you with the materials. Or maybe hire a tutor for a few hours each week? Best of luck!",
      "created_utc": 1749591867.0,
      "score": 2,
      "permalink": "/r/specialed/comments/1l88fzk/veteran_teacher_switching_to_sped_praxis_help/mx3dsv6/",
      "is_submitter": false,
      "edited": false,
      "stickied": false
    },
    {
      "id": "mx2t3ij",
      "author": "VictoriaNightengale",
      "body": "What program are you doing? I\u2019m doing the same thing and CDE is granting interim authorizations with math praxis alone. My program is 1 year and I take the sped praxis later in the year.",
      "created_utc": 1749585924.0,
      "score": 1,
      "permalink": "/r/specialed/comments/1l88fzk/veteran_teacher_switching_to_sped_praxis_help/mx2t3ij/",
      "is_submitter": false,
      "edited": false,
      "stickied": false
    },
    {
      "id": "mx3kbxq",
      "author": "thegratefulshread",
      "body": "Ur cooked.",
      "created_utc": 1749593917.0,
      "score": 1,
      "permalink": "/r/specialed/comments/1l88fzk/veteran_teacher_switching_to_sped_praxis_help/mx3kbxq/",
      "is_submitter": false,
      "edited": false,
      "stickied": false
    },
    {
      "id": "mx4ni4z",
      "author": "Business_Loquat5658",
      "body": "I bought a study guide off of Amazon (I know, I know) that was specific to the SPED praxis and I aced it.",
      "created_utc": 1749607268.0,
      "score": 1,
      "permalink": "/r/specialed/comments/1l88fzk/veteran_teacher_switching_to_sped_praxis_help/mx4ni4z/",
      "is_submitter": false,
      "edited": false,
      "stickied": false
    },
    {
      "id": "mxa3im3",
      "author": "steadyjane",
      "body": "I recommend Kathleen Jesper on YouTube she has videos and study guides.",
      "created_utc": 1749680162.0,
      "score": 1,
      "permalink": "/r/specialed/comments/1l88fzk/veteran_teacher_switching_to_sped_praxis_help/mxa3im3/",
      "is_submitter": false,
      "edited": false,
      "stickied": false
    },
    {
      "id": "mx3foqc",
      "author": "starjess3",
      "body": "I never thought of Khan academy! Thanks!",
      "created_utc": 1749592442.0,
      "score": 2,
      "permalink": "/r/specialed/comments/1l88fzk/veteran_teacher_switching_to_sped_praxis_help/mx3foqc/",
      "is_submitter": true,
      "edited": false,
      "stickied": false
    },
    {
      "id": "mx2zkfq",
      "author": "starjess3",
      "body": "Aspire. But I have to pass the elementary ed praxis (math, science, social studies) first to be guaranteed a spot in the Aspire program. What program are you in?",
      "created_utc": 1749587723.0,
      "score": 1,
      "permalink": "/r/specialed/comments/1l88fzk/veteran_teacher_switching_to_sped_praxis_help/mx2zkfq/",
      "is_submitter": true,
      "edited": false,
      "stickied": false
    },
    {
      "id": "mx47s7o",
      "author": "starjess3",
      "body": "Said that after I took a practice test haha",
      "created_utc": 1749601773.0,
      "score": 1,
      "permalink": "/r/specialed/comments/1l88fzk/veteran_teacher_switching_to_sped_praxis_help/mx47s7o/",
      "is_submitter": true,
      "edited": false,
      "stickied": false
    },
    {
      "id": "mx34hnd",
      "author": "VictoriaNightengale",
      "body": "https://education.ucdenver.edu/continuing-education/aspire/apply\n\nScroll down and see they are only requiring the math 5903 subtest to apply. I\u2019m sure you\u2019ve already been communicating with Aspire but I asked them for clarification on this and they said they have you take additional praxis tests down the road but it\u2019s after you do some of your coursework.",
      "created_utc": 1749589102.0,
      "score": 2,
      "permalink": "/r/specialed/comments/1l88fzk/veteran_teacher_switching_to_sped_praxis_help/mx34hnd/",
      "is_submitter": false,
      "edited": false,
      "stickied": false
    },
    {
      "id": "mx4nsjp",
      "author": "Business_Loquat5658",
      "body": "I did that program! You just have to pass those before you finish the program...not to start it I believe. I started it in November of 2022 and I took all the tests the following July. One of the people in my cohort kept failing the math!",
      "created_utc": 1749607369.0,
      "score": 1,
      "permalink": "/r/specialed/comments/1l88fzk/veteran_teacher_switching_to_sped_praxis_help/mx4nsjp/",
      "is_submitter": false,
      "edited": false,
      "stickied": false
    },
    {
      "id": "mx3flqd",
      "author": "starjess3",
      "body": "Communicating with the Aspire people has been so difficult. It's all so unclear. Thanks for that! Still worried about the math haha but at least I can just focus on that one for now.",
      "created_utc": 1749592417.0,
      "score": 2,
      "permalink": "/r/specialed/comments/1l88fzk/veteran_teacher_switching_to_sped_praxis_help/mx3flqd/",
      "is_submitter": true,
      "edited": false,
      "stickied": false
    },
    {
      "id": "mxbizq3",
      "author": "starjess3",
      "body": "When I applied for the program I sent them screenshots of my registration for the praxis. Then they responded and said I have to pass the elementary Ed one first. So now my application is on hold. Then after July 20th or something they will start pulling applicants who didn't pass but still attempted(if space allows I guess?)",
      "created_utc": 1749698353.0,
      "score": 1,
      "permalink": "/r/specialed/comments/1l88fzk/veteran_teacher_switching_to_sped_praxis_help/mxbizq3/",
      "is_submitter": true,
      "edited": false,
      "stickied": false
    },
    {
      "id": "mx3qn8v",
      "author": "VictoriaNightengale",
      "body": "Honestly! Alt licensing is so stressful! Most of the time the ASPIRE emails are bots using the website to send you a response but I finally got a human who has been very helpful. I\u2019m in Jeffco public schools so I\u2019ve been using their human resources people to get clarification.",
      "created_utc": 1749596001.0,
      "score": 1,
      "permalink": "/r/specialed/comments/1l88fzk/veteran_teacher_switching_to_sped_praxis_help/mx3qn8v/",
      "is_submitter": false,
      "edited": false,
      "stickied": false
    },
    {
      "id": "mx4oy29",
      "author": "Business_Loquat5658",
      "body": "If Josh is still one of the main instructors, email him.",
      "created_utc": 1749607774.0,
      "score": 1,
      "permalink": "/r/specialed/comments/1l88fzk/veteran_teacher_switching_to_sped_praxis_help/mx4oy29/",
      "is_submitter": false,
      "edited": false,
      "stickied": false
    },
    {
      "id": "mxdhq37",
      "author": "Business_Loquat5658",
      "body": "Ah, I see. So you may have to wait for the fall session to start. Do you have your elementary ed test scheduled?",
      "created_utc": 1749733480.0,
      "score": 1,
      "permalink": "/r/specialed/comments/1l88fzk/veteran_teacher_switching_to_sped_praxis_help/mxdhq37/",
      "is_submitter": false,
      "edited": false,
      "stickied": false
    }
  ],
  "relevance": {
    "score": 7.800000000000001,
    "user_type": "teacher",
    "pain_points": [
      "however, i am struggling with science and math",
      "i would just say that if you're struggling with specific topics based on your review tests then look up khan academy videos to help you with the materials",
      "i'm feeling really frustrated right now as i continue to struggle"
    ],
    "keywords_found": [],
    "sentiment_score": 0.9857,
    "age_relevance": false,
    "urgency_level": "high",
    "competitive_mentions": [],
    "timestamp": "2025-06-12T14:58:13.782747"
  }
}