{
  "subreddit": "ADHD",
  "post": {
    "id": "1l9lixt",
    "title": "Scared to get diagnosed due to Asian parents",
    "author": "Aluckyisland",
    "created_utc": 1749732251.0,
    "score": 0,
    "num_comments": 7,
    "url": "https://www.reddit.com/r/ADHD/comments/1l9lixt/scared_to_get_diagnosed_due_to_asian_parents/",
    "selftext": "Hi I\u2019m new to the group and have been told by psychologists since highschool that they believe I have ADHD. I\u2019ve been struggling with my mental health for a long time but recently it\u2019s been pretty bad. I\u2019m now 26 and feel like it\u2019s been affecting me to the point where I had to leave my job. I\u2019ve been avoiding going to see a psychiatrist for years as my parents don\u2019t believe in mental health in general (I live in a western country but both parents are from Asia) and think it\u2019s silly of me to get tested. They keep saying why do you want to be disabled, what\u2019s the outcome you\u2019re looking for, you just want to stay home and do nothing\u2026\n\nI feel like I\u2019m so conflicted about whether or not I should even keep my appointment in September. I was told I need to bring old reports from school and that they want to talk to a parent as you had to have shown signs before the age of 12 but I was a high achiever and have a bachelors degree (pretty much A student) and played lots of sports and did music. My mum says she doesn\u2019t remember my inattentiveness, fast speech and so many other things that I have struggled with for years and I don\u2019t even know if it\u2019s worth going to see the psychiatrist if my own parent is going to deny everything (she has told me multiple times that she\u2019s a failure because I\u2019m now lazy and silly to want to be diagnosed).\n\nI feel so defeated because for the first time I\u2019ve actually come to terms with possibly having this (on top of my OCD which I actually didn\u2019t tell them about either and haven\u2019t been medicated for due to them not believing it\u2019s even a thing) as I\u2019ve realised why I feel the way I do or why I\u2019m always struggling to manage my time and stay focused or why I\u2019m constantly having brain fog or forgetting why I\u2019m doing things\u2026 has anyone else gone through this? I honestly feel so lost, I don\u2019t know if I should go through with the appointment?"
  },
  "comments": [
    {
      "id": "mxde82x",
      "author": "AutoModerator",
      "body": "Hi /u/Aluckyisland and thanks for posting on /r/ADHD! \n\n### Please take a second to [read our rules](/r/adhd/about/rules) if you haven't already.\n\n---\n\n### /r/adhd news\n\n* If you are posting about the **US Medication Shortage**, please see this [post](https://www.reddit.com/r/ADHD/comments/12dr3h5/megathread_us_medication_shortage/).\n\n---\n\n^(*This message is not a removal notification. It's just our way to keep everyone updated on r/adhd happenings.*)\n\n\n*I am a bot, and this action was performed automatically. Please [contact the moderators of this subreddit](/message/compose/?to=/r/ADHD) if you have any questions or concerns.*",
      "created_utc": 1749732251.0,
      "score": 1,
      "permalink": "/r/ADHD/comments/1l9lixt/scared_to_get_diagnosed_due_to_asian_parents/mxde82x/",
      "is_submitter": false,
      "edited": false,
      "stickied": true
    },
    {
      "id": "mxdgn03",
      "author": "TheRealEkimsnomlas",
      "body": ">They keep saying why do you want to be disabled, what\u2019s the outcome you\u2019re looking for, you just want to stay home and do nothing\n\nWhy can't the outcome be... getting better? What a fucked-up attitude toward mental health. you can't buckle up and tough your way out of a learning disability anymore than you can buckle up and tough your way out of hypothyroidism. you need treatment.",
      "created_utc": 1749733102.0,
      "score": 2,
      "permalink": "/r/ADHD/comments/1l9lixt/scared_to_get_diagnosed_due_to_asian_parents/mxdgn03/",
      "is_submitter": false,
      "edited": false,
      "stickied": false
    },
    {
      "id": "mxdh299",
      "author": "E30boii",
      "body": "From the sounds of things they think it's going to change you and you'll use it as an excuse to be lazy. You don't want to stay home and do nothing, that's why you want an assessment, let them know the outcome you're looking for is that you can use the help provided perform better work.\n\nFor a comparison here's how it sounds changing the term. \n\nYou - \"I think I've broke my arm and it'll affect me at work, I'm going to have an X-ray to be sure\"\n\nThem - \"It doesn't look broken are you just using an excuse to not work\"\n\nYou - \"No I just want a cast so it doesn't affect me at work\"",
      "created_utc": 1749733249.0,
      "score": 2,
      "permalink": "/r/ADHD/comments/1l9lixt/scared_to_get_diagnosed_due_to_asian_parents/mxdh299/",
      "is_submitter": false,
      "edited": false,
      "stickied": false
    },
    {
      "id": "mxdhokn",
      "author": "Aluckyisland",
      "body": "Yeah I keep trying to say that but they really aren\u2019t understanding it\u2019s so frustrating",
      "created_utc": 1749733466.0,
      "score": 1,
      "permalink": "/r/ADHD/comments/1l9lixt/scared_to_get_diagnosed_due_to_asian_parents/mxdhokn/",
      "is_submitter": true,
      "edited": false,
      "stickied": false
    },
    {
      "id": "mxdhxee",
      "author": "Aluckyisland",
      "body": "Yeah I agree maybe I\u2019ll try phrasing it better I think I\u2019m just struggling to speak about it with them cos I get nervous and then don\u2019t really get the message across",
      "created_utc": 1749733550.0,
      "score": 1,
      "permalink": "/r/ADHD/comments/1l9lixt/scared_to_get_diagnosed_due_to_asian_parents/mxdhxee/",
      "is_submitter": true,
      "edited": false,
      "stickied": false
    },
    {
      "id": "mxdl5ei",
      "author": "E30boii",
      "body": "I feel that, I had the same problem with my dad he just kept asking why but in a supportive way, it could be worth looking into ways to help with ADHD (none medication) trial them and show the results to your parents. They will ask questions and if they fluster you I'd recommend saying \"let me have some time to answer that\" rather than talking yourself in circles like I did",
      "created_utc": 1749734641.0,
      "score": 2,
      "permalink": "/r/ADHD/comments/1l9lixt/scared_to_get_diagnosed_due_to_asian_parents/mxdl5ei/",
      "is_submitter": false,
      "edited": false,
      "stickied": false
    },
    {
      "id": "mxds8q0",
      "author": "Aluckyisland",
      "body": "I reckon I\u2019ll try that maybe they\u2019d be more open to that",
      "created_utc": 1749736925.0,
      "score": 1,
      "permalink": "/r/ADHD/comments/1l9lixt/scared_to_get_diagnosed_due_to_asian_parents/mxds8q0/",
      "is_submitter": true,
      "edited": false,
      "stickied": false
    }
  ],
  "relevance": {
    "score": 6.6000000000000005,
    "user_type": "parent",
    "pain_points": [
      "i\u2019ve been struggling with my mental health for a long time but recently it\u2019s been pretty bad",
      "they keep saying why do you want to be disabled, what\u2019s the outcome you\u2019re looking for, you just want to stay home and do nothing\u2026\n\ni feel like i\u2019m so conflicted about whether or not i should even keep my appointment in september",
      "* >they keep saying why do you want to be disabled, what\u2019s the outcome you\u2019re looking for, you just want to stay home and do nothing\n\nwhy can't the outcome be",
      "you don't want to stay home and do nothing, that's why you want an assessment, let them know the outcome you're looking for is that you can use the help provided perform better work"
    ],
    "keywords_found": [],
    "sentiment_score": 0.9861,
    "age_relevance": false,
    "urgency_level": "medium",
    "competitive_mentions": [],
    "timestamp": "2025-06-12T14:59:22.953876"
  }
}