{
  "subreddit": "occupationaltherapy",
  "post": {
    "id": "1l80pmb",
    "title": "Helping autistic child learn to swallow pills",
    "author": "KneeWilling2832",
    "created_utc": 1749567040.0,
    "score": 14,
    "num_comments": 39,
    "url": "https://www.reddit.com/r/OccupationalTherapy/comments/1l80pmb/helping_autistic_child_learn_to_swallow_pills/",
    "selftext": "I have an 8yr old autistic child (level 3) whose parents would like me to help him learn to swallow pills. He currently takes a liquid form of medicine but they worry that over time (and with insurance changes) they may not always have access to liquid medication. \n\nWe have read social stories, tried swallowing preferred food (sprinkles, tic tacs) watched videos while we attempt, all with no luck. Mom brings his favorite liquid which is milk to use while practicing. He spits the \u2018pill\u2019 out every time and then takes a drink of water. \n\nI do know that it takes a lot of time and positive reinforcement to help our kids feel comfortable with a difficult task like this. Does anyone have any success stories or interventions they have used for pill swallowing?"
  },
  "comments": [
    {
      "id": "mx23nah",
      "author": "Strange_Leopard_1305",
      "body": "Not an OT but I would consider referring to a qualified SLP for a swallow evaluation to rule out improper tongue posture and tongue thrust. I (potentially autistic adult) only learned to swallow pills last month after having a tongue tie release procedure and working with 2 myofunctional therapists. None of the above recommendations would ever work for me because I had a tongue thrust. I know autistic children are at much higher risk of improper resting tongue posture and other swallowing issues.",
      "created_utc": 1749578692.0,
      "score": 41,
      "permalink": "/r/OccupationalTherapy/comments/1l80pmb/helping_autistic_child_learn_to_swallow_pills/mx23nah/",
      "is_submitter": false,
      "edited": false,
      "stickied": false
    },
    {
      "id": "mx2h36e",
      "author": "Dandie_Lion",
      "body": "I work hospital based for years and seen neurotypical adults administered pills crushed with Apple sauce. I love the other recommendations to address the skill more directly, just normalizing the request for accommodations for the child/parents if needed.",
      "created_utc": 1749582486.0,
      "score": 21,
      "permalink": "/r/OccupationalTherapy/comments/1l80pmb/helping_autistic_child_learn_to_swallow_pills/mx2h36e/",
      "is_submitter": false,
      "edited": false,
      "stickied": false
    },
    {
      "id": "mx1klgf",
      "author": "thebaddestbean",
      "body": "I\u2019ve heard some autistic people say that carbonated drinks help them to not notice the feeling of the pill as much (though i don\u2019t know if he would necessarily like carbonation either)",
      "created_utc": 1749573467.0,
      "score": 15,
      "permalink": "/r/OccupationalTherapy/comments/1l80pmb/helping_autistic_child_learn_to_swallow_pills/mx1klgf/",
      "is_submitter": false,
      "edited": false,
      "stickied": false
    },
    {
      "id": "mx138ef",
      "author": "Some_Advantage4623",
      "body": "Yes try something of a thicker bolus like texture- mashed potatoes is a great idea. Also try placing the \u201cpill\u201d on the back molar with fingers and take a drink with a straw",
      "created_utc": 1749568556.0,
      "score": 7,
      "permalink": "/r/OccupationalTherapy/comments/1l80pmb/helping_autistic_child_learn_to_swallow_pills/mx138ef/",
      "is_submitter": false,
      "edited": false,
      "stickied": false
    },
    {
      "id": "mx3zt2s",
      "author": "Common_Vacation_7681",
      "body": "My (autistic+ADHD) go-to method is to take a drink of water, hold in your mouth as you tilt your head back, open mouth, drop the pill in, close mouth and swallow. For me it's about avoiding tasting the pill or potentially getting it stuck in my mouth/throat. The greater volume of liquid in my mouth before the pill gets there helps wash it down easiest. I hardly notice it go down any different than the water that way.",
      "created_utc": 1749599019.0,
      "score": 7,
      "permalink": "/r/OccupationalTherapy/comments/1l80pmb/helping_autistic_child_learn_to_swallow_pills/mx3zt2s/",
      "is_submitter": false,
      "edited": false,
      "stickied": false
    },
    {
      "id": "mx3xztg",
      "author": "salttea57",
      "body": "Neurotypical 8 year olds have difficulty with taking pills so please be easy on him. \n\nSwiping his tongue with chocolate syrup can help. Telling him the pill is smaller than a bite of pizza, etc.\n\nWhat is the pill? Can it be crushed or halved?",
      "created_utc": 1749598414.0,
      "score": 4,
      "permalink": "/r/OccupationalTherapy/comments/1l80pmb/helping_autistic_child_learn_to_swallow_pills/mx3xztg/",
      "is_submitter": false,
      "edited": false,
      "stickied": false
    },
    {
      "id": "mx42qnk",
      "author": "elliesee",
      "body": "Ask the nurses at my special school - all those pills go down with a spoonful of applesauce!",
      "created_utc": 1749599995.0,
      "score": 3,
      "permalink": "/r/OccupationalTherapy/comments/1l80pmb/helping_autistic_child_learn_to_swallow_pills/mx42qnk/",
      "is_submitter": false,
      "edited": false,
      "stickied": false
    },
    {
      "id": "mx3diku",
      "author": "Ok-Island444",
      "body": "I\u2019m someone who still struggles to swallow pills to this day at age 24. All the way through my childhood and teens the only way I even had a *chance* of getting a pill down was by chewing up a bite of food, then putting the pill in my mouth with the chewed food, and then after a little more \u201cchewing\u201d to trick my brain, I would swallow. Applesauce, yogurt, pudding, ice cream\u2026. these have helped too but the chewing and swallowing is most successful for me. I am neither autistic nor any kind of medical professional, I just happened upon this post and heavily related to this child\u2019s struggle",
      "created_utc": 1749591781.0,
      "score": 2,
      "permalink": "/r/OccupationalTherapy/comments/1l80pmb/helping_autistic_child_learn_to_swallow_pills/mx3diku/",
      "is_submitter": false,
      "edited": false,
      "stickied": false
    },
    {
      "id": "mx1qjic",
      "author": "None",
      "body": "[deleted]",
      "created_utc": 1749575115.0,
      "score": 4,
      "permalink": "/r/OccupationalTherapy/comments/1l80pmb/helping_autistic_child_learn_to_swallow_pills/mx1qjic/",
      "is_submitter": false,
      "edited": false,
      "stickied": false
    },
    {
      "id": "mx0xxrx",
      "author": "AutoModerator",
      "body": "Welcome to r/OccupationalTherapy! This is an automatic comment on every post. \n\nIf this is your first time posting, please read the sub rules. If you are asking a question, don't forget to check the sub [FAQs](https://www.reddit.com/r/OccupationalTherapy/wiki/index/faqs), or do a search of the sub to see if your question has been answered already. **Please note that we are not able to give specific treatment advice or exercises to do at home.**\n\nFailure to follow rules may result in your post being removed, or a ban. Thank you! \n\n*I am a bot, and this action was performed automatically. Please [contact the moderators of this subreddit](/message/compose/?to=/r/OccupationalTherapy) if you have any questions or concerns.*",
      "created_utc": 1749567041.0,
      "score": 1,
      "permalink": "/r/OccupationalTherapy/comments/1l80pmb/helping_autistic_child_learn_to_swallow_pills/mx0xxrx/",
      "is_submitter": false,
      "edited": false,
      "stickied": false
    },
    {
      "id": "mx205e9",
      "author": "Fey_Rye",
      "body": "I was taught to set the pill under my tongue and then drink a glass of water. The tongue naturally lifts during the swallowing action, so the pill is released... I think under the tongue helps because I don't get the chance to use my tongue to size up the object I'm about to swallow whole, so there's no time to overthink it. I'm also much less likely to accidentally taste it if it stays in my mouth too long.",
      "created_utc": 1749577734.0,
      "score": 1,
      "permalink": "/r/OccupationalTherapy/comments/1l80pmb/helping_autistic_child_learn_to_swallow_pills/mx205e9/",
      "is_submitter": false,
      "edited": false,
      "stickied": false
    },
    {
      "id": "mx2bza7",
      "author": "Wonderful-Ad2280",
      "body": "Students in my class have the pill crushed and mix it in a small spoonful of yogurt",
      "created_utc": 1749581039.0,
      "score": 1,
      "permalink": "/r/OccupationalTherapy/comments/1l80pmb/helping_autistic_child_learn_to_swallow_pills/mx2bza7/",
      "is_submitter": false,
      "edited": false,
      "stickied": false
    },
    {
      "id": "mx32jui",
      "author": "HandOTWannaBe",
      "body": "I personally struggle swallowing pills and used to almost always cough/choke. Game changer for me has been to put the pill in my mouth, and then drink water with a straw. Pill goes right down no trouble! Witchcraft",
      "created_utc": 1749588561.0,
      "score": 1,
      "permalink": "/r/OccupationalTherapy/comments/1l80pmb/helping_autistic_child_learn_to_swallow_pills/mx32jui/",
      "is_submitter": false,
      "edited": false,
      "stickied": false
    },
    {
      "id": "mx3a7sj",
      "author": "Janknitz",
      "body": "I struggled with this as a kid, too.  \n\nIf he will tolerate it, try to position the pill as far back on the tongue as possible without triggering a gag reflex.  \n\nCoating the pill in butter might help it go down.  \n\nMy mom taught me with tiny pieces of white bread, rolled into pill shape.",
      "created_utc": 1749590781.0,
      "score": 1,
      "permalink": "/r/OccupationalTherapy/comments/1l80pmb/helping_autistic_child_learn_to_swallow_pills/mx3a7sj/",
      "is_submitter": false,
      "edited": false,
      "stickied": false
    },
    {
      "id": "mx3sgdq",
      "author": "figureground",
      "body": "Crush it up in applesauce or preferred mushy food?",
      "created_utc": 1749596591.0,
      "score": 1,
      "permalink": "/r/OccupationalTherapy/comments/1l80pmb/helping_autistic_child_learn_to_swallow_pills/mx3sgdq/",
      "is_submitter": false,
      "edited": false,
      "stickied": false
    },
    {
      "id": "mx4nhzt",
      "author": "tyrelltsura",
      "body": "I have a hard time swallowing pills unless they are coated- they will actually lodge in my throat and stick without it. Even with water, I better hope the pill isnt too big. \n\nWhile the outcome the parents are worrying about is less likely than they are imagining, there is always the option to put it in ice cream or applesauce or pudding so it doesn\u2019t stick or trigger gag reflex.",
      "created_utc": 1749607266.0,
      "score": 1,
      "permalink": "/r/OccupationalTherapy/comments/1l80pmb/helping_autistic_child_learn_to_swallow_pills/mx4nhzt/",
      "is_submitter": false,
      "edited": false,
      "stickied": false
    },
    {
      "id": "mx4y9fk",
      "author": "Soggy-Interview-5670",
      "body": "Have you tried filling the mouth with liquid first, then putting the pill in for an immediate swallow? This reduces the bad pill taste. I don't know if this is a no-no in the feeding therapist's world, but it's how I take pills.",
      "created_utc": 1749611251.0,
      "score": 1,
      "permalink": "/r/OccupationalTherapy/comments/1l80pmb/helping_autistic_child_learn_to_swallow_pills/mx4y9fk/",
      "is_submitter": false,
      "edited": false,
      "stickied": false
    },
    {
      "id": "mx6iu3y",
      "author": "tchee123",
      "body": "I\u2019m an OT. For my kids I placed a pill in the top of an applesauces squeezed and on the first sip it went down with the first gulp. Good luck!",
      "created_utc": 1749640723.0,
      "score": 1,
      "permalink": "/r/OccupationalTherapy/comments/1l80pmb/helping_autistic_child_learn_to_swallow_pills/mx6iu3y/",
      "is_submitter": false,
      "edited": false,
      "stickied": false
    },
    {
      "id": "mx4xrx9",
      "author": "150Rexington",
      "body": "Unreal what parents expect of OTs",
      "created_utc": 1749611058.0,
      "score": 1,
      "permalink": "/r/OccupationalTherapy/comments/1l80pmb/helping_autistic_child_learn_to_swallow_pills/mx4xrx9/",
      "is_submitter": false,
      "edited": false,
      "stickied": false
    },
    {
      "id": "mx9xg6w",
      "author": "IndependenceFree2364",
      "body": "A trick I learned as a nurse is to tilt your head downward instead of back when swallowing pills. This actually makes the esophagus wider and pulls go down much easier.",
      "created_utc": 1749678238.0,
      "score": 0,
      "permalink": "/r/OccupationalTherapy/comments/1l80pmb/helping_autistic_child_learn_to_swallow_pills/mx9xg6w/",
      "is_submitter": false,
      "edited": false,
      "stickied": false
    },
    {
      "id": "mx0zftb",
      "author": "GodzillaSuit",
      "body": "Have you tried using something like pudding, applesauce or mashed potatoes to help them take pills?",
      "created_utc": 1749567470.0,
      "score": 23,
      "permalink": "/r/OccupationalTherapy/comments/1l80pmb/helping_autistic_child_learn_to_swallow_pills/mx0zftb/",
      "is_submitter": false,
      "edited": false,
      "stickied": false
    },
    {
      "id": "mx77hp8",
      "author": "KneeWilling2832",
      "body": "I will absolutely do this! Thank you for this insight.",
      "created_utc": 1749649879.0,
      "score": 3,
      "permalink": "/r/OccupationalTherapy/comments/1l80pmb/helping_autistic_child_learn_to_swallow_pills/mx77hp8/",
      "is_submitter": true,
      "edited": false,
      "stickied": false
    },
    {
      "id": "mx4mj8d",
      "author": "tyrelltsura",
      "body": "Yeah I was going to be like\u2026is this even an appropriate goal for this patient? Because there are other ways to get the meds in other than pill form\u2026",
      "created_utc": 1749606932.0,
      "score": 5,
      "permalink": "/r/OccupationalTherapy/comments/1l80pmb/helping_autistic_child_learn_to_swallow_pills/mx4mj8d/",
      "is_submitter": false,
      "edited": false,
      "stickied": false
    },
    {
      "id": "mx4rd0f",
      "author": "Tabbouleh_pita777",
      "body": "I agree but the difficulty is some medications can\u2019t be crushed, for example anything extended release like Ritalin ER or bupropion XL. Ritalin does come in a skin patch form (that my 8 year old son with ASD and ADHD uses because he can\u2019t swallow pills). However our insurance keeps threatening to not cover those anymore (probably because they\u2019re expensive). Plus they\u2019re really hard to find, we have to call 5-10 pharmacies every month to see who has the patches and get the doctor to send the prescription there",
      "created_utc": 1749608635.0,
      "score": 4,
      "permalink": "/r/OccupationalTherapy/comments/1l80pmb/helping_autistic_child_learn_to_swallow_pills/mx4rd0f/",
      "is_submitter": false,
      "edited": false,
      "stickied": false
    },
    {
      "id": "mx55wfl",
      "author": "mwnciglas",
      "body": "My partner (undiagnosed) prefers taking tablets with carbonated drinks because it stops them sticking to the roof of his mouth! That, and the medication he takes smells/tastes absolutely vile.",
      "created_utc": 1749614401.0,
      "score": 3,
      "permalink": "/r/OccupationalTherapy/comments/1l80pmb/helping_autistic_child_learn_to_swallow_pills/mx55wfl/",
      "is_submitter": false,
      "edited": false,
      "stickied": false
    },
    {
      "id": "mx4s2x8",
      "author": "Tabbouleh_pita777",
      "body": "I like that technique! My 9 year old son who\u2019s AuDHD hates tasting the pill. I\u2019ll have him try it out",
      "created_utc": 1749608899.0,
      "score": 2,
      "permalink": "/r/OccupationalTherapy/comments/1l80pmb/helping_autistic_child_learn_to_swallow_pills/mx4s2x8/",
      "is_submitter": false,
      "edited": false,
      "stickied": false
    },
    {
      "id": "mx68ehm",
      "author": "Sea_Morning7498",
      "body": "As an ADHD SLP, this is also my exact same method for me! (Although people do look at you a little crazy)",
      "created_utc": 1749635442.0,
      "score": 2,
      "permalink": "/r/OccupationalTherapy/comments/1l80pmb/helping_autistic_child_learn_to_swallow_pills/mx68ehm/",
      "is_submitter": false,
      "edited": false,
      "stickied": false
    },
    {
      "id": "mx4sddy",
      "author": "Tabbouleh_pita777",
      "body": "Except for my sons who both have ARFID (restricted eating) and won\u2019t touch apple sauce, pudding, jello, or anything else similar \u2639\ufe0f",
      "created_utc": 1749609007.0,
      "score": 2,
      "permalink": "/r/OccupationalTherapy/comments/1l80pmb/helping_autistic_child_learn_to_swallow_pills/mx4sddy/",
      "is_submitter": false,
      "edited": false,
      "stickied": false
    },
    {
      "id": "mx43l9z",
      "author": "mkcarroll",
      "body": "I\u2019m a whole 31 years old and this is how I swallow my big gross pills \ud83d\ude06\ud83d\ude06 I have found chewy things that get stuck in your teeth yields the most successful results because I can trick my brain into thinking the pill is a residual fruit snack rolling around and get it down easily.",
      "created_utc": 1749600292.0,
      "score": 1,
      "permalink": "/r/OccupationalTherapy/comments/1l80pmb/helping_autistic_child_learn_to_swallow_pills/mx43l9z/",
      "is_submitter": false,
      "edited": false,
      "stickied": false
    },
    {
      "id": "mx53ept",
      "author": "primordiallypouched",
      "body": "This! I could not swallow pills for the longest time until I tried this trick.",
      "created_utc": 1749613349.0,
      "score": 1,
      "permalink": "/r/OccupationalTherapy/comments/1l80pmb/helping_autistic_child_learn_to_swallow_pills/mx53ept/",
      "is_submitter": false,
      "edited": false,
      "stickied": false
    },
    {
      "id": "mx4ljqo",
      "author": "Glittering-Emu-907",
      "body": "Did you even read the post? You\u2019re just repeating things they already said that they tried",
      "created_utc": 1749606589.0,
      "score": 1,
      "permalink": "/r/OccupationalTherapy/comments/1l80pmb/helping_autistic_child_learn_to_swallow_pills/mx4ljqo/",
      "is_submitter": false,
      "edited": false,
      "stickied": false
    },
    {
      "id": "mx6x7fd",
      "author": "tyrelltsura",
      "body": "Have had to do this for trazodone because it isn\u2019t coated and has lodged in my esophagus for long periods of time.",
      "created_utc": 1749646410.0,
      "score": 1,
      "permalink": "/r/OccupationalTherapy/comments/1l80pmb/helping_autistic_child_learn_to_swallow_pills/mx6x7fd/",
      "is_submitter": false,
      "edited": false,
      "stickied": false
    },
    {
      "id": "mx1teez",
      "author": "2two-point-oh0",
      "body": "I learned with a small spoon of ice cream! It starts to melt so made it easy to swallow the pill \u201cburied\u201d in the spoonful.  Not autistic but I really struggled with pills as a kid.",
      "created_utc": 1749575897.0,
      "score": 9,
      "permalink": "/r/OccupationalTherapy/comments/1l80pmb/helping_autistic_child_learn_to_swallow_pills/mx1teez/",
      "is_submitter": false,
      "edited": false,
      "stickied": false
    },
    {
      "id": "mx4hl43",
      "author": "Korneedles",
      "body": "Applesauce was a life saver for us. Started at age six and he still prefers swallowing pills with applesauce at age 11.",
      "created_utc": 1749605198.0,
      "score": 1,
      "permalink": "/r/OccupationalTherapy/comments/1l80pmb/helping_autistic_child_learn_to_swallow_pills/mx4hl43/",
      "is_submitter": false,
      "edited": false,
      "stickied": false
    },
    {
      "id": "mx6wqcu",
      "author": "tyrelltsura",
      "body": "You don\u2019t even have to crush it necessarily to use this route. I have trouble with bupropion sometimes because it does stick in my esophagus or pharynx even with water, and lodging in the esophagus feels really bad for a long time.",
      "created_utc": 1749646244.0,
      "score": 3,
      "permalink": "/r/OccupationalTherapy/comments/1l80pmb/helping_autistic_child_learn_to_swallow_pills/mx6wqcu/",
      "is_submitter": false,
      "edited": false,
      "stickied": false
    },
    {
      "id": "mx815xv",
      "author": "Dandie_Lion",
      "body": "100%. Definitely check with prescribing provider and/or pharmacist, they will know if you can crush or it has to be whole. Depending on the size of the pill, sometimes it works to just stick it in the spoonful of applesauce. \n\nDepending on the person and tactile sensitivities, yogurt or other mediums would work. Applesauce has enough texture that it masks the pill a bit better than yogurt. You can trial with a mini M&M or something else edible to find what works before using an actual medication.",
      "created_utc": 1749658565.0,
      "score": 2,
      "permalink": "/r/OccupationalTherapy/comments/1l80pmb/helping_autistic_child_learn_to_swallow_pills/mx815xv/",
      "is_submitter": false,
      "edited": false,
      "stickied": false
    },
    {
      "id": "mx9zggw",
      "author": "basicunderstanding27",
      "body": "What about a thickened liquid like nectar?",
      "created_utc": 1749678861.0,
      "score": 1,
      "permalink": "/r/OccupationalTherapy/comments/1l80pmb/helping_autistic_child_learn_to_swallow_pills/mx9zggw/",
      "is_submitter": false,
      "edited": false,
      "stickied": false
    },
    {
      "id": "mx4rqxj",
      "author": "Tabbouleh_pita777",
      "body": "Take it easy Emu, no need to be rude\u2026",
      "created_utc": 1749608777.0,
      "score": 2,
      "permalink": "/r/OccupationalTherapy/comments/1l80pmb/helping_autistic_child_learn_to_swallow_pills/mx4rqxj/",
      "is_submitter": false,
      "edited": false,
      "stickied": false
    },
    {
      "id": "mx7a7cw",
      "author": "Tabbouleh_pita777",
      "body": "Do you mean you put the pill on a spoon and put apple sauce on top?",
      "created_utc": 1749650737.0,
      "score": 1,
      "permalink": "/r/OccupationalTherapy/comments/1l80pmb/helping_autistic_child_learn_to_swallow_pills/mx7a7cw/",
      "is_submitter": false,
      "edited": false,
      "stickied": false
    },
    {
      "id": "mx7ztqg",
      "author": "tyrelltsura",
      "body": "Yeah you can do that",
      "created_utc": 1749658182.0,
      "score": 2,
      "permalink": "/r/OccupationalTherapy/comments/1l80pmb/helping_autistic_child_learn_to_swallow_pills/mx7ztqg/",
      "is_submitter": false,
      "edited": false,
      "stickied": false
    }
  ],
  "relevance": {
    "score": 6.6000000000000005,
    "user_type": "parent",
    "pain_points": [
      "none of the above recommendations would ever work for me because i had a tongue thrust",
      "i love the other recommendations to address the skill more directly, just normalizing the request for accommodations for the child/parents if needed",
      "neurotypical 8 year olds have difficulty with taking pills so please be easy on him",
      "yeah i was going to be like\u2026is this even an appropriate goal for this patient? because there are other ways to get the meds in other than pill form\u2026 i agree but the difficulty is some medications can\u2019t be crushed, for example anything extended release like ritalin er or bupropion xl"
    ],
    "keywords_found": [],
    "sentiment_score": 0.9969,
    "age_relevance": true,
    "urgency_level": "low",
    "competitive_mentions": [],
    "timestamp": "2025-06-12T14:47:34.895301"
  }
}