{
  "subreddit": "ECEProfessionals",
  "post": {
    "id": "1l9hs93",
    "title": "Toddler\u2019s \u2018invisible\u2019 head injury after fall at child care caused death, coroner finds",
    "author": "stormgirl",
    "created_utc": 1749719324.0,
    "score": 15,
    "num_comments": 28,
    "url": "https://www.nzherald.co.nz/nz/toddlers-invisible-head-injury-after-fall-at-daycare-caused-death-coroner-finds/XDHKT5KTK5ETHMVRZDXDDTEMTA/?fbclid=IwY2xjawK3eDdleHRuA2FlbQIxMQBicmlkETFoQVdxWE5EMUpnQ0lSOTRhAR5KGb5-d_n7VR-4kpCtDEKLFdGsCV1fDHYX_c2BVZtvU20gWUdoF2BRoPERfg_aem_ZMPntvYDZfdSR-4jIo5nQw#google_vignette",
    "selftext": ""
  },
  "comments": [
    {
      "id": "mxcypuv",
      "author": "hmcd19",
      "body": "Although preschool staff suspected that Lorenzo had experienced an unwitnessed fall; due to a combination of factors including a lack of obvious injury, Lorenzo\u2019s continued participation in usual play activity, his short time at day care, his involvement with a number of staff throughout the afternoon and exhibiting predictable late Wednesday afternoon tiredness - the significance of this fall was understandably not appreciated.\n\n\u201cThe subsequent guidelines developed by the Early Childhood Council following Lorenzo\u2019s death addresses the gap identified. That is the risk associated with the \u2018invisibility\u2019 of head injuries and the inability of nonverbal children to communicate the reason for their distress.\n\n\u201cThe management of these situations requires a vigilant and uncompromising approach in early childhood settings.\u201d\n\nThe coroner did not make any recommendations.\n\n\nThe only notable thing was that he was clammy and sweaty.",
      "created_utc": 1749725857.0,
      "score": 30,
      "permalink": "/r/ECEProfessionals/comments/1l9hs93/toddlers_invisible_head_injury_after_fall_at/mxcypuv/",
      "is_submitter": false,
      "edited": false,
      "stickied": false
    },
    {
      "id": "mxdjxj0",
      "author": "econhistoryrules",
      "body": "Did not need to read this today. Nope nope nope.",
      "created_utc": 1749734233.0,
      "score": 20,
      "permalink": "/r/ECEProfessionals/comments/1l9hs93/toddlers_invisible_head_injury_after_fall_at/mxdjxj0/",
      "is_submitter": false,
      "edited": false,
      "stickied": false
    },
    {
      "id": "mxctv0f",
      "author": "PermanentTrainDamage",
      "body": "Article is paywalled",
      "created_utc": 1749723416.0,
      "score": 15,
      "permalink": "/r/ECEProfessionals/comments/1l9hs93/toddlers_invisible_head_injury_after_fall_at/mxctv0f/",
      "is_submitter": false,
      "edited": false,
      "stickied": false
    },
    {
      "id": "mxdya2f",
      "author": "Buckupbuttercup1",
      "body": "Young children fall a lot,they bump their heads a lot I have had kids get bumps,brusies,scratches and have no clue what happened because they never complained.\u00a0 Bump head,pop up and run off.\u00a0 I always hear better out then on when it comes to brusies. Sadly this could happen even with parents. Heck parents are more likely to step out of room and leave child alone then a childcare worker",
      "created_utc": 1749738726.0,
      "score": 1,
      "permalink": "/r/ECEProfessionals/comments/1l9hs93/toddlers_invisible_head_injury_after_fall_at/mxdya2f/",
      "is_submitter": false,
      "edited": false,
      "stickied": false
    },
    {
      "id": "mxdlwfm",
      "author": "Greeneggplusthing2",
      "body": "This sounds like a terrible freak accident, but there is no way it happened as they said it did.\n\n\nI had a disabled student once, they wore leg braces and managed almost everything independently with early intervention. They were non verbal at the age of 4.\u00a0\n\n\nWhile i was on break one day and my boss covering my classroom, I heard this student crying HARD. Now, this student has had dislocation in the past and cried, but this was primal crying/screaming. I went to go check on them to find my boss with them in the bathroom, they had slipped and fallen off the stool in the bathroom after sitting on the toilet. I noted to my boss that this child does not cry like this, reminded her of the dislocated toe to support the child never crying like this, and asked if parents should be notified and what next medical steps. Boss brushes it off as nothing sends me back on break, I can't write an incident report because I was down the hall in another room when it happened.\n\n\nA few days later this student's mother is in full panic, this students face/nose was bruised to hell and when they saught medical care, the physician notified social services that injury was consistent with severe head trauma/untreated concussion which indicated neglect at best, abuse at worst. My boss (the director), said that she would tell social services about the bathroom fall and that the center would cover any medical costs (there weren't any because this child was receiving state insurance). Nothing more happened with this.\n\n\nThis student slipped and fell hard enough onto tile ontop of concrete to hit the back of their head hard enough to cause massive face bruising days later. No death and other than the day it happened being extra sleepy and clingy, no signs of damage. The force needed to cause death from a brain bleed would need to be enough that someone noticed/or saw something. Or my student was exceptionally lucky. Or both.",
      "created_utc": 1749734892.0,
      "score": 12,
      "permalink": "/r/ECEProfessionals/comments/1l9hs93/toddlers_invisible_head_injury_after_fall_at/mxdlwfm/",
      "is_submitter": false,
      "edited": false,
      "stickied": false
    },
    {
      "id": "mxcnspn",
      "author": "ali22122",
      "body": "So, so awful. My worst nightmare when leaving my children at daycare.",
      "created_utc": 1749719978.0,
      "score": 13,
      "permalink": "/r/ECEProfessionals/comments/1l9hs93/toddlers_invisible_head_injury_after_fall_at/mxcnspn/",
      "is_submitter": false,
      "edited": false,
      "stickied": false
    },
    {
      "id": "mxcwtmr",
      "author": "stormgirl",
      "body": "No, it isn't. Perhaps there may be restrictions based on where you are viewing it from.",
      "created_utc": 1749724946.0,
      "score": -17,
      "permalink": "/r/ECEProfessionals/comments/1l9hs93/toddlers_invisible_head_injury_after_fall_at/mxcwtmr/",
      "is_submitter": true,
      "edited": false,
      "stickied": false
    },
    {
      "id": "mxdwd8x",
      "author": "Here4theRightReasonz",
      "body": "Wow, that is absolutely awful of your director!!! A young child, NON-VERBAL at that, fell off the literal toilet and the parents didn\u2019t even know \ud83d\ude2d\ud83d\ude2d\ud83d\ude2d\ud83d\ude2d falls in the bathroom can be so dangerous",
      "created_utc": 1749738164.0,
      "score": 1,
      "permalink": "/r/ECEProfessionals/comments/1l9hs93/toddlers_invisible_head_injury_after_fall_at/mxdwd8x/",
      "is_submitter": false,
      "edited": false,
      "stickied": false
    },
    {
      "id": "mxe0xzp",
      "author": "stoopsi",
      "body": "We had a child somehow flip and fall back and hit his head. Never heard a sound like that. It was as so loud. He started screaming his head off. We called the parents and told them to take him to the ER. They said they probably wouldn't if we didn't tell them to because he just falls a lot. He fell so hard he cracked his skull. It was 3 of us standing close to him and none of us could prevent it.",
      "created_utc": 1749739507.0,
      "score": 1,
      "permalink": "/r/ECEProfessionals/comments/1l9hs93/toddlers_invisible_head_injury_after_fall_at/mxe0xzp/",
      "is_submitter": false,
      "edited": false,
      "stickied": false
    },
    {
      "id": "mxdw7vb",
      "author": "Buckupbuttercup1",
      "body": "Brusing sudden appearing\u00a0 days later? Yea, no. I be suspicious that something happened and mom was trying to blame daycare",
      "created_utc": 1749738121.0,
      "score": 1,
      "permalink": "/r/ECEProfessionals/comments/1l9hs93/toddlers_invisible_head_injury_after_fall_at/mxdw7vb/",
      "is_submitter": false,
      "edited": false,
      "stickied": false
    },
    {
      "id": "mxd0weg",
      "author": "Dry-Ice-2330",
      "body": "It just happened to take place at day care. Accidents happen everywhere.",
      "created_utc": 1749726869.0,
      "score": 52,
      "permalink": "/r/ECEProfessionals/comments/1l9hs93/toddlers_invisible_head_injury_after_fall_at/mxd0weg/",
      "is_submitter": false,
      "edited": false,
      "stickied": false
    },
    {
      "id": "mxd24f9",
      "author": "KathrynTheGreat",
      "body": "An unwitnessed fall without any signs of injury can easily happen at home too.",
      "created_utc": 1749727422.0,
      "score": 22,
      "permalink": "/r/ECEProfessionals/comments/1l9hs93/toddlers_invisible_head_injury_after_fall_at/mxd24f9/",
      "is_submitter": false,
      "edited": false,
      "stickied": false
    },
    {
      "id": "mxcy345",
      "author": "PermanentTrainDamage",
      "body": "US, article is asking for a $2-16 dollar weekly subscription to view.",
      "created_utc": 1749725559.0,
      "score": 16,
      "permalink": "/r/ECEProfessionals/comments/1l9hs93/toddlers_invisible_head_injury_after_fall_at/mxcy345/",
      "is_submitter": false,
      "edited": false,
      "stickied": false
    },
    {
      "id": "mxe26tf",
      "author": "Greeneggplusthing2",
      "body": "She was a genuinely petty and negligent person in my experience.\n\n\nI still feel horrible about that small person- even though they have grown up and are thriving now.",
      "created_utc": 1749739864.0,
      "score": 1,
      "permalink": "/r/ECEProfessionals/comments/1l9hs93/toddlers_invisible_head_injury_after_fall_at/mxe26tf/",
      "is_submitter": false,
      "edited": false,
      "stickied": false
    },
    {
      "id": "mxe4rex",
      "author": "Greeneggplusthing2",
      "body": "Oh man, those sensory seeking children scare the poop out of me! I've had a few over the years that I've put down extra mats for. Is it just me or does the scream/cry just sound different with \"big injuries\" vs less serious?",
      "created_utc": 1749740602.0,
      "score": 1,
      "permalink": "/r/ECEProfessionals/comments/1l9hs93/toddlers_invisible_head_injury_after_fall_at/mxe4rex/",
      "is_submitter": false,
      "edited": false,
      "stickied": false
    },
    {
      "id": "mxdxp12",
      "author": "4everspokenfor",
      "body": "Not necessarily. Internal bleeding that eventually makes it to the surface of the skin is essentially the same thing as a bruise, and if they had a slow internal head bleed, bruising showing up days later isn't out of the realm of possibility, though I'm not a medical expert by any means.",
      "created_utc": 1749738554.0,
      "score": 1,
      "permalink": "/r/ECEProfessionals/comments/1l9hs93/toddlers_invisible_head_injury_after_fall_at/mxdxp12/",
      "is_submitter": false,
      "edited": false,
      "stickied": false
    },
    {
      "id": "mxe45vl",
      "author": "Greeneggplusthing2",
      "body": "This was years ago so the bruising could have been the next day or a couple days.\u00a0This child's parents were not perfect, but they absolutely would not harm their child. Also, they didn't sue and didn't recieve money so why hurt the child and be reported for abuse?",
      "created_utc": 1749740428.0,
      "score": 1,
      "permalink": "/r/ECEProfessionals/comments/1l9hs93/toddlers_invisible_head_injury_after_fall_at/mxe45vl/",
      "is_submitter": false,
      "edited": false,
      "stickied": false
    },
    {
      "id": "mxd297h",
      "author": "mamamoon777",
      "body": "Absolutely this. Parents aren\u2019t infallible either\u00a0",
      "created_utc": 1749727482.0,
      "score": 34,
      "permalink": "/r/ECEProfessionals/comments/1l9hs93/toddlers_invisible_head_injury_after_fall_at/mxd297h/",
      "is_submitter": false,
      "edited": false,
      "stickied": false
    },
    {
      "id": "mxd413j",
      "author": "ali22122",
      "body": "Yes I agree. I guess my fear is something happening and not being there / it being out of my control. I\u2019m not saying anyone was at fault.",
      "created_utc": 1749728258.0,
      "score": 18,
      "permalink": "/r/ECEProfessionals/comments/1l9hs93/toddlers_invisible_head_injury_after_fall_at/mxd413j/",
      "is_submitter": false,
      "edited": false,
      "stickied": false
    },
    {
      "id": "mxd42ua",
      "author": "ali22122",
      "body": "Yes I agree. I guess my fear is something happening and not being there / it being out of my control. I\u2019m not saying anyone was at fault.",
      "created_utc": 1749728278.0,
      "score": 14,
      "permalink": "/r/ECEProfessionals/comments/1l9hs93/toddlers_invisible_head_injury_after_fall_at/mxd42ua/",
      "is_submitter": false,
      "edited": false,
      "stickied": false
    },
    {
      "id": "mxd1kf4",
      "author": "stormgirl",
      "body": "That is weird. I am not in your country so cannot speak to that. It is not paywalled for me or people in other countries who shared the article with me.\n\nTry this one. Same story, different site [https://www.stuff.co.nz/nz-news/360716043/daycare-death-toddler-would-have-survived-if-parents-knew-fall](https://www.stuff.co.nz/nz-news/360716043/daycare-death-toddler-would-have-survived-if-parents-knew-fall)",
      "created_utc": 1749727171.0,
      "score": 6,
      "permalink": "/r/ECEProfessionals/comments/1l9hs93/toddlers_invisible_head_injury_after_fall_at/mxd1kf4/",
      "is_submitter": true,
      "edited": false,
      "stickied": false
    },
    {
      "id": "mxdbdsh",
      "author": "Dry-Ice-2330",
      "body": "Your statement made it pretty clear that you distrust day care centers.",
      "created_utc": 1749731201.0,
      "score": -15,
      "permalink": "/r/ECEProfessionals/comments/1l9hs93/toddlers_invisible_head_injury_after_fall_at/mxdbdsh/",
      "is_submitter": false,
      "edited": false,
      "stickied": false
    },
    {
      "id": "mxd7hrh",
      "author": "KathrynTheGreat",
      "body": "It would still be out of your control even if you were there. If there's no sign of injury, would you still take your kid to the hospital? Probably not, since kids fall all the time. You'd be going to the ER multiple times a week.",
      "created_utc": 1749729686.0,
      "score": 11,
      "permalink": "/r/ECEProfessionals/comments/1l9hs93/toddlers_invisible_head_injury_after_fall_at/mxd7hrh/",
      "is_submitter": false,
      "edited": false,
      "stickied": false
    },
    {
      "id": "mxe0d1w",
      "author": "Buckupbuttercup1",
      "body": "Toddlers fall a lot. Toddlers bump heads a lot. Toddlers cry for no reason at all. Toddlers throw themselves on floor for no reason at all. Would you take your child to the doc for every head bump( or suspected bump? ) of course not. To expensive and the docs would blow you off and gaslight you. The docs on this article say otherwise to save face",
      "created_utc": 1749739338.0,
      "score": 1,
      "permalink": "/r/ECEProfessionals/comments/1l9hs93/toddlers_invisible_head_injury_after_fall_at/mxe0d1w/",
      "is_submitter": false,
      "edited": false,
      "stickied": false
    },
    {
      "id": "mxd5q08",
      "author": "PermanentTrainDamage",
      "body": "Thank you, that one is not paywalled",
      "created_utc": 1749728968.0,
      "score": 7,
      "permalink": "/r/ECEProfessionals/comments/1l9hs93/toddlers_invisible_head_injury_after_fall_at/mxd5q08/",
      "is_submitter": false,
      "edited": false,
      "stickied": false
    },
    {
      "id": "mxds8ru",
      "author": "ucantspellamerica",
      "body": "I don\u2019t think it\u2019s a lack of trust, I think it\u2019s just understanding the reality that teachers cannot physically watch every single child like a hawk, especially on a playground. We have to balance the benefits of being in a group setting and independent play with peers with the risk of something like this happening.\n\nETA To address your comment that this could have happened at home\u2014yes, it could have. I also have this same risk/benefit analysis when allowing independent play at home.",
      "created_utc": 1749736926.0,
      "score": 1,
      "permalink": "/r/ECEProfessionals/comments/1l9hs93/toddlers_invisible_head_injury_after_fall_at/mxds8ru/",
      "is_submitter": false,
      "edited": 1749737274.0,
      "stickied": false
    },
    {
      "id": "mxdtfx6",
      "author": "Dry-Ice-2330",
      "body": "Neither can parents. The comment wasn't about the accident, it was about day care and fear of what happens there.",
      "created_utc": 1749737293.0,
      "score": 1,
      "permalink": "/r/ECEProfessionals/comments/1l9hs93/toddlers_invisible_head_injury_after_fall_at/mxdtfx6/",
      "is_submitter": false,
      "edited": false,
      "stickied": false
    },
    {
      "id": "mxdvaih",
      "author": "ucantspellamerica",
      "body": "I addressed that in my edit. Idk why you\u2019re taking this person\u2019s comment so personally. As a parent, there is literally always a nagging fear in the back of my mind any time my children are not in my direct care. It doesn\u2019t matter how much I trust the people caring for them, it\u2019s just the way my brain is wired.",
      "created_utc": 1749737846.0,
      "score": 1,
      "permalink": "/r/ECEProfessionals/comments/1l9hs93/toddlers_invisible_head_injury_after_fall_at/mxdvaih/",
      "is_submitter": false,
      "edited": false,
      "stickied": false
    }
  ],
  "relevance": {
    "score": 7.92,
    "user_type": "parent",
    "pain_points": [
      "\u201d\n\nthe coroner did not make any recommendations"
    ],
    "keywords_found": [
      "preschool",
      "early childhood",
      "toddler"
    ],
    "sentiment_score": -0.9985,
    "age_relevance": true,
    "urgency_level": "low",
    "competitive_mentions": [],
    "timestamp": "2025-06-12T15:09:19.907026"
  }
}