{
  "subreddit": "homeschool",
  "post": {
    "id": "1l8kpb3",
    "title": "Logic of English or All About Spelling",
    "author": "FaithlessnessFar2912",
    "created_utc": 1749619866.0,
    "score": 2,
    "num_comments": 12,
    "url": "https://www.reddit.com/r/homeschool/comments/1l8kpb3/logic_of_english_or_all_about_spelling/",
    "selftext": "I have a soon to be 3rd grade boy who is neurodivergent.  We homeschooled for the first time this past year in 2nd grade.  We used The Good and the Beautiful LA level 2.  The spelling rules went right over his head.  In hindsight I probably should have gone a level down.  He can't spell the most simple words.  He is a good reader but I don't think he truly learned how to decide words.  He is a good memorizer.  Maybe that's ok at this point?  So I am debating if I should use Logic of English Foundations or just go into All About Spelling level 1 instead.  Foundations looks like it is meant for younger children and I have other sources Im looking at for language arts components.  Just wondering if anyone has experience with both."
  },
  "comments": [
    {
      "id": "mx6abrl",
      "author": "Foodie_love17",
      "body": "I don\u2019t have experience with AAS AND AAR. We do love Logic of English though. It\u2019s really helped my ADHD (possibly dyslexic, was borderline) son in reading and spelling. Learning to memorize words is a common tactic with reading but most of the research shows that knowing the phonetic rules is much more important and has a large impact on literacy. So I would definitely get into a strong Orton-Gillingham program. LOE foundations can start in B, and also has placement tests. If you\u2019re worried about it being too young for him have you looked at their essentials program?  I believe it\u2019s 2nd-8th grade range.",
      "created_utc": 1749636499.0,
      "score": 5,
      "permalink": "/r/homeschool/comments/1l8kpb3/logic_of_english_or_all_about_spelling/mx6abrl/",
      "is_submitter": false,
      "edited": false,
      "stickied": false
    },
    {
      "id": "mx5imo0",
      "author": "VideVale",
      "body": "If he\u2019s good at decoding while reading but writes and spells very poorly and is also neurodivergent I would seriously consider that dyslexia/dysgraphia might be an issue. Dyslexia is not only about reading but an umbrella for all sorts of written language difficulties. If he can\u2019t decode very well he probably has poor phonemic awareness and reads mostly by memorizing sight words. If this is the case Logic of English is very good for practicing. The blending/unblending into words/sounds are key here. \n\nFor my oldest kid with ADHD and dysgraphia who reads very well but spells very poorly cursive writing helped a lot. Your hand will remember the correct movement when joining the letters better than your brain will remember the rules for spelling.",
      "created_utc": 1749620470.0,
      "score": 3,
      "permalink": "/r/homeschool/comments/1l8kpb3/logic_of_english_or_all_about_spelling/mx5imo0/",
      "is_submitter": false,
      "edited": false,
      "stickied": false
    },
    {
      "id": "mx5k8jl",
      "author": "ggfangirl85",
      "body": "Personally I\u2019d go with AAR/AAS. I like that they\u2019re separated and you can go at your own pace with each one, but the rules for both are spelled out so clearly. The color coded tiles are so helpful to my daughter. \n\nBut just an FYI - AAR Level 1 is Kindergarten, Level 2 is first grade. Whereas AAS Level 1 is first grade. I\u2019d have your child take the online placement test before picking a level. I\u2019m \n\nAnd know that the lessons can be much longer than TGTB. The Level 1 lessons start shorter and grow longer as the difficulty increases, and it\u2019s absolutely okay to split them up. My second kiddo is ND with dyslexia and we often spend 2-3 days on a lesson because she simply cannot handle the longer lessons.",
      "created_utc": 1749621316.0,
      "score": 3,
      "permalink": "/r/homeschool/comments/1l8kpb3/logic_of_english_or_all_about_spelling/mx5k8jl/",
      "is_submitter": false,
      "edited": false,
      "stickied": false
    },
    {
      "id": "mx7v1ut",
      "author": "BidDependent720",
      "body": "I\u2019ve used both. I would suggest AAS. You can start at level 1. It may be super easy. It was for my son(dyslexic) in 3rd grade but doing the easy lessons has helped him develop confidence.",
      "created_utc": 1749656817.0,
      "score": 2,
      "permalink": "/r/homeschool/comments/1l8kpb3/logic_of_english_or_all_about_spelling/mx7v1ut/",
      "is_submitter": false,
      "edited": false,
      "stickied": false
    },
    {
      "id": "mx60zia",
      "author": "eztulot",
      "body": "All About Spelling sounds like it would be a good fit. It's perfect for kids who are not natural spellers. It will also improve his decoding skills, without you having to use a separate phonics program.",
      "created_utc": 1749630993.0,
      "score": 1,
      "permalink": "/r/homeschool/comments/1l8kpb3/logic_of_english_or_all_about_spelling/mx60zia/",
      "is_submitter": false,
      "edited": false,
      "stickied": false
    },
    {
      "id": "mx79wkb",
      "author": "Salty-Snowflake",
      "body": "Rather than spelling, I would use a basic phonics program like Explode the Code.  Start from the beginning - there isn't a lot of writing and he can work through what he knows quickly.  I'm guessing you'll see if dysgraphia could be a problem during the first book.",
      "created_utc": 1749650642.0,
      "score": 1,
      "permalink": "/r/homeschool/comments/1l8kpb3/logic_of_english_or_all_about_spelling/mx79wkb/",
      "is_submitter": false,
      "edited": false,
      "stickied": false
    },
    {
      "id": "mx839c7",
      "author": "bibliovortex",
      "body": "They're both good programs but they are different.\n\nLogic of English Foundations is aimed at ages 4-7, he's really at an age where Essentials might make more sense. These are both integrated language arts curriculum, not just spelling, so if he is at different levels in different areas of LA it can be tricky to use well. \n\nAll About Spelling is *just* spelling based on phonics principles and the pacing is more flexible. I do think you'd want to start from Level 1. If you think he also needs practice decoding words, I probably would not pick up AAR alongside it, but I would get the first few decodable *readers*. The order in which phonograms are introduced is relatively similar, especially at first, and they have taken some pains to write the text in a way that is difficult to guess. If he's recognizing words at sight, that's not necessarily a huge problem; if he's just good at guessing off context clues, this should help you spot it. \n\nIf he later needs help learning to decode longer words, you might look at Megawords to help bolster those skills, but you want to ensure the basics are solid first.",
      "created_utc": 1749659166.0,
      "score": 1,
      "permalink": "/r/homeschool/comments/1l8kpb3/logic_of_english_or_all_about_spelling/mx839c7/",
      "is_submitter": false,
      "edited": false,
      "stickied": false
    },
    {
      "id": "mx5px5e",
      "author": "FaithlessnessFar2912",
      "body": "When did you introduce cursive to him?\u00a0 I find that fascinating it helped him.\u00a0 I think my son may also have dysgraphia and I am hesitant to start cursive yet.",
      "created_utc": 1749624427.0,
      "score": 1,
      "permalink": "/r/homeschool/comments/1l8kpb3/logic_of_english_or_all_about_spelling/mx5px5e/",
      "is_submitter": true,
      "edited": false,
      "stickied": false
    },
    {
      "id": "mx5qn9e",
      "author": "FaithlessnessFar2912",
      "body": "Yeah Im not sure if I wanted to combine AAR with AAS because of the time factor.\u00a0 I have read you can start the AAS program at any age as long as you start at level 1.\u00a0 We also plan on reading a lot more next year.\u00a0 Doesn't AAS tie in a lot of components from AAR?\u00a0 I have never used the program.",
      "created_utc": 1749624832.0,
      "score": 1,
      "permalink": "/r/homeschool/comments/1l8kpb3/logic_of_english_or_all_about_spelling/mx5qn9e/",
      "is_submitter": true,
      "edited": false,
      "stickied": false
    },
    {
      "id": "mx61s8n",
      "author": "FaithlessnessFar2912",
      "body": "That's what I was hoping it would incorporate.\u00a0 I like how it's a program that continues on through upper elementary too.",
      "created_utc": 1749631481.0,
      "score": 1,
      "permalink": "/r/homeschool/comments/1l8kpb3/logic_of_english_or_all_about_spelling/mx61s8n/",
      "is_submitter": true,
      "edited": false,
      "stickied": false
    },
    {
      "id": "mx5tqw2",
      "author": "VideVale",
      "body": "I started too late. 4th grade, because I hadn\u2019t done enough research into reading/writing difficulties. My youngest is in 2nd grade and I started introducing it this year. He has the same difficulties but has much better spelling and handwriting compared to my oldest at that age due to diligent practice. \n\nIt\u2019s really important to be able to write well by hand for a lot of reasons and it can\u2019t just be handwaved away with \u201cwell computers will write for them\u201d.",
      "created_utc": 1749626620.0,
      "score": 3,
      "permalink": "/r/homeschool/comments/1l8kpb3/logic_of_english_or_all_about_spelling/mx5tqw2/",
      "is_submitter": false,
      "edited": false,
      "stickied": false
    },
    {
      "id": "mx6h134",
      "author": "ggfangirl85",
      "body": "Yes, the recommended schedule is AAS Level 1 with AAR Level 2, but you can delay it if necessary. \n\nThey use the same letter tiles and the phonics/spelling rules overlap. They\u2019re designed to work together, but they have different goals so the lessons aren\u2019t tied together. You can move quickly through one and slowly through another without an issue.",
      "created_utc": 1749639894.0,
      "score": 1,
      "permalink": "/r/homeschool/comments/1l8kpb3/logic_of_english_or_all_about_spelling/mx6h134/",
      "is_submitter": false,
      "edited": false,
      "stickied": false
    }
  ],
  "relevance": {
    "score": 6.6000000000000005,
    "user_type": "administrator",
    "pain_points": [
      "the level 1 lessons start shorter and grow longer as the difficulty increases, and it\u2019s absolutely okay to split them up"
    ],
    "keywords_found": [
      "kindergarten",
      "homeschool",
      "neurodivergent"
    ],
    "sentiment_score": 0.9995,
    "age_relevance": true,
    "urgency_level": "low",
    "competitive_mentions": [],
    "timestamp": "2025-06-12T14:48:31.811218"
  }
}