{
  "subreddit": "socialwork",
  "post": {
    "id": "1l74cwh",
    "title": "How to handle high caseload without burnout",
    "author": "FearlessExcitement87",
    "created_utc": 1749474499.0,
    "score": 5,
    "num_comments": 8,
    "url": "https://www.reddit.com/r/socialwork/comments/1l74cwh/how_to_handle_high_caseload_without_burnout/",
    "selftext": "As title states. I went from working for a third party service that was contracted with my county\u2019s children and youth services. Loved the relationships I built with clients and seeing the real time changes that some of them experienced while I was with them. Burnt out after about a year and a half because I was constantly traveling, placed in a lot of very dangerous situations, and the assessments and paperwork started piling up. \n\nI moved to working for my county\u2019s subsidized childcare program and man. I\u2019ve been here three months and it feels like a lifetime. I have a caseload of around 350 families, constant verifications, applications, voicemails and emails to get to with strict timelines set in place. I feel like I was undertrained and thrown into it in attempts to relieve the caseloads of my coworkers, but because of this, I am making constant mistakes that upper management make sure to let you know in passive aggressive emails.\n\nI am interested in possible tips and tricks on how to navigate such a high caseload with such strict deadlines set in place? I know time management is key, but it\u2019s so hard when it feels you\u2019re being pulled in ten different directions at once.\n"
  },
  "comments": [
    {
      "id": "mwvqqnw",
      "author": "Born-Ad6490",
      "body": "350 families!?!? How big is your organization?\n\nI actually experienced something similar at the end of last year because we had to reduce headcount, but needed to maintain our overall case load. I feel for you <3",
      "created_utc": 1749495699.0,
      "score": 5,
      "permalink": "/r/socialwork/comments/1l74cwh/how_to_handle_high_caseload_without_burnout/mwvqqnw/",
      "is_submitter": false,
      "edited": false,
      "stickied": false
    },
    {
      "id": "mwvg0m3",
      "author": "No-Payment-4890",
      "body": "I can\u00b4t offer much help with lowering the load, of course. Sounds like you are really being put through the ringer. It can be so grueling! I do find some relief with small nervous system regulation exercises that I can slowly stack into my day. Otherwise, the stress is just too overwhelming. I did a little free training on some techniques, if you are interested I can find the link for you.\n\nCan you take two sick days? Crazy, because it feels like it would just make it worse, and people are counting on you ... BUT people DO get sick, and if burnout overtakes you, you\u00b4ll be out sick a lot longer soon enough! \n\nSick day 1: JUST REST, bare minimum family care, no-to-low scrolling!, take slow walks, long hot shower, cry, eat soup - you know, some non-radical self-care. Sick day 2: No caseload work, but put in a full work day organizing and setting up some better systems, maybe consider instituting some time blocking - certain hours of certain days dedicated to only one thing, no exceptions, to reduce the time suck of multitasking at least some of the time.\n\nTime blocking has reduced my stress, when I have stuck to it. Feeling this is a good reminder to clean up and renew my commitment to it.",
      "created_utc": 1749492693.0,
      "score": 3,
      "permalink": "/r/socialwork/comments/1l74cwh/how_to_handle_high_caseload_without_burnout/mwvg0m3/",
      "is_submitter": false,
      "edited": false,
      "stickied": false
    },
    {
      "id": "mwy5tpo",
      "author": "None",
      "body": "There are no tips or tricks that will prevent burnout with an unreasonable workload. \n\nI would find a new job. If you are absolutely set on staying there, organize with your coworkers, start a union, and didn't die a contract with caseload limits. Burnout is a systemic issue and need systemic solutions.",
      "created_utc": 1749523010.0,
      "score": 2,
      "permalink": "/r/socialwork/comments/1l74cwh/how_to_handle_high_caseload_without_burnout/mwy5tpo/",
      "is_submitter": false,
      "edited": false,
      "stickied": false
    },
    {
      "id": "mx7bqcn",
      "author": "Feisty_Display9109",
      "body": "Hi, I don\u2019t know if there are tips or tricks. You\u2019ll find your system or maybe colleagues have theirs that they can share. If you\u2019re still new, you could make a request about getting into the flow w/ x#of cases to reduce errors and grow skills. You don\u2019t mention your supervisor relationship, but if coaching is via email, perhaps it\u2019s not very well established or positive and for that I\u2019m sorry. \n\nIn various healthcare and social services placements we find the work volume far exceeds capacity and that can make us feel underwater. When deadlines or volume is untenable we can do a few things, change the volume, change the timeline or change the resources. I\u2019m not sure what wiggle there could be in your setting, but it is worth exploring those challenges and asking how others manage the caseload size. \n\nUnfortunately, too often in case management jobs the focus is on meeting the goals/number of case loads when staff feel like those numbers are unsustainable and those that raise that concern are pegged as the problem, rather than the structure. \n\nI\u2019m not sure if your leadership is open to tools/ research but workplaces have a role in improving worklife as much as we have a responsibility to take good care of ourselves. Maybe this will help you advance a structural conversation. Maybe not. Either way, take good care of yourself. \n\nhttps://www.ihi.org/improvement-areas/improvement-area-workforce-well-being-and-joy-work Improvement Area: Workforce Well-Being and Joy in Work | Institute for Healthcare Improvement",
      "created_utc": 1749651208.0,
      "score": 2,
      "permalink": "/r/socialwork/comments/1l74cwh/how_to_handle_high_caseload_without_burnout/mx7bqcn/",
      "is_submitter": false,
      "edited": false,
      "stickied": false
    },
    {
      "id": "mxcmaye",
      "author": "neutral_balance_123",
      "body": "for paperwork/admin stuff/paper work, try to use AI to help with it. Develop workflow for routine stuff with AI so that you just need to double check, and so that you can focus on things more meaningful. Of course privacy and compliance with policy/privacy is needed, not sure how your organization thinks about it.",
      "created_utc": 1749719069.0,
      "score": 1,
      "permalink": "/r/socialwork/comments/1l74cwh/how_to_handle_high_caseload_without_burnout/mxcmaye/",
      "is_submitter": false,
      "edited": 1749719251.0,
      "stickied": false
    },
    {
      "id": "mwuagrd",
      "author": "GameMaker06",
      "body": "Do you have an LCSW or LICSW? Sometimes, they have a reasonable load and are too valuable for the depart/org to lose. If you don't have a license, then they don't care if you have a high load. You'll always be disposable and replaceable \ud83d\ude10\n\nI witnessed many burnout or not last even 3 months. And I also noticed high favoritism among those licensed. I did my 1 year commitment and said fuck the organization afterwards. I left and am a lot happier now that im pursuing an MSW for licensure.\n\nA lot of other colleagues also left due to frustration, lack of support, damages and unrealistic case load numbers.\n\nThe world of social services is highly understaffed and underpaid. All the money normally goes to shitty uppermanagement who dont even understand how times are changing. They purposefully do mass hirings without proper training and then place you in a position that has unrealistic case loads to handle. Which is why most orgs can't retain their workers.\n\nAs far as the passive aggressive tones/emails given. Oh yeah, that is a constant.\n\nAt my former place, I talked to another colleague who is a licensed psychiatrist and even they said that I was being underpaid alongside the others. The psychiatrist then pointed out who normally gets the money and who doesn't.\n\nI explained to them the experience/degrees I have and what I was originally there for and why I was working at this said org. \n\nThat is when he explained everything to me :/.\n\nNote\n\nI have a B.A in Justice Studies, Sociology and Psychology with extended education in emergency management and artificial intelligence. I am currently working towards a MSW to be a therapist specialized in public safety and mental health. Specifically in \"anxiety, depression, loneliness, and technological integrations affecting the human psyche. As well as better training for law enforcement officials\" \ud83d\udc48\ud83c\udffc This is where all my education and life's work is being put towards.",
      "created_utc": 1749481098.0,
      "score": 1,
      "permalink": "/r/socialwork/comments/1l74cwh/how_to_handle_high_caseload_without_burnout/mwuagrd/",
      "is_submitter": false,
      "edited": 1749482155.0,
      "stickied": false
    },
    {
      "id": "mxcs81u",
      "author": "FearlessExcitement87",
      "body": "We cover 14 regions in our state. My region covers two counties that are smack in the center of two large cities. It is SO overwhelming \ud83d\ude29",
      "created_utc": 1749722529.0,
      "score": 1,
      "permalink": "/r/socialwork/comments/1l74cwh/how_to_handle_high_caseload_without_burnout/mxcs81u/",
      "is_submitter": true,
      "edited": false,
      "stickied": false
    },
    {
      "id": "mxcsa5q",
      "author": "FearlessExcitement87",
      "body": "Thank you! I think time blocking is a great idea actually. I will try to implement that in my daily routine",
      "created_utc": 1749722561.0,
      "score": 1,
      "permalink": "/r/socialwork/comments/1l74cwh/how_to_handle_high_caseload_without_burnout/mxcsa5q/",
      "is_submitter": true,
      "edited": false,
      "stickied": false
    }
  ],
  "relevance": {
    "score": 6.5,
    "user_type": "therapist",
    "pain_points": [
      "i\u2019m not sure what wiggle there could be in your setting, but it is worth exploring those challenges and asking how others manage the caseload size"
    ],
    "keywords_found": [
      "routine"
    ],
    "sentiment_score": 0.9966,
    "age_relevance": false,
    "urgency_level": "high",
    "competitive_mentions": [],
    "timestamp": "2025-06-12T15:11:14.933148"
  }
}