{
  "subreddit": "toddlers",
  "post": {
    "id": "1l9bmk0",
    "title": "Toddler\u2019s (nearly 21m) sleep is suddenly an inconsistent mess despite very consistent routine. Please help.",
    "author": "NoHeroes94",
    "created_utc": 1749696525.0,
    "score": 1,
    "num_comments": 1,
    "url": "https://www.reddit.com/r/toddlers/comments/1l9bmk0/toddlers_nearly_21m_sleep_is_suddenly_an/",
    "selftext": "From 2.5 to 16 months, our LO was a dream sleeper\u201490% of nights, she slept straight through. Then came challenge after challenge since around February (currently June), and now we\u2019re facing our biggest hurdle yet.\n\nFirstly, the shift to a single nap (late January\u2013early February) was rough, requiring two attempts before settling from February to April. Then, an intense two-week sleep regression hit in mid-to-late April, prompting a move to independent sleeping. Until 19 months, due to living circumstances (and the classic \"if it ain\u2019t broke\u2026\"), we room-shared and soothed her to sleep. But once we moved, we combined her own room with falling asleep on her own\u2014almost instantly solving the sleep issues and reclaiming our evenings. Until now.\n\nThis past week (first week of June 2025), she\u2019s done one of three things:\n\n1. Twice this week, she\u2019s spiraled into overtired meltdowns lasting four hours (12:30\u20134:40). Aside from colds, she\u2019s never done this before. Since switching to independent sleep, we\u2019ve found we can no longer soothe her to sleep in the way we once did. Typically, if she stirs, she self-soothes within 5\u201315 minutes and try to resist intervening unless very upset (standing and screaming). However we have never adhered to strict CIO methods, so if she becomes hysterical and overtired, we do intervene.\n\n2. Tonight, she\u2019s been awake for over an hour and a half (02:00\u201303:30), alternating between trying to sleep, waking, and repeating the cycle. She\u2019s mostly calm, at least, but just restless and not self-soothing back down.\n\n3. Sleeping through like a log. So she can still do it\u2026\n\nIf anyone can sanity-check our routine and offer advice, we\u2019d truly appreciate it. It\u2019s dominating everything at the moment, and I can never truly settle.\n\nNightly Routine (5.5/5.5)\n* Wake-up: 7:30\n* Nap: 12:30 (asleep by 13:00)\n* Nap Wake-up: 14:30\u201315:00 (always 1hr 45m\u20132hrs)\n* Pre-Bed Routine: 19:00 (bath, rough play, 30 mins reading, bed)\n* Bedtime: 19:45\u201320:00 (depending on nap wake-up) (asleep between 20:30\u201321:00, though lately it\u2019s taking closer to an hour)\n\nP.S. No behavioural concerns, no medical conditions, no fever, no daytime signs of overtiredness or irritability, hitting every developmental milestone on or even slightly ahead of schedule with no issues. "
  },
  "comments": [
    {
      "id": "mxbmfx0",
      "author": "alizadk",
      "body": "I know you said no medical issues, but our sleep issues usually end up tied to teething. The molars were really bad (Jan-Feb), but the canines haven't been great, either.",
      "created_utc": 1749699761.0,
      "score": 1,
      "permalink": "/r/toddlers/comments/1l9bmk0/toddlers_nearly_21m_sleep_is_suddenly_an/mxbmfx0/",
      "is_submitter": false,
      "edited": false,
      "stickied": false
    }
  ],
  "relevance": {
    "score": 6.0,
    "user_type": "parent",
    "pain_points": [
      "then came challenge after challenge since around february (currently june), and now we\u2019re facing our biggest hurdle yet"
    ],
    "keywords_found": [
      "routine"
    ],
    "sentiment_score": -0.9204,
    "age_relevance": false,
    "urgency_level": "low",
    "competitive_mentions": [],
    "timestamp": "2025-06-12T15:04:15.753043"
  }
}