{
  "subreddit": "homeschool",
  "post": {
    "id": "1l856oa",
    "title": "Homeschooling Young Kids",
    "author": "Real-Persimmon41",
    "created_utc": 1749577461.0,
    "score": 5,
    "num_comments": 4,
    "url": "https://www.reddit.com/r/homeschool/comments/1l856oa/homeschooling_young_kids/",
    "selftext": "I see a lot of people with young children get so excited for homeschooling they rush into it before their kiddo is necessarily ready. BUT there are circumstances where early academics are great! \n\nWhat side did you fall on? \n\n(Article below is what I wrote on the topic) \n\nhttps://rabbitholelearning.org/2025/06/04/homeschooling-young-children-finding-your-own-pace/"
  },
  "comments": [
    {
      "id": "mx2al0y",
      "author": "bibliovortex",
      "body": "Your article is a fantastic summary.\n\nI am wholeheartedly on the team of \"follow the child's interest and developmental readiness.\" What that often ends up looking like? Buying materials a few months in advance, learning about how kids learn, and then being ready to offer invitations and try activities without holding to fixed expectations or a set timeline. \n\nMy older child, now 10, was deeply invested in play-based learning and had zero interest in academic activities until he was about 5.5 - and our state has compulsory education age set at 5, and he's got a birthday very near the cutoff. He was ready for K-level math and already reading fluently at his 5th birthday, but not really ready for K-level fine motor work and general expectations, and I didn't understand how important those skills would be at the time. I now regret that we didn't file a maturity waiver/redshirt, and we finally took this school year as an \"in between\" 4th and 5th grade year in order to make that adjustment. He also is the kind of kid for whom developmental milestones look like a flying leap followed by a long period just chilling out, rather than incremental growth. So he abruptly learned all his letter sounds around age 3.5 and then wanted nothing to do with anything further until he was 4.75, when he decided he would read books now and blew through all of K-2 phonics in about three weeks with no formal curriculum, just magnet letters and a whiteboard and decodable readers. \n\nMy younger child, now 8, was the polar opposite. She enjoyed hands-on activities during school time when she was 2, but by age 3 she was adamant that she needed \"pages\" and was jealously eyeing her brother's math worksheets (meanwhile he was coveting her play dough and sorting games, lol). So she actually did start formal-ish schooling at 3 with Kumon workbooks and Handwriting Without Tears and Explode the Code. I picked up some K materials for her early so that we could start them when she was ready...and she wanted to jump in immediately, so we ended up doing basically a whole kindergarten year when she was 4, with her setting the pace the entire way. Each day I would ask, \"Do you want to do something for school today?\" And the answer was always all the things. I had to cut up her workbooks and give them to her a couple pages at a time, just so she wouldn't blow through them immediately. \n\nIt helps to remember that even formal schooling at a young age doesn't take up anywhere near the majority of the day. There's still lots of room for play-based learning, fine and gross motor activities, reading aloud...all that good stuff. \n\nAnd for those who worry about getting \"behind,\" if you compare my kids at age 6, the only visible difference between them was that my younger kid at that age was further ahead in math. I actually don't regard that as being due to the early start - she's got a *strong* natural talent for it and is easily working a full year above grade level right now, and I actually don't know how much I would have to accelerate her in order to find the level that would challenge her. I've never seen her struggle with a math concept except for a couple weeks when she first encountered place value. Kids who hit developmental milestones a bit later mostly end up going through the same material faster when they're older, rather than lagging forever. It's good to know the indicators of some of the major learning disabilities, but just in general, kids tend to level out academically with their peers by age 9-10. It's no different from the kids who started walking at 10 months vs at 18 months - a couple years on you can't tell who was who.",
      "created_utc": 1749580642.0,
      "score": 4,
      "permalink": "/r/homeschool/comments/1l856oa/homeschooling_young_kids/mx2al0y/",
      "is_submitter": false,
      "edited": false,
      "stickied": false
    },
    {
      "id": "mx2do57",
      "author": "PorchieFlowers",
      "body": "I did early academics with one of mine because he begged for it at 2! He is 16 now and a definite scholar.",
      "created_utc": 1749581516.0,
      "score": 2,
      "permalink": "/r/homeschool/comments/1l856oa/homeschooling_young_kids/mx2do57/",
      "is_submitter": false,
      "edited": false,
      "stickied": false
    },
    {
      "id": "mx48tjw",
      "author": "Snoo-88741",
      "body": "You basically described exactly my approach to teaching my 3yo.",
      "created_utc": 1749602136.0,
      "score": 1,
      "permalink": "/r/homeschool/comments/1l856oa/homeschooling_young_kids/mx48tjw/",
      "is_submitter": false,
      "edited": false,
      "stickied": false
    },
    {
      "id": "mx7cmsv",
      "author": "atomickristin",
      "body": "With my oldest son, who was precocious, I pushed him too much.  My thinking was \"if he starts off going super fast, he will stay ahead of everyone forever!!!\"  Instead, he burned out on school and got a bad attitude, and he was only able to progress to a certain point (long division) and at that point developmentally he just wasn't able to continue moving ahead.  We had to wait a few years for his brain to catch up with itself.  As an adult he is a normal, bright, human being but not a genius.\n\nMy second son I took a more reasonable approach - yielding another normal, bright, human being.  Just on a slightly slower timeline.  There was no difference in outcomes between Kid 1 and 2.\n\nThen my third son came along, and he is a lovely and capable young man but not as academically inclined as my other children.  When he was little, he had mild dyslexia and had a lot of trouble reading.  He has had trouble learning various subjects, but always does learn them in the end.   By necessity, I had to teach at a much slower pace, and I found that he could learn everything the others did, but a couple years later in age, and with extra one on one instruction.  On an average day, I teach him one on one more than my two youngest kids combined.  Once I accepted that, I was able to structure his education accordingly and we have had success with him learning what he needs to know to be a successful adult.  He graduates in 2026 and has come so far - so proud of him!  \n\nI have often thought, my other four kids would have done ok in public school, but my third son was the one for whom homeschooling really did pay off the most.  He would have been lost in the shuffle in public school - he just could not have progressed on the timeline public schools follow and without that intensive instruction.",
      "created_utc": 1749651482.0,
      "score": 1,
      "permalink": "/r/homeschool/comments/1l856oa/homeschooling_young_kids/mx7cmsv/",
      "is_submitter": false,
      "edited": false,
      "stickied": false
    }
  ],
  "relevance": {
    "score": 7.15,
    "user_type": "parent",
    "pain_points": [
      "i actually don't regard that as being due to the early start - she's got a *strong* natural talent for it and is easily working a full year above grade level right now, and i actually don't know how much i would have to accelerate her in order to find the level that would challenge her"
    ],
    "keywords_found": [
      "kindergarten",
      "homeschool"
    ],
    "sentiment_score": 0.9983,
    "age_relevance": true,
    "urgency_level": "high",
    "competitive_mentions": [],
    "timestamp": "2025-06-12T14:48:33.815429"
  }
}