{
  "subreddit": "education",
  "post": {
    "id": "1l51av7",
    "title": "Is it possible to change test scores? (Parent question)",
    "author": "Ok-Librarian6629",
    "created_utc": 1749238386.0,
    "score": 1,
    "num_comments": 72,
    "url": "https://www.reddit.com/r/education/comments/1l51av7/is_it_possible_to_change_test_scores_parent/",
    "selftext": "Can test scores be changed to make a school look better?\n\nOur school is consistently in the top 5 in the district, out of 20 elementary schools. A SPED teacher is telling parents that our school is actually one of the lowest in the district but the school is changing the test scores to make us look better. Many parents have become very worried that their kids are actually below average and are now paying her for in home tutoring after school. I first heard about this over a year ago but in the last couple of weeks there has been a lot of pressure to sign up for summer tutoring with her, so parents are freaked out. \n\nThe testing they do is usually done on computers and a third party is responsible for releasing the scores to parents and making a report for the district. The paper based standardized tests are proctored by teachers with a third party observer from another district. \n\nOur district has has a 50/50 split of our principal and vice principal with another nearby school, that school is consistently in the bottom 5 in the district. I have to imagine that the principal would be the one changing scores in her scenario, but he would only be changing them for one of his two schools. \n\nDoes this sound like a strange marketing ploy or is it possible that the school is changing all of our scores to hide that our children are failing? \n\n"
  },
  "comments": [
    {
      "id": "mwduwbs",
      "author": "Weird_Inevitable8427",
      "body": "Wait. Someone is telling you that the school is lying about test scores and then offering her PAYED tutoring as a solution? \n\nHoly Hannah. What a scam. Please report her. She's praying on the fears of parents. That's not right. And it's absolutely against any code of conduct for a teacher to push tutoring during the summer for a fee. (Assuming that this is a public school.) That's misconduct in the extreme.",
      "created_utc": 1749243932.0,
      "score": 80,
      "permalink": "/r/education/comments/1l51av7/is_it_possible_to_change_test_scores_parent/mwduwbs/",
      "is_submitter": false,
      "edited": false,
      "stickied": false
    },
    {
      "id": "mwdfxn3",
      "author": "jennirator",
      "body": "You need to go to the principal with what this SPED teacher is saying. That\u2019s horrible. As far as I know there\u2019s no way to change the state assessment scores or a 3rd party computer test. \n\nMy child sees her score (on the 3rd party MAP test immediately) and writes it down to report to her teacher and will often tell me when she gets home. The state test scores are released to the district by the state, so the principal sees them when you do. I have not heard of anyone being able to change these and have been in education for 17 years.",
      "created_utc": 1749239363.0,
      "score": 53,
      "permalink": "/r/education/comments/1l51av7/is_it_possible_to_change_test_scores_parent/mwdfxn3/",
      "is_submitter": false,
      "edited": false,
      "stickied": false
    },
    {
      "id": "mwdfxp2",
      "author": "Dachd43",
      "body": "That's a pretty serious accusation. People's entire careers are on the line if she's telling the truth but if she isn't that's some equally serious slander. I would want to know what evidence she has to back up her claims because if the answer is none then what she's doing isn't legal. Either way, I think I would probably send a tip to the Department of Education and let them figure it out, personally.",
      "created_utc": 1749239363.0,
      "score": 29,
      "permalink": "/r/education/comments/1l51av7/is_it_possible_to_change_test_scores_parent/mwdfxp2/",
      "is_submitter": false,
      "edited": false,
      "stickied": false
    },
    {
      "id": "mwdhznr",
      "author": "Kushali",
      "body": "I would tend not believe a teacher saying all the scores are artificially inflated. I have heard of teachers giving too much help to students who get the test read aloud or similar accommodations, but that would be a few kids not the whole school.\n\nIt isn\u2019t clear from your post but is the sped teacher the one doing summer tutoring and I assume making money on that? That seems off to me.\n\nIf you want to know how your kid is actually doing look at the state standards for a subject you are worried about and compare that to the work you see coming home.",
      "created_utc": 1749239986.0,
      "score": 17,
      "permalink": "/r/education/comments/1l51av7/is_it_possible_to_change_test_scores_parent/mwdhznr/",
      "is_submitter": false,
      "edited": false,
      "stickied": false
    },
    {
      "id": "mwdx907",
      "author": "immadatmycat",
      "body": "It is not possible in my state to do this. 3rd parties are responsible for scoring those assessments. If it\u2019s MAP/NWEA/IREADY - those scores are received as soon as the student submits them. Those aren\u2019t reported to the state and included in dashboards on how well we are doing. The scores you see on the reports - that are created by the 3rd party - are accurate. When self reporting those scores to the district - if they are asked to input those scores in spreadsheets - they could change that, but why?\n\nState testing is scored by the State and submitted to the district. They use those scores to rank schools. No one at the school/district level could do anything with those. The only way those scores could be altered is by giving students answers or help during the test itself. That would result in a teacher losing their license, but it could happen. \n\nYou should report what that teacher is saying to the district or state. That\u2019s a serious allegation.",
      "created_utc": 1749244692.0,
      "score": 5,
      "permalink": "/r/education/comments/1l51av7/is_it_possible_to_change_test_scores_parent/mwdx907/",
      "is_submitter": false,
      "edited": false,
      "stickied": false
    },
    {
      "id": "mwej13b",
      "author": "Longjumping_Ad_1679",
      "body": "I think that teacher is lying to drum up business for herself. In my district, it\u2019s not allowed to tutor your own students for money. You need to tell your principal what is being said.",
      "created_utc": 1749252107.0,
      "score": 6,
      "permalink": "/r/education/comments/1l51av7/is_it_possible_to_change_test_scores_parent/mwej13b/",
      "is_submitter": false,
      "edited": false,
      "stickied": false
    },
    {
      "id": "mwebdjk",
      "author": "Sparkle_Motion_0710",
      "body": "My experience with this happened in California if that matters. My children attended a school with great scores. Then one year they noticeably dropped. The way it was explained to me was that up until that point, special ed test scores were not factored into the overall scores. My kids happened to be at a school that had a program where they took the most challenging special ed students. Some were bussed from other schools in our district because of the program. I thought that the principal handled it well. She calculated the differences and shared it with the parents. Some parents actually pulled their kids from the school because of the overall lowers scores. It\u2019s been several years now and it\u2019s not a big deal any longer. There were some parents that wanted special ed kids in a school all their own but our principal fought to keep the program because the special ed parents really liked the program and felt like their children were getting the best education possible despite their student\u2019s challenges.",
      "created_utc": 1749249449.0,
      "score": 4,
      "permalink": "/r/education/comments/1l51av7/is_it_possible_to_change_test_scores_parent/mwebdjk/",
      "is_submitter": false,
      "edited": false,
      "stickied": false
    },
    {
      "id": "mwemkgy",
      "author": "Apophthegmata",
      "body": "As others have said, it's not possible for a principle to be changing standardized test scores, short of conspiracy and collision that goes all the way to the top. You'd have to be intercepting the scores and replacing them during the reporting process (which is likely automatic and digital), so....no I very much doubt your principle is altering scores. \n\nCould she mean that the principal is engaged in some other behavior that artificially inflates scores (like coaching during a test)? That's potentially possible, but how without the collusion of proctors or other school staff. \n\nHonestly, it sounds like she's making up lies to push her tutoring business. Absolutely grounds for her to be fired immediately. \n\nWe don't even let our teachers provide tutoring to students they teach because of the conflict of interest.",
      "created_utc": 1749253354.0,
      "score": 4,
      "permalink": "/r/education/comments/1l51av7/is_it_possible_to_change_test_scores_parent/mwemkgy/",
      "is_submitter": false,
      "edited": false,
      "stickied": false
    },
    {
      "id": "mwgrgc9",
      "author": "Ok_Wall6305",
      "body": "This is where we say, \u201cso as an employee of the school district, you decided to monetize this rather than report it? Thank you so much, I\u2019ll dog whistle on this but you might get caught in the crosshairs of that\u201d",
      "created_utc": 1749289729.0,
      "score": 4,
      "permalink": "/r/education/comments/1l51av7/is_it_possible_to_change_test_scores_parent/mwgrgc9/",
      "is_submitter": false,
      "edited": false,
      "stickied": false
    },
    {
      "id": "mweglk1",
      "author": "signycullen88",
      "body": "I work for a company that scores state tests. As far as i understand it, after we score the responses and the scores are locked, they are released to that states DOE. And then they release the scores to the students/teachers. From my experience, states have different ways of doing it. But in order for the Principal to game the system in the state I primarily work with, they'd have to be in cahoots with at least 1 person in the right department at the states DOE.",
      "created_utc": 1749251256.0,
      "score": 3,
      "permalink": "/r/education/comments/1l51av7/is_it_possible_to_change_test_scores_parent/mweglk1/",
      "is_submitter": false,
      "edited": false,
      "stickied": false
    },
    {
      "id": "mwgftwx",
      "author": "Fluffymarshmellow333",
      "body": "I know some in my district say the same but they aren\u2019t actually changing scores, they are omitting the SPED scores specifically, which does make our schools appear \u201cbetter\u201d than it is overall.",
      "created_utc": 1749282551.0,
      "score": 3,
      "permalink": "/r/education/comments/1l51av7/is_it_possible_to_change_test_scores_parent/mwgftwx/",
      "is_submitter": false,
      "edited": false,
      "stickied": false
    },
    {
      "id": "mwijqci",
      "author": "No_Percentage_5083",
      "body": "You always have to ask yourself what is the person who is saying the thing, getting out of it.  Are they mad at administration?  Would they gain financially?  Why wouldn't they go to someone within their chain of command with these accusations if they were valid and could be proven?  Answer those questions and you will know exactly why the accuser is doing what they are doing.",
      "created_utc": 1749314912.0,
      "score": 3,
      "permalink": "/r/education/comments/1l51av7/is_it_possible_to_change_test_scores_parent/mwijqci/",
      "is_submitter": false,
      "edited": false,
      "stickied": false
    },
    {
      "id": "mwk8xun",
      "author": "Jscapistm",
      "body": "If they are proctored by a third party observe almost certainly not being changed. Nothing about what you have described makes it seem likely that the principle is changing test scores vs an unethical teacher lying to drum up business.",
      "created_utc": 1749334862.0,
      "score": 3,
      "permalink": "/r/education/comments/1l51av7/is_it_possible_to_change_test_scores_parent/mwk8xun/",
      "is_submitter": false,
      "edited": false,
      "stickied": false
    },
    {
      "id": "mwdf9m5",
      "author": "JoriQ",
      "body": "Assuming this is the US. I don't teach in your country, so take this with a grain of salt.\n\nI wouldn't be surprised if it's possible, but I doubt that's what's happening. I also wouldn't be surprised if it's not possible.\n\nThe principal would certainly lose their job, so this is a huge risk and almost certainly not worth it. Also, it's crazy that the sped teacher would be announcing this, as they could also get in trouble.\n\nMy guess is that it's a miscommunication, and the sped teacher said something like those scores aren't right, or they don't reflect they actual ability of the kids or something, and it got twisted into the scores are being intentionally changed in the system. It could be that teachers are helping students, but it sounds like there's pretty good oversight.",
      "created_utc": 1749239160.0,
      "score": 4,
      "permalink": "/r/education/comments/1l51av7/is_it_possible_to_change_test_scores_parent/mwdf9m5/",
      "is_submitter": false,
      "edited": false,
      "stickied": false
    },
    {
      "id": "mwekhzo",
      "author": "lsp2005",
      "body": "I would ask for an in person meeting with the principal about an urgent and confidential matter regarding the teacher. Provide all evidence. This is not okay.\u00a0",
      "created_utc": 1749252627.0,
      "score": 2,
      "permalink": "/r/education/comments/1l51av7/is_it_possible_to_change_test_scores_parent/mwekhzo/",
      "is_submitter": false,
      "edited": false,
      "stickied": false
    },
    {
      "id": "mwerifx",
      "author": "LittleGreenPony",
      "body": "I don\u2019t see how it is possible to go in and change the answers.  The students have user specific codes to login and monitor codes have to be used also.  The times are recorded and the specific Chromebook ( for our building) is monitored.  It could technically be done but it would leave a footprint that would have to be removed explained by a procotor.  \n\nNo true administrative person or teacher would risk losing their credibility over something as lame as state tests.  The scores suck across the board so being TOP 5 isn\u2019t anything spectacular anymore.  Schools can boast about their ratings easier than it would be to change student answers.  There isn\u2019t any more money given to schools with higher \u201clevels\u201d of success.",
      "created_utc": 1749255150.0,
      "score": 2,
      "permalink": "/r/education/comments/1l51av7/is_it_possible_to_change_test_scores_parent/mwerifx/",
      "is_submitter": false,
      "edited": false,
      "stickied": false
    },
    {
      "id": "mweuf5c",
      "author": "Unable_Pumpkin987",
      "body": "You know your kid, right? Are your kid\u2019s test scores in line with what you know about your kid\u2019s abilities? That\u2019s probably the easiest way to judge if there\u2019s any truth to this rumor (which I doubt there is).",
      "created_utc": 1749256244.0,
      "score": 2,
      "permalink": "/r/education/comments/1l51av7/is_it_possible_to_change_test_scores_parent/mweuf5c/",
      "is_submitter": false,
      "edited": false,
      "stickied": false
    },
    {
      "id": "mwf7l03",
      "author": "bridgetwannabe",
      "body": "Standardized test scores, no \u2026. grades, yes. Grade inflation is a thing, and teachers face pressure to \u201chelp\u201d kids pass to make graduation statistics look better. \n\n\u2026 but if this teacher is telling parents this so they\u2019ll hire her to privately tutor their kids, that\u2019s totally unethical and should be reported.",
      "created_utc": 1749261182.0,
      "score": 2,
      "permalink": "/r/education/comments/1l51av7/is_it_possible_to_change_test_scores_parent/mwf7l03/",
      "is_submitter": false,
      "edited": false,
      "stickied": false
    },
    {
      "id": "mwj5wzm",
      "author": "thekittennapper",
      "body": "That would lead to criminal charges for the individuals altering scores. I really doubt it\u2019s true.",
      "created_utc": 1749321851.0,
      "score": 2,
      "permalink": "/r/education/comments/1l51av7/is_it_possible_to_change_test_scores_parent/mwj5wzm/",
      "is_submitter": false,
      "edited": false,
      "stickied": false
    },
    {
      "id": "mwjg2o4",
      "author": "ken120",
      "body": "Is it possible to teach the tests?  Yes been done for years.  You forget about teaching anything else but what goes towards the test.  Having the kids memorize the answers isn't possible for most but you can train the students how the questions are framed to get the answer.  As for actually changing test scores or answers afterwards depends on how closely the answer sheets are annualized afterwards.  If they just grade them and don't bother to look for any anomaly or what percentage of the sheets are checked.  As for the teacher sales pitch for her tutoring service doesn't seem to be an honest way of attaining it to throw the school under the bus.",
      "created_utc": 1749325182.0,
      "score": 2,
      "permalink": "/r/education/comments/1l51av7/is_it_possible_to_change_test_scores_parent/mwjg2o4/",
      "is_submitter": false,
      "edited": false,
      "stickied": false
    },
    {
      "id": "mx0rfeh",
      "author": "coolbeansfordays",
      "body": "It\u2019s possible to influence scores/ testing. Depending on the test/screener, poor performances can be deleted and the student told to do it again. Someone can stand by the student and prompt them or give them too many accommodations. Tests can be paused. Teachers can teach to the test, meaning they\u2019re specifically focusing on what is on the test and how to take the test rather than a broader curriculum.\n\nBut testing takes a lot of time and is a pain. And there\u2019s so much of it (one test window closes and another one opens). Most schools just want to get through it and be done.\n\nI\u2019ve worked in high achieving schools and poor performing schools. There are so many factors involved. The fact that parents are willing to pay for tutoring tells me that there is a higher chance that the students are fine.  Parent involvement is important. Test scores aside, look at your student\u2019s work, have them read aloud to you, as questions about what they read. You should be able to gauge where they are and if it feels appropriate.\n\nEdit to add: high stakes testing (ie: state testing) cannot be manually changed. We don\u2019t get the scores until months later, and scores are released directly to the parents from the state, not us.",
      "created_utc": 1749565157.0,
      "score": 2,
      "permalink": "/r/education/comments/1l51av7/is_it_possible_to_change_test_scores_parent/mx0rfeh/",
      "is_submitter": false,
      "edited": 1749565385.0,
      "stickied": false
    },
    {
      "id": "mwe1595",
      "author": "unleadedbrunette",
      "body": "They cannot change them but let me assure you there is a lot of cheating and helping going on\u2026.especially when teacher pay depends upon them.",
      "created_utc": 1749245973.0,
      "score": 2,
      "permalink": "/r/education/comments/1l51av7/is_it_possible_to_change_test_scores_parent/mwe1595/",
      "is_submitter": false,
      "edited": false,
      "stickied": false
    },
    {
      "id": "mwebdbu",
      "author": "kukumonkey854",
      "body": "It sounds like that teacher is trying to manipulate everyone into paying her for private tutoring. I don't know about that District obviously but mine specifically says in our contract that we are not allowed to provide for-pay private tutoring to any students that we teach.",
      "created_utc": 1749249447.0,
      "score": 1,
      "permalink": "/r/education/comments/1l51av7/is_it_possible_to_change_test_scores_parent/mwebdbu/",
      "is_submitter": false,
      "edited": false,
      "stickied": false
    },
    {
      "id": "mwepgcx",
      "author": "meawait",
      "body": "Former test cordinator here: if it\u2019s the type of tests we administer, no. There is one test that teachers had their students retake this year and we got a stern talking to (nothing that shows up in state assessment data).",
      "created_utc": 1749254386.0,
      "score": 1,
      "permalink": "/r/education/comments/1l51av7/is_it_possible_to_change_test_scores_parent/mwepgcx/",
      "is_submitter": false,
      "edited": false,
      "stickied": false
    },
    {
      "id": "mwexuf9",
      "author": "KW_ExpatEgg",
      "body": "Two possibilities\u2014 \n\n\n1) SPED accommodations are being used to help students with answers \n\n\n2) although everyone is tested, the  **school\u2019s score** is from a \u201crepresentative sample\u201d and the parameters of that (selected by whom?) leave out too many of the low scores and still use the total student body count to imply a considerably higher average/ score band.\n\n.\n\n\n\n ^edited ^for ^clarity ^and ^formatting",
      "created_utc": 1749257526.0,
      "score": 1,
      "permalink": "/r/education/comments/1l51av7/is_it_possible_to_change_test_scores_parent/mwexuf9/",
      "is_submitter": false,
      "edited": false,
      "stickied": false
    },
    {
      "id": "mwf4vc8",
      "author": "newenglander87",
      "body": "If this is true that they're changing test scores, someone is going to jail. If the teacher is lying, she deserves to get fired.",
      "created_utc": 1749260157.0,
      "score": 1,
      "permalink": "/r/education/comments/1l51av7/is_it_possible_to_change_test_scores_parent/mwf4vc8/",
      "is_submitter": false,
      "edited": false,
      "stickied": false
    },
    {
      "id": "mwfm89y",
      "author": "Wolfy743",
      "body": "Considering starting a tutoring job where she gets paid with parents from the school is against the code of ethics, she\u2019s definitely being sketchy. Its also against the law. \nStandardized test scores go directly to the state, so unless someone is standing over the kid and giving them answers, flubbing is difficult. \n\nYou can talk to the counselor for resources and tutoring ideas on campus, but being charged by a teacher of the school shouldn\u2019t be happening. If you are truly that concerned, talk to the principal.",
      "created_utc": 1749267019.0,
      "score": 1,
      "permalink": "/r/education/comments/1l51av7/is_it_possible_to_change_test_scores_parent/mwfm89y/",
      "is_submitter": false,
      "edited": false,
      "stickied": false
    },
    {
      "id": "mwgru5z",
      "author": "ConnectAffect831",
      "body": "Anything is possible. I wondered this before myself.",
      "created_utc": 1749289958.0,
      "score": 1,
      "permalink": "/r/education/comments/1l51av7/is_it_possible_to_change_test_scores_parent/mwgru5z/",
      "is_submitter": false,
      "edited": false,
      "stickied": false
    },
    {
      "id": "mwi2yee",
      "author": "Due-Average-8136",
      "body": "This sounds like a scam.",
      "created_utc": 1749309603.0,
      "score": 1,
      "permalink": "/r/education/comments/1l51av7/is_it_possible_to_change_test_scores_parent/mwi2yee/",
      "is_submitter": false,
      "edited": false,
      "stickied": false
    },
    {
      "id": "mwq9tse",
      "author": "Impressive_Returns",
      "body": "YES can and does happen.  There\u2019s still a principal in prison for doing it.",
      "created_utc": 1749420094.0,
      "score": 1,
      "permalink": "/r/education/comments/1l51av7/is_it_possible_to_change_test_scores_parent/mwq9tse/",
      "is_submitter": false,
      "edited": false,
      "stickied": false
    },
    {
      "id": "mwv2m9p",
      "author": "Ninjacakester",
      "body": "\u201cOne only needs to look at the result to catch a glimpse of the ultimate goal. It doesn\u2019t matter what the excuse or explanation is, the result always tells the truth. A child can give the greatest excuses every time he is too sick for school but if it always happens on the day of a test, the truth is revealed by the results.\u201d\n\nI would ask myself why the person presenting a problem is also presenting the solution. I mean it\u2019s classic sales, it\u2019s classic everything. Politics, religion, science, governments. All provide the questions and problems but also seem to have the solution.\u00a0\n\nMaybe the teacher is telling the truth but if her solution is to pay her more, doesn\u2019t that seem a little odd?\u00a0\n\nI\u2019d contact others working at the school to ask more about how tests are conducted and how results are calculated since it could be possible but doesn\u2019t mean it is necessarily ethical or permitted for the school to do what it is being claimed.\u00a0",
      "created_utc": 1749489045.0,
      "score": 1,
      "permalink": "/r/education/comments/1l51av7/is_it_possible_to_change_test_scores_parent/mwv2m9p/",
      "is_submitter": false,
      "edited": false,
      "stickied": false
    },
    {
      "id": "mwx8566",
      "author": "TreeOfLife36",
      "body": "Two things can be true at once. This teacher sounds very suspicious in that she's marketing herself for tutoring. At the same time, I disagree with a lot of responses here--it's definitely possible to cheat. The teachers just provide the answers. It's not legal, but it's possible. Schools have been caught doing this before. \n\nSo it's impossible to tell. I wouldnt' hire this teacher, but it's also possible that the school is cheating by ordering teachers to provide answers to the kids as they take the test.",
      "created_utc": 1749511611.0,
      "score": 1,
      "permalink": "/r/education/comments/1l51av7/is_it_possible_to_change_test_scores_parent/mwx8566/",
      "is_submitter": false,
      "edited": false,
      "stickied": false
    },
    {
      "id": "mx1l6nv",
      "author": "sephiroth3650",
      "body": "I tuned out as soon as you talked about this inside informant/teacher just coincidentally offering paid tutoring services to bring the kids up to speed.  You don't think that it's awfully convenient that this tutor is using these conspiracy stories of forged test scores to drum up business for her tutoring services?",
      "created_utc": 1749573635.0,
      "score": 1,
      "permalink": "/r/education/comments/1l51av7/is_it_possible_to_change_test_scores_parent/mx1l6nv/",
      "is_submitter": false,
      "edited": false,
      "stickied": false
    },
    {
      "id": "mx1xo8g",
      "author": "Mehitablebaker",
      "body": "I think SPED scores and first year ELL students can be omitted on reports. Especially if the SPED students are taking a different test not equivalent to what regular Ed students take. \n\nProbably depends on the state",
      "created_utc": 1749577063.0,
      "score": 1,
      "permalink": "/r/education/comments/1l51av7/is_it_possible_to_change_test_scores_parent/mx1xo8g/",
      "is_submitter": false,
      "edited": false,
      "stickied": false
    },
    {
      "id": "mwe9otz",
      "author": "Jack_of_Spades",
      "body": "They can't change the grade, but not all tests need to be submitted. Private and charter schools can just... throw out some student's scoers or not test them at all. I might be wrong about throwing out scores, but I do know they aren't required to test all students.",
      "created_utc": 1749248858.0,
      "score": 1,
      "permalink": "/r/education/comments/1l51av7/is_it_possible_to_change_test_scores_parent/mwe9otz/",
      "is_submitter": false,
      "edited": false,
      "stickied": false
    },
    {
      "id": "mweg3wl",
      "author": "Justmeinmilton",
      "body": "YES!!  Depends on the person\u2019s permissions in the \u201csystem\u201d.",
      "created_utc": 1749251088.0,
      "score": 0,
      "permalink": "/r/education/comments/1l51av7/is_it_possible_to_change_test_scores_parent/mweg3wl/",
      "is_submitter": false,
      "edited": false,
      "stickied": false
    },
    {
      "id": "mwegz20",
      "author": "ImmediateKick2369",
      "body": " I used to work for a principal who would change scores all the time. Even if people don\u2019t change scores, there is no reason to think one school has the same standards as the next. We need a high stakes national test.",
      "created_utc": 1749251387.0,
      "score": -1,
      "permalink": "/r/education/comments/1l51av7/is_it_possible_to_change_test_scores_parent/mwegz20/",
      "is_submitter": false,
      "edited": false,
      "stickied": false
    },
    {
      "id": "mwgvosv",
      "author": "skyhoop",
      "body": "*preying\n\nBut yes, totally unacceptable behaviour on the teachers part",
      "created_utc": 1749292244.0,
      "score": 10,
      "permalink": "/r/education/comments/1l51av7/is_it_possible_to_change_test_scores_parent/mwgvosv/",
      "is_submitter": false,
      "edited": false,
      "stickied": false
    },
    {
      "id": "mwdi3hl",
      "author": "Ok-Librarian6629",
      "body": "Thanks for this insight. It makes sense that the test scores are being routed to the state first.",
      "created_utc": 1749240018.0,
      "score": 10,
      "permalink": "/r/education/comments/1l51av7/is_it_possible_to_change_test_scores_parent/mwdi3hl/",
      "is_submitter": true,
      "edited": false,
      "stickied": false
    },
    {
      "id": "mwdimxw",
      "author": "Ok-Librarian6629",
      "body": "Thanks for helping me put this into perspective. Either she's making this up and that's very bad or she's telling the truth and that is very bad. I'm going to look into sending in a tip.",
      "created_utc": 1749240185.0,
      "score": 12,
      "permalink": "/r/education/comments/1l51av7/is_it_possible_to_change_test_scores_parent/mwdimxw/",
      "is_submitter": true,
      "edited": false,
      "stickied": false
    },
    {
      "id": "mwdj66l",
      "author": "historyerin",
      "body": "Completely agree this. My home district had a massive cheating scandal almost 20 years ago, and it seems like the district has never been the same.",
      "created_utc": 1749240351.0,
      "score": 4,
      "permalink": "/r/education/comments/1l51av7/is_it_possible_to_change_test_scores_parent/mwdj66l/",
      "is_submitter": false,
      "edited": false,
      "stickied": false
    },
    {
      "id": "mwikatj",
      "author": "AltairaMorbius2200CE",
      "body": "People have been sent to JAIL for messing with testing!",
      "created_utc": 1749315087.0,
      "score": 3,
      "permalink": "/r/education/comments/1l51av7/is_it_possible_to_change_test_scores_parent/mwikatj/",
      "is_submitter": false,
      "edited": false,
      "stickied": false
    },
    {
      "id": "mwyh912",
      "author": "Upbeat_Shock5912",
      "body": "Remember those teachers in Georgia who literally went to jail over changing test scores?",
      "created_utc": 1749527326.0,
      "score": 1,
      "permalink": "/r/education/comments/1l51av7/is_it_possible_to_change_test_scores_parent/mwyh912/",
      "is_submitter": false,
      "edited": false,
      "stickied": false
    },
    {
      "id": "mwdjq3s",
      "author": "Ok-Librarian6629",
      "body": "Yes, the SPED teacher is the one doing the tutoring, it is her own private business. I was recommended to sign my kid up but he is doing just fine. I believe she charges $50 a week for two half hour sessions and that felt wild to me!",
      "created_utc": 1749240520.0,
      "score": 7,
      "permalink": "/r/education/comments/1l51av7/is_it_possible_to_change_test_scores_parent/mwdjq3s/",
      "is_submitter": true,
      "edited": false,
      "stickied": false
    },
    {
      "id": "mx0ughe",
      "author": "coolbeansfordays",
      "body": "I saw this first hand. I am a public school employee who had to provide special education services to private school students. The private school had a banner boasting that \u201c100% of our students scored proficient on the _____ state test\u201d. There\u2019s no way my students were scoring proficient. Their scores were being excluded.",
      "created_utc": 1749566039.0,
      "score": 2,
      "permalink": "/r/education/comments/1l51av7/is_it_possible_to_change_test_scores_parent/mx0ughe/",
      "is_submitter": false,
      "edited": false,
      "stickied": false
    },
    {
      "id": "mwdhq50",
      "author": "Ok-Librarian6629",
      "body": "Thanks so much for your thoughts. The situation is pretty weird but I agree, one of them would have put their career at risk.",
      "created_utc": 1749239906.0,
      "score": 2,
      "permalink": "/r/education/comments/1l51av7/is_it_possible_to_change_test_scores_parent/mwdhq50/",
      "is_submitter": true,
      "edited": false,
      "stickied": false
    },
    {
      "id": "mwevt1w",
      "author": "Ok-Librarian6629",
      "body": "I feel like my kid's scores match their ability.",
      "created_utc": 1749256766.0,
      "score": 2,
      "permalink": "/r/education/comments/1l51av7/is_it_possible_to_change_test_scores_parent/mwevt1w/",
      "is_submitter": true,
      "edited": false,
      "stickied": false
    },
    {
      "id": "mwgg7i6",
      "author": "Fluffymarshmellow333",
      "body": "My kid scores very high in all of theirs but actually is failing in some classes. It\u2019s not possible my kid scored high on them, no way, but what can really be done about it realistically?",
      "created_utc": 1749282778.0,
      "score": 0,
      "permalink": "/r/education/comments/1l51av7/is_it_possible_to_change_test_scores_parent/mwgg7i6/",
      "is_submitter": false,
      "edited": false,
      "stickied": false
    },
    {
      "id": "mwgryss",
      "author": "ConnectAffect831",
      "body": "Should be a red flag when the literacy for basic reading, writing and arithmetic is in the bottom 10% in the state, yet the graduation rate is 98%.",
      "created_utc": 1749290033.0,
      "score": 1,
      "permalink": "/r/education/comments/1l51av7/is_it_possible_to_change_test_scores_parent/mwgryss/",
      "is_submitter": false,
      "edited": false,
      "stickied": false
    },
    {
      "id": "mwebem1",
      "author": "kukumonkey854",
      "body": "All this to say that I would report her if I were you.",
      "created_utc": 1749249460.0,
      "score": 2,
      "permalink": "/r/education/comments/1l51av7/is_it_possible_to_change_test_scores_parent/mwebem1/",
      "is_submitter": false,
      "edited": false,
      "stickied": false
    },
    {
      "id": "mwels8f",
      "author": "Apophthegmata",
      "body": "What state(s) are you talking about? Here in Texas, charters have to test every student.",
      "created_utc": 1749253079.0,
      "score": 3,
      "permalink": "/r/education/comments/1l51av7/is_it_possible_to_change_test_scores_parent/mwels8f/",
      "is_submitter": false,
      "edited": false,
      "stickied": false
    },
    {
      "id": "mwk93kc",
      "author": "Jscapistm",
      "body": "Yeah the only reasonable way to cheat on that would be to have someone else take the test.",
      "created_utc": 1749334918.0,
      "score": 2,
      "permalink": "/r/education/comments/1l51av7/is_it_possible_to_change_test_scores_parent/mwk93kc/",
      "is_submitter": false,
      "edited": false,
      "stickied": false
    },
    {
      "id": "mwfzcgf",
      "author": "ninjette847",
      "body": "The likelihood that she's making it up to scare parents into giving her money and is a scammer is MUCH higher than the school wanting to and finding a way to get around reporting the real test results.",
      "created_utc": 1749273132.0,
      "score": 12,
      "permalink": "/r/education/comments/1l51av7/is_it_possible_to_change_test_scores_parent/mwfzcgf/",
      "is_submitter": false,
      "edited": false,
      "stickied": false
    },
    {
      "id": "mx0sp0l",
      "author": "coolbeansfordays",
      "body": "Has she said things directly to you, or are you hearing about it secondhand? I wouldn\u2019t blow up someone\u2019s livelihood over gossip or misunderstanding.",
      "created_utc": 1749565526.0,
      "score": 1,
      "permalink": "/r/education/comments/1l51av7/is_it_possible_to_change_test_scores_parent/mx0sp0l/",
      "is_submitter": false,
      "edited": false,
      "stickied": false
    },
    {
      "id": "mwdlerd",
      "author": "CoolClearMorning",
      "body": "This situation is crawling with ethical--and probably contractual--violations. Please report this to the state Department of Education and also contact the principal about the teacher soliciting business from current students in her capacity as their teacher. You don't need to repeat her claims about score manipulation if you suspect they may be true, but educators aren't allowed to promote private tutoring like she's doing.",
      "created_utc": 1749241028.0,
      "score": 23,
      "permalink": "/r/education/comments/1l51av7/is_it_possible_to_change_test_scores_parent/mwdlerd/",
      "is_submitter": false,
      "edited": false,
      "stickied": false
    },
    {
      "id": "mwdvmge",
      "author": "Weird_Inevitable8427",
      "body": "A public school teacher charging to tutor her students during the summer weeks is already a violation. Most places, that alone will get your butt fired. \n\nI can refer you to other tutors. I can tutor students that are not connected with my school. I can tutor students from my school for free.  But I can't tutor students that are connected to my school and charge money. \n\nThat being said, $25 a session is a very reasonable price. I used to charge that 20 years ago. The problem is farming your own school for your private business.",
      "created_utc": 1749244165.0,
      "score": 14,
      "permalink": "/r/education/comments/1l51av7/is_it_possible_to_change_test_scores_parent/mwdvmge/",
      "is_submitter": false,
      "edited": false,
      "stickied": false
    },
    {
      "id": "mwdlctx",
      "author": "Kushali",
      "body": "Honestly, I\u2019d mention it to the principal of my kid\u2019s full time teacher. Something is off here.",
      "created_utc": 1749241012.0,
      "score": 7,
      "permalink": "/r/education/comments/1l51av7/is_it_possible_to_change_test_scores_parent/mwdlctx/",
      "is_submitter": false,
      "edited": false,
      "stickied": false
    },
    {
      "id": "mwdr32b",
      "author": "BurninTaiga",
      "body": "That\u2019s motive right there. My instincts lean more toward the teacher lying to promote their own side hustle than there being wrongdoing. \n\nTest score manipulation is pretty difficult to do. It needs at least 10 ppl involved (test admin, data clerk, multiple teacher proctors, testing company rep, etc). \n\n\nTo say something like that is a huge accusation, but not impossible. At my middle school, the student store clerk, administrators, and the ASB coordinator were arrested for skimming cash. Funny enough, it happened again a few years later at my high school with prom/grad night money.",
      "created_utc": 1749242754.0,
      "score": 7,
      "permalink": "/r/education/comments/1l51av7/is_it_possible_to_change_test_scores_parent/mwdr32b/",
      "is_submitter": false,
      "edited": false,
      "stickied": false
    },
    {
      "id": "mwfnu1a",
      "author": "chickenkitten2019",
      "body": "I pay $137 for 50 minutes for my kid. California.",
      "created_utc": 1749267719.0,
      "score": 2,
      "permalink": "/r/education/comments/1l51av7/is_it_possible_to_change_test_scores_parent/mwfnu1a/",
      "is_submitter": false,
      "edited": false,
      "stickied": false
    },
    {
      "id": "mx0th6o",
      "author": "coolbeansfordays",
      "body": "$50/hour is pretty standard where I am for a personal tutor. The franchise tutoring businesses charge way more than that.",
      "created_utc": 1749565754.0,
      "score": 1,
      "permalink": "/r/education/comments/1l51av7/is_it_possible_to_change_test_scores_parent/mx0th6o/",
      "is_submitter": false,
      "edited": false,
      "stickied": false
    },
    {
      "id": "mx0v6qy",
      "author": "coolbeansfordays",
      "body": "Is class failure a lack of effort? Time management, organization?",
      "created_utc": 1749566251.0,
      "score": 1,
      "permalink": "/r/education/comments/1l51av7/is_it_possible_to_change_test_scores_parent/mx0v6qy/",
      "is_submitter": false,
      "edited": false,
      "stickied": false
    },
    {
      "id": "mwierh2",
      "author": "bridgetwannabe",
      "body": "It should. But it isn\u2019t, because the issues with public education in the US are deeply systemic, and people are too politically polarized to have productive conversations about it, let alone fix it. We\u2019d rather monetize - like this teacher enriching herself with private tutoring, or voucher proponents who don\u2019t care that the loss of tax dollars only hurts struggling public schools more. \n\nI teach high school in a Title 1 district, so my bias/ frustration is probably showing. There\u2019s just so much wrong in public education; hyper fixation on test scores/ graduation statistics and social promotion/ never letting kids fail are only part of it. I just see these particular ones on a daily basis, and they prevent me from being able to do my job effectively. My authority in my own classroom is eroded when I can\u2019t hold kids accountable for their academic choices, and my professional ethics are overruled by admin who pressure me to \u201chelp them pass.\u201d\n\nI love teaching, but this may be the thing that pushes me out of the classroom.",
      "created_utc": 1749313329.0,
      "score": 2,
      "permalink": "/r/education/comments/1l51av7/is_it_possible_to_change_test_scores_parent/mwierh2/",
      "is_submitter": false,
      "edited": false,
      "stickied": false
    },
    {
      "id": "mx0uopt",
      "author": "Ok-Librarian6629",
      "body": "I have heard it in multiple occasions from more than one person who have their kids in tutoring with her.\u00a0",
      "created_utc": 1749566106.0,
      "score": 1,
      "permalink": "/r/education/comments/1l51av7/is_it_possible_to_change_test_scores_parent/mx0uopt/",
      "is_submitter": true,
      "edited": false,
      "stickied": false
    },
    {
      "id": "mwi34xl",
      "author": "Due-Average-8136",
      "body": "In my state, you can tutor students from your school for money, just not your own students.",
      "created_utc": 1749309661.0,
      "score": 2,
      "permalink": "/r/education/comments/1l51av7/is_it_possible_to_change_test_scores_parent/mwi34xl/",
      "is_submitter": false,
      "edited": false,
      "stickied": false
    },
    {
      "id": "mwf4ev3",
      "author": "BubblyAd9274",
      "body": "The tutoring itself during the summer is a private contravention with families. Not shady.\u00a0\n\n\nThe rest of this post is shady",
      "created_utc": 1749259979.0,
      "score": 1,
      "permalink": "/r/education/comments/1l51av7/is_it_possible_to_change_test_scores_parent/mwf4ev3/",
      "is_submitter": false,
      "edited": false,
      "stickied": false
    },
    {
      "id": "mwje6se",
      "author": "ConnectAffect831",
      "body": "Does 140 million in wages to 300 staff members sound normal?",
      "created_utc": 1749324556.0,
      "score": 1,
      "permalink": "/r/education/comments/1l51av7/is_it_possible_to_change_test_scores_parent/mwje6se/",
      "is_submitter": false,
      "edited": false,
      "stickied": false
    },
    {
      "id": "mx1lqyu",
      "author": "coolbeansfordays",
      "body": "I wouldn\u2019t believe it then. Talk to her directly. Shit like that gets passed around and everyone starts repeating the same misinformation (how many times have you repeated it)?\n\nWhat she might have said was that the test scores aren\u2019t representative of day to day skills, or the curriculum sucks and students need support in phonics, etc. She may have said she doesn\u2019t understand how it\u2019s possible that kids scored as well as they did\u2026and someone interpreted that.\n\nEdit to add my own experience: I used to work in a self-contained special education room. We had a student with level 3 autism who was extremely violent and loud. Biting, scratching, throwing objects around, screeching, running wildly around the space. He was like this in all settings (we worked with him at home during Covid and saw it there too). \n\nAnother professional asked me about his academics. I said \u201cWe\u2019re not focused on that right now. it\u2019s pretty chaotic\u201d. This was after I explained the safety concerns and behaviors. I meant HE\u2019S chaotic and we need to focus on sensory regulation first.  I\u2019m not going to hold up the letter \u2018B\u2019 to work on academics as he\u2019s overpowering and biting me. \n\nShe repeated the word \u201cchaotic\u201d to mom, and said we weren\u2019t working on anything. Mom then came in hot blaming the other students for being loud and \u201cchaotic\u201d, and interfering with her son\u2019s education.  She kept repeating that the room was too \u201cchaotic\u201d for him and bad-mouthed us all over town. She told everyone we weren\u2019t doing anything for her son. \n\nIt was never the other students, the environment, the staff. It\u2019s the nature of his disability and we needed to address other things before we could even think about academics. We learned how to help him, we potty trained him, taught him a ton\u2026but I\u2019m sure there are plenty of people who only heard about all the things we supposedly weren\u2019t doing. All because one person took the word \u201cchaotic\u201d out of context.",
      "created_utc": 1749573796.0,
      "score": 1,
      "permalink": "/r/education/comments/1l51av7/is_it_possible_to_change_test_scores_parent/mx1lqyu/",
      "is_submitter": false,
      "edited": 1749574907.0,
      "stickied": false
    },
    {
      "id": "mwiq7a9",
      "author": "Weird_Inevitable8427",
      "body": "This woman is tutoring her own students. Yikes!",
      "created_utc": 1749316937.0,
      "score": 1,
      "permalink": "/r/education/comments/1l51av7/is_it_possible_to_change_test_scores_parent/mwiq7a9/",
      "is_submitter": false,
      "edited": false,
      "stickied": false
    },
    {
      "id": "mwq8j26",
      "author": "bridgetwannabe",
      "body": "I don\u2019t understand your question\u2026 but if you\u2019re suggesting teachers are overpaid, I\u2019ll see myself out",
      "created_utc": 1749419666.0,
      "score": 1,
      "permalink": "/r/education/comments/1l51av7/is_it_possible_to_change_test_scores_parent/mwq8j26/",
      "is_submitter": false,
      "edited": false,
      "stickied": false
    },
    {
      "id": "mwusm4w",
      "author": "Due-Average-8136",
      "body": "Seriously! I tutored mine before, but I never charged.",
      "created_utc": 1749486272.0,
      "score": 1,
      "permalink": "/r/education/comments/1l51av7/is_it_possible_to_change_test_scores_parent/mwusm4w/",
      "is_submitter": false,
      "edited": false,
      "stickied": false
    },
    {
      "id": "mwqb20l",
      "author": "ConnectAffect831",
      "body": "Teachers are definitely NOT overpaid. Administrators are.",
      "created_utc": 1749420510.0,
      "score": 2,
      "permalink": "/r/education/comments/1l51av7/is_it_possible_to_change_test_scores_parent/mwqb20l/",
      "is_submitter": false,
      "edited": false,
      "stickied": false
    }
  ],
  "relevance": {
    "score": 6.5,
    "user_type": "parent",
    "pain_points": [
      "there were some parents that wanted special ed kids in a school all their own but our principal fought to keep the program because the special ed parents really liked the program and felt like their children were getting the best education possible despite their student\u2019s challenges"
    ],
    "keywords_found": [
      "autism"
    ],
    "sentiment_score": 0.9886,
    "age_relevance": false,
    "urgency_level": "high",
    "competitive_mentions": [],
    "timestamp": "2025-06-12T14:51:37.619174"
  }
}