{
  "subreddit": "toddlers",
  "post": {
    "id": "1l97e5f",
    "title": "Solo parent travel tips with 15 mo",
    "author": "AngryKitty_31",
    "created_utc": 1749684115.0,
    "score": 5,
    "num_comments": 5,
    "url": "https://www.reddit.com/r/toddlers/comments/1l97e5f/solo_parent_travel_tips_with_15_mo/",
    "selftext": "I will be traveling with my 15 month old daughter, solo, while 28 weeks pregnant across the US. We have a 5 hour flight and 3 hour time change. Tips, tricks, gear, advice would be greatly appreciated!!\n\nI\u2019ve already purchased a travel car seat for the plane, because she\u2019s INCREDIBLY active and I thought this might be the best way to contain her. I also got a travel stroller that fits in the overhead bin, as well as lots of activity books, stickers, a snackle box and a tablet.\n\nAm I missing anything essential? \nWhat\u2019re the best headphones for a kid that HATES things on their heads?! \n\n"
  },
  "comments": [
    {
      "id": "mxaj8tw",
      "author": "BenchAcademic3073",
      "body": "Just think it will be hard, and you might be pleasantly surprised. It's a new environment and baby may be in take it all in mode. I traveled a lot with a baby and it was always less terrible than I thought. They find entertainment in it, and they get more cautious and quiet than usual sometimes. Mine even slept in arms, which is not his usual way.\n\nYou are pregnant and travelling with a baby, ask for help without shame.\n\nThere are people who love babies and they will show up. Make their day by letting them help you. At 40,000 feet they are not going anywhere. Let them hold your baby while you get a bathroom break etc. Let them play with the baby or hold the baby if baby is ok with that.\n\nThe flight attendants have snacks. Ask and you shall receive, for you and the baby.\n\nScreens are helpful too.\n\nBring an extra outfit for you and the baby. There will be messes.\n\nIf it's terrible, it will be over soon. You got this.",
      "created_utc": 1749685422.0,
      "score": 4,
      "permalink": "/r/toddlers/comments/1l97e5f/solo_parent_travel_tips_with_15_mo/mxaj8tw/",
      "is_submitter": false,
      "edited": false,
      "stickied": false
    },
    {
      "id": "mxb0yzd",
      "author": "doguppationaltherapy",
      "body": "Seconding the message to invest in YouTube premium!!!!! So worth it!!!! No shame in screen time on the plane. Download her favorites, then I always put the tablet in airplane mode and test to make sure they all downloaded properly. (Learned the hard way to double check this\ud83e\udd72\ud83e\udd72\ud83e\udd72)\n\nThough be prepared with other activities in case she isn\u2019t interested. Stickers, new coloring book and a fresh box of crayons. I like [these ones](https://amzn.to/442K3zj) because they wipe off of EVERYTHING with just a baby wipe. \n\nLittle play doughs are good too. Let them mix them for ultimate entertainment. [this size.](https://amzn.to/45lOtU2)\n\nI\u2019ve traveled solo a ton with my daughter as a toddler and now a preschooler. You\u2019ll be sweating the whole time. But I loveee the memories we\u2019ve made traveling together. She might not remember it but I always will\ud83e\udd70",
      "created_utc": 1749691786.0,
      "score": 3,
      "permalink": "/r/toddlers/comments/1l97e5f/solo_parent_travel_tips_with_15_mo/mxb0yzd/",
      "is_submitter": false,
      "edited": false,
      "stickied": false
    },
    {
      "id": "mxameuc",
      "author": "Typical-Badger5533",
      "body": "I\u2019ve travelled solo on long haul flights/car journeys with my daughter 3 times, at 5, 14, and now 19 months and I would say the travel headphones were a waste because she won\u2019t wear them (but I bought bandoo ones which are cute and hopefully she will use later on). She likes watching the screen on the plane regardless, they have lots of kids movies and shows on most airlines. I recommend bringing a few brand new books and a couple of favourites, ideally with flaps and interactive things. A single hot wheel car has been a hit, also a plastic water bottle to play with, stickers were ignored and so were post it notes, but other people swear by them. Tons of snacks, the snackle box is a favourite, and honestly if you\u2019re breastfeeding or baby likes their bottle still, that was a huge comfort. Jet lag is fine, just pretend you\u2019re doing your usual routine and maybe do an earlier/later bedtime depending which direction you\u2019re going. Good luck!",
      "created_utc": 1749686528.0,
      "score": 1,
      "permalink": "/r/toddlers/comments/1l97e5f/solo_parent_travel_tips_with_15_mo/mxameuc/",
      "is_submitter": false,
      "edited": false,
      "stickied": false
    },
    {
      "id": "mxanbgq",
      "author": "Virtual-Smile-3010",
      "body": "We moved internationally before our mini turned three, but travelled a good bit prior. She is now well-seasoned just prior to her fourth birthday.\n\nYou have a fantastic start! I was perplexed about headphones too. I ended up purchasing a few. I always bring a couple so she can rotate and choose, as her ability to decide which ones she wears seems to be the big win in getting her to use them (she refuses hats or anything on her head). She never had access to a tablet prior, so if she doesn\u2019t use headphones in flight, I mute it, and it hasn\u2019t been a problem.\n\nI pre-load apps she can use without WiFi in case the plane doesn\u2019t have it, and I make sure there is plenty of variety.\n\nOther stuff:\n\nMini was allowed to choose her own carry on bag at the store.\n\nShe chooses which toys go in her cabin and which get packed (at 18 mos this will be hard).\n\nShe chooses her own snacks (this is the one time mini basically gets free rein). I also pack healthy stuff to balance out toddler impulses, but she is allowed to roam the snack aisle freely and put her snacks in the carry on. She also gets to pick her food at the airport.\n\nAll this is aimed at making travel fun and feel like a treat, as opposed to 10+ hour flights back to back. So far, it\u2019s worked great! She has fun, and is frequently commented on her positive behavior (even with delays). It also therefore helps reduces my stress too.\n\nOne more thing: I always bring basic meds just in case (Tylenol, Benadryl-though I don\u2019t think Benadryl is applicable for you). I don\u2019t want to get stuck somewhere or be on a long flight either her unexpectedly sick. I haven\u2019t needed it (yet), but another mom needed our unopened Tylenol once. \n\nYou\u2019ve got this!! \ud83e\ude77\ud83e\ude77",
      "created_utc": 1749686851.0,
      "score": 1,
      "permalink": "/r/toddlers/comments/1l97e5f/solo_parent_travel_tips_with_15_mo/mxanbgq/",
      "is_submitter": false,
      "edited": false,
      "stickied": false
    },
    {
      "id": "mxatjcr",
      "author": "vipsfour",
      "body": "get YouTube premium and download some Miss Rachel.  I was just on 2-7 hour flights with our 16 month old and the times when the seatbelt sign turned on this came in so handy. Good luck.",
      "created_utc": 1749689112.0,
      "score": 1,
      "permalink": "/r/toddlers/comments/1l97e5f/solo_parent_travel_tips_with_15_mo/mxatjcr/",
      "is_submitter": false,
      "edited": false,
      "stickied": false
    }
  ],
  "relevance": {
    "score": 6.6000000000000005,
    "user_type": "parent",
    "pain_points": [],
    "keywords_found": [
      "screen time",
      "routine",
      "preschool",
      "toddler"
    ],
    "sentiment_score": 0.9989,
    "age_relevance": true,
    "urgency_level": "low",
    "competitive_mentions": [],
    "timestamp": "2025-06-12T15:04:19.863611"
  }
}