{
  "subreddit": "ADHD",
  "post": {
    "id": "1l9m3zj",
    "title": "Parents: How do you manage the non-medicated hours?",
    "author": "Muted-Maximum-6817",
    "created_utc": 1749733895.0,
    "score": 12,
    "num_comments": 17,
    "url": "https://www.reddit.com/r/ADHD/comments/1l9m3zj/parents_how_do_you_manage_the_nonmedicated_hours/",
    "selftext": "Parent a a 7yo with ADHD here. He did so well this school year and we now have him in day camps for the summer, which he loves. But in the mornings and evenings lately (when the meds aren't active), he is STRUGGLING. It's really like dealing with two different kids. Impulsive, antagonistic, and can't follow a single instruction. In those times, he doesn't care who he hurts or upsets, or what consequences he is given. While he's shown so much improvement this year during the daytime, it feels like the other hours are worsening.\n\nWe've tried calming activities, giving him more autonomy, more support, being gentle, being firm, but nothing's working and it's starting to feel like the inconsistency of us trying different strategies is probably making it worse. It doesn't help that we also have a toddler who is upset witnessing all of this and also learning from his bad behavior.\n\nI'd love to know how others are dealing/have dealt with this. Is this just typical for the start of summer vacation?"
  },
  "comments": [
    {
      "id": "mxdixnx",
      "author": "AutoModerator",
      "body": "Hi /u/Muted-Maximum-6817 and thanks for posting on /r/ADHD! \n\n### Please take a second to [read our rules](/r/adhd/about/rules) if you haven't already.\n\n---\n\n### /r/adhd news\n\n* If you are posting about the **US Medication Shortage**, please see this [post](https://www.reddit.com/r/ADHD/comments/12dr3h5/megathread_us_medication_shortage/).\n\n---\n\n^(*This message is not a removal notification. It's just our way to keep everyone updated on r/adhd happenings.*)\n\n\n*I am a bot, and this action was performed automatically. Please [contact the moderators of this subreddit](/message/compose/?to=/r/ADHD) if you have any questions or concerns.*",
      "created_utc": 1749733896.0,
      "score": 1,
      "permalink": "/r/ADHD/comments/1l9m3zj/parents_how_do_you_manage_the_nonmedicated_hours/mxdixnx/",
      "is_submitter": false,
      "edited": false,
      "stickied": true
    },
    {
      "id": "mxdlr2j",
      "author": "Choice-Due",
      "body": "Go to a well informed doctor, ask for short lasting meds to bridge the evening gap as well.",
      "created_utc": 1749734842.0,
      "score": 18,
      "permalink": "/r/ADHD/comments/1l9m3zj/parents_how_do_you_manage_the_nonmedicated_hours/mxdlr2j/",
      "is_submitter": false,
      "edited": false,
      "stickied": false
    },
    {
      "id": "mxdluli",
      "author": "tinabaninaboo",
      "body": "Our doctor prescribed 1mg Guanfacine daily for this situation. It stays in the blood stream and actually helps with sleep and eating too! It just feels like it\u2019s not nearly as noticeable now when his stimulant wears off. Executive function is still difficult in the morning, but he doesn\u2019t seem driven to antagonize his siblings now. Good luck to you!",
      "created_utc": 1749734876.0,
      "score": 10,
      "permalink": "/r/ADHD/comments/1l9m3zj/parents_how_do_you_manage_the_nonmedicated_hours/mxdluli/",
      "is_submitter": false,
      "edited": false,
      "stickied": false
    },
    {
      "id": "mxdmrs0",
      "author": "ftm0821",
      "body": "I\u2019m sorry that sounds rough! As a mom of a toddler and 4 y/o with adhd , ( Edit: im the mom of 2 kids and I have adhd) I\u2019m realizing that as my meds wear off I am INSANELY more sensitive to and triggered  by noises (esp crying and screaming) which my toddler also happens to be doing a lot of at that exact time of day. Personally I wish I could wear noise cancelling headphones during this chaotic time, but as the mom I can\u2019t, maybe your 7 y/o would benefit tho? I didn\u2019t even make the connection until recently but MAN it\u2019s like a triple whammy. Look up \u201cHeavy work\u201d sensory strategies, to help his body re- regulate during the come down period; calming sensory strategies etc I\u2019m sure you are doing it all already but just offering my perspective as well!",
      "created_utc": 1749735184.0,
      "score": 7,
      "permalink": "/r/ADHD/comments/1l9m3zj/parents_how_do_you_manage_the_nonmedicated_hours/mxdmrs0/",
      "is_submitter": false,
      "edited": false,
      "stickied": false
    },
    {
      "id": "mxdu7pe",
      "author": "punk030",
      "body": "For our family, routines are key. We build it together so that my son can feel he has a say in the schedule. We start by working backwards from his expected bedtime, and work everything in, including free time.\n\nWe also limit what activities he can do at certain blocks of time. For example, after dinner he can choose to watch TV, read, or play with his toys, but shortly before bedtime TV is off the list of options. Video games are only available to him on Fridays and Saturdays, and only for an hour and a half each day.\n\nBasically, all the screen time and other stimulating activities can only happen earlier, and we slowly wind down as it gets closer to sleep. He still has the freedom to choose, but just has more restricted choices later in the night.\n\nWe also make him walk around with a timer, and don\u2019t let him start any fun activity until he\u2019s set it. Once it goes off, he knows he has to stop and move onto the next part of his schedule.\n\nIt doesn\u2019t work perfectly, and some nights have things going on that messes with the routine, but overall we stick as close as possible to it so there\u2019s always a default expectation no matter what kind of day it is.\n\nMy son is 10 and currently not medicated. He only got officially diagnosed recently, so the doctor recommended that we observe his behaviour and symptoms for some time before prescribing something. I got diagnosed and medicated well into adulthood, so just trying out what worked for me in the past. Seems to work well with him, so maybe you could try something like this and see how well it works for your family.",
      "created_utc": 1749737526.0,
      "score": 4,
      "permalink": "/r/ADHD/comments/1l9m3zj/parents_how_do_you_manage_the_nonmedicated_hours/mxdu7pe/",
      "is_submitter": false,
      "edited": false,
      "stickied": false
    },
    {
      "id": "mxdpsl6",
      "author": "Illustrious_Use_7284",
      "body": "Yeah I had this issue as a kid, withdrawal from my meds\u2026it stopped when I got off stimulants",
      "created_utc": 1749736166.0,
      "score": 3,
      "permalink": "/r/ADHD/comments/1l9m3zj/parents_how_do_you_manage_the_nonmedicated_hours/mxdpsl6/",
      "is_submitter": false,
      "edited": false,
      "stickied": false
    },
    {
      "id": "mxdsw47",
      "author": "NormalAssignment1877",
      "body": "Parent of 9yo w/ADHD. We do an afternoon booster dose to get through the evening, the \"witching hours\" are still hard but much more manageable.",
      "created_utc": 1749737126.0,
      "score": 3,
      "permalink": "/r/ADHD/comments/1l9m3zj/parents_how_do_you_manage_the_nonmedicated_hours/mxdsw47/",
      "is_submitter": false,
      "edited": false,
      "stickied": false
    },
    {
      "id": "mxdw5lf",
      "author": "eastvanqueer",
      "body": "Have you tried immediately giving him \u201cquiet alone time\u201d as soon as he gets home? Let him do a preferred activity at this point, maybe let him do his screen time at this point. Let him go into a quiet room and make sure no one bothers him. He might just need to \u201cdecompress\u201d by himself when he gets home after working so hard to keep everything together all day. Just giving him a moment to collect himself and do something he likes to do immediately when he gets home, away from any triggers could really help him.",
      "created_utc": 1749738102.0,
      "score": 2,
      "permalink": "/r/ADHD/comments/1l9m3zj/parents_how_do_you_manage_the_nonmedicated_hours/mxdw5lf/",
      "is_submitter": false,
      "edited": false,
      "stickied": false
    },
    {
      "id": "mxdzuhh",
      "author": "Feahnor",
      "body": "As a father of a too young to diagnose adhd kid I feel you in my bones. I love him more than my life, but his adhd is destroying me after having already destroyed my marriage.",
      "created_utc": 1749739188.0,
      "score": 1,
      "permalink": "/r/ADHD/comments/1l9m3zj/parents_how_do_you_manage_the_nonmedicated_hours/mxdzuhh/",
      "is_submitter": false,
      "edited": false,
      "stickied": false
    },
    {
      "id": "mxdxdai",
      "author": "PrimalAspidsAreEasy",
      "body": "if you use a med that slowly builds up in the system it should be eaiser to deal with since there would still be some medicine in the system during those times.",
      "created_utc": 1749738458.0,
      "score": 1,
      "permalink": "/r/ADHD/comments/1l9m3zj/parents_how_do_you_manage_the_nonmedicated_hours/mxdxdai/",
      "is_submitter": false,
      "edited": false,
      "stickied": false
    },
    {
      "id": "mxe0yht",
      "author": "bluerivercardigan",
      "body": "I feel for you and your son. It took a lot of trial and error to get my meds right as far as what I take and how much. One of the biggest factors that has been consistent for my meds to \u2018feel right\u2019 in general is a good night sleep and taking the meds with something. I can\u2019t bring myself to eat much (ever) because of the meds but I can drink a protein drink. It helps immensely. Have you tried other types of meds to see if he might not crash as hard with something else?  I know how much of a struggle and double edged sword these beds are as an adult trying to figure it out, I honestly can\u2019t imagine what it\u2019s like for a child who isn\u2019t able to articulate well what they\u2019re feeling and isn\u2019t able to self analyze the whole process. Is his behaviour when the meds wear off different than what he was like before starting meds at all? Or is he behaving in a way that\u2019s unique to them wearing off?",
      "created_utc": 1749739511.0,
      "score": 1,
      "permalink": "/r/ADHD/comments/1l9m3zj/parents_how_do_you_manage_the_nonmedicated_hours/mxe0yht/",
      "is_submitter": false,
      "edited": false,
      "stickied": false
    },
    {
      "id": "mxe0anc",
      "author": "EmmaAmmeMa",
      "body": "Also look into nutrition. Lots of kids lack some nutrients (vitamin D from being underneath sunscreen all the time, lack of Omega 3 and too much omega 6, B12, zinc, there is a whole list).\n\nAlso some food additives can worsen ADHD symptoms, like certain dyes or preservatives, especially if you are in the US because stuff isn\u2019t that regulated over there.\n\nSugar will also worsen it.\n\nAlso talk to your doctor, but nutrition is something most doctors don\u2019t know about but can have huge effects (it relieves lots of my ADHD and PTSD symptoms as well, wish I had known sooner).\n\nGood luck! This can be exhausting, for you as well as your kid. I hope you get to take a break every now and then.",
      "created_utc": 1749739319.0,
      "score": 1,
      "permalink": "/r/ADHD/comments/1l9m3zj/parents_how_do_you_manage_the_nonmedicated_hours/mxe0anc/",
      "is_submitter": false,
      "edited": false,
      "stickied": false
    },
    {
      "id": "mxdyfed",
      "author": "prairiepanda",
      "body": "This is what I would do. I'm not a parent, but when I was a kid (undiagnosed, unmedicated) my mom would either send me outside or lock me in my room, and that never actually resolved anything.",
      "created_utc": 1749738770.0,
      "score": 1,
      "permalink": "/r/ADHD/comments/1l9m3zj/parents_how_do_you_manage_the_nonmedicated_hours/mxdyfed/",
      "is_submitter": false,
      "edited": false,
      "stickied": false
    },
    {
      "id": "mxdq9kb",
      "author": "Illustrious_Use_7284",
      "body": "Don\u2019t listen to her, ask your doctor their honest opinion without mentioning stims. We as a society need to stop asking for more and more stims, as a child who was put on boosters it only caused more problems.",
      "created_utc": 1749736315.0,
      "score": -8,
      "permalink": "/r/ADHD/comments/1l9m3zj/parents_how_do_you_manage_the_nonmedicated_hours/mxdq9kb/",
      "is_submitter": false,
      "edited": false,
      "stickied": false
    },
    {
      "id": "mxdph42",
      "author": "Muted-Maximum-6817",
      "body": "Thanks, this is a good reminder! He has mostly stopped using his headphones except in very rare circumstances, but that might be something to bring back into the daily routine. He is the source of most of the morning noise, but of course there's the toddler and the general noise of things like the coffee maker, doing dishes, etc., that are pretty overwhelming when you add them all up!",
      "created_utc": 1749736064.0,
      "score": 5,
      "permalink": "/r/ADHD/comments/1l9m3zj/parents_how_do_you_manage_the_nonmedicated_hours/mxdph42/",
      "is_submitter": true,
      "edited": false,
      "stickied": false
    },
    {
      "id": "mxdru0e",
      "author": "Reality_Concentrate",
      "body": "I did start using noise canceling headphones during this time. I just had to. But they weren\u2019t the kind that go completely around your ear, they just go on your ears. Now I use noise cancelling AirPods. If nothing is playing, you can still hear what people are saying, but it reduces the volume significantly. You might want to give it a try.",
      "created_utc": 1749736801.0,
      "score": 2,
      "permalink": "/r/ADHD/comments/1l9m3zj/parents_how_do_you_manage_the_nonmedicated_hours/mxdru0e/",
      "is_submitter": false,
      "edited": false,
      "stickied": false
    },
    {
      "id": "mxdy5jk",
      "author": "amy000206",
      "body": "As an adult with ADHD I can't function without my stims.\n\n Thank you very much for judging me and this child and SOCIETY even all by the measurement of your own unsuccessful go with them. \n\nYou are not this child, this child is not you.",
      "created_utc": 1749738689.0,
      "score": 1,
      "permalink": "/r/ADHD/comments/1l9m3zj/parents_how_do_you_manage_the_nonmedicated_hours/mxdy5jk/",
      "is_submitter": false,
      "edited": false,
      "stickied": false
    }
  ],
  "relevance": {
    "score": 6.5,
    "user_type": "parent",
    "pain_points": [],
    "keywords_found": [
      "screen time",
      "routine",
      "toddler"
    ],
    "sentiment_score": 0.9989,
    "age_relevance": false,
    "urgency_level": "high",
    "competitive_mentions": [],
    "timestamp": "2025-06-12T14:45:33.845487"
  }
}