{
  "subreddit": "socialwork",
  "post": {
    "id": "1l8fzt9",
    "title": "What Do You Wear?",
    "author": "_decomposing",
    "created_utc": 1749604544.0,
    "score": 19,
    "num_comments": 53,
    "url": "https://www.reddit.com/r/socialwork/comments/1l8fzt9/what_do_you_wear/",
    "selftext": "Hello social workers!\n\nI'm entering my last year of undergrad this August and will start my field placement in January. I'm pretty fashionable and enjoy expressing myself through clothing. I'm a very casual dresser typically opting for loose/baggy crops and pants (street style mostly). I know that I definitely won't be able to dress as casual as I do and street style probably wouldn't be professional in any social work setting especially DSS since I have to intern there. I've been searching on Pinterest, TikTok, and YouTube and I can't say that I'm super satisfied with the results. I want to enjoy my job and one of the big reasons I've never thoroughly enjoyed my jobs was because they had a uniform and I didn't feel good in it. A lot of the results showed what I want to call \"Millennial chic\" with the blouse, slacs, and flats. Nothing wrong with it, just not my thing. I like business casual too but sometimes I feel like that's too flashy especially if you're gonna be in the field and I was told by a professor to not wear flashy clothing because it's tone deaf and I also agree. I was wondering what you guys wear, where you shop, and if you can drop some inspo? Thank you \u2764\ufe0f\ud83d\ude4f\ud83c\udffe"
  },
  "comments": [
    {
      "id": "mx4x4wv",
      "author": "redbull_italian_soda",
      "body": "I'm slowly transitioning from a fully WFH admin position back to face-to-face work with clients in outpatient community mental health, and I find myself struggling with this a lot too! It's a fine line to walk between professionalism and not wanting to come across as an out of touch rich person to clients, as well as frumpiness vs. being an easy target for sexual harassment lol\n\nI've been trying to observe what other people wear at my office, and it seems like the only rule is to more or less follow a strict high school dress code (so T-shirts and jeans are fine, but it's good be careful with things like sweatpants, logos, holes, or visible skin). I think I've been getting along ok with sneakers, jeans/wide leg pants/maxi skirts, and T shirts/blouses/cardigans \u2014 somewhere between casual and business casual.\n\nBut yeah anyway, because social work is such a diverse field with so many different kinds of work settings, I think your best bet is gonna be to take the standard new job advice of overdress on day 1, check out what other people are wearing, and then dress down accordingly",
      "created_utc": 1749610808.0,
      "score": 32,
      "permalink": "/r/socialwork/comments/1l8fzt9/what_do_you_wear/mx4x4wv/",
      "is_submitter": false,
      "edited": 1749611562.0,
      "stickied": false
    },
    {
      "id": "mx4wsnu",
      "author": "sighcantthinkofaname",
      "body": "First off, don't go out and buy a whole new wardrobe before you start working. Every company will have it's own rules and culture to it. At my last job jeans and sandals were fine, at my current job they're not allowed at all. When you're interviewing for your internship you can ask what the dresscode is, shop your closet to see what you already have that'll work, and maybe buy a couple of pieces to start. Once you're there for a bit you can decide what you're most comfortable in and what works. \n\nBut to answer your question, I wear modestly cut dresses with fun prints on them. Most of my wardrobe is from the Australian brand Princess Highway. I get a lot of compliments (and one insult from an annoyed woman in our waiting room lol). I would say slacks and a nicer shirt are more common, but I'm more comfortable in dresses.",
      "created_utc": 1749610676.0,
      "score": 26,
      "permalink": "/r/socialwork/comments/1l8fzt9/what_do_you_wear/mx4wsnu/",
      "is_submitter": false,
      "edited": false,
      "stickied": false
    },
    {
      "id": "mx53oo0",
      "author": "Latter-Commission504",
      "body": "I'm masc presenting, I go with jeans or chinos with a flannel or short sleeve button up. I have seen femme folk in similar outfits. My supervisor likes her linen slacks with flowy tops. One of my coworkers is hella nerd core with blouses and sweater vests. \n\nGet an idea of what workplace culture is like and make your style your own.",
      "created_utc": 1749613466.0,
      "score": 16,
      "permalink": "/r/socialwork/comments/1l8fzt9/what_do_you_wear/mx53oo0/",
      "is_submitter": false,
      "edited": false,
      "stickied": false
    },
    {
      "id": "mx51ybb",
      "author": "smellofastonefruit",
      "body": "I do in-home parenting support/counseling. \nI feel like my style is a little on the casual side but I have these old navy pants in 4 colors bc they're easy to make look more professional but aren't slacks. https://oldnavy.gap.com/browse/product.do?pid=745290&vid=1&autosuggest=true&searchText=Pulla&position=0&results=6#pdp-page-content\nThe heels they have in the pic are not social work friendly lol. But I usually wear cream addidas or I have loafers that are sort of platform or doc martin has good inspo for different boot styles.\nFor shirts, I either do a plain uniqlo boxy tshirt or in fall/winter a sweater, plain sweatshirt (I feel like the fit is more important than it specifically being plain but not a hoodie).\nBut seconding the person who said to not get much until you get a vibe for the place and what other people are wearing. Also maybe ask coworkers or if you have an approachable supervisor you can ask them for tips they may have for that setting.",
      "created_utc": 1749612741.0,
      "score": 8,
      "permalink": "/r/socialwork/comments/1l8fzt9/what_do_you_wear/mx51ybb/",
      "is_submitter": false,
      "edited": false,
      "stickied": false
    },
    {
      "id": "mx5bofy",
      "author": "throwawayswstuff",
      "body": "I work in community mental health and wear whatever I want. My coworkers dress casually too and have various styles. Some are really stylish.\n\nI don\u2019t think it\u2019s a bad thing to have a style that stands out. It can help make connections with people.\n\nI\u2019m very sloppy (t-shirt and jeans) but I do wear t-shirts from local businesses or festivals and they\u2019re good conversation starters with clients and collaterals.",
      "created_utc": 1749616998.0,
      "score": 8,
      "permalink": "/r/socialwork/comments/1l8fzt9/what_do_you_wear/mx5bofy/",
      "is_submitter": false,
      "edited": false,
      "stickied": false
    },
    {
      "id": "mx6bn3m",
      "author": "Much-Grapefruit-3613",
      "body": "I you haven\u2019t seen the forever 31 skit on SNL\u2026that. I wear that. Sometimes not always a big ole suit. Sometimes it\u2019s a cardigan. A big ole cardigan. So many cardigans.",
      "created_utc": 1749637199.0,
      "score": 6,
      "permalink": "/r/socialwork/comments/1l8fzt9/what_do_you_wear/mx6bn3m/",
      "is_submitter": false,
      "edited": false,
      "stickied": false
    },
    {
      "id": "mx5c9nx",
      "author": "rainbowMoon96",
      "body": "I\u2019m a social worker who\u2019s out in the community more than the office but my typical \u201cuniform\u201d is black dress pants (express is my favorite) and a basic tee (gap is my favorite for basics) or body suit (naked wardrobe and Abercrombie are my faves) if I\u2019m feeling like trying any harder than that I\u2019ll sometimes put on a nice blouse/ button up (also gap, express for these) with either dress pants or jeans (Abercrombie and American eagle are my favorites for jeans) then depending on the season/ weather you can layer up with a cute Jean jacket or cardigan! A nice looking belt is typically as hard as I go for accessories \ud83d\ude02 I work with individuals who are unhoused so I keep that in mind when planning my outfits ( I don\u2019t look unprofessional but I also don\u2019t really stand out either)",
      "created_utc": 1749617278.0,
      "score": 6,
      "permalink": "/r/socialwork/comments/1l8fzt9/what_do_you_wear/mx5c9nx/",
      "is_submitter": false,
      "edited": false,
      "stickied": false
    },
    {
      "id": "mx69vio",
      "author": "themoirasaurus",
      "body": "We\u2019re given the option to wear either scrubs or business casual to work. I think there are three people out of the entire department who wear business casual and the rest of us all wear scrubs. Including me. I enjoy expressing myself through my clothing outside of work.",
      "created_utc": 1749636255.0,
      "score": 4,
      "permalink": "/r/socialwork/comments/1l8fzt9/what_do_you_wear/mx69vio/",
      "is_submitter": false,
      "edited": false,
      "stickied": false
    },
    {
      "id": "mx4w8jf",
      "author": "TheGesticulator",
      "body": "I work in an LMHA. I tend to stick to jeans and a t-shirt given it's low-income/homeless folks and, like you said, I don't want to appear showy. If I was in a more professional setting like a hospital then I'd bump that up to collared shirts and slacks.",
      "created_utc": 1749610459.0,
      "score": 9,
      "permalink": "/r/socialwork/comments/1l8fzt9/what_do_you_wear/mx4w8jf/",
      "is_submitter": false,
      "edited": false,
      "stickied": false
    },
    {
      "id": "mx57ned",
      "author": "No-Salamander1308",
      "body": "Hi I\u2019m finishing up my first year post grad bsw at a CMH and the dress code there is really casual but I look up teacher outfits to find inspo and work from there. But def wait a few weeks and get the vibe before you go shopping. The Boston soft birks are a STAPLE for me.",
      "created_utc": 1749615157.0,
      "score": 4,
      "permalink": "/r/socialwork/comments/1l8fzt9/what_do_you_wear/mx57ned/",
      "is_submitter": false,
      "edited": false,
      "stickied": false
    },
    {
      "id": "mx5bbck",
      "author": "LurksTongueinAspic",
      "body": "I got placed at an inpatient clinic that\u2019s part of the ED in the small town I grew up in. Very rural, very low income. I have a lot of tattoos and didn\u2019t want to be a distraction. I went to Goodwill and found a bunch of nice clothes for cheap. Pretty much 5 outfits for $50. I get confused for a doctor sometimes, but I joke that they wouldn\u2019t pass up on a $6 Polo shirt either. Just long sleeved button up shirts and khakis, or some jeans that aren\u2019t blue. I haven\u2019t had an issue with rapport since I\u2019m the only social worker that\u2019s a local.",
      "created_utc": 1749616829.0,
      "score": 3,
      "permalink": "/r/socialwork/comments/1l8fzt9/what_do_you_wear/mx5bbck/",
      "is_submitter": false,
      "edited": false,
      "stickied": false
    },
    {
      "id": "mx5cbwh",
      "author": "robotniksotsial",
      "body": "I've only been in community settings but basically I just wear my normal clothes which are basically nicer black jeans and plain t-shirts or sweaters. If I dress up the shoes a little bit it looks a lot more intentional. Sometimes I see support workers etc. come in with clients and they're dressed \"professional\" or \"business casual\" and tbqh it just looks weird and elitist. Like they're trying to distance themselves from clients.\n\nI have avoided workplaces/placements that mandate a \"professional\" dress code because more and more I think it speaks to agency cultures that go against what I believe in practice-wise. And, to the extent that I've since learned what the places I've avoided are like, so far I've been proven right.",
      "created_utc": 1749617307.0,
      "score": 3,
      "permalink": "/r/socialwork/comments/1l8fzt9/what_do_you_wear/mx5cbwh/",
      "is_submitter": false,
      "edited": false,
      "stickied": false
    },
    {
      "id": "mx5hu6q",
      "author": "ozzythegrouch",
      "body": "Scrubs",
      "created_utc": 1749620058.0,
      "score": 3,
      "permalink": "/r/socialwork/comments/1l8fzt9/what_do_you_wear/mx5hu6q/",
      "is_submitter": false,
      "edited": false,
      "stickied": false
    },
    {
      "id": "mx78btd",
      "author": "nudedecendingstairs",
      "body": "One of the biggest compliments I was ever given by a colleague was that I dress \"at the intersection of \"going hiking, the street, and business casual.\" I dress for fashion, comfort, and appropriateness all equally, sometimes a little less of the latter at times, but only with an occasional graphic tee or tank top. I wear a lot of mens wear and thrift constantly. It's taken me some time to find my \"uniform\" (finally making enough money has helped too), but once I figured it out my life has improved dramatically. I worked in fashion before I got my MSW so this shit matters to me, and if you're a style-minded person, you need to feel good to be effective in your role. \n\n  \nHappy to chat more if you want, this is a favorite topic of mine.",
      "created_utc": 1749650145.0,
      "score": 3,
      "permalink": "/r/socialwork/comments/1l8fzt9/what_do_you_wear/mx78btd/",
      "is_submitter": false,
      "edited": false,
      "stickied": false
    },
    {
      "id": "mx7amx1",
      "author": "imsupercereal4swife",
      "body": "I like to play with my clothes and dress however I am feeling for the day. No crops, ripped jeans, or graphic tess, ofc. But otherwise, I dress to be happy and feel like me.",
      "created_utc": 1749650872.0,
      "score": 3,
      "permalink": "/r/socialwork/comments/1l8fzt9/what_do_you_wear/mx7amx1/",
      "is_submitter": false,
      "edited": false,
      "stickied": false
    },
    {
      "id": "mx58lna",
      "author": "AccordingDevice2320",
      "body": "I do a lot of trousers from places like Abercrombie with a simple black body suit and cardigan. I also mix it up with more casual yet professional footwear like Cole hans! Occasionally I wear my converse",
      "created_utc": 1749615579.0,
      "score": 2,
      "permalink": "/r/socialwork/comments/1l8fzt9/what_do_you_wear/mx58lna/",
      "is_submitter": false,
      "edited": false,
      "stickied": false
    },
    {
      "id": "mx5jqeg",
      "author": "MAD534",
      "body": "Youth services, male:\nCourt days: tie and pants with a quarter zip, or a polo and nice chinos. \n\nNon court days with no client meetings: whatever I want, cowboy boots and jeans, crocks and socks, tshirts, anything but shorts. \n\nDays I have to go to clients homes that are damn near a bio hazard: I have two schorts and pants on rotation.",
      "created_utc": 1749621050.0,
      "score": 2,
      "permalink": "/r/socialwork/comments/1l8fzt9/what_do_you_wear/mx5jqeg/",
      "is_submitter": false,
      "edited": false,
      "stickied": false
    },
    {
      "id": "mx641ck",
      "author": "Mirriande",
      "body": "I work in a group private practice. I usually wear jeans or linen pants and a solid color t-shirt with sneakers. Swap out t-shirt for sweater when it's colder. Sometimes I might wear a dress with leggings and sneakers. I've dressed like this at all but two places I've worked in the last 14 years. One place did not allow jeans (I didn't stay there long, to be honest, but not for that reason), the other place I was even more casual, but it was in a day program for adults with developmental disabilities that was focused on expressive arts, so dressing casual was expected because it was messy.\n\nRecently, I've been shopping at Old Navy & Torrid.",
      "created_utc": 1749632852.0,
      "score": 2,
      "permalink": "/r/socialwork/comments/1l8fzt9/what_do_you_wear/mx641ck/",
      "is_submitter": false,
      "edited": false,
      "stickied": false
    },
    {
      "id": "mx6mqdu",
      "author": "Jessisan",
      "body": "I WFH, so I wear sweatpants, tees, sweatshirts. Occasionally, I\u2019ll wear a nice top.",
      "created_utc": 1749642416.0,
      "score": 2,
      "permalink": "/r/socialwork/comments/1l8fzt9/what_do_you_wear/mx6mqdu/",
      "is_submitter": false,
      "edited": false,
      "stickied": false
    },
    {
      "id": "mx6wqok",
      "author": "romanticaro",
      "body": "vintage stuff usually. my internship allowed jeans so often jeans with a blouse.",
      "created_utc": 1749646248.0,
      "score": 2,
      "permalink": "/r/socialwork/comments/1l8fzt9/what_do_you_wear/mx6wqok/",
      "is_submitter": false,
      "edited": false,
      "stickied": false
    },
    {
      "id": "mx8u4b5",
      "author": "Tertiary-Rhubarb",
      "body": "Wha do you mean by \u201cflashy\u201d? Would I suggest wearing a coloured faux fur coat and red leather knee high boots? No. But colour and personality are not a bad thing. \n\nI\u2019ve worked in social services my entire adult life(barring one year of university where I was in customer service)\u2014both as a social working person and a registered Social Worker\u2014and the ONLY fashion note I have ever gotten from clients has been that they liked that I didn\u2019t look like a social worker \ud83d\ude05. Which to them meant, I had tattoos and a nose ring and did look like I worked in business. I just wear my regular clothes with a few professional considerations (like no midriff, no mini skirts, no deep plunges, and sensible shoes so I can actually go out and do stuff with people). I like unique pieces and bright colours and a lot of print. It has never been an issue with any work place and all of the people I have worked for have also been stylish or even kind of wild dressers (one manager I worked for and adored only wore black and mainly work oversized men\u2019s t-shirts in varying states of hole-iness). \n\nI also own a lot of crop tops and I wear them to work, I just wear high waisted pants or skirts or layer them (a cropped cardigan over a longer shirt tucked in or over a dress). I also wear skirts without stockings and I don\u2019t have a no-cleavage rule, because realistically\u2026 I\u2019m a person with boobs, people already know that. Some workplaces have actual dress codes and if that is the case, just find ways to make your wardrobe work! Like I mentioned, crops can be full coverage with higher bottoms. Wider bottoms can be elevated by fitted tops and a professional low heel. If you need to be business casual, invest in some blazers or jackets that match your style but add some structure. \n\nEssentially, I have found that 1) social work spaces, especially community social work, recognize that clients want to work with normal people not business/government robots and 2) that if you feel stuffy and unnatural and uncomfortable clients are going to 100% pick up on that and feel uncomfortable too.",
      "created_utc": 1749666703.0,
      "score": 2,
      "permalink": "/r/socialwork/comments/1l8fzt9/what_do_you_wear/mx8u4b5/",
      "is_submitter": false,
      "edited": false,
      "stickied": false
    },
    {
      "id": "mx5f8bp",
      "author": "Professional-Tooth45",
      "body": "Forensic therapist here. i work at multiple locations for my job, including the county jail, probation, treatment court, & CMH doing individual & group therapy. I specialize in treating sex offenders, so I tend to dress more on the conservative side. My office dress code is \u2018business casual\u2018, so Monday thru Thursday I wear dress pants & a top & on Fridays we are allowed to wear jeans & a nice top as long as they\u2019re a darker wash & there\u2019s no distressing. I get pretty much all my clothes from Torrid. The fit of my clothes tends to be a little loose, as to not garner unwanted attention.",
      "created_utc": 1749618722.0,
      "score": 1,
      "permalink": "/r/socialwork/comments/1l8fzt9/what_do_you_wear/mx5f8bp/",
      "is_submitter": false,
      "edited": false,
      "stickied": false
    },
    {
      "id": "mx5h8da",
      "author": "Beautiful_Memz",
      "body": "I'm not working directly with clients right now but I wear business casual which is pretty standard at my office. We've been told we can't be too casual - e.g. gym or sports wear which most people understand. In general I don't focus on what peole will think of me if I wear X, I focus on what feels good and comfortable for the activities that day.",
      "created_utc": 1749619742.0,
      "score": 1,
      "permalink": "/r/socialwork/comments/1l8fzt9/what_do_you_wear/mx5h8da/",
      "is_submitter": false,
      "edited": false,
      "stickied": false
    },
    {
      "id": "mx5tsha",
      "author": "misspiggie",
      "body": "The easiest thing to do is to wear dresses. Add leggings in the colder months and a neutral cardigan to layer over shorter sleeves. Buy one pair of decent work shoes with a low heel (I like Clarks) and leave them at work -- commute in sneakers. Better for your feet and prolongs the life of the work shoes. \n\n\nA couple times per year I'll check out the sale section on Asos.com and buy 5-7 dresses, especially sweater dresses, that are on sale for $30 or less each. I love the quality and how comfortable the soft fabrics can be. Avoid polyester. You can buy a pack of leggings in various neutral colors on Amazon.",
      "created_utc": 1749626646.0,
      "score": 1,
      "permalink": "/r/socialwork/comments/1l8fzt9/what_do_you_wear/mx5tsha/",
      "is_submitter": false,
      "edited": false,
      "stickied": false
    },
    {
      "id": "mx6d34h",
      "author": "RepulsivePower4415",
      "body": "Look at what others are wearing. When I was working in NYC area I always dressed up now where I am in rural Pa it\u2019s much more laid back and I like it that way.",
      "created_utc": 1749637966.0,
      "score": 1,
      "permalink": "/r/socialwork/comments/1l8fzt9/what_do_you_wear/mx6d34h/",
      "is_submitter": false,
      "edited": false,
      "stickied": false
    },
    {
      "id": "mx6p0uw",
      "author": "JoyfulWorldofWork",
      "body": "Scrubs or business casual pants with crew neck tee and sneakers or danskos",
      "created_utc": 1749643349.0,
      "score": 1,
      "permalink": "/r/socialwork/comments/1l8fzt9/what_do_you_wear/mx6p0uw/",
      "is_submitter": false,
      "edited": false,
      "stickied": false
    },
    {
      "id": "mx6ye8x",
      "author": "Fickle_Remove_1188",
      "body": "I just got out of the military a few years ago and had this same struggle because I was used to a uniform. I didn\u2019t even have my own style let alone something professional. During my internship I got a lot of inspiration from my supervisor(s) and I found that I really love wearing dresses with either a blazer or sweater and I have a ton of different styles to mix and match. Check Amazon for \u201coffice dresses\u201d and see if any appeal to you. I like the 3/4 length blazers too (I\u2019m a millennial).",
      "created_utc": 1749646827.0,
      "score": 1,
      "permalink": "/r/socialwork/comments/1l8fzt9/what_do_you_wear/mx6ye8x/",
      "is_submitter": false,
      "edited": false,
      "stickied": false
    },
    {
      "id": "mx73lc2",
      "author": "cYaNiFiCaTiOn-NaTiOn",
      "body": "Scrubs or business casual (slacks, wide leg pants, skirts, blouses, cardigans, etc.)",
      "created_utc": 1749648599.0,
      "score": 1,
      "permalink": "/r/socialwork/comments/1l8fzt9/what_do_you_wear/mx73lc2/",
      "is_submitter": false,
      "edited": false,
      "stickied": false
    },
    {
      "id": "mx774e6",
      "author": "pewjot_",
      "body": "If it\u2019s affordable for you, I have a nuuly subscription and that\u2019s been a fun way to try out new work clothes. I lean fun/casual but modest with my work wardrobe. I observe middle school rules (dresses have to be finger tip length, no spaghetti straps etc) plus some other personal rules like being able to bend over/squat.\n\nLike everyone is saying though, your placement will have a dress code. My interns are basically told no crop tops and if you wear t shirts, just make sure they\u2019re clean and have no holes. However my field experience was at a juvenile court and I was only allowed to wear jeans on fridays. The fanciest I have ever dressed as a social worker was at the juvenile court.",
      "created_utc": 1749649762.0,
      "score": 1,
      "permalink": "/r/socialwork/comments/1l8fzt9/what_do_you_wear/mx774e6/",
      "is_submitter": false,
      "edited": false,
      "stickied": false
    },
    {
      "id": "mx7jn15",
      "author": "Rare_Discussion7290",
      "body": "I\u2019ve been working for a few years and have found that the easiest thing to wear is comfortable black or grey pants or clean jeans without holes with either a button up or plain crew neck sweatshirt. I pair it with clean sneakers or boots. Add some personal touch with a patterned shirt or fun earrings. \n\nI also have tattoos and although this is accepted in some settings these days, I have found that I am more comfortable with them covered to avoid questions or comments. \n\nI live somewhere where it gets hot in the summer, so I have some linen pants and button ups. \n\nYou\u2019ll figure out what works for you over time. I would also suggest preparing an outfit or two and not buying too much before you see what others at your agency wear. It will be different everywhere.",
      "created_utc": 1749653537.0,
      "score": 1,
      "permalink": "/r/socialwork/comments/1l8fzt9/what_do_you_wear/mx7jn15/",
      "is_submitter": false,
      "edited": false,
      "stickied": false
    },
    {
      "id": "mx7ora0",
      "author": "_-Jinxy-_",
      "body": "I\u2019ve seen social workers wear leggings and sweaters everyday and I\u2019ve seen social workers wear aritzia everyday. What I see mostly (young millennial/gen z) is a pair of nice jeans (no fray/rips) and a comfortable sweater/cardigan or T-shirt/light jacket combo. I don\u2019t see a lot of dresses/skirts and definetly no crop tops. \nOver all It\u2019s important to be aware of what message the clothes you wear sends and tailor it to the kind of social work you\u2019re practicing. If you\u2019re always in an office then maybe stick with more of a millennial chic vibe (if that\u2019s what you want). But if you\u2019re frontline social worker then I would go less in the \u2018professional\u2019 direction. If you\u2019re out in community with someone you are supporting and your clothes clearly state the \u201cprofessional\u201d and the \u201cclient\u201d, then you are likely exposing hierarchal power relations. \nLike I said, it depends what area of social work you want to be in\u2026 but the frontline workers I\u2019ve seen typically have a more casual to even street wear vibe so that bypasses can\u2019t immediately tell what the context of your interactions are. \nAt the end of the day, personal style is usually welcomed in these spaces but it\u2019s a good idea to start casual, then take in the atmosphere and adjust accordingly as you get more comfortable.",
      "created_utc": 1749655010.0,
      "score": 1,
      "permalink": "/r/socialwork/comments/1l8fzt9/what_do_you_wear/mx7ora0/",
      "is_submitter": false,
      "edited": false,
      "stickied": false
    },
    {
      "id": "mx8jow3",
      "author": "BringMeInfo",
      "body": "It\u2019s going to vary so much by setting. There absolutely are places where very casual garb is appropriate (e.g., I was working with unhoused substance users and the dress code was basically \u201cclean and casual.\u201d As a man, that meant jeans and a t-shirt usually, maybe a hoodie in the winter, and I fit right in.",
      "created_utc": 1749663765.0,
      "score": 1,
      "permalink": "/r/socialwork/comments/1l8fzt9/what_do_you_wear/mx8jow3/",
      "is_submitter": false,
      "edited": false,
      "stickied": false
    },
    {
      "id": "mx9k48h",
      "author": "TheUnimportant",
      "body": "I think it depends on your placement. I work for a community mental health org, and I\u2019m always in the field, so I tend to wear dark jean/comfy black pants (NOT leggings), and either plain t shirts or team shirts. Most importantly, I wear comfy sneakers. But when I worked and did my field placement in hospitals, I was expected to dress in business casual. \n\nI would reach out to your field supervisor and ask the dress code. If all else fails, you can\u2019t go wrong with slacks, button down, and a casual blazer that you can take off. As an intern, you really want to impress your supervisors!",
      "created_utc": 1749674257.0,
      "score": 1,
      "permalink": "/r/socialwork/comments/1l8fzt9/what_do_you_wear/mx9k48h/",
      "is_submitter": false,
      "edited": false,
      "stickied": false
    },
    {
      "id": "mx9plcm",
      "author": "BeautifulNTough",
      "body": "On days I\u2019m not out in the community, or my private life, I wear whatever I want! I also like to express myself. \n\nWhen I\u2019m in the community, though, I\u2019m definitely wearing an agency t-shirt and a nice, clean, basic pair of jeans. Jeans that aren\u2019t tight, but aren\u2019t frumpy. Clean white tennis shoes. No brand names. I bring out the silicone wedding ring and put my actual ring set away. \n\nI\u2019ve felt safe this way. I have some coworkers who were just starting and have gone out in tight clothes. They quickly end up back in more casual clothing. \n\nOf course, every situation is different. I know I am going into people\u2019s homes and meeting with their families face to face. Many of them take pride in themselves. Some of them are going through a very hard time. The last thing I want to do is go into someone\u2019s home dressed as if I think I\u2019m \u201cbetter than them.\u201d \n\nI think clean, self-respectable, down to earth. \n\nPS- I\u2019ve had to wear shoe protectors quite a few times due to bedbug scares. My work clothes are strictly my work clothes. I don\u2019t wear them outside the community.",
      "created_utc": 1749675853.0,
      "score": 1,
      "permalink": "/r/socialwork/comments/1l8fzt9/what_do_you_wear/mx9plcm/",
      "is_submitter": false,
      "edited": false,
      "stickied": false
    },
    {
      "id": "mx9vq1q",
      "author": "shannonkish",
      "body": "Professional dress. Business Casual at a minimum.",
      "created_utc": 1749677704.0,
      "score": 1,
      "permalink": "/r/socialwork/comments/1l8fzt9/what_do_you_wear/mx9vq1q/",
      "is_submitter": false,
      "edited": false,
      "stickied": false
    },
    {
      "id": "mx9x5qy",
      "author": "crashybrown",
      "body": "Well this may not be as helpful as I'm a man so styling choices vary a bit there, but here goes nothing. I work in community mental health, have for 5 years now and I dress sometimes in a suit and tie, other times with a sport coat and dress trousers, sometimes in a button up shirt and dress trousers, all the way down to a polo and jeans with quality casual leather dress shoes. Depends on the time of year and how my physical health is that day ( i suffer from chronic back and neck pain so I'm more casual these days). I've had many compliments on my appearance from clients and usually get more respect by wearing professional attire, now that said, your personality, manners and people skills will go way further than how you dress! \n\nOverall, dress to show respect for your clients/patients and others in general. You're going to be in a professional role, make sure to look like it. Also, if you're new to the field and agency, others may take poorly to you if you dress very busisness like. Co-workers I mean, I've been many places to work at this time and I've been considered arrogant but people who don't really know me. Those who do, which is a good number of my old coworkers who I regularly keep in touch with, know me as a quiet and polite person most of the time, though I can be bitey if something is really rubbing me the wrong way. I'm human afterall. Your appearance can help you, and hurt you, it comes down to the perception of person seeing you. Dress as nicely as you can day one, then keep your head on a swivel for what your co-workers dress like and go with the formality they set, and maybe a tad higher if you have the confidence for it. You'll figure out what works for you personally over time. We have some interns and another new hire where I am, I pay attention to how people dress themselves and their appearance, and I notice some are comfortable in their skin as they usually dress consistently in fitting clothes for them, one gal clearly is trying to be more formal and clearly looks like she she's trying but is unsure how to put it all together. The ones who are comfortable in their appearance show that in their words and body language, the other is anxious and trying to find her place in things. So also do what you feel comfortable in too, don't try to wear a costume of someone you're not. \n\nBest of luck to you!",
      "created_utc": 1749678148.0,
      "score": 1,
      "permalink": "/r/socialwork/comments/1l8fzt9/what_do_you_wear/mx9x5qy/",
      "is_submitter": false,
      "edited": false,
      "stickied": false
    },
    {
      "id": "mxa964w",
      "author": "Moobeam_915",
      "body": "I love clothes as well\u2026 for work I normally wear dressy wide leg pants and a fun shirt  like a floral blouse with interesting construction\u2026 I don\u2019t think causal would fly at most places. I wear heels etc and even though I\u2019m in my 30s I feel like it\u2019s not \u201cmillennial chic\u201d but maybe who knows   I also wear sneakers sometimes but only if they are kind of dressy looking  I def wear tops that I would wear in my regular life though to work  I just don\u2019t show much skin etc as I have a lot of tattoos and also work with a very specific population",
      "created_utc": 1749682048.0,
      "score": 1,
      "permalink": "/r/socialwork/comments/1l8fzt9/what_do_you_wear/mxa964w/",
      "is_submitter": false,
      "edited": false,
      "stickied": false
    },
    {
      "id": "mxamjkd",
      "author": "Agreeable_Package880",
      "body": "When I did practicum and then transitioned to working full time in a hospital, Uniqlo, everlane, and gap helped me. They are mostly \u201cmillennial chic\u201d as you describe, but very comfortable, fashionable, and still professional.\u00a0",
      "created_utc": 1749686575.0,
      "score": 1,
      "permalink": "/r/socialwork/comments/1l8fzt9/what_do_you_wear/mxamjkd/",
      "is_submitter": false,
      "edited": false,
      "stickied": false
    },
    {
      "id": "mxassts",
      "author": "mkkferal",
      "body": "hi! i work in a govt social work field position and tbh i was soo scared of dressing wrong but tbh literally no one seems to care how anyone else dresses lol, i was told business casual and the advice that the best way to get that is one business article and one casual article, so like a tshirt w slacks or a button down w jeans,, those kinds of outfits are typically what i wear for home visits but ive seen people come in wearing sweats, leggings, hoodies, suuuuper casual. it helps that for court in my state a lot of the judges are okay with zoom so as long as we\u2019re somewhat presentable from the chest up its fine\n\ni recommend loose corduroys in general, they can be dressed up or down super easy! i got some from old navy and they\u2019re super comfy\n\ni will say tho if your position requires you to go to court in person get at least one nice outfit (like slacks and a blazer), and then you can mix and match those with what you already have,, court requirements may be different from state to state tho so idk\n\nold navy is my go to for pants bc they have more casual looking slacks and jeans that don\u2019t have rips",
      "created_utc": 1749688843.0,
      "score": 1,
      "permalink": "/r/socialwork/comments/1l8fzt9/what_do_you_wear/mxassts/",
      "is_submitter": false,
      "edited": false,
      "stickied": false
    },
    {
      "id": "mxbbq88",
      "author": "enter_sandman22",
      "body": "I went from business casual (slacks and a polo) to scrub pants and athletic shirts. I work in a rehab hospital, so it\u2019s easier to have things I can wash on hot to disinfect, as I do have isolation cases. I love working in the medical field so I can dress comfy. Do dress more business casual some days if I feel like it",
      "created_utc": 1749695648.0,
      "score": 1,
      "permalink": "/r/socialwork/comments/1l8fzt9/what_do_you_wear/mxbbq88/",
      "is_submitter": false,
      "edited": false,
      "stickied": false
    },
    {
      "id": "mxbqrg5",
      "author": "midwest_monster",
      "body": "I\u2019m confused by business casual being \u201cflashy\u201d? All business casual means to me (as a woman, at least) is no jeans, no graphic tees, no visible midriff, no spaghetti straps. \n\nI work in a hospital and we are required to wear business casual with closed-toed shoes for safety reasons, and we\u2019re on our feet a lot, so I\u2019m usually wearing a fitted tee tucked into wide-leg slacks with sneakers. Personally I wear a lot of black because it matches my soul but a lot of my colleagues wear colorful outfits, leopard print, etc. I have several pairs of slacks from Uniqlo and they\u2019re really comfortable and versatile, and I personally like Chuck Taylors and Golas but unless you\u2019re in a law office or something, any sneakers that are clean and neat are going to be fine. \n\nI think that what your professor meant by \u201cflashy\u201d was like, not wearing massive diamonds and carrying a Louis Vuitton bag to a home visit. We are still allowed to dress nicely and professionally, and we\u2019re still allowed to express our personalities.",
      "created_utc": 1749701639.0,
      "score": 1,
      "permalink": "/r/socialwork/comments/1l8fzt9/what_do_you_wear/mxbqrg5/",
      "is_submitter": false,
      "edited": false,
      "stickied": false
    },
    {
      "id": "mxcccm3",
      "author": "Practical_Emu4260",
      "body": "As others have said, dress code could run the gamut. This\u2019ll be a great question for your field supervisor. I did my internship in residential recovery where, if our clients did not come to us directly from jail/prison, they came to us from homelessness. There was already such an \u201cus/them\u201d dynamic that we dressed casually to try and bridge that gap as much as we could. My clients were fascinated by my collection of Vans and Hey Dudes. (I DID dress up once bc I had somewhere to go after I finished my shift and one of the residents whistled and said, \u201cDaaaaaamn girl! You look like you got a court date!\u201d To this day, that\u2019s still one of my favorite compliments of all time! \ud83d\ude02)\nNow I work in a rather upscale private practice. I wear jeans with a nicer top (\u201cblouse\u201d). My shoes rotate between my nicer Hey Dudes, Toms, ballet flats and now that it\u2019s warmer, sandals.  \nIt\u2019s really all going to depend on the agency you are assigned to. I wouldn\u2019t even worry about it at this point!",
      "created_utc": 1749712949.0,
      "score": 1,
      "permalink": "/r/socialwork/comments/1l8fzt9/what_do_you_wear/mxcccm3/",
      "is_submitter": false,
      "edited": false,
      "stickied": false
    },
    {
      "id": "mxcfr6v",
      "author": "TushMcKush",
      "body": "One of my coworkers is super fashionable and wears a lot of street wear with an office twist. Adding a rolled up blazer or heels or nice understated jewelry. You got this",
      "created_utc": 1749715043.0,
      "score": 1,
      "permalink": "/r/socialwork/comments/1l8fzt9/what_do_you_wear/mxcfr6v/",
      "is_submitter": false,
      "edited": false,
      "stickied": false
    },
    {
      "id": "mxd65lg",
      "author": "Big-Red09",
      "body": "I recommend checking out Liz Becroft\u2019s IG. She\u2019s a social worker who is now in her own PP, but she used to work for some kind of office in NYC (not sure if it was DSS or not). She has a street style, too. Some of her older posts have some inspo on how to make street style more professional. I remember one post from several years ago where she wore an oversized pink suit (matching pants and blazer) in a bubblegum pink with white sneakers. For her workplace, that was HR approved. \n\nhttps://www.instagram.com/lizbcroft?igsh=Y2VheHMzemZuYjl0",
      "created_utc": 1749729147.0,
      "score": 1,
      "permalink": "/r/socialwork/comments/1l8fzt9/what_do_you_wear/mxd65lg/",
      "is_submitter": false,
      "edited": false,
      "stickied": false
    },
    {
      "id": "mx542rl",
      "author": "Shon_t",
      "body": "Working for my current employer I\u2019ve literally worn everything from athletic shorts or  PJs to a full-blown hazmat suit, and everything inbetween. \n\nWorking from home I typically wore athletic shorts and flip flops. I once did a TV interview with a suit jacket, shirt and tie on top, and athletic shorts and flip flops below the waistline and off camera. \n\nI\u2019ve worn a full suit when going to court, doing an in studio TV or radio interview, or when meeting with Congressional officials, etc. I\u2019ve wore a \u201cHospital Emergency Response\u201d uniform when responding to the site of a major emergency. I\u2019ve dressed up casually in jeans when working with our homeless community. My typical office wear, is a nice polo shirt, button up shirt and slacks. And yes, I was on the hospital\u2019s hazmat response team too, so we trained regularly, and I had a full hazmat suit assigned to me. I\u2019ve also used the full-body PPE, when working with certain clients in sensitive situations. Ironically, I\u2019ve never had to wear scrubs, but I would do that too if needed. \n\nI\u2019m not there to make a fashion statement or \u201cexpress myself through clothing.\u201d I\u2019m representing my employer, and often the clothing I\u2019m wearing is the most functional and respectful for the occasion, for the clients I am working with, etc.  \n\nA homeless encampment is not the right occasion for a suit and tie. A judge might hold me \u201cin contempt\u201dif I showed up to their court in athletic shorts and flip flops.",
      "created_utc": 1749613628.0,
      "score": 0,
      "permalink": "/r/socialwork/comments/1l8fzt9/what_do_you_wear/mx542rl/",
      "is_submitter": false,
      "edited": false,
      "stickied": false
    },
    {
      "id": "mx5yym4",
      "author": "Complex_River",
      "body": "Ha! My daily uniform is a  modest cut dress in jersey fabric with a print on it.",
      "created_utc": 1749629747.0,
      "score": 5,
      "permalink": "/r/socialwork/comments/1l8fzt9/what_do_you_wear/mx5yym4/",
      "is_submitter": false,
      "edited": false,
      "stickied": false
    },
    {
      "id": "mxajwno",
      "author": "ceardannan",
      "body": "I work in a QRTP (which was also my field placement) and one of the reasons I\u2019m happy here is because I\u2019m allowed to have visible tattoos, blue hair and rock my jeans and graphic tees.",
      "created_utc": 1749685649.0,
      "score": 2,
      "permalink": "/r/socialwork/comments/1l8fzt9/what_do_you_wear/mxajwno/",
      "is_submitter": false,
      "edited": false,
      "stickied": false
    },
    {
      "id": "mx7e975",
      "author": "Stevie-Rae-5",
      "body": "OP will be issued their four regulation cardigans upon graduation.",
      "created_utc": 1749651967.0,
      "score": 5,
      "permalink": "/r/socialwork/comments/1l8fzt9/what_do_you_wear/mx7e975/",
      "is_submitter": false,
      "edited": false,
      "stickied": false
    },
    {
      "id": "mx7e4ul",
      "author": "Stevie-Rae-5",
      "body": "I love both Old Navy and American Eagle khakis, both skinny and boot cut. A top and a cardigan (usually even during the summer\u2014I have lightweight ones) and flats/booties/boots and I\u2019m done.",
      "created_utc": 1749651930.0,
      "score": 2,
      "permalink": "/r/socialwork/comments/1l8fzt9/what_do_you_wear/mx7e4ul/",
      "is_submitter": false,
      "edited": false,
      "stickied": false
    },
    {
      "id": "mxd702d",
      "author": "Big-Red09",
      "body": "What are schorts?",
      "created_utc": 1749729489.0,
      "score": 1,
      "permalink": "/r/socialwork/comments/1l8fzt9/what_do_you_wear/mxd702d/",
      "is_submitter": false,
      "edited": false,
      "stickied": false
    },
    {
      "id": "mx7ef07",
      "author": "rainbowMoon96",
      "body": "Yes love old navy too!!",
      "created_utc": 1749652015.0,
      "score": 2,
      "permalink": "/r/socialwork/comments/1l8fzt9/what_do_you_wear/mx7ef07/",
      "is_submitter": false,
      "edited": false,
      "stickied": false
    },
    {
      "id": "mx7f8d8",
      "author": "rainbowMoon96",
      "body": "If I\u2019m feeling super crazy I have two pairs of plaid pants as well lmao but literally I have three pairs of black trousers and two \u201cfun\u201d pairs of plaid pants that I pair with a basic t shirt or sweater depending on the weather. That\u2019s my rotation for work clothes \ud83d\ude02",
      "created_utc": 1749652255.0,
      "score": 2,
      "permalink": "/r/socialwork/comments/1l8fzt9/what_do_you_wear/mx7f8d8/",
      "is_submitter": false,
      "edited": false,
      "stickied": false
    },
    {
      "id": "mxdj2eg",
      "author": "MAD534",
      "body": "It was supposed to be shirts/sweatshirts. Seriously they are damn near rags.",
      "created_utc": 1749733940.0,
      "score": 2,
      "permalink": "/r/socialwork/comments/1l8fzt9/what_do_you_wear/mxdj2eg/",
      "is_submitter": false,
      "edited": false,
      "stickied": false
    }
  ],
  "relevance": {
    "score": 6.5,
    "user_type": "therapist",
    "pain_points": [
      "i was wondering what you guys wear, where you shop, and if you can drop some inspo? thank you \u2764\ufe0f\ud83d\ude4f\ud83c\udffe i'm slowly transitioning from a fully wfh admin position back to face-to-face work with clients in outpatient community mental health, and i find myself struggling with this a lot too! it's a fine line to walk between professionalism and not wanting to come across as an out of touch rich person to clients, as well as frumpiness vs"
    ],
    "keywords_found": [
      "transition"
    ],
    "sentiment_score": 0.9999,
    "age_relevance": false,
    "urgency_level": "high",
    "competitive_mentions": [],
    "timestamp": "2025-06-12T15:10:26.597257"
  }
}