{
  "subreddit": "education",
  "post": {
    "id": "1l3bghd",
    "title": "Which social sciences degrees are the best?",
    "author": "Lau_cnn",
    "created_utc": 1749057803.0,
    "score": 1,
    "num_comments": 3,
    "url": "https://www.reddit.com/r/education/comments/1l3bghd/which_social_sciences_degrees_are_the_best/",
    "selftext": "Hi everyone!\n\nSo I graduate from my social sciences program this year and I am wondering which degree to pursue after, since this diploma is useless without further education. I am interested in a lot of things, from languages, linguistics and teaching to anything related to tourism and travel. Communications, marketing, films and literature also seem like things I could see myself working with for the rest of my life. I went into social sciences since I was interested in everything and didn\u2019t want to choose yet. I am looking for a degree with good career prospects, job safety and an at least decent salary. Every degree seems to have some pros and some cons, but none of them are a perfect match for what I am looking for. Every social sciences industry seems to be in difficulty, and having a hard time to find a job is a problem for many. However, that is what I am interested in and what I see myself doing in the future. I also live in Canada, I don\u2019t know if that changes anything. Any advice form people in my situation, or from anybody that can help would be greatly appreciated. Thank you!\n\nEDIT: I forgot to add that I don\u2019t mind doing a master if it is in something I am really interested in or if it will help my built a career."
  },
  "comments": [
    {
      "id": "mvzneke",
      "author": "Alert-Purple-228",
      "body": "History sounds like something you would like imo. It covers all your interests. It\u2019s a pretty versatile degree and it\u2019s not completely useless. However, it doesn\u2019t provide a hard skill other than becoming an excellent reader/writer and developing good critical thinking and comprehension.",
      "created_utc": 1749059232.0,
      "score": 2,
      "permalink": "/r/education/comments/1l3bghd/which_social_sciences_degrees_are_the_best/mvzneke/",
      "is_submitter": false,
      "edited": false,
      "stickied": false
    },
    {
      "id": "mvzswig",
      "author": "historyerin",
      "body": "For anyone in social sciences, I would suggest honing quantitative research and data analysis skills. That\u2019s where a lot of interest is right now. Folks in political science, psychology, and sociology are particularly well-suited for obtaining these skills.",
      "created_utc": 1749060766.0,
      "score": 2,
      "permalink": "/r/education/comments/1l3bghd/which_social_sciences_degrees_are_the_best/mvzswig/",
      "is_submitter": false,
      "edited": false,
      "stickied": false
    },
    {
      "id": "mw0vszk",
      "author": "Courtside7485",
      "body": "try a teaching degree/education degree or law degree",
      "created_utc": 1749071893.0,
      "score": 1,
      "permalink": "/r/education/comments/1l3bghd/which_social_sciences_degrees_are_the_best/mw0vszk/",
      "is_submitter": false,
      "edited": false,
      "stickied": false
    }
  ],
  "relevance": {
    "score": 6,
    "user_type": "other",
    "pain_points": [
      "i am looking for a degree with good career prospects, job safety and an at least decent salary",
      "every degree seems to have some pros and some cons, but none of them are a perfect match for what i am looking for",
      "every social sciences industry seems to be in difficulty, and having a hard time to find a job is a problem for many"
    ],
    "keywords_found": [],
    "sentiment_score": 0.9937,
    "age_relevance": false,
    "urgency_level": "low",
    "competitive_mentions": [],
    "timestamp": "2025-06-12T14:52:26.677282"
  }
}