{
  "subreddit": "autism",
  "post": {
    "id": "1l9m1ka",
    "title": "I have a question for the autistics",
    "author": "GreedyGiraffe15",
    "created_utc": 1749733703.0,
    "score": 5,
    "num_comments": 24,
    "url": "https://www.reddit.com/r/autism/comments/1l9m1ka/i_have_a_question_for_the_autistics/",
    "selftext": "Does anyone else have what I (23m ASD diagnosed 7 years ago) like to consider superpowers? By this I mean I have an enhanced tolerance to heat (I can handle/hold hot things without realising it is hot). I also have a high endurance physically despite not being very fit or active. I am far stronger than I look once again without being active. I have a relatively high pain threshold (though I'm unsure if this is because of my autism). I have a high tolerance to alcohol, elicit or controlled substances, and it took a lot for me to be sedated by general anaesthetic. I have a great memory (especially for numbers and minor details, though I struggle with remembering names/ faces). I have a mental switch that allows me to choose whether or not to feel emotions. I have more but I'm sure you've likely gotten what I mean. Thanks in advance."
  },
  "comments": [
    {
      "id": "mxdidd4",
      "author": "AutoModerator",
      "body": "Hey /u/GreedyGiraffe15, thank you for your post at /r/autism. Our rules can be found **[here](https://www.reddit.com/r/autism/wiki/index/rules-and-guidelines)**. All approved posts get this message. \n\n\nThanks!        \n\n\n*I am a bot, and this action was performed automatically. Please [contact the moderators of this subreddit](/message/compose/?to=/r/autism) if you have any questions or concerns.*",
      "created_utc": 1749733704.0,
      "score": 1,
      "permalink": "/r/autism/comments/1l9m1ka/i_have_a_question_for_the_autistics/mxdidd4/",
      "is_submitter": false,
      "edited": false,
      "stickied": true
    },
    {
      "id": "mxdjkbe",
      "author": "JohnyGuitar_Official",
      "body": "Sometimes I see a post like this and it really cements that whole \"spectrum\" thing because I'm the polar opposite with respect to most of these traits \ud83d\udc80",
      "created_utc": 1749734109.0,
      "score": 1,
      "permalink": "/r/autism/comments/1l9m1ka/i_have_a_question_for_the_autistics/mxdjkbe/",
      "is_submitter": false,
      "edited": false,
      "stickied": false
    },
    {
      "id": "mxdmeqv",
      "author": "Cautistralligraphy",
      "body": "Illicit*, elicit means something like \u201cto bring about/evoke.\u201d  My superpower is being annoying.",
      "created_utc": 1749735062.0,
      "score": 1,
      "permalink": "/r/autism/comments/1l9m1ka/i_have_a_question_for_the_autistics/mxdmeqv/",
      "is_submitter": false,
      "edited": false,
      "stickied": false
    },
    {
      "id": "mxdk5vt",
      "author": "squishyploosh",
      "body": "I have a high tolerance for heat but pain and anesthesia is a different story. But I read that it's a ginger thing (the pain and anesthesia)",
      "created_utc": 1749734312.0,
      "score": 1,
      "permalink": "/r/autism/comments/1l9m1ka/i_have_a_question_for_the_autistics/mxdk5vt/",
      "is_submitter": false,
      "edited": false,
      "stickied": false
    },
    {
      "id": "mxdkxnr",
      "author": "ad-lib1994",
      "body": "There are several brands of autism and we got different brands. Temperature sensitive, tipsy after a singular white claw, this really do be a whole spectrum",
      "created_utc": 1749734570.0,
      "score": 1,
      "permalink": "/r/autism/comments/1l9m1ka/i_have_a_question_for_the_autistics/mxdkxnr/",
      "is_submitter": false,
      "edited": false,
      "stickied": false
    },
    {
      "id": "mxdnvye",
      "author": "Christsolider101",
      "body": "I\u2019ve been often told since childhood that I\u2019m strong because I don\u2019t react or respond to pain easily but it\u2019s me due to not easily recognising when hurt or injured. Hyposensitivity is what it is.\n\nIt\u2019s not like autistic people have superhuman resistance or durability to pain or something. It\u2019s just the way their rains work.",
      "created_utc": 1749735554.0,
      "score": 1,
      "permalink": "/r/autism/comments/1l9m1ka/i_have_a_question_for_the_autistics/mxdnvye/",
      "is_submitter": false,
      "edited": false,
      "stickied": false
    },
    {
      "id": "mxdrm01",
      "author": "DisneyKP96",
      "body": "I sorta relate to some of this, but also no\n\nLike, I have had people shocked by my strength, I used to be a dog walker and once had like 15-20 dogs, most large-medium, pulling me on leashes without budging an inch, while visually I just looked skinny. I have a sorta high pain tolerance in ways I guess. I only have drank alcohol twice in my life and I remember not really feeling affected by it at all. Also, due to having to mask a ton of things, it's second nature to me so I can hide emotions/thoughts when necessary. I guess another one, I've always been good at being me and presenting how I want, and never feeling pressured by societal views and standards, or people trying to change me. Dunno if this counts, but I've also never gotten into pitfalls like drugs, alcohol, or smoking, from just being so self aware and paranoid about them\n\nHowever, my memory is atrocious, I deal with a ton of mental and physical health issues that limit my activity, I get overwhelmed/stressed easily, I can't handle noise, super sensitive to basically every sense/texture. My life is incredibly uncertain right now due to complications with working yet most likely losing government support, I can't handle living with other people (I can barely handle having neighbours), and I do have strict rules/procedures and when those are broken or plans change, I struggle immensely. I can be a bit reckless (especially financially), not the best emotional control, not the best communicator, not the best socially, and sometimes hobbies become all consuming\n\nI should say, I'm 29 and undiagnosed, but finally on the waiting list. And yeah, while I guess I have some benefits, there are definite down sides too. And yeah, people always speak about those autism specialties, like a great memory, great at maths, engineers, construction, artists, architecture, and so on. But I have none of those, while I can do a few things, I'm not other worldly at any of them, just a sort of jack of all trades",
      "created_utc": 1749736733.0,
      "score": 1,
      "permalink": "/r/autism/comments/1l9m1ka/i_have_a_question_for_the_autistics/mxdrm01/",
      "is_submitter": false,
      "edited": false,
      "stickied": false
    },
    {
      "id": "mxdsbzu",
      "author": "wandrin_star",
      "body": "I have some similarities to this, but I want to warn you about one superpower: the switching off emotions. You may be totally different, but I could \u201cdial up and dial down\u201d how much I \u201cfelt\u201d something, but I\u2019ve been trying to unlearn that, since I\u2019ve since realized this was just a form of dissociation and making, and that the feelings (especially anxiety) were still in there and still very much impacting me. I found I was not really switching off emotions, i was choosing not to be *conscious* of feeling them.\n\nWith my kids, we talk about emotions being like needing to pee: you either deal with it promptly, you deal with it urgently, or it comes out at a time that you don\u2019t choose at all.",
      "created_utc": 1749736954.0,
      "score": 1,
      "permalink": "/r/autism/comments/1l9m1ka/i_have_a_question_for_the_autistics/mxdsbzu/",
      "is_submitter": false,
      "edited": false,
      "stickied": false
    },
    {
      "id": "mxdt8wb",
      "author": "Zleesh",
      "body": "I\u2019m quite tolerant to the cold, I can wear a t-shirt in weather that would have most people wear 3 layers. I seem to be quite tolerant to pain, but I often say that after I badly burnt my hand when I was 8, nothing else really seems that painful.",
      "created_utc": 1749737234.0,
      "score": 1,
      "permalink": "/r/autism/comments/1l9m1ka/i_have_a_question_for_the_autistics/mxdt8wb/",
      "is_submitter": false,
      "edited": false,
      "stickied": false
    },
    {
      "id": "mxdtwh2",
      "author": "Michael3ngel",
      "body": "and then I come and the only thing I'm good at is being able to remember random information that impresses others and I can do a bit of math and understand the basic principles of different things quickly",
      "created_utc": 1749737432.0,
      "score": 1,
      "permalink": "/r/autism/comments/1l9m1ka/i_have_a_question_for_the_autistics/mxdtwh2/",
      "is_submitter": false,
      "edited": false,
      "stickied": false
    },
    {
      "id": "mxdu1nt",
      "author": "jreashville",
      "body": "I don\u2019t know if these are superpowers but I excel at reading comprehension and music. I have no idea what my tolerance level to alcohol and illicit substances is, I have never tried the latter and have had only small amounts of the former.",
      "created_utc": 1749737476.0,
      "score": 1,
      "permalink": "/r/autism/comments/1l9m1ka/i_have_a_question_for_the_autistics/mxdu1nt/",
      "is_submitter": false,
      "edited": false,
      "stickied": false
    },
    {
      "id": "mxducoi",
      "author": "Ryan_TX_85",
      "body": "I can keep my composure during a crisis.",
      "created_utc": 1749737567.0,
      "score": 1,
      "permalink": "/r/autism/comments/1l9m1ka/i_have_a_question_for_the_autistics/mxducoi/",
      "is_submitter": false,
      "edited": false,
      "stickied": false
    },
    {
      "id": "mxdv1cv",
      "author": "Headstanding_Penguin",
      "body": "I have almost half of those you listed",
      "created_utc": 1749737770.0,
      "score": 1,
      "permalink": "/r/autism/comments/1l9m1ka/i_have_a_question_for_the_autistics/mxdv1cv/",
      "is_submitter": false,
      "edited": false,
      "stickied": false
    },
    {
      "id": "mxdv2o3",
      "author": "yapping_warrior",
      "body": "Yes, indeed. I can switch off my empathy or any other emotion and become colder than a rock. \nI often struggle with names, but remember minor details.\n\nI am easily done in by drugs and alcohol tho so my wallet doesn't suffer with my problems lol",
      "created_utc": 1749737780.0,
      "score": 1,
      "permalink": "/r/autism/comments/1l9m1ka/i_have_a_question_for_the_autistics/mxdv2o3/",
      "is_submitter": false,
      "edited": false,
      "stickied": false
    },
    {
      "id": "mxdwoh7",
      "author": "Starfox-sf",
      "body": "My pain scale flatlines from 3 to 8. So I have both very low and high pain sensitivity at the same time.",
      "created_utc": 1749738256.0,
      "score": 1,
      "permalink": "/r/autism/comments/1l9m1ka/i_have_a_question_for_the_autistics/mxdwoh7/",
      "is_submitter": false,
      "edited": false,
      "stickied": false
    },
    {
      "id": "mxdxh0x",
      "author": "bristlefrosty",
      "body": "i don\u2019t have any of these physical advantages! i do joke about \u201csuperpowers\u201d sometimes but all i mean by that is my ability to passionately absorb encyclopedic information & the fact that i thoroughly enjoy date-checking and straightening at the store where i work",
      "created_utc": 1749738489.0,
      "score": 1,
      "permalink": "/r/autism/comments/1l9m1ka/i_have_a_question_for_the_autistics/mxdxh0x/",
      "is_submitter": false,
      "edited": false,
      "stickied": false
    },
    {
      "id": "mxe0fax",
      "author": "Splatter_Shell",
      "body": "When I was younger I believed if I stared at a stoplight long enough, it would turn green.",
      "created_utc": 1749739356.0,
      "score": 1,
      "permalink": "/r/autism/comments/1l9m1ka/i_have_a_question_for_the_autistics/mxe0fax/",
      "is_submitter": false,
      "edited": false,
      "stickied": false
    },
    {
      "id": "mxe1o6x",
      "author": "antmanfan3911",
      "body": "My superpower is uh.... Being both an idiot and smort... Yea.....",
      "created_utc": 1749739717.0,
      "score": 1,
      "permalink": "/r/autism/comments/1l9m1ka/i_have_a_question_for_the_autistics/mxe1o6x/",
      "is_submitter": false,
      "edited": false,
      "stickied": false
    },
    {
      "id": "mxe2sq3",
      "author": "Striker120v",
      "body": "I pick up on problems and patterns around me quicker than most people. So much so I've made predictions of certain things in my life with scary accuracy.",
      "created_utc": 1749740038.0,
      "score": 1,
      "permalink": "/r/autism/comments/1l9m1ka/i_have_a_question_for_the_autistics/mxe2sq3/",
      "is_submitter": false,
      "edited": false,
      "stickied": false
    },
    {
      "id": "mxdka6c",
      "author": "GreedyGiraffe15",
      "body": "I forgot that it's all on a spectrum because I only see life through my eyes, so I always assume everyone sees the same as me \ud83e\udd26\u200d\u2642\ufe0f, I know that's not the case. I just forget \ud83d\ude05",
      "created_utc": 1749734352.0,
      "score": 1,
      "permalink": "/r/autism/comments/1l9m1ka/i_have_a_question_for_the_autistics/mxdka6c/",
      "is_submitter": true,
      "edited": false,
      "stickied": false
    },
    {
      "id": "mxdo3lc",
      "author": "GreedyGiraffe15",
      "body": "Thank you, I sometimes mix words up with each other (especially homophones that don't have distinctive spelling differences \ud83d\ude02). Otherwise, I'm normally correcting all of my friends on their spelling \ud83e\udd23",
      "created_utc": 1749735622.0,
      "score": 1,
      "permalink": "/r/autism/comments/1l9m1ka/i_have_a_question_for_the_autistics/mxdo3lc/",
      "is_submitter": true,
      "edited": false,
      "stickied": false
    },
    {
      "id": "mxdzww5",
      "author": "CheekCheddar",
      "body": "The most autistic response ever lol",
      "created_utc": 1749739207.0,
      "score": 1,
      "permalink": "/r/autism/comments/1l9m1ka/i_have_a_question_for_the_autistics/mxdzww5/",
      "is_submitter": false,
      "edited": false,
      "stickied": false
    },
    {
      "id": "mxdle5p",
      "author": "JohnyGuitar_Official",
      "body": "I'm guilty of the same, so by all means seeing other perspectives is a plus.",
      "created_utc": 1749734722.0,
      "score": 1,
      "permalink": "/r/autism/comments/1l9m1ka/i_have_a_question_for_the_autistics/mxdle5p/",
      "is_submitter": false,
      "edited": false,
      "stickied": false
    },
    {
      "id": "mxdupri",
      "author": "Ryan_TX_85",
      "body": "That's the thing most people forget about autism. It's very challenging to see things from other people's perspective. And especially on a platform like Reddit, it's very easy to come off as arrogant or self-centered because of that.",
      "created_utc": 1749737674.0,
      "score": 1,
      "permalink": "/r/autism/comments/1l9m1ka/i_have_a_question_for_the_autistics/mxdupri/",
      "is_submitter": false,
      "edited": false,
      "stickied": false
    }
  ],
  "relevance": {
    "score": 6.5,
    "user_type": "parent",
    "pain_points": [
      "dunno if this counts, but i've also never gotten into pitfalls like drugs, alcohol, or smoking, from just being so self aware and paranoid about them\n\nhowever, my memory is atrocious, i deal with a ton of mental and physical health issues that limit my activity, i get overwhelmed/stressed easily, i can't handle noise, super sensitive to basically every sense/texture"
    ],
    "keywords_found": [
      "autism"
    ],
    "sentiment_score": 0.9916,
    "age_relevance": false,
    "urgency_level": "high",
    "competitive_mentions": [],
    "timestamp": "2025-06-12T14:58:26.919452"
  }
}