{
  "subreddit": "socialwork",
  "post": {
    "id": "1l849oz",
    "title": "I\u2019m not doing well",
    "author": "keepitpushingsis",
    "created_utc": 1749575370.0,
    "score": 26,
    "num_comments": 28,
    "url": "https://www.reddit.com/r/socialwork/comments/1l849oz/im_not_doing_well/",
    "selftext": "I\u2019m struggling with PTSD after witnessing a patient beaten and choked by hospital staff and security. As a social worker how do I ask for help? I tried taking a new contract and only lasted 4 days. I filed with the attorney general\u2019s office but I\u2019m struggling to filing with DPH. I am having flashbacks of the event, I can\u2019t sleep ruminating thoughts, shaking uncontrollably, tears. \n\n#wwyd?\n\n"
  },
  "comments": [
    {
      "id": "mx1wji4",
      "author": "Disastrous-One6895",
      "body": "I think a short-term trauma-focused therapy could be helpful, like RTM.",
      "created_utc": 1749576750.0,
      "score": 32,
      "permalink": "/r/socialwork/comments/1l849oz/im_not_doing_well/mx1wji4/",
      "is_submitter": false,
      "edited": false,
      "stickied": false
    },
    {
      "id": "mx1tptv",
      "author": "Jaded_Past9429",
      "body": "get a great therapist. easier said than done but thats what I would do. If you have other social worker friends in therapy ask who they use/how they found them.",
      "created_utc": 1749575983.0,
      "score": 29,
      "permalink": "/r/socialwork/comments/1l849oz/im_not_doing_well/mx1tptv/",
      "is_submitter": false,
      "edited": false,
      "stickied": false
    },
    {
      "id": "mx226y0",
      "author": "chickadeedadee2185",
      "body": "You find a therapist who specializes in trauma and . PTSD. I am sorry you are going through this",
      "created_utc": 1749578289.0,
      "score": 12,
      "permalink": "/r/socialwork/comments/1l849oz/im_not_doing_well/mx226y0/",
      "is_submitter": false,
      "edited": false,
      "stickied": false
    },
    {
      "id": "mx3h5wn",
      "author": "keepitpushingsis",
      "body": "Hi, I\u2019m unemployed, my contract was canceled 4 days after contacting state officials who contacted the job.",
      "created_utc": 1749592900.0,
      "score": 9,
      "permalink": "/r/socialwork/comments/1l849oz/im_not_doing_well/mx3h5wn/",
      "is_submitter": true,
      "edited": false,
      "stickied": false
    },
    {
      "id": "mx1wumw",
      "author": "housepanther2000",
      "body": "I would like to see you reach out to a therapist for help. I\u2019m so sorry that you witnessed this and I can only imagine what you\u2019re going through right now.",
      "created_utc": 1749576835.0,
      "score": 7,
      "permalink": "/r/socialwork/comments/1l849oz/im_not_doing_well/mx1wumw/",
      "is_submitter": false,
      "edited": false,
      "stickied": false
    },
    {
      "id": "mx3k65h",
      "author": "keepitpushingsis",
      "body": "All I think about is the this girl\u2019s moaning in pain. Her ribs were broke. Also, a doctor was in the room after the assault and did not report what happened. A cna straddled her while she was in restraints and choked her. All of this is on camera",
      "created_utc": 1749593865.0,
      "score": 8,
      "permalink": "/r/socialwork/comments/1l849oz/im_not_doing_well/mx3k65h/",
      "is_submitter": true,
      "edited": false,
      "stickied": false
    },
    {
      "id": "mx2vtsj",
      "author": "not_mrbrightside",
      "body": "Intensive outpatient therapy helped me. I was struggling after all of the exposure in CPS. I went three days a week. It\u2019s short term a few days a week. I liked group therapy. It\u2019s a good start and then transition to a regular therapist. Can you apply for short term disability?",
      "created_utc": 1749586679.0,
      "score": 4,
      "permalink": "/r/socialwork/comments/1l849oz/im_not_doing_well/mx2vtsj/",
      "is_submitter": false,
      "edited": false,
      "stickied": false
    },
    {
      "id": "mx38y9f",
      "author": "jmelee203",
      "body": "Do you have an EAP available?",
      "created_utc": 1749590406.0,
      "score": 2,
      "permalink": "/r/socialwork/comments/1l849oz/im_not_doing_well/mx38y9f/",
      "is_submitter": false,
      "edited": false,
      "stickied": false
    },
    {
      "id": "mx33u0c",
      "author": "shannonkish",
      "body": "Get a therapist! Talk with your supervisor about taking a leave of absence.",
      "created_utc": 1749588918.0,
      "score": 1,
      "permalink": "/r/socialwork/comments/1l849oz/im_not_doing_well/mx33u0c/",
      "is_submitter": false,
      "edited": false,
      "stickied": false
    },
    {
      "id": "mx3t161",
      "author": "New_Hippo3892",
      "body": "Your work should have a debrief similar to what military and law enforcement do in these sort of scenarios. Highly recommend seeking therapy and finding someone to vent to after seeing these issues.",
      "created_utc": 1749596780.0,
      "score": 1,
      "permalink": "/r/socialwork/comments/1l849oz/im_not_doing_well/mx3t161/",
      "is_submitter": false,
      "edited": false,
      "stickied": false
    },
    {
      "id": "mx421kl",
      "author": "Last_Willingness2655",
      "body": "How long has it been since the event? And what state are you in? There are some really good programs and therapists in UT I can suggest, and some clinicians in other states depending on which ones.",
      "created_utc": 1749599761.0,
      "score": 1,
      "permalink": "/r/socialwork/comments/1l849oz/im_not_doing_well/mx421kl/",
      "is_submitter": false,
      "edited": false,
      "stickied": false
    },
    {
      "id": "mx569da",
      "author": "evilyncastleofdoom13",
      "body": "Trauma therapist. Not a general therapist.\n\nYou have been through intense trauma and could easily have PTSD.\n\nI'm so sorry you witnessed that.\n\nTrauma therapy has been very good for me.\n\nIf you have a regular therapist, they should ( or may) know a good trauma therapist that they can recommend. They also may know one that would be a good fit for you personally. That's how I got my trauma therapist and we really clicked.",
      "created_utc": 1749614554.0,
      "score": 1,
      "permalink": "/r/socialwork/comments/1l849oz/im_not_doing_well/mx569da/",
      "is_submitter": false,
      "edited": false,
      "stickied": false
    },
    {
      "id": "mx8ipm1",
      "author": "None",
      "body": "[removed]",
      "created_utc": 1749663495.0,
      "score": 1,
      "permalink": "/r/socialwork/comments/1l849oz/im_not_doing_well/mx8ipm1/",
      "is_submitter": false,
      "edited": false,
      "stickied": false
    },
    {
      "id": "mx8p0r1",
      "author": "MrOrgasm420",
      "body": "[ Removed by Reddit ]",
      "created_utc": 1749665243.0,
      "score": 1,
      "permalink": "/r/socialwork/comments/1l849oz/im_not_doing_well/mx8p0r1/",
      "is_submitter": false,
      "edited": false,
      "stickied": false
    },
    {
      "id": "mx9ngkg",
      "author": "WindSong001",
      "body": "Supervision is so important, otherwise why not hire a therapist",
      "created_utc": 1749675229.0,
      "score": 1,
      "permalink": "/r/socialwork/comments/1l849oz/im_not_doing_well/mx9ngkg/",
      "is_submitter": false,
      "edited": false,
      "stickied": false
    },
    {
      "id": "mxco61h",
      "author": "neutral_balance_123",
      "body": "EMDR might help with the trauma aspect.",
      "created_utc": 1749720200.0,
      "score": 1,
      "permalink": "/r/socialwork/comments/1l849oz/im_not_doing_well/mxco61h/",
      "is_submitter": false,
      "edited": false,
      "stickied": false
    },
    {
      "id": "mx4xnp7",
      "author": "Accomplished-Dino69",
      "body": "What would I do? Based on your post and the comments you\u2019ve left, this is what I would do. \n\n-Admit myself into mental health treatment, in patient. I think I would benefit from intense therapy and some medication management if I\u2019m experiencing the kind of symptoms you\u2019ve mentioned. \n\n-When out of treatment and stable, I would contact an unemployment attorney or two. Just call and ask for advice. Most attorneys or secretaries will at least talk to you a bit and help you decide if you want to pursue something. I\u2019m not an attorney so I don\u2019t know what the right path would be to get compensation for loss of employment and ptsd. \n\n-seek temporary disability with the help of a psychologist",
      "created_utc": 1749611011.0,
      "score": 0,
      "permalink": "/r/socialwork/comments/1l849oz/im_not_doing_well/mx4xnp7/",
      "is_submitter": false,
      "edited": false,
      "stickied": false
    },
    {
      "id": "mx3jert",
      "author": "DiligentThought9",
      "body": "1) I\u2019m terribly sorry this happened to you. This is not okay or the norm in this field. \n\n2) Find yourself a good therapist that works with people after traumatic events. \n\n3) Talk to your doctor about medication to help you sleep and reduce anxiety on a short term basis\n\n4) I am by no means a lawyer, but \u201cfired 4 days after reporting to state\u201d smells like a whistleblower suit to me. I would contact an attorney to see if you have a case.",
      "created_utc": 1749593619.0,
      "score": 20,
      "permalink": "/r/socialwork/comments/1l849oz/im_not_doing_well/mx3jert/",
      "is_submitter": false,
      "edited": false,
      "stickied": false
    },
    {
      "id": "mx56kd4",
      "author": "evilyncastleofdoom13",
      "body": "Either apply for Medicaid if eligible ( for your trauma therapist) or the ACA. \nYou may also be able to find a siding scale clinic/ individual.",
      "created_utc": 1749614687.0,
      "score": 2,
      "permalink": "/r/socialwork/comments/1l849oz/im_not_doing_well/mx56kd4/",
      "is_submitter": false,
      "edited": false,
      "stickied": false
    },
    {
      "id": "mx572mf",
      "author": "evilyncastleofdoom13",
      "body": "I'm so sorry. \nCan you report it to the police? Footage can be pulled. Call a few lawyers, someone may take it pro bono or just see if legal aid could point you in the right direction?\n\nPlease don't do this alone. Get a trauma therapist asap.",
      "created_utc": 1749614907.0,
      "score": 4,
      "permalink": "/r/socialwork/comments/1l849oz/im_not_doing_well/mx572mf/",
      "is_submitter": false,
      "edited": false,
      "stickied": false
    },
    {
      "id": "mx7gchl",
      "author": "DaddysPrincesss26",
      "body": "I would report all of them to their respective Licensing Boards, TBH",
      "created_utc": 1749652584.0,
      "score": 3,
      "permalink": "/r/socialwork/comments/1l849oz/im_not_doing_well/mx7gchl/",
      "is_submitter": false,
      "edited": false,
      "stickied": false
    },
    {
      "id": "mx6dyiy",
      "author": "branchymolecule",
      "body": "They have no E",
      "created_utc": 1749638422.0,
      "score": 1,
      "permalink": "/r/socialwork/comments/1l849oz/im_not_doing_well/mx6dyiy/",
      "is_submitter": false,
      "edited": false,
      "stickied": false
    },
    {
      "id": "mx55370",
      "author": "keepitpushingsis",
      "body": "It happened less than six months ago. I live in New England area.",
      "created_utc": 1749614052.0,
      "score": 2,
      "permalink": "/r/socialwork/comments/1l849oz/im_not_doing_well/mx55370/",
      "is_submitter": true,
      "edited": false,
      "stickied": false
    },
    {
      "id": "mx9sck9",
      "author": "socialwork-ModTeam",
      "body": "Your post has been removed because it violates Rule 8: \"No posts asking for money.\" This includes fundraising, barter/trade offers, or any other financial request.\n\nAny financial solicitation will result in a 7 day ban. A 2nd solicitation will result in a permanent ban.",
      "created_utc": 1749676673.0,
      "score": 1,
      "permalink": "/r/socialwork/comments/1l849oz/im_not_doing_well/mx9sck9/",
      "is_submitter": false,
      "edited": false,
      "stickied": false
    },
    {
      "id": "mx5zprw",
      "author": "Chiknwithheadcutoff",
      "body": "I was wondering, though, if admitting themself into a hospital would be triggering for OP because it sounds like this was a hospital environment that it happened in. I wonder if a walk-in  crisis center is available instead? \nOP, I am so sorry that you went through this.",
      "created_utc": 1749630211.0,
      "score": 4,
      "permalink": "/r/socialwork/comments/1l849oz/im_not_doing_well/mx5zprw/",
      "is_submitter": false,
      "edited": false,
      "stickied": false
    },
    {
      "id": "mx6akfr",
      "author": "themoirasaurus",
      "body": "I am an attorney (social work is my second career) and this ABSOLUTELY sounds like a whistleblower suit to me. Please contact an attorney. You can call the ABA for a referral.\n\nI\u2019m so sorry this happened to you. When I worked in the county jail, I saw something like this and I ended up quitting, but it was a jail, not a hospital. (A group of guards hauled an inmate out of his cell in the mental health unit and brought him into the middle of the floor, hogtied him, and pepper sprayed him in the face while he screamed.) Nobody but me thought anything of it and my mentor at the jail told me I wasn\u2019t cut out for the job because I needed to harden myself to situations like that. I didn\u2019t want to ever feel like I could be hardened to suffering like that, so I got out of there. It still bothers me, and it was 6 years ago.",
      "created_utc": 1749636629.0,
      "score": 10,
      "permalink": "/r/socialwork/comments/1l849oz/im_not_doing_well/mx6akfr/",
      "is_submitter": false,
      "edited": false,
      "stickied": false
    },
    {
      "id": "mx8huys",
      "author": "Muted-Maximum-6817",
      "body": "I highly recommend getting into an evidence-based trauma therapy like Cognitive Processing Therapy (CPT, not CBT) or Prolonged Exposure Therapy (PE). If you look them up, they both have provider directories. The National Center for PTSD has information on both models if you want to learn more.",
      "created_utc": 1749663261.0,
      "score": 1,
      "permalink": "/r/socialwork/comments/1l849oz/im_not_doing_well/mx8huys/",
      "is_submitter": false,
      "edited": false,
      "stickied": false
    },
    {
      "id": "mx7i1qg",
      "author": "Free-Recognition4227",
      "body": "I\u2019m genuinely sorry to hear about your experience. I can empathize with you, as I\u2019ve had to leave a job due to my inability to endure the corrections system. \nTo be honest, I believe that\u2019s a strength of the social work profession. \nWe must know when to leave. \nI don\u2019t know any social workers who do their jobs solely for the money. \nBeing forced to witness trauma, go against our morals, values, AND the Social Work code of ethics is simply unacceptable for any employer to ask, regardless of whether it\u2019s the Department of Corrections, the state, or a hospital. \nNo employer should ever ask you to tolerate or witness abusive behavior. \nIn fact, as social workers, I believe that\u2019s one of our most important rules: standing up for the rights of vulnerable individuals, and saying  NO; we will not accept that kind of behavior from institutions. \nI\u2019m sorry that happened to you, but congratulations on being strong enough to leave! It\u2019s individuals like you who uphold the integrity of the social work profession, making the world a better place.\nI wish you nothing but the best in all of your endeavors !\ud83c\udf3b",
      "created_utc": 1749653077.0,
      "score": 2,
      "permalink": "/r/socialwork/comments/1l849oz/im_not_doing_well/mx7i1qg/",
      "is_submitter": false,
      "edited": false,
      "stickied": false
    }
  ],
  "relevance": {
    "score": 7.800000000000001,
    "user_type": "therapist",
    "pain_points": [
      "i\u2019m struggling with ptsd after witnessing a patient beaten and choked by hospital staff and security"
    ],
    "keywords_found": [
      "transition"
    ],
    "sentiment_score": -0.6451,
    "age_relevance": false,
    "urgency_level": "high",
    "competitive_mentions": [],
    "timestamp": "2025-06-12T15:10:30.641085"
  }
}