{
  "subreddit": "waldorf",
  "post": {
    "id": "1k8sych",
    "title": "Waldorf schools - Alkion vs Sunbridge",
    "author": "AlwaysTiredNow",
    "created_utc": 1745718774.0,
    "score": 2,
    "num_comments": 9,
    "url": "https://www.reddit.com/r/Waldorf/comments/1k8sych/waldorf_schools_alkion_vs_sunbridge/",
    "selftext": "hello! I\u2019m looking to transition into Waldorf teaching and I live in the middle of these two school. Does anyone have any advice on both other than costs? pros/cons? tia!\n\nedited for clarification: Looking to become a teacher in early childhood education and looking to do my training at one of these schools."
  },
  "comments": [
    {
      "id": "mpf1sj3",
      "author": "Then_Night_5750",
      "body": "Here to say I had a wonderful Alkion experience. I am also in between both and from the HV w a lil one \ud83d\udc40 id be super happy to chat!",
      "created_utc": 1745806360.0,
      "score": 2,
      "permalink": "/r/Waldorf/comments/1k8sych/waldorf_schools_alkion_vs_sunbridge/mpf1sj3/",
      "is_submitter": false,
      "edited": false,
      "stickied": false
    },
    {
      "id": "mp8x8l8",
      "author": "Overlandtraveler",
      "body": "You say nothing about your training, what you are looking for, what you will teach, and so on. Are you being offered jobs at those schools or just thinking of getting a job once your training is done? \n\nBoth are good schools, depends on your background and pedagogical viewpoints.",
      "created_utc": 1745719418.0,
      "score": 1,
      "permalink": "/r/Waldorf/comments/1k8sych/waldorf_schools_alkion_vs_sunbridge/mp8x8l8/",
      "is_submitter": false,
      "edited": false,
      "stickied": false
    },
    {
      "id": "mphbibf",
      "author": "Admirable_Tap_2719",
      "body": "I teach in Canada - not EC - but I\u2019ve heard nothing but excellent things about Sunbridge from colleagues who go there regularly for PD programs and the summer conferences. I have also visited for a few days to shadow a teacher in my own field and had an excellent experience there. From what I understand it is very well-respected! Unfortunately I don\u2019t have anything to offer on Alkion.",
      "created_utc": 1745847450.0,
      "score": 1,
      "permalink": "/r/Waldorf/comments/1k8sych/waldorf_schools_alkion_vs_sunbridge/mphbibf/",
      "is_submitter": false,
      "edited": false,
      "stickied": false
    },
    {
      "id": "mph2snv",
      "author": "AlwaysTiredNow",
      "body": "awesome! i\u2019ll message you - thanks!",
      "created_utc": 1745844271.0,
      "score": 1,
      "permalink": "/r/Waldorf/comments/1k8sych/waldorf_schools_alkion_vs_sunbridge/mph2snv/",
      "is_submitter": true,
      "edited": false,
      "stickied": false
    },
    {
      "id": "mp93tp0",
      "author": "AlwaysTiredNow",
      "body": "Early Childhood Teacher Education - i\u2019m looking to become a teacher.",
      "created_utc": 1745722030.0,
      "score": 2,
      "permalink": "/r/Waldorf/comments/1k8sych/waldorf_schools_alkion_vs_sunbridge/mp93tp0/",
      "is_submitter": true,
      "edited": false,
      "stickied": false
    },
    {
      "id": "mpbsp3a",
      "author": "Overlandtraveler",
      "body": "Well then, once your training is nearing the end, there will be job fairs and thr like once you are almost done with your two year training. If those schools are hiring, they would talk to you then. \n\nBut you still have two years of training to go through, practicum in classrooms, and a lot more. I would work on that first, then see if the schools are hiring.",
      "created_utc": 1745768194.0,
      "score": 1,
      "permalink": "/r/Waldorf/comments/1k8sych/waldorf_schools_alkion_vs_sunbridge/mpbsp3a/",
      "is_submitter": false,
      "edited": false,
      "stickied": false
    },
    {
      "id": "mpbucih",
      "author": "AlwaysTiredNow",
      "body": "i\u2019m looking at those schools for my training :) not to be a teacher yet",
      "created_utc": 1745768700.0,
      "score": 3,
      "permalink": "/r/Waldorf/comments/1k8sych/waldorf_schools_alkion_vs_sunbridge/mpbucih/",
      "is_submitter": true,
      "edited": false,
      "stickied": false
    },
    {
      "id": "mpbwstr",
      "author": "Overlandtraveler",
      "body": "Ah, I see, my bad. I know Sunbridge is a fantastic training school. I did EC at the now defunct Fair Oaks campus outside of Sacramento. I would have gone to Sunbridge if I lived in that area. It is the oldest and most respected training center on the East Coast. \n\nSorry, I thought you wanted to teach EC at those schools. I was like, let yourself do the training and then decide. My bad \ud83e\udd2d.  But yes, if I had a choice myself, I would choose Sunbridge, if only because the school is the most established and the teaching is supposed to be quite good. A lot of well established anthro authors, teachers, etc. \n\nSorry again, I was on a whole other thought train  \ud83d\ude09",
      "created_utc": 1745769452.0,
      "score": 1,
      "permalink": "/r/Waldorf/comments/1k8sych/waldorf_schools_alkion_vs_sunbridge/mpbwstr/",
      "is_submitter": false,
      "edited": false,
      "stickied": false
    }
  ],
  "relevance": {
    "score": 6,
    "user_type": "teacher",
    "pain_points": [
      "i am also in between both and from the hv w a lil one \ud83d\udc40 id be super happy to chat! you say nothing about your training, what you are looking for, what you will teach, and so on"
    ],
    "keywords_found": [
      "transition",
      "early childhood"
    ],
    "sentiment_score": 0.9874,
    "age_relevance": false,
    "urgency_level": "low",
    "competitive_mentions": [],
    "timestamp": "2025-06-12T15:09:17.973821"
  }
}