{
  "subreddit": "education",
  "post": {
    "id": "1l2k3hh",
    "title": "Trick Test Questions: Stop!",
    "author": "lights-camera-then",
    "created_utc": 1748976799.0,
    "score": 1,
    "num_comments": 8,
    "url": "https://www.reddit.com/r/education/comments/1l2k3hh/trick_test_questions_stop/",
    "selftext": "Trick questions on school tests often fail to measure true understanding because they introduce unnecessary ambiguity, testing interpretation rather than knowledge.\n\nIn real-world contexts\u2014whether in communication, user experience design, or problem-solving\u2014clarity is valued. When a test question is worded in an unnatural, confusing, or overly subtle way, it shifts the challenge from \u201cdo you know the material?\u201d to \u201ccan you guess what the question writer meant?\u201d This introduces a range of unrelated variables:\n\t\u2022\tLinguistic interpretation \u2013 Is the question written in a way that reflects how people naturally speak or think? If not, it becomes a test of decoding, not comprehension.\n\t\u2022\tNuance in precision \u2013 Some questions require an arbitrary level of precision not clearly stated. It\u2019s like a CAPTCHA asking for all boxes with a bicycle when only a pixel-wide sliver of a tire appears in one corner. Did you fail to recognize the object\u2014or were you just being reasonable?\n\t\u2022\tUnclear objectives \u2013 If it\u2019s not obvious what the question is really testing (e.g., is it logic, memorization, semantics?), then performance reflects test-taking strategy more than subject mastery.\n\t\u2022\tCognitive load distraction \u2013 When students expend mental energy on guessing the \u201ctrick,\u201d they\u2019re not demonstrating knowledge\u2014they\u2019re navigating poor design.\n\nMuch like in software or user experience design, unclear prompts create friction and lead users to disengage. In education, this means a student\u2019s score might reflect their skill in interpreting traps, not their grasp of the content.\n\nP.S.\nHave a great summer break!"
  },
  "comments": [
    {
      "id": "mvuqekk",
      "author": "13surgeries",
      "body": "Devising good test questions requires a lot more expertise than most people think, and a lot of teachers are never trained in how to write good test questions. Trick questions tend to be very poor questions because the instructor mistakes a trick question for a challenging one. On the other hand, some students decide a test question is a \"trick,\" when it's actually determining if the student can distinguish between subtle but important differences.",
      "created_utc": 1748990506.0,
      "score": 5,
      "permalink": "/r/education/comments/1l2k3hh/trick_test_questions_stop/mvuqekk/",
      "is_submitter": false,
      "edited": false,
      "stickied": false
    },
    {
      "id": "mvtk4f2",
      "author": "AWildGumihoAppears",
      "body": "I hate trick questions with the fury of 1000 suns.\n\nThe closest to a trick question I think is valid is \"which one of these is NOT\" and that's just paying attention.\n\nIf it was up to me, we'd be allowed to read and rephrase all math state tests. Because they aren't supposed to be reading comprehension so why are we using that as a cap?\n\nIf I as an adult have to wonder for a millisecond what you're asking for on this test? Me, who has my graduate degree and reading certification. There's something shockingly wrong.",
      "created_utc": 1748977602.0,
      "score": 3,
      "permalink": "/r/education/comments/1l2k3hh/trick_test_questions_stop/mvtk4f2/",
      "is_submitter": false,
      "edited": false,
      "stickied": false
    },
    {
      "id": "mvwtbc7",
      "author": "lights-camera-then",
      "body": "I agree with your statement. But how many of the teachers who downvoted me would ever admit they are among the group who don\u2019t know how to write good test questions? Answer: (zero)\n\nLet me speak clearly to what\u2019s behind my rant. It\u2019s about a marketing exam. Yes I\u2019m a \u2018student\u2019\u2026 an MBA student\u2026 \u00a0But I\u2019m an actual Practitioner of the material.\u00a0\n\nI owned and operated a business for over a decade. Built it from nothing. Sold it for\u2026 (I\u2019m not going to say it here)\u00a0\n\nThe marketing midterm was about stuff I\u2019ve actually succeed at in the real world\u2026 in a globally competitive market.\u00a0\n\nI had to read a majority of the questions 3 to 4 times slowly just to process what the heck THEY want to hear.\u00a0\n\nBack to my original post. Those are valid points and reasoning.\u00a0\n\nWhat is 5 minus 2?\n\nA. 1\n\nB. 4\n\nC. The same as 6 minus 3\n\nD. None of the above\n\nThis is the BS I\u2019m speaking about.\u00a0",
      "created_utc": 1749020587.0,
      "score": 1,
      "permalink": "/r/education/comments/1l2k3hh/trick_test_questions_stop/mvwtbc7/",
      "is_submitter": true,
      "edited": false,
      "stickied": false
    },
    {
      "id": "mvtnj21",
      "author": "randomwordglorious",
      "body": "If it's a standardized test, then all students must test under identical conditions, or it's not fair. If a question might be confusing to students, then the test should include a script for the proctor to read to any student who asks about that particular question. Because we all know there are ways that a question can be rephrased so that the answer is much more obvious.",
      "created_utc": 1748978772.0,
      "score": 1,
      "permalink": "/r/education/comments/1l2k3hh/trick_test_questions_stop/mvtnj21/",
      "is_submitter": false,
      "edited": false,
      "stickied": false
    },
    {
      "id": "mvtyzkr",
      "author": "lights-camera-then",
      "body": "\u201cIf I as an adult have to wonder for a millisecond what you're asking\u2026\u201d \u00a0Exactly!",
      "created_utc": 1748982117.0,
      "score": 0,
      "permalink": "/r/education/comments/1l2k3hh/trick_test_questions_stop/mvtyzkr/",
      "is_submitter": true,
      "edited": false,
      "stickied": false
    },
    {
      "id": "mvyqmfg",
      "author": "13surgeries",
      "body": "Thanks for your reply. I think I get it. Having been a long-time successful business owner, you naturally) assumed your real-world experience and expertise would give you a leg up on the coursework.\n\nThen you ran into test questions roughly like the one above. It's not a simple math question; it has another layer to it You have to understand not just subtraction but equivalents AND mathematical reasoning. I took courses and eventually taught other teachers how to write good test questions, and honestly, it's not a bad question. (I understand that it's a simplified version.)\n\nIf you took the verbal reasoning section of the GRE, you probably answered questions like this one: \n\nPREVARICATE : LIE ::\n\n\u00a0A. harm : repair  \n\u00a0B. divulge : expose  \n\u00a0C. proliferate : contract  \n\u00a0D. provoke : appease  \n\u00a0E. prune : garden\n\nIt doesn't just ask us to choose the best definition of \"prevaricate\" because it's not a vocabulary question. It's much more complex. You have to not only know the definitions, you have to know antonyms and use verbal reasoning.\n\nHOWEVER, the course should have covered the general principles even if it didn't offer practical examples. If it didn't, that's not a test question issue; it's an instructional one. \n\nHow did your classmates do on the test?",
      "created_utc": 1749050036.0,
      "score": 1,
      "permalink": "/r/education/comments/1l2k3hh/trick_test_questions_stop/mvyqmfg/",
      "is_submitter": false,
      "edited": false,
      "stickied": false
    },
    {
      "id": "mvtr251",
      "author": "AWildGumihoAppears",
      "body": "I utterly and completely agree to a non-obtuse proctor.",
      "created_utc": 1748979833.0,
      "score": 1,
      "permalink": "/r/education/comments/1l2k3hh/trick_test_questions_stop/mvtr251/",
      "is_submitter": false,
      "edited": false,
      "stickied": false
    },
    {
      "id": "mw0ay2e",
      "author": "lights-camera-then",
      "body": "Thanks for engaging.\u00a0\n\nWhile in your opinion my example question was a \u2018good question\u2019\u2026.\u00a0\n\nYou still got the wrong answer.\n(FYI it\u2019s not meant to sound snarky, but now you and I are on the same page \ud83d\ude42)\n\nThe answer is D\u00a0\n\nBecause\u2026 Precision in syntax and structure is essential. (Paying attention to details) Even a small omission, like leaving out an equals sign, can completely change how a program functions or whether it runs at all (or if it is a question at all) \u20185 minus 2\u2019 is a statement and none of the answer choices explicitly state the value\u00a03, which is the correct result of 5 minus 2 = (x)\n\nA comparative statement (\u201cthe same as 6 minus 3\u201d), suggests equivalence only when focus is strictly placed on the resulting value and when framed as a complete equation\n\nThe correct answer is\u00a0D\u00a0(none of the above)\n\n\u201cThe broader lesson here is don\u2019t make assumptions.\u201d\n\nThe points in my original posts are valid\u2026 as someone mentioned\u2026 these tests are standardized\u2026 which inherently means (n)% of people will process these \u2018trick\u2019 questions differently ESPECIALLY when guidance is not provided.\u00a0\n\nI had an economics professor who made it a point to tell the class ahead of time. \u201cThe answers will be straight forward. There are no \u2018tricks\u2019 so don\u2019t overthink it.\u201d\n\nI\u2019m almost positive trying to find a \u2018wrong or right\u2019 point of view in this conversation will lead to circular \u2018arguments\u2019\u00a0\n\nSo I\u2019ll conclude with what I believe is spot on\u2026 you mentioned \u201c\u2026 it's an instructional one [issue]\u201d\u00a0\n\nInstructors SHOULD clearly explain how to approach their questions because each may value different types of reasoning, and without that guidance, students can misunderstand expectations\u2026 even if their answers are logically sound (but wrong from the professors perspective)\n\nHere\u2019s an interesting comment:\n\u201cEducators should never include trick questions or offer \u201call of the above\u201d or \u201cnone of the above\u201d options among the list of possible answers.\u201d\n\nhttps://neuroscienceresearch.wustl.edu/for-better-multiple-choice-tests-avoid-tricky-questions-study-finds/\n\nAnswer to your question: Not sure how other students did. I did okay 92%\u2026 yet extremely frustrated \ud83d\ude02\u00a0",
      "created_utc": 1749065914.0,
      "score": 1,
      "permalink": "/r/education/comments/1l2k3hh/trick_test_questions_stop/mw0ay2e/",
      "is_submitter": true,
      "edited": false,
      "stickied": false
    }
  ],
  "relevance": {
    "score": 6,
    "user_type": "teacher",
    "pain_points": [
      "when a test question is worded in an unnatural, confusing, or overly subtle way, it shifts the challenge from \u201cdo you know the material?\u201d to \u201ccan you guess what the question writer meant?\u201d this introduces a range of unrelated variables:\n\t\u2022\tlinguistic interpretation \u2013 is the question written in a way that reflects how people naturally speak or think? if not, it becomes a test of decoding, not comprehension",
      "i did okay 92%\u2026 yet extremely frustrated \ud83d\ude02"
    ],
    "keywords_found": [],
    "sentiment_score": 0.9902,
    "age_relevance": false,
    "urgency_level": "low",
    "competitive_mentions": [],
    "timestamp": "2025-06-12T14:52:27.748568"
  }
}