{
  "subreddit": "specialed",
  "post": {
    "id": "1l6h054",
    "title": "Take Flight for Dyslexia",
    "author": "ApplePieKindaLife",
    "created_utc": 1749401946.0,
    "score": 1,
    "num_comments": 4,
    "url": "https://www.reddit.com/r/specialed/comments/1l6h054/take_flight_for_dyslexia/",
    "selftext": "Hello! Has anyone used Take Flight in dyslexia intervention? I am a reading specialist looking for a wee bit more information about the program than is available online."
  },
  "comments": [
    {
      "id": "mwoqp6x",
      "author": "demonita",
      "body": "I\u2019ve only seen it at my previous school and I didn\u2019t like it too much but if you have time and resources my new school uses Neuhaus and it has made a world of a difference for the kids. Every student is tested every year to see if they need interventions so we use that for dyslexia as well as general needs.",
      "created_utc": 1749403119.0,
      "score": 2,
      "permalink": "/r/specialed/comments/1l6h054/take_flight_for_dyslexia/mwoqp6x/",
      "is_submitter": false,
      "edited": false,
      "stickied": false
    },
    {
      "id": "mwvr939",
      "author": "haley232323",
      "body": "Yes, I use TF. Do you have specific questions?",
      "created_utc": 1749495845.0,
      "score": 1,
      "permalink": "/r/specialed/comments/1l6h054/take_flight_for_dyslexia/mwvr939/",
      "is_submitter": false,
      "edited": false,
      "stickied": false
    },
    {
      "id": "mwvs39v",
      "author": "ApplePieKindaLife",
      "body": "I\u2019m really just looking for a scope&sequence to compare to the program we currently use.",
      "created_utc": 1749496082.0,
      "score": 1,
      "permalink": "/r/specialed/comments/1l6h054/take_flight_for_dyslexia/mwvs39v/",
      "is_submitter": true,
      "edited": false,
      "stickied": false
    },
    {
      "id": "mx3hhyo",
      "author": "haley232323",
      "body": "TF doesn't really work like that. Every student must start at lesson 1, and every lesson introduces 1-2 \"new learning\" concepts. After the first 40ish lessons (I don't have it in front of me, so don't remember the exact number), a review day of sorts is added after each lesson, so at most, you spend 2 days on 1 concept. You keep moving through the program no matter what. Everything is continuously spirally reviewed/practiced in future lessons, and the idea is that students will show mastery over time. It's not like other programs where you may start at a skill you think that student needs, and then teach only that skill until a student masters it before moving onto the next skill. \n\nThere is no published scope and sequence that I could give you. The teacher's guides are very sparse on purpose- they want to make sure that only trained people are using them. We had a reading specialist using it at my school at first, and I remember getting really frustrated when I'd ask her what skill the kids were working on and I'd get a super vague answer, or it sounded like a skill that didn't match the needs of those students. I didn't really get it until I went through the training myself!",
      "created_utc": 1749593008.0,
      "score": 1,
      "permalink": "/r/specialed/comments/1l6h054/take_flight_for_dyslexia/mx3hhyo/",
      "is_submitter": false,
      "edited": false,
      "stickied": false
    }
  ],
  "relevance": {
    "score": 6,
    "user_type": "teacher",
    "pain_points": [
      "hello! has anyone used take flight in dyslexia intervention? i am a reading specialist looking for a wee bit more information about the program than is available online",
      "do you have specific questions? i\u2019m really just looking for a scope&sequence to compare to the program we currently use",
      "we had a reading specialist using it at my school at first, and i remember getting really frustrated when i'd ask her what skill the kids were working on and i'd get a super vague answer, or it sounded like a skill that didn't match the needs of those students"
    ],
    "keywords_found": [],
    "sentiment_score": 0.946,
    "age_relevance": false,
    "urgency_level": "low",
    "competitive_mentions": [],
    "timestamp": "2025-06-12T14:55:08.795206"
  }
}