{
  "subreddit": "occupationaltherapy",
  "post": {
    "id": "1l7lu5z",
    "title": "I don\u2019t think I want to be an OT anymore.",
    "author": "Low_Praline_1832",
    "created_utc": 1749517302.0,
    "score": 17,
    "num_comments": 14,
    "url": "https://www.reddit.com/r/OccupationalTherapy/comments/1l7lu5z/i_dont_think_i_want_to_be_an_ot_anymore/",
    "selftext": "I have been in my program for 2 years now and have two years left. I have only been miserable and not excited for my future as an OT. A part of me thinks it\u2019s just school but I don\u2019t know. Can any OT tell me why it is worth it? \n"
  },
  "comments": [
    {
      "id": "mwxwsy5",
      "author": "Responsible_Sun8044",
      "body": "If you have some time off this summer I strongly suggest getting in some shadowing hours to see how it goes. It is OKAY to change your mind. If you told me you only had one semester left I would tell you to just suck it up and get it done, but having 2 years left gives you some time to think about what you really want in life. I'll be honest, I view my job as an OT at this point as a means to an end. My role is fairly stress free and it provides me with a good work life balance and I have the flexibility to work part time. Having a young family with babies, this is super important to me now. But once my kids are all in school and im looking to start climbing the career ladder again, there really wont be much of a ladder for me to climb. So what's most important to you in your career? Is it financial success? Job security? Flexible scheduling? Career growth opportunities? \n\nThe pressure to be completely \"passionate\" about your job is unrealistic. A job is a job. My passions in life are my hobbies, my family. Do I get pumped up about advocating for my patients? Sure I do, but i am there for a paycheck at the end of the day and so will you. So figure out what you want out of your career and what kind of work you can be content doing to get it.",
      "created_utc": 1749519919.0,
      "score": 38,
      "permalink": "/r/OccupationalTherapy/comments/1l7lu5z/i_dont_think_i_want_to_be_an_ot_anymore/mwxwsy5/",
      "is_submitter": false,
      "edited": false,
      "stickied": false
    },
    {
      "id": "mwxsogp",
      "author": "l0st-ch1cky",
      "body": "I questioned wanting to do OT a lot during grad school because my experience was just awful. Just know that when you\u2019re actually out in the field working it is so much different than being in school! Once you get to fieldwork you will get a better idea of what day to day could look like for you. What specifically has been making you miserable? I\u2019m curious to know if it\u2019s things that you won\u2019t be doing or experiencing post graduation! Either way I wish you the best.",
      "created_utc": 1749518524.0,
      "score": 18,
      "permalink": "/r/OccupationalTherapy/comments/1l7lu5z/i_dont_think_i_want_to_be_an_ot_anymore/mwxsogp/",
      "is_submitter": false,
      "edited": false,
      "stickied": false
    },
    {
      "id": "mwxt1j6",
      "author": "Anxious_Strength_661",
      "body": "I disliked school but love being an OT. I\u2019m not saying I love every part of it, but I still love it for the same reasons I got into it for: I get to help people every day in big ways and small. I get to fill gaps in care and make sure every aspect of their needs are met. I get to know people on a deeper level and learn what makes them tick. There\u2019s lots of bad but lots of good and I think we as OTs are great at telling others how to see the good more, but the heavy burden of various aspects of our jobs and schooling can make it hard for us to take our own advice sometimes. Why specifically do you think you are miserable?",
      "created_utc": 1749518648.0,
      "score": 10,
      "permalink": "/r/OccupationalTherapy/comments/1l7lu5z/i_dont_think_i_want_to_be_an_ot_anymore/mwxt1j6/",
      "is_submitter": false,
      "edited": false,
      "stickied": false
    },
    {
      "id": "mwyhk27",
      "author": "PronatorTeres00",
      "body": "What brought you into OT in the first place? As cliche as it sounds, remembering that \"why\" might help. I had so many doubts during school, but I've been doing OT for 5 years now and love what I do.",
      "created_utc": 1749527456.0,
      "score": 4,
      "permalink": "/r/OccupationalTherapy/comments/1l7lu5z/i_dont_think_i_want_to_be_an_ot_anymore/mwyhk27/",
      "is_submitter": false,
      "edited": false,
      "stickied": false
    },
    {
      "id": "mx3j6se",
      "author": "lostinfictionz",
      "body": "I wouldnt take too much advise from Reddit, its negative about everything and skews really negative on OT. That said, school and work are completely different. Fieldwork is a better barometer, but even then, each setting and site is pretty different. I think its fine to leave and switch paths, but wondering why you decided on this career paths but are so willing to give it up without any experience in the field? However maybe take some time off, maybe defer, to figure out stuff. Do a ton more shadowing.",
      "created_utc": 1749593548.0,
      "score": 3,
      "permalink": "/r/OccupationalTherapy/comments/1l7lu5z/i_dont_think_i_want_to_be_an_ot_anymore/mx3j6se/",
      "is_submitter": false,
      "edited": false,
      "stickied": false
    },
    {
      "id": "mx0vplz",
      "author": "HealingSpirit_Soul",
      "body": "I felt this way too, and am regretting not changing paths and either going into forensic psychology or becoming a librarian (graduated 2018). Follow your heart, it wont lead you astray. The only setting I don\u2019t burn out in has been school based bc we get long breaks throughout the year and I\u2019ve tried every single setting. I also have a side business as a reiki practitioner and I have found more fulfillment in that than OT ever has brought me. I\u2019m even debating moving and working in OT in another country as I refuse to work under the constraints of insurance. A lot of people have gone into private practice, and I find those who do have more than one income in their households so there\u2019s some cushion. Sending lots of love for you to make a choice that works for you. \u2764\ufe0f",
      "created_utc": 1749566402.0,
      "score": 2,
      "permalink": "/r/OccupationalTherapy/comments/1l7lu5z/i_dont_think_i_want_to_be_an_ot_anymore/mx0vplz/",
      "is_submitter": false,
      "edited": false,
      "stickied": false
    },
    {
      "id": "mx2c9q5",
      "author": "Miselissa",
      "body": "I barely remember school. I didn\u2019t always enjoy it. But being an OT has been fulfilling for me.",
      "created_utc": 1749581122.0,
      "score": 2,
      "permalink": "/r/OccupationalTherapy/comments/1l7lu5z/i_dont_think_i_want_to_be_an_ot_anymore/mx2c9q5/",
      "is_submitter": false,
      "edited": false,
      "stickied": false
    },
    {
      "id": "mx8h7fs",
      "author": "Zealousideal-Bet8421",
      "body": "Quit now. I had the same feeling in school and stuck with it bc it seemed like the smart thing to do. It wasn\u2019t! It\u2019s easier to switch into something else now.\u00a0",
      "created_utc": 1749663081.0,
      "score": 2,
      "permalink": "/r/OccupationalTherapy/comments/1l7lu5z/i_dont_think_i_want_to_be_an_ot_anymore/mx8h7fs/",
      "is_submitter": false,
      "edited": false,
      "stickied": false
    },
    {
      "id": "mwxp27v",
      "author": "AutoModerator",
      "body": "Welcome to r/OccupationalTherapy! This is an automatic comment on every post. \n\nIf this is your first time posting, please read the sub rules. If you are asking a question, don't forget to check the sub [FAQs](https://www.reddit.com/r/OccupationalTherapy/wiki/index/faqs), or do a search of the sub to see if your question has been answered already. **Please note that we are not able to give specific treatment advice or exercises to do at home.**\n\nFailure to follow rules may result in your post being removed, or a ban. Thank you! \n\n*I am a bot, and this action was performed automatically. Please [contact the moderators of this subreddit](/message/compose/?to=/r/OccupationalTherapy) if you have any questions or concerns.*",
      "created_utc": 1749517302.0,
      "score": 1,
      "permalink": "/r/OccupationalTherapy/comments/1l7lu5z/i_dont_think_i_want_to_be_an_ot_anymore/mwxp27v/",
      "is_submitter": false,
      "edited": false,
      "stickied": false
    },
    {
      "id": "mwzx8vz",
      "author": "PuzzleheadedDot5318",
      "body": "I also had a lot of difficulty with school and it made me question it I was pursuing the right career. There is so much emphasis of theory and so many different sprinkled in areas to confuse a grad student. Working as an occupational therapist, was very different than the school experience and I\u2019ve worked in a lot of different fields. I would not give up I would keep going. I agree that shadowing hours could be very helpful to give you insight on what you are going to be doing but make sure you\u2019re at a good place and good people. Hang in there, you just have to get done with school. The OT job markets very secure and there are a lot of different areas you can work in. You will be happy when you finish or rather maybe a year in because that is one thing when you do become an OT learning on the job is going to be your best schooling, unfortunately. You just need to check this box and finish school in my opinion. Good luck",
      "created_utc": 1749554525.0,
      "score": 1,
      "permalink": "/r/OccupationalTherapy/comments/1l7lu5z/i_dont_think_i_want_to_be_an_ot_anymore/mwzx8vz/",
      "is_submitter": false,
      "edited": false,
      "stickied": false
    },
    {
      "id": "mx3l6d0",
      "author": "Downtown-Hour-4477",
      "body": "Not worth it.",
      "created_utc": 1749594193.0,
      "score": 1,
      "permalink": "/r/OccupationalTherapy/comments/1l7lu5z/i_dont_think_i_want_to_be_an_ot_anymore/mx3l6d0/",
      "is_submitter": false,
      "edited": false,
      "stickied": false
    },
    {
      "id": "mxaluzz",
      "author": "Salty_Selection_4711",
      "body": "I want to tell you that school for me was miserable. BUT when I got to clinical rotations and then fieldwork my world opened up. It\u2019s the connections I make with my families I serve and the children I serve. It  will do anything to help those on my caseload. It\u2019s an amazing field",
      "created_utc": 1749686334.0,
      "score": 1,
      "permalink": "/r/OccupationalTherapy/comments/1l7lu5z/i_dont_think_i_want_to_be_an_ot_anymore/mxaluzz/",
      "is_submitter": false,
      "edited": false,
      "stickied": false
    },
    {
      "id": "mx14102",
      "author": "mouseshot_",
      "body": "This honestly helped me so much, I was struggling with OP as well. Thank you",
      "created_utc": 1749568781.0,
      "score": 3,
      "permalink": "/r/OccupationalTherapy/comments/1l7lu5z/i_dont_think_i_want_to_be_an_ot_anymore/mx14102/",
      "is_submitter": false,
      "edited": false,
      "stickied": false
    },
    {
      "id": "mx9wno8",
      "author": "Outside_Figure3526",
      "body": "What setting do you work in? I am a curious fieldwork 2 student who is having a hard time envisioning the work life balance",
      "created_utc": 1749677992.0,
      "score": 1,
      "permalink": "/r/OccupationalTherapy/comments/1l7lu5z/i_dont_think_i_want_to_be_an_ot_anymore/mx9wno8/",
      "is_submitter": false,
      "edited": false,
      "stickied": false
    }
  ],
  "relevance": {
    "score": 6.6000000000000005,
    "user_type": "therapist",
    "pain_points": [
      "it\u2019s an amazing field this honestly helped me so much, i was struggling with op as well",
      "* i also had a lot of difficulty with school and it made me question it i was pursuing the right career"
    ],
    "keywords_found": [],
    "sentiment_score": 0.9994,
    "age_relevance": false,
    "urgency_level": "medium",
    "competitive_mentions": [],
    "timestamp": "2025-06-12T15:01:22.971204"
  }
}