{
  "subreddit": "speechtherapy",
  "post": {
    "id": "1h4u0zx",
    "title": "What can I expect from speech therapy? What are your experiences?",
    "author": "__Acedia_",
    "created_utc": 1733143145.0,
    "score": 1,
    "num_comments": 2,
    "url": "https://www.reddit.com/r/SpeechTherapy/comments/1h4u0zx/what_can_i_expect_from_speech_therapy_what_are/",
    "selftext": "So I have trouble talking. Audhd\n\nMy tone is very emotionless, I have trouble pronouncing some words. My pitch is very quiet and when I try to talk louder sounds angry. Also trouble keeping up with conversations having awkward ending words or awkward silences when i dont know what to say and generally trouble expressing different facial expressions (I have 2 faces. resting bitch face or creepy Charles Manson faces)\n\nSo will speech therapy assist with those problems? This is ruining my social life and stopping me from progressing in careers.\n\nI am considering acting classes in the future as well."
  },
  "comments": [
    {
      "id": "m056mv8",
      "author": "happyaly9",
      "body": "To answer your question, yes, an SLP can help.\nI suggest finding an SLP that practices neurodiversity affirming care, as traditional therapy may just teach you how to mask",
      "created_utc": 1733195047.0,
      "score": 1,
      "permalink": "/r/SpeechTherapy/comments/1h4u0zx/what_can_i_expect_from_speech_therapy_what_are/m056mv8/",
      "is_submitter": false,
      "edited": false,
      "stickied": false
    },
    {
      "id": "mdcxdpw",
      "author": "PED_SLP77",
      "body": "Yes, speech therapy can absolutely help with these challenges! It sounds like you're dealing with a combination of difficulties related to **speech clarity, vocal tone, volume control, social communication, etc**, all of which fall within the scope of speech-language pathology.",
      "created_utc": 1739843850.0,
      "score": 1,
      "permalink": "/r/SpeechTherapy/comments/1h4u0zx/what_can_i_expect_from_speech_therapy_what_are/mdcxdpw/",
      "is_submitter": false,
      "edited": false,
      "stickied": false
    }
  ],
  "relevance": {
    "score": 6.0,
    "user_type": "therapist",
    "pain_points": [
      "i suggest finding an slp that practices neurodiversity affirming care, as traditional therapy may just teach you how to mask yes, speech therapy can absolutely help with these challenges! it sounds like you're dealing with a combination of difficulties related to **speech clarity, vocal tone, volume control, social communication, etc**, all of which fall within the scope of speech-language pathology"
    ],
    "keywords_found": [
      "speech therapy"
    ],
    "sentiment_score": -0.8129,
    "age_relevance": false,
    "urgency_level": "low",
    "competitive_mentions": [],
    "timestamp": "2025-06-12T14:46:34.995649"
  }
}