{
  "subreddit": "specialed",
  "post": {
    "id": "1l7kxe0",
    "title": "Little nervous about a situation.",
    "author": "SunlightRoseSparkles",
    "created_utc": 1749514624.0,
    "score": 16,
    "num_comments": 30,
    "url": "https://www.reddit.com/r/specialed/comments/1l7kxe0/little_nervous_about_a_situation/",
    "selftext": "I will be a ex special ed student the day of. So my ex special ed teacher that subbed me for 6 months (She is not subbing me anymore.) invited me to an event the day after school finishes. I want to go but I am scared to tell my parents because they might call the school. Because I know it might seem off to people. But it\u2019s not: I just want to support her. \nBut I am also scared to get her in trouble if it gets out somehow. (Probably by my parents.) \nShe told me to not share the address with anyone else, and I won\u2019t. But it\u2019s not strange is it? I am just supporting her, and she is great to talk to. Our age gaps aren\u2019t that bad at all compared to most she is a recent graduate from a year or 2 ago. I don\u2019t want to get her in trouble. \n\nWould you do this with a student your close to?\n\n\nEdit: Grammar.. Also I might try talking about it with a teacher at school if they agree to keep it between us.\n\nEdit 2: \u201cMission aborted\u201d, like that one comment say. We may hangout an other time but just the 2 of us to start during the summer or whenever. It\u2019s not worth getting fired over, it\u2019s not worth being in a room full of adult stranger that I don\u2019t even know. Now I just need to tell her."
  },
  "comments": [
    {
      "id": "mwxmg9o",
      "author": "datanerdette",
      "body": "Being asked not to share the address with anyone is a problem. You should be able to tell your friends and family where you are at all times, and adults should know and respect this. \n\nPlease listen to your nervousness. It is telling you that something about this isn't right.",
      "created_utc": 1749516416.0,
      "score": 58,
      "permalink": "/r/specialed/comments/1l7kxe0/little_nervous_about_a_situation/mwxmg9o/",
      "is_submitter": false,
      "edited": false,
      "stickied": false
    },
    {
      "id": "mwxj4yu",
      "author": "workingMan9to5",
      "body": "In most states, the situation you are describing is illegal. You need to discuss this with your parents.",
      "created_utc": 1749515289.0,
      "score": 24,
      "permalink": "/r/specialed/comments/1l7kxe0/little_nervous_about_a_situation/mwxj4yu/",
      "is_submitter": false,
      "edited": false,
      "stickied": false
    },
    {
      "id": "mwxmyl5",
      "author": "DankTomato2",
      "body": "Definitely talk to your parents or another trusted adult about this situation. It seems inappropriate.",
      "created_utc": 1749516588.0,
      "score": 16,
      "permalink": "/r/specialed/comments/1l7kxe0/little_nervous_about_a_situation/mwxmyl5/",
      "is_submitter": false,
      "edited": false,
      "stickied": false
    },
    {
      "id": "mwxohva",
      "author": "nennaunir",
      "body": "This does not sound like a situation I would likely support from either side, but what sort of event is it?\u00a0\n\n\nFor perspective, that she even has your contact info this long after working with you is a pretty big red flag to me. Using it to invite you somewhere, to a non-disclosable address? That seems very outside of acceptable to me.",
      "created_utc": 1749517110.0,
      "score": 12,
      "permalink": "/r/specialed/comments/1l7kxe0/little_nervous_about_a_situation/mwxohva/",
      "is_submitter": false,
      "edited": false,
      "stickied": false
    },
    {
      "id": "mwxplxd",
      "author": "TictacTyler",
      "body": "Red flags are waving like crazy. \n\nYou are the only minor invited and told not to share the address. And is from someone who was a former sub but not current. \n\nThis is not anywhere near normal. Please be safe.",
      "created_utc": 1749517484.0,
      "score": 12,
      "permalink": "/r/specialed/comments/1l7kxe0/little_nervous_about_a_situation/mwxplxd/",
      "is_submitter": false,
      "edited": false,
      "stickied": false
    },
    {
      "id": "mwxkzdd",
      "author": "Illustrious-Fun-549",
      "body": "You should talk to your parents, perhaps they can accompany you if they agree. For sure no going with or meeting up with a teacher until your over 18.",
      "created_utc": 1749515916.0,
      "score": 9,
      "permalink": "/r/specialed/comments/1l7kxe0/little_nervous_about_a_situation/mwxkzdd/",
      "is_submitter": false,
      "edited": false,
      "stickied": false
    },
    {
      "id": "mwyg61f",
      "author": "demonita",
      "body": "Abort mission, my friend.",
      "created_utc": 1749526883.0,
      "score": 8,
      "permalink": "/r/specialed/comments/1l7kxe0/little_nervous_about_a_situation/mwyg61f/",
      "is_submitter": false,
      "edited": false,
      "stickied": false
    },
    {
      "id": "mwy3d79",
      "author": "Linda__Ann",
      "body": "If you are asked to keep it a secret, do not go!   Responsible adults do not ask their students to keep a secret!",
      "created_utc": 1749522147.0,
      "score": 5,
      "permalink": "/r/specialed/comments/1l7kxe0/little_nervous_about_a_situation/mwy3d79/",
      "is_submitter": false,
      "edited": false,
      "stickied": false
    },
    {
      "id": "mwyewto",
      "author": "Strange_Fuel0610",
      "body": "Keep in mind, and this is something that you will REALLY understand firsthand when you are in your 20s. But if an adult wants to \u201cmake friends\u201d with teenagers in high school, then there is a reason why they don\u2019t have more friends their own age, and it\u2019s not because \u201cthey are young at heart,\u201d it\u2019s because they are LOSERS! Adults just have better loser detectors than teenagers.",
      "created_utc": 1749526373.0,
      "score": 6,
      "permalink": "/r/specialed/comments/1l7kxe0/little_nervous_about_a_situation/mwyewto/",
      "is_submitter": false,
      "edited": false,
      "stickied": false
    },
    {
      "id": "mwxovo1",
      "author": "Important-Poem-9747",
      "body": "How old are you? What is the event?",
      "created_utc": 1749517242.0,
      "score": 4,
      "permalink": "/r/specialed/comments/1l7kxe0/little_nervous_about_a_situation/mwxovo1/",
      "is_submitter": false,
      "edited": false,
      "stickied": false
    },
    {
      "id": "mx20h90",
      "author": "maxLiftsheavy",
      "body": "Block this person! They are not safe for you. Tell your parents, this person may take advantage of students in the future! This is not safe.",
      "created_utc": 1749577823.0,
      "score": 2,
      "permalink": "/r/specialed/comments/1l7kxe0/little_nervous_about_a_situation/mx20h90/",
      "is_submitter": false,
      "edited": false,
      "stickied": false
    },
    {
      "id": "mx2ddv1",
      "author": "bigchainring",
      "body": "Let's just say I hope you do not attend the event",
      "created_utc": 1749581435.0,
      "score": 2,
      "permalink": "/r/specialed/comments/1l7kxe0/little_nervous_about_a_situation/mx2ddv1/",
      "is_submitter": false,
      "edited": false,
      "stickied": false
    },
    {
      "id": "mwxvezm",
      "author": "chugachugachewy",
      "body": "Wait until you're officially done with school.",
      "created_utc": 1749519457.0,
      "score": 2,
      "permalink": "/r/specialed/comments/1l7kxe0/little_nervous_about_a_situation/mwxvezm/",
      "is_submitter": false,
      "edited": false,
      "stickied": false
    },
    {
      "id": "mx90maz",
      "author": "No_Direction_3745",
      "body": "You don\u2019t need to tell her. She\u2019s an adult and you\u2019re a kid and you don\u2019t owe her an explanation, truly. That in and of itself is a red flag for me.",
      "created_utc": 1749668583.0,
      "score": 1,
      "permalink": "/r/specialed/comments/1l7kxe0/little_nervous_about_a_situation/mx90maz/",
      "is_submitter": false,
      "edited": false,
      "stickied": false
    },
    {
      "id": "mwxngoa",
      "author": "SunlightRoseSparkles",
      "body": "I will tell my parents the address but I will also say that there will be other ex-students with me. Which is a lie. Because then they might freak out because I\u2019ll probably be the only minor. But there won\u2019t be any alcohol.",
      "created_utc": 1749516759.0,
      "score": 1,
      "permalink": "/r/specialed/comments/1l7kxe0/little_nervous_about_a_situation/mwxngoa/",
      "is_submitter": true,
      "edited": false,
      "stickied": false
    },
    {
      "id": "mwxx3uv",
      "author": "SunlightRoseSparkles",
      "body": "She stopped working with us in April, she gave it to almost every student. And just texted her more often than most, because the switch of her leaving was hard since I was deeply attached to her. She is genuinely a nice lady.",
      "created_utc": 1749520021.0,
      "score": 2,
      "permalink": "/r/specialed/comments/1l7kxe0/little_nervous_about_a_situation/mwxx3uv/",
      "is_submitter": true,
      "edited": false,
      "stickied": false
    },
    {
      "id": "mwxpiul",
      "author": "SunlightRoseSparkles",
      "body": "17, it\u2019s a music show she is hosting she will prepare foods and nonalcoholic beverages.",
      "created_utc": 1749517456.0,
      "score": 0,
      "permalink": "/r/specialed/comments/1l7kxe0/little_nervous_about_a_situation/mwxpiul/",
      "is_submitter": true,
      "edited": false,
      "stickied": false
    },
    {
      "id": "mwxoimp",
      "author": "datanerdette",
      "body": "I'm glad you will tell your parents where you are going, but there are a lot of red flags about this. Is there another teacher or adult you can talk to about situation?",
      "created_utc": 1749517117.0,
      "score": 21,
      "permalink": "/r/specialed/comments/1l7kxe0/little_nervous_about_a_situation/mwxoimp/",
      "is_submitter": false,
      "edited": false,
      "stickied": false
    },
    {
      "id": "mwy98lh",
      "author": "justareadermwb",
      "body": "The reason you are planning to lie is because you know that the truth is not okay. You have a guy feeling that what is happening ... the invitation from this substitute to meet up outside of school ... the request for secrecy is NOT something that should be happening. Ou acknowledhe that all of the other adults in your life would have a problem with this, and that should raise red flags for you! Please choose an adult that you trust and tell them exactly what is happening, so they can help you work through this issue. Please do not follow through on your plan to lie to your parents and keep this secret.",
      "created_utc": 1749524222.0,
      "score": 12,
      "permalink": "/r/specialed/comments/1l7kxe0/little_nervous_about_a_situation/mwy98lh/",
      "is_submitter": false,
      "edited": false,
      "stickied": false
    },
    {
      "id": "mwyfecw",
      "author": "Haunting_Turnover_82",
      "body": "Something seems not right. Teachers don\u2019t because me \u201cfriends \u201c with their students. Having you keep a secret is also a red flag! I\u2019d ask your parents first. If she\u2019s afraid of getting in trouble, it\u2019s not appropriate for you to meet up.",
      "created_utc": 1749526571.0,
      "score": 6,
      "permalink": "/r/specialed/comments/1l7kxe0/little_nervous_about_a_situation/mwyfecw/",
      "is_submitter": false,
      "edited": false,
      "stickied": false
    },
    {
      "id": "mwyx4kk",
      "author": "dogglesboggles",
      "body": "So she is already using your emotional vulnerability toward her to get you to keep a secret. Even if she has no ill intent or doesn't realize herself that she's doing this (to give her the utmost benefit of the doubt) this is still a massive red flag situation. \n\nYou describe a  sense of obligation to attend and \"support her\" and  say that you have grown very attached to her. A student who isn't very attached to her would probably not be asked to keep a secret, because they probably wouldn't. \n\nThe very fact that she asked you to keep a secret suggests she knows you care especially for her AND is using it to get you to keep a secret. Secret keeping is a key initial step in grooming and even if it's not that- she could get in trouble if you go. You'll be helping her in the long run by nipping this in the bud. Don't go!!!",
      "created_utc": 1749534692.0,
      "score": 6,
      "permalink": "/r/specialed/comments/1l7kxe0/little_nervous_about_a_situation/mwyx4kk/",
      "is_submitter": false,
      "edited": 1749534948.0,
      "stickied": false
    },
    {
      "id": "mwxsltt",
      "author": "Important-Poem-9747",
      "body": "Is it through an organization or something private, at her house? \n\nAre you in the US? Are you male or female? Do you have a car?",
      "created_utc": 1749518499.0,
      "score": 3,
      "permalink": "/r/specialed/comments/1l7kxe0/little_nervous_about_a_situation/mwxsltt/",
      "is_submitter": false,
      "edited": false,
      "stickied": false
    },
    {
      "id": "mx2yaai",
      "author": "SunlightRoseSparkles",
      "body": "My math teacher said to keep my distance, it\u2019s a weird behaviour and that he will come with a better answer tomorrow.",
      "created_utc": 1749587363.0,
      "score": 7,
      "permalink": "/r/specialed/comments/1l7kxe0/little_nervous_about_a_situation/mx2yaai/",
      "is_submitter": true,
      "edited": false,
      "stickied": false
    },
    {
      "id": "mwxsb9m",
      "author": "SunlightRoseSparkles",
      "body": "My current spEd teachers would lose their shit, my psychologist might call my school, and my parents would not let me go. So now I am here. And I don\u2019t want her to uninvite me. Because I want to be her friend even after I go to College. I would feel a little less paranoid if we waited until school is officially over. Because I finish on x day but school officially 4 days later.",
      "created_utc": 1749518399.0,
      "score": 5,
      "permalink": "/r/specialed/comments/1l7kxe0/little_nervous_about_a_situation/mwxsb9m/",
      "is_submitter": true,
      "edited": false,
      "stickied": false
    },
    {
      "id": "mwxtfnb",
      "author": "SunlightRoseSparkles",
      "body": "She rented her somewhere a dance studio, No I am not American, Female, no I don\u2019t have a car.",
      "created_utc": 1749518780.0,
      "score": 1,
      "permalink": "/r/specialed/comments/1l7kxe0/little_nervous_about_a_situation/mwxtfnb/",
      "is_submitter": true,
      "edited": false,
      "stickied": false
    },
    {
      "id": "mwy689e",
      "author": "delta-whisky",
      "body": "They would all get upset for a reason. She really shouldn\u2019t be inviting you over. She may be close in age and a sort of friend but she is making a bad decision here.",
      "created_utc": 1749523151.0,
      "score": 17,
      "permalink": "/r/specialed/comments/1l7kxe0/little_nervous_about_a_situation/mwy689e/",
      "is_submitter": false,
      "edited": false,
      "stickied": false
    },
    {
      "id": "mwy754k",
      "author": "DaksTheDaddyNow",
      "body": "It sounds like you're looking for a blessing to go ahead and do this meet up. Everybody is telling you it doesn't sound right. I'm an ex special education teacher and I would never think of giving a student my PERSONAL number and address unless it was with the knowledge of their parents with a clear understanding of boundaries. And for what it's worth, I can't think of a single non-life-threatening situation where I would actually do this. Unless you're over 18 and graduating and they are truly just a year or two older than I would definitely not go. You would be risking a lot of trouble for the teacher, even if they want you to come over. What is the \"event\" you were invited to and why would nobody else mention you were there?",
      "created_utc": 1749523473.0,
      "score": 17,
      "permalink": "/r/specialed/comments/1l7kxe0/little_nervous_about_a_situation/mwy754k/",
      "is_submitter": false,
      "edited": false,
      "stickied": false
    },
    {
      "id": "mwye40y",
      "author": "Strange_Fuel0610",
      "body": "Listen to your gut! If all of these adults in your life that you know and trust would be flipping out if they knew, then trust that they would have good reason to flip out!",
      "created_utc": 1749526052.0,
      "score": 9,
      "permalink": "/r/specialed/comments/1l7kxe0/little_nervous_about_a_situation/mwye40y/",
      "is_submitter": false,
      "edited": false,
      "stickied": false
    },
    {
      "id": "mwyamsp",
      "author": "Important-Poem-9747",
      "body": "I don\u2019t know that this is a big deal. I think you\u2019ve graduated HS? \n\nHowever, based on your comments, you\u2019re getting the icky feeling, so you shouldn\u2019t go. \n\nI\u2019ve given my phone number to students, mostly because I know they won\u2019t call me.",
      "created_utc": 1749524721.0,
      "score": 1,
      "permalink": "/r/specialed/comments/1l7kxe0/little_nervous_about_a_situation/mwyamsp/",
      "is_submitter": false,
      "edited": false,
      "stickied": false
    },
    {
      "id": "mwy8jfe",
      "author": "SunlightRoseSparkles",
      "body": "1. Yea I am trying to convince myself that\u2019s it\u2019s not THAT bad.\n2. She gave her fun number to the most of us while leaving, no my parents don\u2019t know, but I have a lot of special ed teachers numbers for different reasons. \n3. I am under 18 and graduating. (17.) \n4. No they graduated college a 1-2 years ago. But they are roughly 7-8 years older. \n5. It\u2019s a music show she is hosting, and it\u2019s mostly between her friends and her \u201cdancemates\u201d, and she doesn\u2019t hang out with other teachers out of school, and I am the only one that text her not everyday but when I want to meet up with her at school or to tell her things. \n8. I will try talking to my math teacher about it if he promises not to talk about it with anyone. (I won\u2019t say it\u2019s who but he will know.) \n9. I usually need help processing these kinds of things but like any adult I could talk about it about might freak out and get her fired.",
      "created_utc": 1749523973.0,
      "score": 1,
      "permalink": "/r/specialed/comments/1l7kxe0/little_nervous_about_a_situation/mwy8jfe/",
      "is_submitter": true,
      "edited": false,
      "stickied": false
    }
  ],
  "relevance": {
    "score": 6,
    "user_type": "parent",
    "pain_points": [
      "i usually need help processing these kinds of things but like any adult i could talk about it about might freak out and get her fired",
      "it sounds like you're looking for a blessing to go ahead and do this meet up"
    ],
    "keywords_found": [],
    "sentiment_score": 0.9987,
    "age_relevance": false,
    "urgency_level": "low",
    "competitive_mentions": [],
    "timestamp": "2025-06-12T14:55:07.068001"
  }
}