{
  "subreddit": "teachers",
  "post": {
    "id": "1l9o1nk",
    "title": "What's your opinion on starting class late and leaving early?",
    "author": "cptweeaboo",
    "created_utc": 1749738879.0,
    "score": 0,
    "num_comments": 42,
    "url": "https://www.reddit.com/r/Teachers/comments/1l9o1nk/whats_your_opinion_on_starting_class_late_and/",
    "selftext": "So for context a co-worker and I had a discussion where she asked me why I start my classes a few minutes late and let my students leave a few minutes early.\n\nHer arguement was that we should use every second of the class we have and reprimand the students that are late.\n\nMy argument was, I'm not starting a class without most of my students ready and I will let them leave early if we have finished all the work so they can go home early or get to their next class on time.\n\nI want to know what are your opinions on this?"
  },
  "comments": [
    {
      "id": "mxdzs51",
      "author": "Independent-Lake-849",
      "body": "That is not a benefit to students. That is teaching them that the world will wait on them. In reality, their jobs will not wait, the job will terminate them for showing up late and leaving early.",
      "created_utc": 1749739169.0,
      "score": 41,
      "permalink": "/r/Teachers/comments/1l9o1nk/whats_your_opinion_on_starting_class_late_and/mxdzs51/",
      "is_submitter": false,
      "edited": false,
      "stickied": false
    },
    {
      "id": "mxdzp81",
      "author": "MeowMeowPrincee",
      "body": "What grade do you teach? That\u2019s fine for college but not anywhere else. I\u2019d be written up if I let kids leave before the bell, they can\u2019t be in the hallways like that. Starting a few minutes late is no biggie, waiting for everyone to get ready is fine and letting them have a break when they are done is fine too. But coming in late or leaving early is wild.",
      "created_utc": 1749739145.0,
      "score": 38,
      "permalink": "/r/Teachers/comments/1l9o1nk/whats_your_opinion_on_starting_class_late_and/mxdzp81/",
      "is_submitter": false,
      "edited": false,
      "stickied": false
    },
    {
      "id": "mxdzwud",
      "author": "brickout",
      "body": "Letting them leave early is extremely distracting to other classes.\u00a0",
      "created_utc": 1749739207.0,
      "score": 37,
      "permalink": "/r/Teachers/comments/1l9o1nk/whats_your_opinion_on_starting_class_late_and/mxdzwud/",
      "is_submitter": false,
      "edited": false,
      "stickied": false
    },
    {
      "id": "mxdzoe9",
      "author": "emarkd",
      "body": "Starting a few minutes after the bell is one thing, assuming your students are in class while you \"gather yourself\" and prepare to start. But every school I have personal experience with would definitely not be happy with a teacher letting students come in late (ignoring tardies) or especially releasing them from the classroom early. Those are not teacher policies. Those are building policies.",
      "created_utc": 1749739138.0,
      "score": 23,
      "permalink": "/r/Teachers/comments/1l9o1nk/whats_your_opinion_on_starting_class_late_and/mxdzoe9/",
      "is_submitter": false,
      "edited": false,
      "stickied": false
    },
    {
      "id": "mxdzr0j",
      "author": "South-Lab-3991",
      "body": "I don\u2019t know about using every second of class for instruction, but you absolutely 100% should not be letting students leave class early, and I\u2019m honestly surprised you have your job still if that\u2019s something you do regularly.",
      "created_utc": 1749739160.0,
      "score": 17,
      "permalink": "/r/Teachers/comments/1l9o1nk/whats_your_opinion_on_starting_class_late_and/mxdzr0j/",
      "is_submitter": false,
      "edited": false,
      "stickied": false
    },
    {
      "id": "mxdzyou",
      "author": "Puzzleheaded_Bar2236",
      "body": "Is this high school? This is appropriate for college courses, but not high school or lower. If class finishes early, just give them free time in the classroom. I can't imagine admin being okay with dismissing students early so they can roam the halls",
      "created_utc": 1749739221.0,
      "score": 14,
      "permalink": "/r/Teachers/comments/1l9o1nk/whats_your_opinion_on_starting_class_late_and/mxdzyou/",
      "is_submitter": false,
      "edited": false,
      "stickied": false
    },
    {
      "id": "mxe1nnw",
      "author": "The-Reanimator-Freak",
      "body": "Dude, my boss would be pissed it if I did this bullshit.",
      "created_utc": 1749739713.0,
      "score": 9,
      "permalink": "/r/Teachers/comments/1l9o1nk/whats_your_opinion_on_starting_class_late_and/mxe1nnw/",
      "is_submitter": false,
      "edited": false,
      "stickied": false
    },
    {
      "id": "mxe15i5",
      "author": "BoomerTeacher",
      "body": "I know you don't see it this way, but you're sending the message to your colleagues that you are more important than them.  They have to listen to students saying, \"Mr. Tweeaboo lets his kids leave early, why can't we?\" They have to listen to kids protesting being marked tardy, \"Mr. Tweeaboo doesn't care if we're a few minutes late\".  Unless you're teaching in a completely chaotic school, you're undermining your colleagues who do enforce the rules.\n\nAnd I also agree with your colleagues:  We must use our time well.  Whether it's by having a bellringer for them to do the moment the tardy bell rings or if you start your lecture right away, the fact is, you have a finite amount of time to teach and you're throwing a not-insignificant amount of that time in the trash by your habits.",
      "created_utc": 1749739567.0,
      "score": 8,
      "permalink": "/r/Teachers/comments/1l9o1nk/whats_your_opinion_on_starting_class_late_and/mxe15i5/",
      "is_submitter": false,
      "edited": false,
      "stickied": false
    },
    {
      "id": "mxe07sb",
      "author": "stumblewiggins",
      "body": "You shouldn't be letting them leave before the bell rings, because you are still responsible for their whereabouts and wellbeing until then. This is probably not a significant risk in most schools, but it is a risk you are exposing yourself to, and of course the other teachers are probably not thrilled if your class is habitually leaving early en masse. \n\nStarting late and ending early, however, I think is totally up to your discretion, you should just keep them in your room until the bell in most cases. \n\nThe only thing against starting late/ending early is that depending on the length of your periods, you are potentially missing out on valuable time if you planned for it. But I don't feel in a position to judge your use of time without having actually sat in on your classes. If you feel like you are accomplishing what you need to within the time you have, that's your prerogative.",
      "created_utc": 1749739295.0,
      "score": 7,
      "permalink": "/r/Teachers/comments/1l9o1nk/whats_your_opinion_on_starting_class_late_and/mxe07sb/",
      "is_submitter": false,
      "edited": false,
      "stickied": false
    },
    {
      "id": "mxe06ie",
      "author": "Embarrassed_Dream693",
      "body": "What grade do you teach? It sounds like college if they\u2019re allowed to leave class early to start heading to the next or to go home. If college, well yeah, without a doubt, I think this is very functional. Even in K-12 it makes sense that class starts a few minutes late while waiting on everyone to be ready to take in the information, unless you\u2019re taking about like 15, 20, 30 minutes late. That\u2019s excessive. I see no issue with ending the lesson a few minutes early and giving free time to work on whatever they need to work on or do something else that is appropriate, but actually leaving the classroom early is not what I\u2019d do. It becomes an issue in the school for obvious reasons. Also, I definitely count tardies. That\u2019s not just something to be nitpicky, it\u2019s about safety and general organization. Students who are consistently tardy need more structure, so counting tardies is meant to bring upon consequences that help them learn that.",
      "created_utc": 1749739285.0,
      "score": 6,
      "permalink": "/r/Teachers/comments/1l9o1nk/whats_your_opinion_on_starting_class_late_and/mxe06ie/",
      "is_submitter": false,
      "edited": false,
      "stickied": false
    },
    {
      "id": "mxe0gn3",
      "author": "GreatPlainsGuy1021",
      "body": "While I don't reprimand for tardiness other than marking them tardy, we start class on time. Like in real life when you start work on time. Also letting then leave early is a liability. Theyre your responsibility that hour and now wandering the halls. My principal would probably try to fire us for that and rightfully so.",
      "created_utc": 1749739368.0,
      "score": 6,
      "permalink": "/r/Teachers/comments/1l9o1nk/whats_your_opinion_on_starting_class_late_and/mxe0gn3/",
      "is_submitter": false,
      "edited": false,
      "stickied": false
    },
    {
      "id": "mxe0jsu",
      "author": "WolftankPick",
      "body": "I'm not going to argue why it's a bad idea.  If you think that is best for your students then so be it.\n\nBut if your kids come interrupt my class when you let them out early I am going to wring your neck.",
      "created_utc": 1749739393.0,
      "score": 5,
      "permalink": "/r/Teachers/comments/1l9o1nk/whats_your_opinion_on_starting_class_late_and/mxe0jsu/",
      "is_submitter": false,
      "edited": false,
      "stickied": false
    },
    {
      "id": "mxe0sah",
      "author": "Nenoshka",
      "body": "Your admin and other teachers look at you as a weak teacher.\n\nLetting those kids roam the halls before the bell? They'll be getting into trouble and it will fall back on you.\n\nNot caring if they show up late? That's setting a bad example for their future work lives. Let's teach them how to function as adults out in the world.",
      "created_utc": 1749739462.0,
      "score": 5,
      "permalink": "/r/Teachers/comments/1l9o1nk/whats_your_opinion_on_starting_class_late_and/mxe0sah/",
      "is_submitter": false,
      "edited": false,
      "stickied": false
    },
    {
      "id": "mxe1kct",
      "author": "DownriverRat91",
      "body": "You start your class late and let your students leave early? I work at an incredibly chill high school, but that behavior would get you written up and/or replaced.\n\nFollow the rules and expectations placed on you by the administrators. What message does it send to students and others in the building about your class if you consistently start late and let them out early?",
      "created_utc": 1749739686.0,
      "score": 4,
      "permalink": "/r/Teachers/comments/1l9o1nk/whats_your_opinion_on_starting_class_late_and/mxe1kct/",
      "is_submitter": false,
      "edited": false,
      "stickied": false
    },
    {
      "id": "mxe1zfo",
      "author": "Huskerschu",
      "body": "Yeah that's a bad policy if I did that in high school I'd get fired",
      "created_utc": 1749739806.0,
      "score": 4,
      "permalink": "/r/Teachers/comments/1l9o1nk/whats_your_opinion_on_starting_class_late_and/mxe1zfo/",
      "is_submitter": false,
      "edited": false,
      "stickied": false
    },
    {
      "id": "mxe0vhd",
      "author": "AleroRatking",
      "body": "In grade school it hinders everyone else because it's a disruption. Hallway times exist for a reason.\n\nCollege is whatever",
      "created_utc": 1749739487.0,
      "score": 3,
      "permalink": "/r/Teachers/comments/1l9o1nk/whats_your_opinion_on_starting_class_late_and/mxe0vhd/",
      "is_submitter": false,
      "edited": false,
      "stickied": false
    },
    {
      "id": "mxe113j",
      "author": "Spiritual-Band-9781",
      "body": "I start when the bell rings. That\u2019s when class starts. It\u2019s a no brainer for me, but it\u2019s your classroom\u2026do what you want.\n\nLetting the kids leave early puts you in a bind liability wise. If one of those kids gets into a fight, causes trouble, or gets hurt leaving school in some capacity\u2026you are in big trouble. Tread lightly",
      "created_utc": 1749739532.0,
      "score": 3,
      "permalink": "/r/Teachers/comments/1l9o1nk/whats_your_opinion_on_starting_class_late_and/mxe113j/",
      "is_submitter": false,
      "edited": false,
      "stickied": false
    },
    {
      "id": "mxe2kt2",
      "author": "Better-Profession-43",
      "body": "How old are you? How haven\u2019t you been reprimanded yet?",
      "created_utc": 1749739976.0,
      "score": 3,
      "permalink": "/r/Teachers/comments/1l9o1nk/whats_your_opinion_on_starting_class_late_and/mxe2kt2/",
      "is_submitter": false,
      "edited": false,
      "stickied": false
    },
    {
      "id": "mxe2rl7",
      "author": "GameBackOn2024",
      "body": "Letting kids leave class early is a very dangerous thing to do for you and for them. I have seen teachers set up an \"open bellringer\" which takes up 5-7 minutes but can be completed quicker. I would be very apprehensive about ever letting students out before the bell.",
      "created_utc": 1749740029.0,
      "score": 3,
      "permalink": "/r/Teachers/comments/1l9o1nk/whats_your_opinion_on_starting_class_late_and/mxe2rl7/",
      "is_submitter": false,
      "edited": false,
      "stickied": false
    },
    {
      "id": "mxe40k4",
      "author": "stevejuliet",
      "body": "Starting late as part of your procedure to allow students to settle in? Fine. That's part of your class culture.\n\nLetting them leave early? Absolutely not. I'm tired of hearing students whine to me about how I never let them leave early like some other teachers. I also get students coming *into my room* before the bell has rung to dismiss them from their previous class.\n\nDon't be an asshole.",
      "created_utc": 1749740385.0,
      "score": 1,
      "permalink": "/r/Teachers/comments/1l9o1nk/whats_your_opinion_on_starting_class_late_and/mxe40k4/",
      "is_submitter": false,
      "edited": false,
      "stickied": false
    },
    {
      "id": "mxe22qy",
      "author": "Advanced_Cranberry_4",
      "body": "Are you still teaching Kindergartners? If so I don\u2019t know how you\u2019re releasing them early.",
      "created_utc": 1749739832.0,
      "score": 2,
      "permalink": "/r/Teachers/comments/1l9o1nk/whats_your_opinion_on_starting_class_late_and/mxe22qy/",
      "is_submitter": false,
      "edited": false,
      "stickied": false
    },
    {
      "id": "mxe2bhh",
      "author": "InternationalTexan71",
      "body": "As long as they are in your room and not disrupting other classes, starting a couple of minutes late is your prerogative. Occasionally, sure. But regularly? You're teaching them that punctuality is not important. And as to letting them out early...NO. Absolutely not. One, they're your responsibility. Two, we don't have enough instructional time as it is. Three, you're being disrespectful to your fellow teachers by unleashing your kids into the halls while they're still teaching. Finish early? It happens. Use the time. Review with them, engage them, ask them their thoughts about something. Build those relationships and class bonds.",
      "created_utc": 1749739901.0,
      "score": 3,
      "permalink": "/r/Teachers/comments/1l9o1nk/whats_your_opinion_on_starting_class_late_and/mxe2bhh/",
      "is_submitter": false,
      "edited": false,
      "stickied": false
    },
    {
      "id": "mxe4b0h",
      "author": "ImportantLife8990",
      "body": "Looking at your profile I am so confused. Do you really teach kindergarten asking this question? Am I terribly confused?",
      "created_utc": 1749740469.0,
      "score": 1,
      "permalink": "/r/Teachers/comments/1l9o1nk/whats_your_opinion_on_starting_class_late_and/mxe4b0h/",
      "is_submitter": false,
      "edited": false,
      "stickied": false
    },
    {
      "id": "mxe2gk9",
      "author": "joshuastar",
      "body": "Bell-to-Bell lesson plans are best practice. \n\neven if the first few minutes are reserved for \u201cYou have 4 minutes to unpack your stuff and open this file in Canvas\u201d or something like that. \n\na lot of stupid stuff can happen in 1 minute at the end of class, so even planning a quick review, a cleanup routine, or something like that to take you up to the release bell is the best way to stop problems before they start.",
      "created_utc": 1749739942.0,
      "score": 1,
      "permalink": "/r/Teachers/comments/1l9o1nk/whats_your_opinion_on_starting_class_late_and/mxe2gk9/",
      "is_submitter": false,
      "edited": false,
      "stickied": false
    },
    {
      "id": "mxe3m9z",
      "author": "aotus76",
      "body": "That\u2019s why I always start class with a bell ringer. I teach 6th grade in a middle school. Especially in the beginning of the year when they are still learning to navigate the school and handle their lockers they are often late. There is always a bell ringer on the board - a thinking question to answer in their notebook, drawing or writing something related to the topic in Peardeck, occasionally a handout to complete - when they walk in, so they are immediately engaged. Students who are late can listen to the other students as we discuss their answers/ drawings. Then we transition into the main part of the lesson. We go to the bell - letting middle schoolers out of class early is a recipe for disaster and extremely disrespectful to other teachers.",
      "created_utc": 1749740272.0,
      "score": 1,
      "permalink": "/r/Teachers/comments/1l9o1nk/whats_your_opinion_on_starting_class_late_and/mxe3m9z/",
      "is_submitter": false,
      "edited": false,
      "stickied": false
    },
    {
      "id": "mxe2soe",
      "author": "DayKapre",
      "body": "I\u2019m currently in a grad program for teaching that encourages this for a number of reasons.\nSchool overcrowding making it hard to get to classes on the other side of school. Interruptions of having to restart every time new kids come in. The 5 minutes at the end of class that students are not paying attention and packing up anyway. My reason is rest is a value of mine, and in a capitalist society it\u2019s a value that I have to fight to have represented in my classroom. \n\nWe as adults and employees need to be more understanding these kids have a 7-8 hour work day without 2 legally mandated 15 minute work breaks and sometimes with 20 minute lunches where 10 minutes is just waiting in line for food. Students aren\u2019t covered by employment laws but are practicing workdays, and are encouraged to learn to overwork to provide more value for a company without getting any of that value back for themselves. They\u2019re doing hours of homework after school. For my high schoolers, many have jobs they work to help their families pay rent. So if I can give them an extra 10 minutes out of each of my classes to get rest, or to get to their next class with a less forgiving teacher, or to pee between class periods without consequences, I\u2019m doing my job. And I don\u2019t care what admin I have to fistfight to maintain the dignity of rest for my students.",
      "created_utc": 1749740038.0,
      "score": 0,
      "permalink": "/r/Teachers/comments/1l9o1nk/whats_your_opinion_on_starting_class_late_and/mxe2soe/",
      "is_submitter": false,
      "edited": false,
      "stickied": false
    },
    {
      "id": "mxe2p7b",
      "author": "cptweeaboo",
      "body": "Never considered it like that. Thanks for your input",
      "created_utc": 1749740011.0,
      "score": 1,
      "permalink": "/r/Teachers/comments/1l9o1nk/whats_your_opinion_on_starting_class_late_and/mxe2p7b/",
      "is_submitter": true,
      "edited": false,
      "stickied": false
    },
    {
      "id": "mxe2kyq",
      "author": "Puzzleheaded_Fix5041",
      "body": "Yes, world can wait, job can wait. (though it doesn't have to, I agree)\n\nWhat horrible jobs are you doing? That sounds like a really unfriendly system. Is it a preparation for an office job in the US or Asia?\n\nNot every job has to be like that and not all of your students will become workers under some boss.\nYou know many jobs don't have such strict rules, right? Many jobs don't even have bosses. Some bosses care for employees' wellbeing.\n\n\nOr maybe I would agree with the timing part but under one condition... Do you also teach students their value, value of their labor, to be active in unions and that work and being on time isn't the most important thing in life? Do you teach them about work-life balance and wellbeing, the importance of irrationality in one's life and importance of boredom, sadness and being alone?\n\nI agree with need for discipline but there has to be a balance and some kind of reaction to the expectation of bosses to be \"just another brick in the wall\".",
      "created_utc": 1749739978.0,
      "score": -4,
      "permalink": "/r/Teachers/comments/1l9o1nk/whats_your_opinion_on_starting_class_late_and/mxe2kyq/",
      "is_submitter": false,
      "edited": false,
      "stickied": false
    },
    {
      "id": "mxe0pgl",
      "author": "South-Lab-3991",
      "body": "And a huge safety violation. My school has regular fights and weapons being brought in are a couple of times a year issue. If I let my class go early, I am putting myself in serious legal jeopardy",
      "created_utc": 1749739439.0,
      "score": 15,
      "permalink": "/r/Teachers/comments/1l9o1nk/whats_your_opinion_on_starting_class_late_and/mxe0pgl/",
      "is_submitter": false,
      "edited": false,
      "stickied": false
    },
    {
      "id": "mxe31aa",
      "author": "cptweeaboo",
      "body": "It's by 1-2 minutes mostly and my boss seems fine with it or she just doesn't know.",
      "created_utc": 1749740107.0,
      "score": -3,
      "permalink": "/r/Teachers/comments/1l9o1nk/whats_your_opinion_on_starting_class_late_and/mxe31aa/",
      "is_submitter": true,
      "edited": false,
      "stickied": false
    },
    {
      "id": "mxe2evc",
      "author": "South-Lab-3991",
      "body": "I would have been fired the second time I did this. At BEST my students would be a distraction to other classes. At worst, they\u2019d use the extra time to get in position to jump someone coming out of another class. The fights in my school are rampant, and the hallways are so crowded that it acts as a deterrent. I\u2019d literally be giving kids a drop on someone by doing this. I\u2019m astounded by how irresponsible it is.",
      "created_utc": 1749739928.0,
      "score": 2,
      "permalink": "/r/Teachers/comments/1l9o1nk/whats_your_opinion_on_starting_class_late_and/mxe2evc/",
      "is_submitter": false,
      "edited": false,
      "stickied": false
    },
    {
      "id": "mxe3h1o",
      "author": "cptweeaboo",
      "body": "We usually get the lesson done with a bit of time to spare that I usually use to review. But I hear what you say. I haven't considered it that way. Thank you",
      "created_utc": 1749740231.0,
      "score": 1,
      "permalink": "/r/Teachers/comments/1l9o1nk/whats_your_opinion_on_starting_class_late_and/mxe3h1o/",
      "is_submitter": true,
      "edited": false,
      "stickied": false
    },
    {
      "id": "mxe40h8",
      "author": "cptweeaboo",
      "body": "Mostly in my classes we accomplish what I want them to learn before the bell rings. Our classes are usually 1h30m long with the 5ish minutes buffer between late arrival and early departure. Around the hour mark we usually have completed the material and review. But thanks for your input",
      "created_utc": 1749740384.0,
      "score": 1,
      "permalink": "/r/Teachers/comments/1l9o1nk/whats_your_opinion_on_starting_class_late_and/mxe40h8/",
      "is_submitter": true,
      "edited": false,
      "stickied": false
    },
    {
      "id": "mxe34ow",
      "author": "South-Lab-3991",
      "body": "Heck, letting them play on their phones for the last ten minutes is a lot better option than just dismissing them to do whatever they want.",
      "created_utc": 1749740134.0,
      "score": 2,
      "permalink": "/r/Teachers/comments/1l9o1nk/whats_your_opinion_on_starting_class_late_and/mxe34ow/",
      "is_submitter": false,
      "edited": false,
      "stickied": false
    },
    {
      "id": "mxe3wxu",
      "author": "South-Lab-3991",
      "body": "Your job is to help promote a safe and orderly school, and if you are letting kids out TEN minutes early you are flat out defying the expectations of your job, and you should be fired. Your ideals are irrelevant here. I can\u2019t believe what I just read.",
      "created_utc": 1749740356.0,
      "score": 1,
      "permalink": "/r/Teachers/comments/1l9o1nk/whats_your_opinion_on_starting_class_late_and/mxe3wxu/",
      "is_submitter": false,
      "edited": false,
      "stickied": false
    },
    {
      "id": "mxe35h3",
      "author": "Masters_domme",
      "body": "I HAVE to know what grade you teach.",
      "created_utc": 1749740140.0,
      "score": 2,
      "permalink": "/r/Teachers/comments/1l9o1nk/whats_your_opinion_on_starting_class_late_and/mxe35h3/",
      "is_submitter": false,
      "edited": false,
      "stickied": false
    },
    {
      "id": "mxe2kml",
      "author": "cptweeaboo",
      "body": "That's wild! Where do you teach?",
      "created_utc": 1749739975.0,
      "score": -2,
      "permalink": "/r/Teachers/comments/1l9o1nk/whats_your_opinion_on_starting_class_late_and/mxe2kml/",
      "is_submitter": true,
      "edited": false,
      "stickied": false
    },
    {
      "id": "mxe37ir",
      "author": "South-Lab-3991",
      "body": "Completely unacceptable.",
      "created_utc": 1749740156.0,
      "score": 6,
      "permalink": "/r/Teachers/comments/1l9o1nk/whats_your_opinion_on_starting_class_late_and/mxe37ir/",
      "is_submitter": false,
      "edited": false,
      "stickied": false
    },
    {
      "id": "mxe4a8u",
      "author": "Several-Honey-8810",
      "body": "Agreed. That just proves that education classes and grad classes in colleges are incredibly out of touch with what's going on in schools",
      "created_utc": 1749740463.0,
      "score": 1,
      "permalink": "/r/Teachers/comments/1l9o1nk/whats_your_opinion_on_starting_class_late_and/mxe4a8u/",
      "is_submitter": false,
      "edited": false,
      "stickied": false
    },
    {
      "id": "mxe2vrd",
      "author": "emarkd",
      "body": "Lots and lots of us teach in schools like that. Do you not watch the news?\n\n\"Watch 'em all, all the time\"",
      "created_utc": 1749740063.0,
      "score": 5,
      "permalink": "/r/Teachers/comments/1l9o1nk/whats_your_opinion_on_starting_class_late_and/mxe2vrd/",
      "is_submitter": false,
      "edited": false,
      "stickied": false
    },
    {
      "id": "mxe3c4m",
      "author": "South-Lab-3991",
      "body": "Huge title 1 school with 2,000 + kids",
      "created_utc": 1749740192.0,
      "score": 2,
      "permalink": "/r/Teachers/comments/1l9o1nk/whats_your_opinion_on_starting_class_late_and/mxe3c4m/",
      "is_submitter": false,
      "edited": false,
      "stickied": false
    }
  ],
  "relevance": {
    "score": 7.15,
    "user_type": "teacher",
    "pain_points": [],
    "keywords_found": [
      "transition",
      "routine",
      "kindergarten"
    ],
    "sentiment_score": 0.9836,
    "age_relevance": true,
    "urgency_level": "high",
    "competitive_mentions": [],
    "timestamp": "2025-06-12T15:01:45.420760"
  }
}