{
  "subreddit": "teachers",
  "post": {
    "id": "1l9dhq2",
    "title": "Teachers, what is your personal opinion on school phone policies.",
    "author": "Goldfire87",
    "created_utc": 1749702625.0,
    "score": 0,
    "num_comments": 40,
    "url": "https://www.reddit.com/r/Teachers/comments/1l9dhq2/teachers_what_is_your_personal_opinion_on_school/",
    "selftext": "I ask this as next year my school is officially having a school phone policy. (They had phone restrictions this year but honest to God No teacher or administrator enforced it)\n\nI have mix feelings over it as I see both sides of it. One side is that yes people will become less distracted and engaged and don't have the ability to snipe someone on snap chat. Can also increase face to face interactions Instead of staring at a phone 24/7. I have asked people of there screen time and someone said \"its only 14 hours today, not that bad.\" I'm sitting here like...what! The most I have seen from a student is 21 hours, and 34 minutes... on the other hand it widely varies on how each school handles the situation. Some studies shown as the effectiveness of school phone policies have been mixed, some good, some bad. For my school I think it will have some bad effects as my school has shifted from pen and paper to online and kinda enforcing this always online activity paired with 75% of all assignments being online. Also with a crappy security thing they have on the chromebooks that block literally everything already and they want to make it stricter (you have a 50/50 shot of being blocked from looking up a banana, the fruit) so I don't really know how it's all gonna play out really. I could probably talk more about it but I've went on a yap spree too much already \ud83d\ude05. I'll end it here."
  },
  "comments": [
    {
      "id": "mxbtred",
      "author": "zaqwsx82211",
      "body": "Students should have 0 access to their phone during the school day. (Probably not enough, but you\u2019re asking about school policies)\n\nParents should set up parental controls to help support school policies\n\nConsider reading The Anxious Generation for a research supported deep dive.",
      "created_utc": 1749703033.0,
      "score": 30,
      "permalink": "/r/Teachers/comments/1l9dhq2/teachers_what_is_your_personal_opinion_on_school/mxbtred/",
      "is_submitter": false,
      "edited": false,
      "stickied": false
    },
    {
      "id": "mxbtvtb",
      "author": "BlackQuartzSphinx_",
      "body": "As of 2023, the school I teach at has a policy of no phones or smart devices during instructional time. The devices are turned in and locked up barring lunch break.\u00a0\n\n\nThere were some growing pains since it was new, but this year was much smoother. Students don't complain, they put their phones away without even needing to be reminded for the most part.\u00a0\n\n\nThe ones who really don't want to do their work will always find a way - I had a junior this year who would literally stare at a blank Google doc - but the ones who just needed the distraction gone did pretty well at actually being able to focus.",
      "created_utc": 1749703091.0,
      "score": 10,
      "permalink": "/r/Teachers/comments/1l9dhq2/teachers_what_is_your_personal_opinion_on_school/mxbtvtb/",
      "is_submitter": false,
      "edited": false,
      "stickied": false
    },
    {
      "id": "mxbv7qs",
      "author": "22_Yossarian_22",
      "body": "Students don\u2019t need smart phones in lessons.\nSwitch back to pen and paper.\n\nEasy solution.",
      "created_utc": 1749703724.0,
      "score": 6,
      "permalink": "/r/Teachers/comments/1l9dhq2/teachers_what_is_your_personal_opinion_on_school/mxbv7qs/",
      "is_submitter": false,
      "edited": false,
      "stickied": false
    },
    {
      "id": "mxbuk22",
      "author": "Grombrindal18",
      "body": "At my school (pre-k to 8th) any phones seen on a student are confiscated, and brought to the office. A parent needs to pick the device up from there. Sometimes they'll be written up too, depending on what they were doing on them. And they'll end up suspended if an admin needs to come to the class because they refuse to hand it to a teacher. It also helps that parents don't have a leg to stand on if they don't like it, because it is district policy as well as state law that students do not have access to their phones during the school day.\n\nAny that are brought to school are stored in a box that's locked up in their homeroom until dismissal. \n\nI wouldn't have it any other way. It definitely helps them to focus in class. \n\nYeah, they find other distractions, but I only have to deal with a phone in class every few weeks, instead of every class of every day (which is what happened at my previous school, where they were not collected and policies were more lax).",
      "created_utc": 1749703408.0,
      "score": 4,
      "permalink": "/r/Teachers/comments/1l9dhq2/teachers_what_is_your_personal_opinion_on_school/mxbuk22/",
      "is_submitter": false,
      "edited": false,
      "stickied": false
    },
    {
      "id": "mxbwsxj",
      "author": "Superb_Journalist_94",
      "body": "No phones was always the policy back when kids had attention spans.",
      "created_utc": 1749704501.0,
      "score": 4,
      "permalink": "/r/Teachers/comments/1l9dhq2/teachers_what_is_your_personal_opinion_on_school/mxbwsxj/",
      "is_submitter": false,
      "edited": false,
      "stickied": false
    },
    {
      "id": "mxbuiaf",
      "author": "WeratheDrow",
      "body": "Our policy is kids are allowed to carry their phones class to class but must put it in the pocket chart. They also are allowed to carry their phones to lunch and recess but mustnt be on it, but they can keep it just in case for family emergencies in which case they must go to the main office..\n\n... The issue is this doesn't fucking work because they can just hide it and kids are going to fight you when they have an obviously strangely phone shaped pocket that is full and say \"I'm talking to my parents!!!\" And I've tried maintaining this throughout the year but honestly there came a point where I'm just so fucking exhausted especially with parents sending threatening emails to me about confiscating their phones when they're supposedly need to be in contact with their kids.\n\nI rather it change to something more strict because it's taking my focus and energy away from teaching, and more like regulating addicts who are allowed to carry their drug of choice around.",
      "created_utc": 1749703386.0,
      "score": 3,
      "permalink": "/r/Teachers/comments/1l9dhq2/teachers_what_is_your_personal_opinion_on_school/mxbuiaf/",
      "is_submitter": false,
      "edited": false,
      "stickied": false
    },
    {
      "id": "mxbx8xs",
      "author": "POGsarehatedbyGod",
      "body": "Ban them at the front door",
      "created_utc": 1749704720.0,
      "score": 3,
      "permalink": "/r/Teachers/comments/1l9dhq2/teachers_what_is_your_personal_opinion_on_school/mxbx8xs/",
      "is_submitter": false,
      "edited": false,
      "stickied": false
    },
    {
      "id": "mxbxgj6",
      "author": "Content_Usual9328",
      "body": "We don\u2019t allow phones in our elementary school and next year I\u2019m limiting the chrome books to almost nothing. I\u2019m sick of the management issues with it.\u00a0\nTech detox will do us all some good.",
      "created_utc": 1749704826.0,
      "score": 3,
      "permalink": "/r/Teachers/comments/1l9dhq2/teachers_what_is_your_personal_opinion_on_school/mxbxgj6/",
      "is_submitter": false,
      "edited": false,
      "stickied": false
    },
    {
      "id": "mxc1p41",
      "author": "wtflee",
      "body": "It's been great, overall.  Just get off your phone.  You can doomscroll when you get home.  It is ok.",
      "created_utc": 1749707011.0,
      "score": 3,
      "permalink": "/r/Teachers/comments/1l9dhq2/teachers_what_is_your_personal_opinion_on_school/mxc1p41/",
      "is_submitter": false,
      "edited": false,
      "stickied": false
    },
    {
      "id": "mxc3s9f",
      "author": "Wafflinson",
      "body": "My school has never allowed phones, never will, and I will never work at a school that does at this point.\n\nIt eliminated SOOOO many problems and there are virtually no downsides.",
      "created_utc": 1749708108.0,
      "score": 3,
      "permalink": "/r/Teachers/comments/1l9dhq2/teachers_what_is_your_personal_opinion_on_school/mxc3s9f/",
      "is_submitter": false,
      "edited": false,
      "stickied": false
    },
    {
      "id": "mxbts1d",
      "author": "Tegee2",
      "body": "love it and actually so do most kids",
      "created_utc": 1749703041.0,
      "score": 3,
      "permalink": "/r/Teachers/comments/1l9dhq2/teachers_what_is_your_personal_opinion_on_school/mxbts1d/",
      "is_submitter": false,
      "edited": false,
      "stickied": false
    },
    {
      "id": "mxc0443",
      "author": "boccolatebipbookies",
      "body": "My bigger issue is districts that don\u2019t have computer monitoring software. Banning phones when kids can do whatever they want on one to one devices makes no sense to me. I have way more students misusing their Chromebooks than their phones.",
      "created_utc": 1749706181.0,
      "score": 2,
      "permalink": "/r/Teachers/comments/1l9dhq2/teachers_what_is_your_personal_opinion_on_school/mxc0443/",
      "is_submitter": false,
      "edited": false,
      "stickied": false
    },
    {
      "id": "mxd2bve",
      "author": "scaro9",
      "body": "Our state passed a law, which meant the bans were (mostly) consistently enforced, and there were actual consequences for using it.\n\nAmazing.\n\nSo much more got done, fewer behavior escalations and referrals, more interaction\u2026",
      "created_utc": 1749727516.0,
      "score": 2,
      "permalink": "/r/Teachers/comments/1l9dhq2/teachers_what_is_your_personal_opinion_on_school/mxd2bve/",
      "is_submitter": false,
      "edited": false,
      "stickied": false
    },
    {
      "id": "mxdcdui",
      "author": "Ok_Double9430",
      "body": "I work at a school that has a 0 tolerance phone policy. It's  heaven! We will allow students to contact parents at home under certain circumstances. Aside from that, the phones have to be put away or they are confiscated. They sign a contract about thus at the start of the year. If they refuse to sign, our administration suggests that they attend another school. We're a charter, so we can do that.",
      "created_utc": 1749731579.0,
      "score": 2,
      "permalink": "/r/Teachers/comments/1l9dhq2/teachers_what_is_your_personal_opinion_on_school/mxdcdui/",
      "is_submitter": false,
      "edited": false,
      "stickied": false
    },
    {
      "id": "mxbv2t7",
      "author": "ItsQuinnyP",
      "body": "I want a ball-peen hammer.  I see it, I break it.\n\nBut I also don\u2019t want to have to pay out for people\u2019s personal property.  \n\nParents and Guardians are often complicit in students feeling the need to have their phone going as an active distraction all day, so it\u2019s not like we\u2019re getting help from home; kid gets a text from their mom, their mom expects them to answer right away.\n\nLet me break one phone though?  I guarantee that with how the rumor mill spreads like wildfire, I won\u2019t see another phone for at least a month.",
      "created_utc": 1749703657.0,
      "score": 4,
      "permalink": "/r/Teachers/comments/1l9dhq2/teachers_what_is_your_personal_opinion_on_school/mxbv2t7/",
      "is_submitter": false,
      "edited": false,
      "stickied": false
    },
    {
      "id": "mxdjvz4",
      "author": "Frogalicious1",
      "body": "NYS has passed legislation that bans phones bell-to-bell, so if they don\u2019t put it away or hand it in, it\u2019s breaking the law.",
      "created_utc": 1749734218.0,
      "score": 1,
      "permalink": "/r/Teachers/comments/1l9dhq2/teachers_what_is_your_personal_opinion_on_school/mxdjvz4/",
      "is_submitter": false,
      "edited": false,
      "stickied": false
    },
    {
      "id": "mxdyzx7",
      "author": "JadeTheCrab",
      "body": "Not a teacher, but HELL YES. Phones are legit so bad for our brains. I know I\u2019m a hypocrite in this, but these things are addictive. They literally rewire our brains. This is like banning smoking in school.",
      "created_utc": 1749738940.0,
      "score": 1,
      "permalink": "/r/Teachers/comments/1l9dhq2/teachers_what_is_your_personal_opinion_on_school/mxdyzx7/",
      "is_submitter": false,
      "edited": false,
      "stickied": false
    },
    {
      "id": "mxbuwz2",
      "author": "BlueberryWaffles99",
      "body": "My district just instituted a 0 phone policy - bell to bell. Even at lunch, they won\u2019t have them. I\u2019m really looking forward to it! We were having issues with kids recording bullying at lunch and sharing that video/taking pictures of others without consent/recording TikTok trends. I\u2019m sure it\u2019ll be hard the first couple of weeks but I think it will be what\u2019s best in the long run (and if we stick with the policy, I bet we look back eventually and wonder why it took us so long to implement it).",
      "created_utc": 1749703579.0,
      "score": 10,
      "permalink": "/r/Teachers/comments/1l9dhq2/teachers_what_is_your_personal_opinion_on_school/mxbuwz2/",
      "is_submitter": false,
      "edited": false,
      "stickied": false
    },
    {
      "id": "mxd31th",
      "author": "ArcaneConjecture",
      "body": "We (high school) have zero phones during the day. They are collected in the morning and distributed at dismissal. It costs a lot of time and organizational energy to do this, but it is 100% worth it. \n\nKids don't have the emotional maturity to handle having a phone in class. We don't let kids drive, we don't let kids sign binding contracts, we don't let kids vote, we don't let kids have phones in class...all for the same good reason.",
      "created_utc": 1749727838.0,
      "score": 5,
      "permalink": "/r/Teachers/comments/1l9dhq2/teachers_what_is_your_personal_opinion_on_school/mxd31th/",
      "is_submitter": false,
      "edited": false,
      "stickied": false
    },
    {
      "id": "mxbyhjw",
      "author": "Goldfire87",
      "body": "I think kids should learn how to manage their phone time but Goodluck getting them to \ud83d\ude05.",
      "created_utc": 1749705345.0,
      "score": -13,
      "permalink": "/r/Teachers/comments/1l9dhq2/teachers_what_is_your_personal_opinion_on_school/mxbyhjw/",
      "is_submitter": true,
      "edited": false,
      "stickied": false
    },
    {
      "id": "mxbxjp4",
      "author": "Goldfire87",
      "body": "Yeah, policies back then had no phones then to just slowly break apart after several years. Seeing some of the stuff kids st my school search up it makes me think (maybe it's a good idea) cause good lord what are they doing \ud83d\ude2d",
      "created_utc": 1749704870.0,
      "score": 1,
      "permalink": "/r/Teachers/comments/1l9dhq2/teachers_what_is_your_personal_opinion_on_school/mxbxjp4/",
      "is_submitter": true,
      "edited": false,
      "stickied": false
    },
    {
      "id": "mxbwr5m",
      "author": "Goldfire87",
      "body": "Anyone who thinks a pocket chart will work is crazy! I've only seen it work for a business class. They would call it the \"opportunity zone\" and by putting there phone in there they got $1 of fake currency and  would give fake currency out for answering questions correctly (or had some thought into it) 2-3 times throughout the semester he would have auctions and sell like bags of goodies like little Debbie's items, bags of chips, small little sodas, fresh baked cookies that he made during the auction  in his little cookie oven (it was adorable). He was able to do it relatively affordable and was one of the few classes I loved cause I had Something to look forward to besides the weekend. Before he left there was a mass auction ($900 of fake currency was spent in our class alone and there was like $4,000 of it in circulation, all paper ones lol) best class ever and he was fun without the auction stuff.",
      "created_utc": 1749704477.0,
      "score": 2,
      "permalink": "/r/Teachers/comments/1l9dhq2/teachers_what_is_your_personal_opinion_on_school/mxbwr5m/",
      "is_submitter": true,
      "edited": false,
      "stickied": false
    },
    {
      "id": "mxbxx9t",
      "author": "Goldfire87",
      "body": "Who gives kids in elementary school phones \ud83d\ude2d",
      "created_utc": 1749705060.0,
      "score": 1,
      "permalink": "/r/Teachers/comments/1l9dhq2/teachers_what_is_your_personal_opinion_on_school/mxbxx9t/",
      "is_submitter": true,
      "edited": false,
      "stickied": false
    },
    {
      "id": "mxc2p7t",
      "author": "Goldfire87",
      "body": "The \"popular\" girls at school: NOOOOOO!!!!",
      "created_utc": 1749707535.0,
      "score": 0,
      "permalink": "/r/Teachers/comments/1l9dhq2/teachers_what_is_your_personal_opinion_on_school/mxc2p7t/",
      "is_submitter": true,
      "edited": false,
      "stickied": false
    },
    {
      "id": "mxc4y2k",
      "author": "Goldfire87",
      "body": "If they have been implemented  for awhile then I think things start to settle down but if there like recently added I think there will be a initial reaction to it first. I think  a total phone ban wouldn't work.at my school cause they say phones are bad for us but then send us constant messages thru our phones and expect us to read them within like 5 mins of them being sent (mainly thru clubs and sports and they send messages during there teaching time which is counter productive)",
      "created_utc": 1749708745.0,
      "score": 1,
      "permalink": "/r/Teachers/comments/1l9dhq2/teachers_what_is_your_personal_opinion_on_school/mxc4y2k/",
      "is_submitter": true,
      "edited": false,
      "stickied": false
    },
    {
      "id": "mxbvc4z",
      "author": "Goldfire87",
      "body": "Buy a phone (a fake or cheap one) and break it infront of students. That alone would help lol",
      "created_utc": 1749703784.0,
      "score": 0,
      "permalink": "/r/Teachers/comments/1l9dhq2/teachers_what_is_your_personal_opinion_on_school/mxbvc4z/",
      "is_submitter": true,
      "edited": false,
      "stickied": false
    },
    {
      "id": "mxbzjt8",
      "author": "zaqwsx82211",
      "body": "The research doesn\u2019t support this.\n\nImagine asking a toddler to communicate their feelings. They are at a developmental stage where they can do it\u2026. In the right circumstances, but sometimes (most the time) it\u2019s too much for their brain.\n\nTeenagers are still developing their part of the brain responsible for thinking through consequences and in their pocket they have a device that is designed to be as addictive to them as possible.\n\nWe should limit Teen exposure to technology and social media in the same way we prevent their access to alcohol and drugs. They simply aren\u2019t ready to handle it and at their age the consequences can be equally dire.\n\nEdit: spelling fixes",
      "created_utc": 1749705888.0,
      "score": 6,
      "permalink": "/r/Teachers/comments/1l9dhq2/teachers_what_is_your_personal_opinion_on_school/mxbzjt8/",
      "is_submitter": false,
      "edited": false,
      "stickied": false
    },
    {
      "id": "mxd2he6",
      "author": "scaro9",
      "body": "Well, of course you feel that way as a student\u2026",
      "created_utc": 1749727586.0,
      "score": 2,
      "permalink": "/r/Teachers/comments/1l9dhq2/teachers_what_is_your_personal_opinion_on_school/mxd2he6/",
      "is_submitter": false,
      "edited": false,
      "stickied": false
    },
    {
      "id": "mxbyoxc",
      "author": "Particular_Top_7764",
      "body": "I've seen them from 3rd to 5th. They are mostly the updated version of the latchkey kid device. Kids have to have them after school so they can call parents when school end, they get home, or in an emergency. \n\nAt that age, it's not too terribly hard to control. In the bag, and off until school ends. The problem with middle school and above is you don't have their bags and belongings stowed away for the day.",
      "created_utc": 1749705451.0,
      "score": 3,
      "permalink": "/r/Teachers/comments/1l9dhq2/teachers_what_is_your_personal_opinion_on_school/mxbyoxc/",
      "is_submitter": false,
      "edited": false,
      "stickied": false
    },
    {
      "id": "mxby7d2",
      "author": "Content_Usual9328",
      "body": "In my grade 5/6 class, 20 students have phones out of 28",
      "created_utc": 1749705202.0,
      "score": 1,
      "permalink": "/r/Teachers/comments/1l9dhq2/teachers_what_is_your_personal_opinion_on_school/mxby7d2/",
      "is_submitter": false,
      "edited": false,
      "stickied": false
    },
    {
      "id": "mxc6kqq",
      "author": "Regular_Passenger266",
      "body": "Better yet, ask one of your phone-rule abiding students to play along. They get the fake phone out, start playing a game, you take it and destroy it.....with a ball-peen of course. \ud83e\udd23",
      "created_utc": 1749709649.0,
      "score": 4,
      "permalink": "/r/Teachers/comments/1l9dhq2/teachers_what_is_your_personal_opinion_on_school/mxc6kqq/",
      "is_submitter": false,
      "edited": false,
      "stickied": false
    },
    {
      "id": "mxc0e5i",
      "author": "Goldfire87",
      "body": "I can support the social media point you made 100%",
      "created_utc": 1749706327.0,
      "score": 1,
      "permalink": "/r/Teachers/comments/1l9dhq2/teachers_what_is_your_personal_opinion_on_school/mxc0e5i/",
      "is_submitter": true,
      "edited": false,
      "stickied": false
    },
    {
      "id": "mxbyv0k",
      "author": "Goldfire87",
      "body": "That's depressing honestly but I feel that is also part of the parents fault for giving them a phone so early. Even adults struggle with phone addiction and it's not a good role model for kids.",
      "created_utc": 1749705536.0,
      "score": 2,
      "permalink": "/r/Teachers/comments/1l9dhq2/teachers_what_is_your_personal_opinion_on_school/mxbyv0k/",
      "is_submitter": true,
      "edited": false,
      "stickied": false
    },
    {
      "id": "mxc7xl6",
      "author": "Goldfire87",
      "body": "For me when I'm in class I'm focused like 99% of the time and don't have my phone out, but some classes I'm on it more than others (study skills I have nonthing half the time so I'm just bored) only time I was really on it was in January because I had issues with my school because they had deceived me and my mom into signing me out of a IEP (there weren't even offical documents to do it on, they used a attendance sheet to \"prove it\". Spent 3 weeks getting my iep back and had during that time I felt so physically sick during that time I almost collapsed. All school staff started treating and acting different to me. This is something I can make a entirely separate post about tbh. I won't hog it up on here.",
      "created_utc": 1749710416.0,
      "score": -1,
      "permalink": "/r/Teachers/comments/1l9dhq2/teachers_what_is_your_personal_opinion_on_school/mxc7xl6/",
      "is_submitter": true,
      "edited": false,
      "stickied": false
    },
    {
      "id": "mxc32gt",
      "author": "zaqwsx82211",
      "body": "If they have their phone they will try and access social media. Nothing we do can make the classroom more enjoyable than their pocket addiction device",
      "created_utc": 1749707728.0,
      "score": 4,
      "permalink": "/r/Teachers/comments/1l9dhq2/teachers_what_is_your_personal_opinion_on_school/mxc32gt/",
      "is_submitter": false,
      "edited": false,
      "stickied": false
    },
    {
      "id": "mxbzizf",
      "author": "Content_Usual9328",
      "body": "A lot of these students have their parents\u2019s old phones. \u00a0Also these students mostly come from homes where mum and dad have split and parents want to have access to their children unfiltered by their ex. \u00a0Some are freaked out that their kid may need them, \u00a0some just want their kid to fit in with their friends, and some do it because their kids are spoiled. \u00a0",
      "created_utc": 1749705876.0,
      "score": 2,
      "permalink": "/r/Teachers/comments/1l9dhq2/teachers_what_is_your_personal_opinion_on_school/mxbzizf/",
      "is_submitter": false,
      "edited": false,
      "stickied": false
    },
    {
      "id": "mxcyvlu",
      "author": "blitheandbonnynonny",
      "body": "Cell phone = umbilical cord so mom is always connected to the student. A young teacher at the school where I used to teach had an Apple watch gifted by her mom so mom could reach her while she was teaching class.",
      "created_utc": 1749725932.0,
      "score": 1,
      "permalink": "/r/Teachers/comments/1l9dhq2/teachers_what_is_your_personal_opinion_on_school/mxcyvlu/",
      "is_submitter": false,
      "edited": false,
      "stickied": false
    },
    {
      "id": "mxc44zd",
      "author": "Goldfire87",
      "body": "Fair point.",
      "created_utc": 1749708300.0,
      "score": 2,
      "permalink": "/r/Teachers/comments/1l9dhq2/teachers_what_is_your_personal_opinion_on_school/mxc44zd/",
      "is_submitter": true,
      "edited": false,
      "stickied": false
    },
    {
      "id": "mxcz4u3",
      "author": "blitheandbonnynonny",
      "body": "also, a lot of homes don\u2019t have land lines anymore, so their own cell phone is the only way kids can contact their friends.",
      "created_utc": 1749726052.0,
      "score": 3,
      "permalink": "/r/Teachers/comments/1l9dhq2/teachers_what_is_your_personal_opinion_on_school/mxcz4u3/",
      "is_submitter": false,
      "edited": false,
      "stickied": false
    },
    {
      "id": "mxdmst2",
      "author": "Content_Usual9328",
      "body": "We have a cell phone that just stays home\u00a0\nIt\u2019s 15 dollars less than a landline a month\u00a0\nBut it\u2019s not the \u201ckid\u2019s phone\u201d it\u2019s not for games or searching the internet\u00a0\nIt\u2019s for emergencies when my daughter who is 12 is home by herself occasionally",
      "created_utc": 1749735194.0,
      "score": 1,
      "permalink": "/r/Teachers/comments/1l9dhq2/teachers_what_is_your_personal_opinion_on_school/mxdmst2/",
      "is_submitter": false,
      "edited": false,
      "stickied": false
    }
  ],
  "relevance": {
    "score": 7.800000000000001,
    "user_type": "parent",
    "pain_points": [
      "i\u2019m really looking forward to it! we were having issues with kids recording bullying at lunch and sharing that video/taking pictures of others without consent/recording tiktok trends"
    ],
    "keywords_found": [
      "screen time",
      "toddler"
    ],
    "sentiment_score": 0.9981,
    "age_relevance": false,
    "urgency_level": "high",
    "competitive_mentions": [],
    "timestamp": "2025-06-12T14:54:16.295266"
  }
}