{
  "subreddit": "autism",
  "post": {
    "id": "1l9irpv",
    "title": "I wanted to ask for advice",
    "author": "Legitimate_Bit_4712",
    "created_utc": 1749723102.0,
    "score": 2,
    "num_comments": 5,
    "url": "https://www.reddit.com/r/autism/comments/1l9irpv/i_wanted_to_ask_for_advice/",
    "selftext": "Hello, good morning. I'm not autistic, but I have a question about an autistic person in my circle.\n\nIt turns out I became good friends with an autistic person, and by good friends, I mean I even slept over at their house sometimes and ate together several times a week.\n\nThe problem is that out of nowhere, they started distancing themselves not only from me but also from other people in the group, including one with whom they were supposed to have a romantic relationship.\n\nThey started ignoring us for weeks for no apparent reason and behaving very selfishly.\n\nFor example, one night I was supposed to sleep at their house after a night out, and they ended up leaving me stranded on the street at 4 a.m. Thank goodness I was able to stay at another friend's house instead\n\nOther things they did was unfollow me on social media, claiming they wasn't interested in my content, etc.\n\nAnd when they started talking to me and other people again, they acted like nothing had happened and their only response was, \"I just felt autistic.\"\n\nAnd I don't know, even though this person has been diagnosed with autism, I'm not entirely sure how right what they did was or what motives there might be behind this behavior, so I thought asking on this subreddit might be a good idea.\n\nBy the way, I'm also neurodivergent (I have somewhat severe ADHD), so I can understand to a certain extent, but I would never do something like that."
  },
  "comments": [
    {
      "id": "mxct9wr",
      "author": "AutoModerator",
      "body": "Hey /u/Legitimate_Bit_4712, thank you for your post at /r/autism. Our rules can be found **[here](https://www.reddit.com/r/autism/wiki/index/rules-and-guidelines)**. All approved posts get this message. \n\n\nThanks!        \n\n\n*I am a bot, and this action was performed automatically. Please [contact the moderators of this subreddit](/message/compose/?to=/r/autism) if you have any questions or concerns.*",
      "created_utc": 1749723102.0,
      "score": 1,
      "permalink": "/r/autism/comments/1l9irpv/i_wanted_to_ask_for_advice/mxct9wr/",
      "is_submitter": false,
      "edited": false,
      "stickied": true
    },
    {
      "id": "mxcu5e6",
      "author": "puppie_girl",
      "body": "i\u2019m kinda leaning towards their behavior having little to do with autism, while social burn out is common, no matter how burnt out i am, i couldn\u2019t ever imagine leaving a friend stranded on the side of the road after saying i\u2019d get them. it sounds like something more than autism is going on, mental health things can be an explanation but not an excuse, in my own opinion",
      "created_utc": 1749723571.0,
      "score": 1,
      "permalink": "/r/autism/comments/1l9irpv/i_wanted_to_ask_for_advice/mxcu5e6/",
      "is_submitter": false,
      "edited": false,
      "stickied": false
    },
    {
      "id": "mxcx6ym",
      "author": "moonsal71",
      "body": "That doesn't sound like autism, sorry. I'd never leave someone out on the streets at 4am. It sounds like something else going on and I'd personally let them know that what they did wasn't ok.",
      "created_utc": 1749725127.0,
      "score": 1,
      "permalink": "/r/autism/comments/1l9irpv/i_wanted_to_ask_for_advice/mxcx6ym/",
      "is_submitter": false,
      "edited": false,
      "stickied": false
    },
    {
      "id": "mxcyn4c",
      "author": "toocritical55",
      "body": "You and I both have ADHD, so I'll use our diagnosis as an example:\n\nSometimes, our symptoms can hurt other people without us meaning to. Maybe we're late to something, maybe we say things impulsively, maybe we forget about important events, the list goes on.\n\nBut, when those things happen, I take accountability, apologize, and take steps to better manage my symptoms so prevent those happening again. And I'm guessing you do that too. \n\nLet's pretend you read a story on reddit about somebody who has a friend with ADHD. They say that the friend is always late and never apologizes. They say impulsive things that hurt others, but they don't take accountability for it. They forget about their friends important events, and all they say is \"I'm just ADHDing\".\n\nIf they asked you to explain their friends behavior since you also have ADHD, what would you say? Probably that while the initial behaviors are typical manifestations of ADHD, being rude and refusing to take accountability is just who they are as a person. \n\nAnd the same thing applies here. Because yes, difficulty with social interactions is an autistic trait. That leads to constantly having to mask, which can lead to exhaustion and burnout, which can result in them needing alone time and distancing themselves from others.\n\nBut unfollowing you everywhere and leaving you stranded in the middle of the night? That's not because they're autistic, it's because they're a bad friend.",
      "created_utc": 1749725822.0,
      "score": 1,
      "permalink": "/r/autism/comments/1l9irpv/i_wanted_to_ask_for_advice/mxcyn4c/",
      "is_submitter": false,
      "edited": false,
      "stickied": false
    },
    {
      "id": "mxdwjbi",
      "author": "DogeToMars23",
      "body": "what if that way of speaking was still being his way of saying, since he may have communication problems?  \nLeaving his friend stranded in the middle of the night, that is not kind, and I would ask explanations about that pretty directly.",
      "created_utc": 1749738214.0,
      "score": 1,
      "permalink": "/r/autism/comments/1l9irpv/i_wanted_to_ask_for_advice/mxdwjbi/",
      "is_submitter": false,
      "edited": false,
      "stickied": false
    }
  ],
  "relevance": {
    "score": 6,
    "user_type": "parent",
    "pain_points": [
      "because yes, difficulty with social interactions is an autistic trait"
    ],
    "keywords_found": [
      "autism",
      "neurodivergent"
    ],
    "sentiment_score": 0.9926,
    "age_relevance": false,
    "urgency_level": "low",
    "competitive_mentions": [],
    "timestamp": "2025-06-12T14:45:30.477700"
  }
}