{
  "subreddit": "ADHD",
  "post": {
    "id": "1l9ew14",
    "title": "Breaking down after my dad knows about my adhd. Plz reply asap if possible idk need some help rn",
    "author": "Educational-Swan-214",
    "created_utc": 1749707628.0,
    "score": 50,
    "num_comments": 48,
    "url": "https://www.reddit.com/r/ADHD/comments/1l9ew14/breaking_down_after_my_dad_knows_about_my_adhd/",
    "selftext": "*it will be messy bc i am in a lot of emotions*\nAfter I was diagnosed with adhd only my mom out of my parents knew. She told me to tell my dad and I said no.. but she told him and forced us to have a conversation. I don\u2019t deny him caring about me after he hears about it he couldn\u2019t sleep the whole night. Rn we had our conversation. I didn\u2019t want to. The second they barged into my room they kept interrogating me on how I felt and how I acted and how I thought. And then why I have to use medication. And why medication and why and why and why. So many stuff. I was little talk huddled in the corner cuz I hated the convo. \n\nI don\u2019t like dad he\u2019s so dramatic and so overthinking. Uh rn he\u2019s trying to knock my door and idk. \n\nAnyways I DOMT KNOW WHAT HAPPENED. But I forgot what we said. I told my m I\u2019m happy to have adhd bc it explains that all this year I\u2019m not lazy. And my dad said : yes you are. Now he\u2019s yelling at me through the bathroom. He\u2019s the reason I go to therapy. Anyways he started going on a ramble about my desk and adhd and being lazy. Aka I\u2019m lazy and can\u2019t blame adhd. I\u2019m not but idk how to explain. Uh I told him very calmly to leave my room. And he said. \u201cHell no. You have a big reaction from my slight words which means you are sick in the head.\u201d Or soemthifn liek that. Which made me even more !!!! So I said if u don\u2019t leave I will. And he said \u201cno I won\u2019t and you won\u2019t\u201d and then I walked out. And then he said he\u2019s dissapoinered on me. I said me too bc I didn\u2019t expect him to be criticizing me when he said he cared about me. And idk anymore I forgot but I just hear him I\u2019m gonna cry I want help help me\u2026. Help me I wanna leave\n\nI wish my mom never told him. I knew it was bad idea"
  },
  "comments": [
    {
      "id": "mxc2von",
      "author": "AutoModerator",
      "body": "Hi /u/Educational-Swan-214 and thanks for posting on /r/ADHD! \n\n### Please take a second to [read our rules](/r/adhd/about/rules) if you haven't already.\n\n---\n\n### /r/adhd news\n\n* If you are posting about the **US Medication Shortage**, please see this [post](https://www.reddit.com/r/ADHD/comments/12dr3h5/megathread_us_medication_shortage/).\n\n---\n\n^(*This message is not a removal notification. It's just our way to keep everyone updated on r/adhd happenings.*)\n\n\n*I am a bot, and this action was performed automatically. Please [contact the moderators of this subreddit](/message/compose/?to=/r/ADHD) if you have any questions or concerns.*",
      "created_utc": 1749707630.0,
      "score": 1,
      "permalink": "/r/ADHD/comments/1l9ew14/breaking_down_after_my_dad_knows_about_my_adhd/mxc2von/",
      "is_submitter": false,
      "edited": false,
      "stickied": true
    },
    {
      "id": "mxc3l70",
      "author": "lauraz0919",
      "body": "Sounds like your dad could have adhd himself and can\u2019t understand why you couldn\u2019t just power through like he did.  The constant harping to get an answer they want is a sign of it. Otherwise the world will be unbalanced. If you didn\u2019t have it then why would these drs snd psychologists say you had it? It is watched so closely now. He did not get a phd in medicine so he doesn\u2019t know. Good luck.",
      "created_utc": 1749708002.0,
      "score": 92,
      "permalink": "/r/ADHD/comments/1l9ew14/breaking_down_after_my_dad_knows_about_my_adhd/mxc3l70/",
      "is_submitter": false,
      "edited": false,
      "stickied": false
    },
    {
      "id": "mxcevoz",
      "author": "v0nHahn",
      "body": "Sounds Like He has ADHD too and is overreacting. Typical. You both should Take a Break and meet after to Talk..",
      "created_utc": 1749714502.0,
      "score": 18,
      "permalink": "/r/ADHD/comments/1l9ew14/breaking_down_after_my_dad_knows_about_my_adhd/mxcevoz/",
      "is_submitter": false,
      "edited": false,
      "stickied": false
    },
    {
      "id": "mxcwqa6",
      "author": "Savingskitty",
      "body": "You don\u2019t say how old you are, but when I was a teenager, I had similar experiences with my parents ganging up on me and overwhelming me like that. \u00a0\n\nI used to hide in my closet when my mom freaked out on me. \u00a0Conveniently for her I guess, by the time I was in my 30\u2019s and finally diagnosed, she didn\u2019t\u00a0remember those times at all.\n\nWhen immature parents do things like what your father did, they are so caught up in their own feelings, that they can\u2019t even see how you are responding. \u00a0They\u2019re just unloading some pent up issue of their own with no regard for how it is hurting you.\n\nI\u2019m sorry you have to deal with this. \u00a0It\u2019s normal to not remember everything from experiences like this - you probably dissociate a bit when your father goes over the top.\n\nWhat he\u2019s doing is abusive to you. \u00a0I\u2019m proud of you for standing up to him and telling him when you need space. \u00a0I hadn\u2019t had therapy when I lived with my parents, so I didn\u2019t know that I had a right to ask for space. \u00a0I didn\u2019t even know that space was what I needed.\n\nKeep working with your therapist to find ways to create space for yourself in those moments. \u00a0I hope you\u2019re able to get out on your own as soon as possible.",
      "created_utc": 1749724899.0,
      "score": 16,
      "permalink": "/r/ADHD/comments/1l9ew14/breaking_down_after_my_dad_knows_about_my_adhd/mxcwqa6/",
      "is_submitter": false,
      "edited": false,
      "stickied": false
    },
    {
      "id": "mxc5jhc",
      "author": "RiRianna76",
      "body": "This is terrible treatment and I'm fairly sure they're not being great to you overall, you are entirely valid in wanting support, trust & respect from your parents. You deserved to be listened to, to have privacy and some autonomy, to be taken seriously when discussing this diagnosis. I am so, so sorry you didn't receive that. \n\n It's not possible to leave immediately so until then I suggest you start looking at resources about how to live as safely as possible with volatile parents. I wish you good luck and that you can find some safe spaces and people until then.",
      "created_utc": 1749709072.0,
      "score": 10,
      "permalink": "/r/ADHD/comments/1l9ew14/breaking_down_after_my_dad_knows_about_my_adhd/mxc5jhc/",
      "is_submitter": false,
      "edited": false,
      "stickied": false
    },
    {
      "id": "mxcbepp",
      "author": "Evening-Cat-7546",
      "body": "I hope you\u2019re old enough to leave home soon. Your dad is abusive and no child should go through that. Tell your dad that there\u2019s nothing wrong with your brain and that it\u2019s just wired differently. Tell him the medication will rewire your brain into not being lazy. Then ask him to let you try the medication and see if it works. Either way your dad is shitty.",
      "created_utc": 1749712392.0,
      "score": 12,
      "permalink": "/r/ADHD/comments/1l9ew14/breaking_down_after_my_dad_knows_about_my_adhd/mxcbepp/",
      "is_submitter": false,
      "edited": false,
      "stickied": false
    },
    {
      "id": "mxcjji2",
      "author": "SizeAlarmed8157",
      "body": "Let him know the reason you\u2019re trying to get space is because you love him and don\u2019t want to say things you\u2019ll regret later. That you\u2019re trying to figure things out so that you can be a better person for both yourself and him. If he can\u2019t respect that, then he\u2019s not a good father and you need to get the hell out of there.",
      "created_utc": 1749717372.0,
      "score": 4,
      "permalink": "/r/ADHD/comments/1l9ew14/breaking_down_after_my_dad_knows_about_my_adhd/mxcjji2/",
      "is_submitter": false,
      "edited": false,
      "stickied": false
    },
    {
      "id": "mxc53me",
      "author": "keepitspicyC",
      "body": "Get some space if possible. Go for a walk or go out some where and tell them that you\u2019ll talk about this when you all have had time to process it. \nIt\u2019s not fair to explode on you like that and I\u2019m sorry that you mum shared your news. That\u2019s super frustrating. \nWhen you are ready to talk to them, first set boundaries about how they talk to you and voice volumes etc. \na diagnosis is a learning curve for everyone so be kind to yourself and others. Good luck",
      "created_utc": 1749708830.0,
      "score": 3,
      "permalink": "/r/ADHD/comments/1l9ew14/breaking_down_after_my_dad_knows_about_my_adhd/mxc53me/",
      "is_submitter": false,
      "edited": false,
      "stickied": false
    },
    {
      "id": "mxd1z9c",
      "author": "lolamongolia",
      "body": "I had a dad that acted just like yours. When I was depressed, my dad would always say (or yell), \"What the hell do you have to be depressed about?\". He refused to understand that it was about brain chemistry, or that maybe having an oppressive, overbearing father in my life might be contributing to the problem. He was also constantly angry with me over my ADHD traits, the messiness, the disorganization, the short attention span. He would follow me around relentlessly and keep fighting with me until I was a wreck. I know this kind of family stress is awful. You only have a few years before you can go away to college or move out. Go low contact with him and choose to only interact with people who are good to you.",
      "created_utc": 1749727357.0,
      "score": 3,
      "permalink": "/r/ADHD/comments/1l9ew14/breaking_down_after_my_dad_knows_about_my_adhd/mxd1z9c/",
      "is_submitter": false,
      "edited": false,
      "stickied": false
    },
    {
      "id": "mxcpc1t",
      "author": "HypeBrainDisorder",
      "body": "I\u2019ve had similar experiences growing up with a emotionally abusive father.\n\nI recommend you take it to heart.\nLearn from the experience now, don\u2019t set yourself for disappointment later in life.\nDon\u2019t think of him as your father, as he doesn\u2019t act like it.\nKeep it in your heart, you and him will grow older, remind him you \u2018reap what you sow\u2019\nDon\u2019t make excuses for him\nDon\u2019t let your mother or family members do it either\nIt\u2019s not normal for anyone to act like that\nForget about his disappointment and judgement\n\nYou may have ADHD but he chooses to be an asshole.\u00a0\nKeep it in your mind that his words and judgement say more about himself than about you",
      "created_utc": 1749720905.0,
      "score": 6,
      "permalink": "/r/ADHD/comments/1l9ew14/breaking_down_after_my_dad_knows_about_my_adhd/mxcpc1t/",
      "is_submitter": false,
      "edited": false,
      "stickied": false
    },
    {
      "id": "mxdaz3c",
      "author": "32768Colours",
      "body": "Plenty of really great comments here and some which already express my own thoughts on this.\n\nSo really I just want to say something which may seem obvious but I want you to take this and hold onto it: *Your dad\u2019s reaction and feelings aren\u2019t your fault or responsibility.*\n\nI always say to my wife when I\u2019m getting on her nerves and it\u2019s ADHD related, that while it isn\u2019t an excuse, it is the reason.  So for example, it\u2019s not an excuse for being consciously lazy, but it can most certainly be the reason why I come across like I\u2019m lazy sometimes.  I think it\u2019s that distinction which is lost on people who haven\u2019t experienced it for themselves.  \n\nFor people without ADHD or other chronic disorders that cause exhaustion, the very idea of lying in bed until late afternoon or just zoning out for hours is simply unimaginable.  And so purely out of ignorance, they\u2019re naturally going to perceive that as laziness.  Sadly trying to educate someone on this who\u2019s unwilling to learn is extremely difficult, if not impossible.  \n\nThis is where self-care is very very important.\n\nThis is particularly true if you have [Rejection Sensitivity Disorder](https://www.psychologytoday.com/gb/blog/your-way-adhd/202106/adhd-and-rejection-sensitivity-dysphoria/amp) (RSD) as a co-morbidity with ADHD, as criticism from anyone, especially those you love and respect, can be absolutely devastating.  \n\nI don\u2019t think it\u2019s appropriate to state that you may have RSD; that\u2019s for a psychiatrist to decide.  But if at any point you find yourself owning what he\u2019s saying and it develops into self-esteem issues, or worse an intense self-loathing (as it has with me in the past), please do whatever it takes to remind yourself: *My dad\u2019s reaction and feelings aren\u2019t my fault or responsibility*.  \n\nThat doesn\u2019t mean you have *no* responsibility.  But if nothing else you owe it to yourself to live your best life alongside ADHD.  Although it can be tough, there are lots of strategies and resources out there that can help you manage and organise your life better, many of which I\u2019ve found on this subreddit.  In fact I must say, I think this subreddit is one of the best and most supportive communities I\u2019ve come across online.  \n\nSo keep asking questions and share what you learn too!  \n\nI\u2019m sure in time your dad will calm down and hopefully be open to learning more about ADHD.  But right now the most important thing is don\u2019t own his reaction. It may hurt that he doesn\u2019t understand,  but it\u2019s not your responsibility to manage your father\u2019s emotions.  \n\nFinally (because this is really long post!) just know that there are loads of us out here who get it, and we\u2019ve got your back.  Take care of yourself \ud83d\ude0a  \n\nEdits: for clarity.",
      "created_utc": 1749731047.0,
      "score": 2,
      "permalink": "/r/ADHD/comments/1l9ew14/breaking_down_after_my_dad_knows_about_my_adhd/mxdaz3c/",
      "is_submitter": false,
      "edited": 1749731454.0,
      "stickied": false
    },
    {
      "id": "mxdb9vg",
      "author": "electric_shocks",
      "body": "Which one of your parents has ADHD? Your dad maybe?",
      "created_utc": 1749731160.0,
      "score": 2,
      "permalink": "/r/ADHD/comments/1l9ew14/breaking_down_after_my_dad_knows_about_my_adhd/mxdb9vg/",
      "is_submitter": false,
      "edited": false,
      "stickied": false
    },
    {
      "id": "mxd9ek0",
      "author": "njwineguy",
      "body": "If your Dad truly cares, ask him to sit down and watch the videos from Dr. Barkley. If he can\u2019t even do that, well, I\u2019ll withhold comment.",
      "created_utc": 1749730441.0,
      "score": 1,
      "permalink": "/r/ADHD/comments/1l9ew14/breaking_down_after_my_dad_knows_about_my_adhd/mxd9ek0/",
      "is_submitter": false,
      "edited": false,
      "stickied": false
    },
    {
      "id": "mxdacnx",
      "author": "cute_salsa87",
      "body": "Well the apple doesn\u2019t fall far from the tree: your dad PROBABLY has ADHD",
      "created_utc": 1749730809.0,
      "score": 1,
      "permalink": "/r/ADHD/comments/1l9ew14/breaking_down_after_my_dad_knows_about_my_adhd/mxdacnx/",
      "is_submitter": false,
      "edited": false,
      "stickied": false
    },
    {
      "id": "mxddltn",
      "author": "ALLCAPITAL",
      "body": "I told my mom I think I need tested for adhd when I was 17. She told me I just needed to \u201cstop being lazy.\u201d She said that phrase to me every school year starting at 8yrs old. She told me that when I went to get tested at 20yrs old and was failing out of college. \n\nWhen I got diagnosed and worked towards my degree better she was happy for me but wouldn\u2019t discuss adhd or medication. When I went off meds due to finances and things all fell apart I moved home and worked before going back to school. She realized then how long my days were, how bad my pay was relative to expenses nowadays, how hard I worked. But she would NEVER admit I have adhd. I got back on meds and went back to college. \n\nI\u2019m 36 now. I speak openly about having it. She still thinks I don\u2019t really need the medication. You sound young and stuck there for now, that\u2019s hard. But you can eventually build up confidence to realize your dad doesn\u2019t need to agree, and he can behave politely and still be close to you OR he can expect to get put at more arm\u2019s distance. \n\nMy father is adhd. Didn\u2019t live with him growing up but he sees me and wishes he went and got diagnosed decades ago. \n\nMy mom is either adhd or living with trauma. She will blow up decade long friendships without warning and publicly. She will invite family over and when one 4yr old kid doesn\u2019t follow instructions for the 3rd time she\u2019ll tell everyone \u201cget the fuck out.\u201d \n\nWe all know her mother was \u201ca lot.\u201d I now think she was probably adhd or bpd. Her dad was notorious for not being talkative and obsessing over mechanical stuff, while hoarding in not 1 house, no he used to have rentals that he filled with stuff til\nhe had 3 houses full of broke down junk and tools (small town usa those sold for a whole 30k combined 5yrs ago, he ran them down.)\n\nMy mom wouldn\u2019t argue if I said her mom probably had \u201cmental issues.\u201d If I suggested the same about her dad, she\u2019d probably cuss me out and not talk to me for awhile. Some people just cannot accept reality sometimes if they feel it diminishes the illusion they\u2019ve convinced themselves of.",
      "created_utc": 1749732029.0,
      "score": 1,
      "permalink": "/r/ADHD/comments/1l9ew14/breaking_down_after_my_dad_knows_about_my_adhd/mxddltn/",
      "is_submitter": false,
      "edited": false,
      "stickied": false
    },
    {
      "id": "mxddtnt",
      "author": "Yeliar",
      "body": "I dealt with this from my dad until I proved him wrong on my own, now he seems to at least understand he was wrong. I built a good career without college, like he says I wouldn't. I did it with medication, meditation, mindfulness and acceptance of myself. He said I couldn't do it without doing everything the traditional way of hardwork and what seems like anger. \n\nYou know what you need to function better than anyone, you will need help translating those feelings from a Dr or therapist though. Your school can also help with some resources and the coolest teachers can help in small ways that don't involve unhelpful parents. \n\nI know it's going to feel impossible but keep your head up. ADHD allows us to feel the lowest emotional lows but also the greatest emotional highs, this sucks now but when you can figure out how to accept and work with your adhd it gets easier to enjoy the rollercoaster. \n\nYou got this and you have plenty of support here when you need it.",
      "created_utc": 1749732108.0,
      "score": 1,
      "permalink": "/r/ADHD/comments/1l9ew14/breaking_down_after_my_dad_knows_about_my_adhd/mxddtnt/",
      "is_submitter": false,
      "edited": false,
      "stickied": false
    },
    {
      "id": "mxdeuq7",
      "author": "Z6288Z",
      "body": "Your parents need to acquire knowledge about ADHD. It\u2019s not easy for others to understand ADHD, and because we\u2019re not missing a limb and our senses are working it\u2019s harder for them to view it as a disability. Be patient with your parents, clearly they love you, but don\u2019t know how to properly act. I second the comment that your dad might have ADHD as well. I was diagnosed at 45 and subsequently my 3 teens got diagnosed. Before the diagnosis we were living a dysfunctional and chaotic life, I (dad) was always accused of being overdramatic, but I never felt that I was that way until I started taking my medication and surprisingly started processing emotions differently. So, as much as you are a victim, your dad could be too, and on top of that, he had to struggle through life for years thinking that life is normally hard. Share with your parents some videos about ADHD, and be kind and patient. All the best!",
      "created_utc": 1749732478.0,
      "score": 1,
      "permalink": "/r/ADHD/comments/1l9ew14/breaking_down_after_my_dad_knows_about_my_adhd/mxdeuq7/",
      "is_submitter": false,
      "edited": false,
      "stickied": false
    },
    {
      "id": "mxdgf9s",
      "author": "CoachVoice65",
      "body": "Your dad sounds really immature and stressful. It's something a sibling might say when you're about 9 or 10.  Also why does he have to make it all about him?  Are you getting medication? I just started on ritalin and it's life changing. I would want to run away and cry too, that's a totally appropriate reaction to what happened. Stay strong, keep going, you won't be stuck in that house forever.",
      "created_utc": 1749733028.0,
      "score": 1,
      "permalink": "/r/ADHD/comments/1l9ew14/breaking_down_after_my_dad_knows_about_my_adhd/mxdgf9s/",
      "is_submitter": false,
      "edited": false,
      "stickied": false
    },
    {
      "id": "mxdgqji",
      "author": "AndyHardmanPhoto",
      "body": "Yelling is one of the most harmful things you can do to someone with ADHD",
      "created_utc": 1749733137.0,
      "score": 1,
      "permalink": "/r/ADHD/comments/1l9ew14/breaking_down_after_my_dad_knows_about_my_adhd/mxdgqji/",
      "is_submitter": false,
      "edited": false,
      "stickied": false
    },
    {
      "id": "mxdh4lo",
      "author": "PositiveStress8888",
      "body": "You can appreciate he's anxious also, part of his job as a parent is to care for you, and he might not know how to do that.\n\nLook your brain works different then others, just like your hair color and eyes are different, your not defective, or sick, you just need some medicated to help you focus on things, and it may be hit and miss on some meds while you find one that works. \n\nAnd what I mean works is that it will allow you to focus on those things you hate doing, it allows you to get them done.\n\nMeds won't change you , and they'll have some side effects with sleep, diet., you'll have to find the sweet spot for you. \n\nYou were always this, you just didn't know you had it, it's not like you have something that just suddenly appeared. You always had ADHD you just don't know it.\n\nIf you can't get your meds right away don't worry, your not going to die, remember your still YOU. Your just learning more about who you are and how you work. \n\nDon't be hard in yourself, their really no need to be, ADHD goes hand in hand with anxiety, I've honestly found better results taking anxiety meds then ADHD meds. But once again that me your different so your meds will be different. \n\nIn the mean time relax, go do something you can get lost in for hours, something you enjoy.",
      "created_utc": 1749733271.0,
      "score": 1,
      "permalink": "/r/ADHD/comments/1l9ew14/breaking_down_after_my_dad_knows_about_my_adhd/mxdh4lo/",
      "is_submitter": false,
      "edited": false,
      "stickied": false
    },
    {
      "id": "mxdhag9",
      "author": "preaching-to-pervert",
      "body": "I just want to tell you that you are not the problem here. You are just fine, your feelings are fine and I'm so sorry you have to deal with this. \n\nYour dad totally bullied you - that kind of treatment would shut anyone down. Like other commenters here it sounds like his behaviours have elements of untreated ADHD. \n \nWill you be going back to school soon? Get through this period as well as you can - do you have a therapist near where you're staying? \n\nYou're an adult. There will come a time when you don't have to have any more contact with him then you want. When you will have more control over your life. You are close to being free. You got away to college, you got tested, you are doing amazing things that will make your life better. I salute your strength and determination.",
      "created_utc": 1749733329.0,
      "score": 1,
      "permalink": "/r/ADHD/comments/1l9ew14/breaking_down_after_my_dad_knows_about_my_adhd/mxdhag9/",
      "is_submitter": false,
      "edited": false,
      "stickied": false
    },
    {
      "id": "mxdiroc",
      "author": "BulletheadX",
      "body": "There\u2019s a video linked in the sidebar that I suggest you watch, and if at all possible get your parents to watch with you. It\u2019s a presentation by Dr. Russell Barkley, a leading authority on ADHD and someone whose work you would benefit from following:\n\nhttps://www.youtube.com/watch?v=BzhbAK1pdPM&list=PLzBixSjmbc8eFl6UX5_wWGP8i0mAs-cvY\n\nIt\u2019s a long slog at 5 hours total; when my wife and I watched it we did it in much smaller chunks (in true ADHD fashion) \u2013 for one thing we kept having to stop when we felt the need to discuss something or my wife would break down crying due to \u201cfeeling seen\u201d and having a learned advocate spell out exactly and in clear terms all of those things she hadn\u2019t been able to articulate about herself. \nWhich leads me to my main point here \u2013 most of us have a hard time explaining our brains and our inner selves to someone else, especially when we\u2019re on the defensive, in the heat of an emotional battle, being accused of making excuses, while trying to fend off and break away from feelings of guilt and shame about that in ourselves.\n\nTaking it in, in this way \u2013 from a prepared presentation from a seasoned, highly-trained world-class professional in his field can help take the personal, emotional aspect out of it and let y\u2019all soak it in in a less emotionally charged, reasonable way.\n \nSome of it won\u2019t apply to you individually because of the types of ADHD and the spectrum nature of the condition, but he explains all that and why, and what the differences are.\n\nSo if you can get your parents to sit down with you and watch it in, say, 30-min segments, pausing to discuss it as you go, it might be a way for you to get this info through to them without it being a matter of personal weakness on your part (from their perspective). \nIt you have difficulty getting them to do that and were it me I would probably watch it myself someplace where they couldn\u2019t help but to overhear it anyway (ahem).\n\nDr. Barkley also has a YouTube channel to which he posts regularly, and it is also a great source of information, and is more up-to-date as well.\n \nThis isn\u2019t a new reality for you; you were likely born to it - but it\u2019s a new understanding of your reality, and that\u2019s going to take some education and adjustment for all of you.",
      "created_utc": 1749733839.0,
      "score": 1,
      "permalink": "/r/ADHD/comments/1l9ew14/breaking_down_after_my_dad_knows_about_my_adhd/mxdiroc/",
      "is_submitter": false,
      "edited": false,
      "stickied": false
    },
    {
      "id": "mxdwmz1",
      "author": "RosenProse",
      "body": "\"Hell no. You have a big reaction from my \\*emotional abuse\\* which means you are sick in the head.\" \n\nFixed that line for your dad. Stupid git.   \nScrew your mom for outing you against your wishes. She is also in the wrong.\n\nYou're a minor right OP? I'm sorry you have to deal with him. Listen to that instinct that he's unsafe and that his words are not true. That is the key to sanity. Sadly I don't think your mom can be relied on to be a safe adult. \n\nI want you to know that you're NOT lazy, I think you're BRILLIANT for getting therapy and self-care while fighting executive dysfunction AND dealing with an abusive father and enabling mother. You are a person of worth and value. Good Job!",
      "created_utc": 1749738244.0,
      "score": 1,
      "permalink": "/r/ADHD/comments/1l9ew14/breaking_down_after_my_dad_knows_about_my_adhd/mxdwmz1/",
      "is_submitter": false,
      "edited": false,
      "stickied": false
    },
    {
      "id": "mxd7qzy",
      "author": "simulation07",
      "body": "Sounds like a lot of mental health issues going on in your family. Happy you have therapy to talk it out. \n\nYour dad becoming emotionally upset to the point where he argues that *your lazy* is hella bad for a parent to do. Even if their kid was lazy. This literally teaches kids what they are. He should be lifting you up, not holding you down. Your mom should do the same, and in this case it means defending you - which ain\u2019t happening in this story. \n\n\nWhat if you don\u2019t have adhd, and just shitty parents?",
      "created_utc": 1749729789.0,
      "score": 1,
      "permalink": "/r/ADHD/comments/1l9ew14/breaking_down_after_my_dad_knows_about_my_adhd/mxd7qzy/",
      "is_submitter": false,
      "edited": false,
      "stickied": false
    },
    {
      "id": "mxd6hgb",
      "author": "VulfSki",
      "body": "Yes. And ADHD is not an excuse to be emotionally abusive though. And he is being emotionally abusive .",
      "created_utc": 1749729281.0,
      "score": 13,
      "permalink": "/r/ADHD/comments/1l9ew14/breaking_down_after_my_dad_knows_about_my_adhd/mxd6hgb/",
      "is_submitter": false,
      "edited": false,
      "stickied": false
    },
    {
      "id": "mxc48ma",
      "author": "Educational-Swan-214",
      "body": "He  accepts I have adhd but he also doesn\u2019t\u2026 idk it\u2019s like if I was depressed he\u2019d think okay she\u2019s sad. Then be happy- yk. He just makes me so anxious",
      "created_utc": 1749708355.0,
      "score": 19,
      "permalink": "/r/ADHD/comments/1l9ew14/breaking_down_after_my_dad_knows_about_my_adhd/mxc48ma/",
      "is_submitter": true,
      "edited": false,
      "stickied": false
    },
    {
      "id": "mxc4dnb",
      "author": "Educational-Swan-214",
      "body": "Maybe I should e done more more research myself but when they hold me at two parents gun point I can\u2019t even say nothing back. Like I know what he\u2019s saying isn\u2019t true but nothing in my head can refute him. Like I have so many reason or no reasons in my head\u2026 idk",
      "created_utc": 1749708433.0,
      "score": 9,
      "permalink": "/r/ADHD/comments/1l9ew14/breaking_down_after_my_dad_knows_about_my_adhd/mxc4dnb/",
      "is_submitter": true,
      "edited": false,
      "stickied": false
    },
    {
      "id": "mxdiln2",
      "author": "AnythingEastern3964",
      "body": "This was my first thought reading this as a parent myself.",
      "created_utc": 1749733781.0,
      "score": 1,
      "permalink": "/r/ADHD/comments/1l9ew14/breaking_down_after_my_dad_knows_about_my_adhd/mxdiln2/",
      "is_submitter": false,
      "edited": false,
      "stickied": false
    },
    {
      "id": "mxdxf4b",
      "author": "RosenProse",
      "body": "Constant harping for an answer or repetitive statements is also pretty common in emotionally abusive language though. Especially when they want you to follow \"A script\".\n\nI'm not saying you're hypothesis is wrong necissarily,  but OP's post and comments reek of this man being unsafe for them and we should keep that in mind.",
      "created_utc": 1749738473.0,
      "score": 1,
      "permalink": "/r/ADHD/comments/1l9ew14/breaking_down_after_my_dad_knows_about_my_adhd/mxdxf4b/",
      "is_submitter": false,
      "edited": false,
      "stickied": false
    },
    {
      "id": "mxdf665",
      "author": "Educational-Swan-214",
      "body": "I prob should but even if we meet again there will be some sort of problem the arises AGAIN",
      "created_utc": 1749732591.0,
      "score": 2,
      "permalink": "/r/ADHD/comments/1l9ew14/breaking_down_after_my_dad_knows_about_my_adhd/mxdf665/",
      "is_submitter": true,
      "edited": false,
      "stickied": false
    },
    {
      "id": "mxdflzf",
      "author": "Ok-Possibility6579",
      "body": "This",
      "created_utc": 1749732745.0,
      "score": 2,
      "permalink": "/r/ADHD/comments/1l9ew14/breaking_down_after_my_dad_knows_about_my_adhd/mxdflzf/",
      "is_submitter": false,
      "edited": false,
      "stickied": false
    },
    {
      "id": "mxdgpg5",
      "author": "Charlies_Mamma",
      "body": "I'm also in my 30s and as part of my journey to being diagnosed with ADHD at 32, I spent a lot of time with my memories of my childhood and teen years. For my diagnosis interview, I didn't want to forget my examples of symptoms from childhood, so I actually made quite extensive notes of specific memories I had. \n\nAfter speaking to a therapist after diagnosis, when I told her about the notes, she suggested chatting to my parents about the memories (and more importantly, their reactions to what I now know was my disability). But very conveniently, when I spoke to them about 10+ incidents over 5-8 years, neither of them could remember them. Then several weeks later, they both brought up different incidents from the same time period, in great detail, that confirmed whatever BS they were trying to blame me for (like 2 decades later lol)",
      "created_utc": 1749733126.0,
      "score": 2,
      "permalink": "/r/ADHD/comments/1l9ew14/breaking_down_after_my_dad_knows_about_my_adhd/mxdgpg5/",
      "is_submitter": false,
      "edited": false,
      "stickied": false
    },
    {
      "id": "mxe0m88",
      "author": "Educational-Swan-214",
      "body": "Thank you for the hopes I think I can ask my therapist about how to get space when I can have space. I\u2019m also glad you were able to get diagnosed eventually!",
      "created_utc": 1749739413.0,
      "score": 1,
      "permalink": "/r/ADHD/comments/1l9ew14/breaking_down_after_my_dad_knows_about_my_adhd/mxe0m88/",
      "is_submitter": true,
      "edited": false,
      "stickied": false
    },
    {
      "id": "mxdg07u",
      "author": "Educational-Swan-214",
      "body": "I tired getting myself mental help with therapy. However it\u2019s like let\u2019s say after therapy I feel confident and happy but within two days something between me and him have to ruin it and I\u2019m going crazy again :(",
      "created_utc": 1749732882.0,
      "score": 2,
      "permalink": "/r/ADHD/comments/1l9ew14/breaking_down_after_my_dad_knows_about_my_adhd/mxdg07u/",
      "is_submitter": true,
      "edited": false,
      "stickied": false
    },
    {
      "id": "mxdfkmj",
      "author": "Educational-Swan-214",
      "body": "I have college (which was why I was able to get tested :p) but I\u2019m on break rn. For college I went so far from home and it was the best thing ever not having to fear that a \u201cno\u201d from me will lead to something unexpectable. But sadly I\u2019m back ;-;",
      "created_utc": 1749732733.0,
      "score": 3,
      "permalink": "/r/ADHD/comments/1l9ew14/breaking_down_after_my_dad_knows_about_my_adhd/mxdfkmj/",
      "is_submitter": true,
      "edited": false,
      "stickied": false
    },
    {
      "id": "mxdj8qn",
      "author": "Educational-Swan-214",
      "body": "I cannot speak nicely to this guy and expect anything the second he starts raging. One time I told him he was scaring me and stuff and this guy told me \u201cscary how am I scary only evil people find me scary\u201d so yk im also evil.",
      "created_utc": 1749734000.0,
      "score": 1,
      "permalink": "/r/ADHD/comments/1l9ew14/breaking_down_after_my_dad_knows_about_my_adhd/mxdj8qn/",
      "is_submitter": true,
      "edited": false,
      "stickied": false
    },
    {
      "id": "mxcc9nw",
      "author": "Educational-Swan-214",
      "body": "I can\u2019t leave\u2026 he didn\u2019t even let me out my own room. I told him I want space. So I went to bathroom and then he followed me to the bathroom a few mins later with mean words\u2026 I said let\u2019s talk\nAbout this late and he said that my reactions proved something (forgot the word)",
      "created_utc": 1749712902.0,
      "score": 3,
      "permalink": "/r/ADHD/comments/1l9ew14/breaking_down_after_my_dad_knows_about_my_adhd/mxcc9nw/",
      "is_submitter": true,
      "edited": false,
      "stickied": false
    },
    {
      "id": "mxdjupa",
      "author": "Educational-Swan-214",
      "body": "He\u2019s go to my mom by saying stuff like \u201cidk why we got to this place again. I feel hopeless and lost idk what I did and what to do\u201d like bruh I literally told him that although I don\u2019t wanna have this talk (them interrogating me) I thought it\u2019ll lead to understanding not criticism. And YK still proceeds to blame ME for feeling hurt and have negative thoughts",
      "created_utc": 1749734207.0,
      "score": 1,
      "permalink": "/r/ADHD/comments/1l9ew14/breaking_down_after_my_dad_knows_about_my_adhd/mxdjupa/",
      "is_submitter": true,
      "edited": false,
      "stickied": false
    },
    {
      "id": "mxdapai",
      "author": "KratkyInMilkJugs",
      "body": "It's not even about you, it's about him. He sees himself in you, in the difficulties in life that he also had to go through. He thought that was just what everyone had to go through, and other people were just much more disciplined than he was, _and is_. He sees all that and thought of it as normal, he's just not nearly as diligent as his peers, rather lazy in fact, that's all. A minor failure in life that had let opportunities pass him by as he sees his friends out pace him, but he's accepted that. At least he's not homeless, nor a drug addict. There are people who are dealt worse cards than him, suffered through much more than him, people with a mental illness or developmental disability for example.\n\nBut now the doctors say that's not normal, that's a neurological condition that'll negatively impair you for life, and the meds are one of the best ways to mitigate that. He hears that and couldn't accept it in the moment. Wouldn't that mean he is broken too, and nobody even questioned or cared enough to help him when he had needed it the most? What would his life have been like instead were it to be true?\n\nAnd what if his daughter (or son, I didn't catch your gender, sorry if you did mention it and I didn't catch it anyway, I have ADHD too you know?) were to take the meds, and get better, a lot better. _Didn't he hear somewhere this ADHD thing is hereditary?_ That would mean he's ADHD too! That all his life, being denounced as a good for nothing bum who couldn't just apply himself to meet the po-ten-tial (go away censor, it's not a bad word) everyone saw in him, wasn't him being lazy after all. That'll be validation. Painful, horrible validation that he didn't have to go through all the pain and suffering and difficulties he had to in life. And all the lives he could see he could have had, if he had just \"applied himself\" flashes behind his eyes.\n\nWhy this? Why her? Why him? Why, why, why do you have to take the meds?\n\nNot that he's not a complete raging donkey-hole (I'm not letting the censor eat another perfectly good comment I've put good time, effort and feels into) for doing this to you anyway. But he's probably hurting too (I think? I'm extrapolating here of course. I'm not there, and I'm not sure I could tell, or be in a position to care, in the moment if I were in your shoes).",
      "created_utc": 1749730943.0,
      "score": 14,
      "permalink": "/r/ADHD/comments/1l9ew14/breaking_down_after_my_dad_knows_about_my_adhd/mxdapai/",
      "is_submitter": false,
      "edited": false,
      "stickied": false
    },
    {
      "id": "mxcple2",
      "author": "HypeBrainDisorder",
      "body": "If you had any other disorder or disease, would you need to the research yourself?\u00a0\n\nIf you were diabetic and needed insulin would you need to explain and justify to someone else?\n\nIt\u2019s bullshit, this kind of thinking will lead you nowhere.\u00a0\n\nYou don\u2019t need to justify.\nYou got a diagnosis\u00a0\nTell him to talk to the doctor then",
      "created_utc": 1749721057.0,
      "score": 16,
      "permalink": "/r/ADHD/comments/1l9ew14/breaking_down_after_my_dad_knows_about_my_adhd/mxcple2/",
      "is_submitter": false,
      "edited": false,
      "stickied": false
    },
    {
      "id": "mxdhaf4",
      "author": "RiRianna76",
      "body": "Therapy can only do so much when something/someone in your environment is objectively challenging or making you sad. You are not failing it by being in a vulnerable position in home and having your own father mistreating you or your mom exposing you to it, your reaction is normal. \n\nI think what therapy can help with in hard-to-immediately-change situations such as this is validation, coping skills and the ability to maintain a safe part of yourself that doesn't completely internalize his shitty attitude as something wrong within you. Have you opened up to the therapist abt this aspect of your life?",
      "created_utc": 1749733328.0,
      "score": 2,
      "permalink": "/r/ADHD/comments/1l9ew14/breaking_down_after_my_dad_knows_about_my_adhd/mxdhaf4/",
      "is_submitter": false,
      "edited": false,
      "stickied": false
    },
    {
      "id": "mxe0pju",
      "author": "RosenProse",
      "body": "As a legal adult I highly reccomend finding some roomates to rent an apartmnt together and then never living under the same roof as your father ever again.\n\nI know that sound daunting and scary, sorry. But you DON'T need to endure this man if you don't want to. Are they paying for college? Do you work?",
      "created_utc": 1749739440.0,
      "score": 1,
      "permalink": "/r/ADHD/comments/1l9ew14/breaking_down_after_my_dad_knows_about_my_adhd/mxe0pju/",
      "is_submitter": false,
      "edited": false,
      "stickied": false
    },
    {
      "id": "mxdiamr",
      "author": "Educational-Swan-214",
      "body": "It is possible that it\u2019s how he feels but honestly who would know. Funny thing is through my whole life I keep telling him to get help (in a very genuine way) cuz his actions hurt me and himself. But uh let\u2019s guess how that topic went.\n\nI know he is hurting maybe in the way that ur saying but definitely in the \u201cfeels guilt after saying and doing things that make me upset\u201d. Which I hate cuz my whole life is him being mean then being guilty. I know this response is off topic from what you said but I just felt like blabbing it :p",
      "created_utc": 1749733677.0,
      "score": 3,
      "permalink": "/r/ADHD/comments/1l9ew14/breaking_down_after_my_dad_knows_about_my_adhd/mxdiamr/",
      "is_submitter": true,
      "edited": false,
      "stickied": false
    },
    {
      "id": "mxdk77c",
      "author": "Educational-Swan-214",
      "body": "I know that normally that\u2019s how it should be. But I so want to not be put in that situation that I am willing to do all the research and then not all this. And I\u2019ve told him \u201cidk the answer to all the questions you are asking rn you can ask my psychiatrist\u201d and he still wouldn\u2019t stop",
      "created_utc": 1749734324.0,
      "score": 2,
      "permalink": "/r/ADHD/comments/1l9ew14/breaking_down_after_my_dad_knows_about_my_adhd/mxdk77c/",
      "is_submitter": true,
      "edited": false,
      "stickied": false
    },
    {
      "id": "mxdj55k",
      "author": "KratkyInMilkJugs",
      "body": "No worries, I blabber too. It's only fair that I be not a hypocrite and also hear the blabberings of others.\n\nEdit: well, at least you know he genuinely cares about you. In a completely dysfunctional sense, but it's the thought that counts?",
      "created_utc": 1749733966.0,
      "score": 0,
      "permalink": "/r/ADHD/comments/1l9ew14/breaking_down_after_my_dad_knows_about_my_adhd/mxdj55k/",
      "is_submitter": false,
      "edited": 1749734325.0,
      "stickied": false
    },
    {
      "id": "mxdykff",
      "author": "RosenProse",
      "body": "Please look up the cycle of abuse. OP just described the \"Reconcilliation\" phase. This should be followed by a period of peace, then a period of tension, then another blow-up.",
      "created_utc": 1749738812.0,
      "score": 1,
      "permalink": "/r/ADHD/comments/1l9ew14/breaking_down_after_my_dad_knows_about_my_adhd/mxdykff/",
      "is_submitter": false,
      "edited": false,
      "stickied": false
    }
  ],
  "relevance": {
    "score": 7.800000000000001,
    "user_type": "parent",
    "pain_points": [
      "you know what you need to function better than anyone, you will need help translating those feelings from a dr or therapist though",
      "it you have difficulty getting them to do that and were it me i would probably watch it myself someplace where they couldn\u2019t help but to overhear it anyway (ahem)"
    ],
    "keywords_found": [],
    "sentiment_score": 0.9988,
    "age_relevance": false,
    "urgency_level": "high",
    "competitive_mentions": [],
    "timestamp": "2025-06-12T14:46:28.457628"
  }
}