{
  "subreddit": "Parenting",
  "post": {
    "id": "1l9g49f",
    "title": "Education app for 9y old?",
    "author": "robbo2020a",
    "created_utc": 1749712429.0,
    "score": 0,
    "num_comments": 3,
    "url": "https://www.reddit.com/r/Parenting/comments/1l9g49f/education_app_for_9y_old/",
    "selftext": "Hi, I'm looking for an app where I can have my 9 year old do 30 minutes of studying every day. \n\nI know that there are many solutions out there, I did Google this, so my question is does anyone have any recommendations? \n\nIdeal if it did the following. \n\n1. Cover all subject areas of UK education system for primary school (y5 and y6). \n2. Could be entertaining whilst learning (if it's boring it'll be horrible). \n3. Lock other apps on the tablet until 30 minutes of studying is complete. \n\nWhy do I want this? \n\nWell I fear my daughter is finding school to easy for her age group, and loves playing outside however in out neighbourhood all the other kids don't want to be outside, so she spends lots of time simply watching TV and YouTube. We would love to spend more time with her, but have a very young child which means we need to share our time between both children. I am therefore hoping to minimise the mindless watching of videos a little. \n"
  },
  "comments": [
    {
      "id": "mxcbh2m",
      "author": "AutoModerator",
      "body": "Welcome to r/Parenting!\n\nThis is a reminder to please be civil and behave respectfully to one another. We are a diverse community gathered to discuss parenting, and it's important to remember that differences in opinion are common in this regard.\n\nPlease review our rules before participating: [r/Parenting Subreddit Rules](https://www.reddit.com/r/Parenting/wiki/parenting_subreddit_rules/)\n\nThank you for being a part of our community!\n\n\n*I am a bot, and this action was performed automatically. Please [contact the moderators of this subreddit](/message/compose/?to=/r/Parenting) if you have any questions or concerns.*",
      "created_utc": 1749712429.0,
      "score": 1,
      "permalink": "/r/Parenting/comments/1l9g49f/education_app_for_9y_old/mxcbh2m/",
      "is_submitter": false,
      "edited": false,
      "stickied": true
    },
    {
      "id": "mxd02up",
      "author": "Exact_Sense_5411",
      "body": "Interested in this as well. We only let our 10 year old watch YouTube an hour a day. He knows it\u2019s bad for his brain and most days he doesn\u2019t bother. He currently loves watching the Lego shows and movies on Netflix on the tv while he\u2019s playing with his legos. On his iPad we found Duolingo has games and right now he\u2019s playing chess and we\u2019ve said he can do that as much as he wants.",
      "created_utc": 1749726493.0,
      "score": 1,
      "permalink": "/r/Parenting/comments/1l9g49f/education_app_for_9y_old/mxd02up/",
      "is_submitter": false,
      "edited": false,
      "stickied": false
    },
    {
      "id": "mxdb7om",
      "author": "MableXeno",
      "body": "I 100% don't mean this in a rude way but...\n\nBOOKS. Books meet these metrics. When you have a book in your hand, notifications from your games can't pull you away to another app. Books can be very entertaining. And they can cover all kinds of subjects.",
      "created_utc": 1749731137.0,
      "score": 1,
      "permalink": "/r/Parenting/comments/1l9g49f/education_app_for_9y_old/mxdb7om/",
      "is_submitter": false,
      "edited": false,
      "stickied": false
    }
  ],
  "relevance": {
    "score": 6.6000000000000005,
    "user_type": "parent",
    "pain_points": [
      "hi, i'm looking for an app where i can have my 9 year old do 30 minutes of studying every day",
      "i know that there are many solutions out there, i did google this, so my question is does anyone have any recommendations? \n\nideal if it did the following"
    ],
    "keywords_found": [],
    "sentiment_score": 0.9924,
    "age_relevance": true,
    "urgency_level": "low",
    "competitive_mentions": [],
    "timestamp": "2025-06-12T14:49:33.040084"
  }
}