{
  "subreddit": "Montessori",
  "post": {
    "id": "1kqg53y",
    "title": "Baby blankets & stuffies",
    "author": "m1e1o1w",
    "created_utc": 1747672250.0,
    "score": 6,
    "num_comments": 19,
    "url": "https://www.reddit.com/r/Montessori/comments/1kqg53y/baby_blankets_stuffies/",
    "selftext": "I\u2019m a 3-6 teacher. Do you guys let children bring their comfort items from home to school? Only allow them out during nap time? Stop bringing them at a specific age? l have one student in particular who is deeply attached to their stuffie and it becomes a problem throughout the day when there are times that we cannot have it out and causes very big emotions. For next school year I was considering making a rule that personal items need to be left at home, but im not sure if that\u2019s not developmentally appropriate / too harsh. Any input would be appreciated! "
  },
  "comments": [
    {
      "id": "mt5djt3",
      "author": "More-Mail-3575",
      "body": "I always said personal items had to be left at home. A small blanket/lovey crib sized could be used at nap. If they brought it at drop off, I would be the person to give it back to the parent and help the child into the room. \n\nIf it is for a child with a disability, and it is needed for calming, then I would allow a small non electric or non noise making toy that could be kept in the pocket or hand for comfort. I had a child with autism that would cling to a special car (math box sized) but when it was work time, it stayed in his pocket so he had full use of both hands.",
      "created_utc": 1747673486.0,
      "score": 10,
      "permalink": "/r/Montessori/comments/1kqg53y/baby_blankets_stuffies/mt5djt3/",
      "is_submitter": false,
      "edited": false,
      "stickied": false
    },
    {
      "id": "mt5skt7",
      "author": "SierraGrove_",
      "body": "I don't allow any items from home in my 3-6 classroom it always just causes problems",
      "created_utc": 1747677787.0,
      "score": 6,
      "permalink": "/r/Montessori/comments/1kqg53y/baby_blankets_stuffies/mt5skt7/",
      "is_submitter": false,
      "edited": false,
      "stickied": false
    },
    {
      "id": "mt95qpb",
      "author": "Minute_Parfait_9752",
      "body": "My daughter's nursery have a \"home box\". She likes taking a toy in every day but she puts the toy straight in the home box when she gets there. A big part of it is that she is doing it herself rather than having it be taken off her. Currently working on \"no toy\" because she's autistic and going to big school in September where it will potentially make her stand out more and taking a toy is more of a habit than comfort at this point. But the home box was a great middle ground!",
      "created_utc": 1747722187.0,
      "score": 4,
      "permalink": "/r/Montessori/comments/1kqg53y/baby_blankets_stuffies/mt95qpb/",
      "is_submitter": false,
      "edited": false,
      "stickied": false
    },
    {
      "id": "mt5dinc",
      "author": "Mother_Emergency298",
      "body": "We don't allow stuffies. In CH or toddler. No pacifiers either, if they start with them we're weaning in a month or so.\n\nIf someone really wants to they can bring a photo of theirs to show others and to touch base with. This is rug work, like sharing/ show and tell. Children can bring blankets that stay at school and come out at naptime.",
      "created_utc": 1747673477.0,
      "score": 10,
      "permalink": "/r/Montessori/comments/1kqg53y/baby_blankets_stuffies/mt5dinc/",
      "is_submitter": false,
      "edited": false,
      "stickied": false
    },
    {
      "id": "mt7ryf7",
      "author": "howlinjimmy",
      "body": "At my school, stuffies are only brought for nap time and they stay in the cubby for the entire day until naptime. Our cubbies are in the hallway out of the classroom, so the kids are separated from them throughout the morning. On some occasions, I've let kids out into the hallway to give their stuffy a hug for 1 minute if they're emotional, dysregulated, anxious, etc. It hasn't really been a big issue thus far but if it were causing problems consistently, I would definitely put tighter restrictions on it.",
      "created_utc": 1747700512.0,
      "score": 3,
      "permalink": "/r/Montessori/comments/1kqg53y/baby_blankets_stuffies/mt7ryf7/",
      "is_submitter": false,
      "edited": false,
      "stickied": false
    },
    {
      "id": "mt867sx",
      "author": "tra_da_truf",
      "body": "I did. In my mind, they slept on the floor, on thin mats on identical school issue linens, they at least should at least get to have a small stuffed animal or blanket from home. \n\nBut they were inaccessible during any other time outside of nap.",
      "created_utc": 1747705806.0,
      "score": 3,
      "permalink": "/r/Montessori/comments/1kqg53y/baby_blankets_stuffies/mt867sx/",
      "is_submitter": false,
      "edited": false,
      "stickied": false
    },
    {
      "id": "mt5udxj",
      "author": "so_cheapandjuicy",
      "body": "First, does your school have any guidance on this that you need to follow, or is it up to the individual teacher? \n\nSecond, where is the student currently keeping their lovey? Are they carrying it the whole day? Leaving it in a cubby or backpack? When are the times that they aren't able to access it, and what is their behavior like? \n\nThird, how did the lovey end up coming to school? Did the parents seek out permission from you, or has the child simply always brought it?",
      "created_utc": 1747678315.0,
      "score": 2,
      "permalink": "/r/Montessori/comments/1kqg53y/baby_blankets_stuffies/mt5udxj/",
      "is_submitter": false,
      "edited": false,
      "stickied": false
    },
    {
      "id": "mt85b15",
      "author": "DviantPink",
      "body": "I have 3-4 1/2 year olds. They can bring one stuffy that fits in their cubby but it's only allowed out at naptime.",
      "created_utc": 1747705468.0,
      "score": 2,
      "permalink": "/r/Montessori/comments/1kqg53y/baby_blankets_stuffies/mt85b15/",
      "is_submitter": false,
      "edited": false,
      "stickied": false
    },
    {
      "id": "mt7thio",
      "author": "happy_bluebird",
      "body": "In most Montessori teacher groups I'm in, the consensus seems to be no- regulations, hygiene, distractability, etc.",
      "created_utc": 1747701076.0,
      "score": 2,
      "permalink": "/r/Montessori/comments/1kqg53y/baby_blankets_stuffies/mt7thio/",
      "is_submitter": false,
      "edited": false,
      "stickied": false
    },
    {
      "id": "mt8fijq",
      "author": "Mbluish",
      "body": "For naps with the toddlers, yes. In general, no. There have been very rare exceptions in this case. I have noticed the past few years, and I gather working from home parents played a huge part in this, I've had children extra attached to certain things before they started school. We tried without their items and it was such a traumatic experience for them. We started off slowly and eventually got them to keep the lovey at home. The best part is when they set it down and walk away from it while at school because they forgot about it. I'd do this no more than a few days and again, only extremely rare cases. For the most part toys and everything else stay at home.",
      "created_utc": 1747709405.0,
      "score": 1,
      "permalink": "/r/Montessori/comments/1kqg53y/baby_blankets_stuffies/mt8fijq/",
      "is_submitter": false,
      "edited": false,
      "stickied": false
    },
    {
      "id": "mt8m1yi",
      "author": "shaybay2008",
      "body": "I will caution that some kids who have medical issues that require hospitalization, are sometimes \u201ctrained\u201d to do two things. 1) use their stuffy when they get nervous/scared/in patin etc or 2) it is routinely used in medical play(there is a whole sub thing of therapy dedicated to play therapy). Therefore, I might ask parents to make sure you aren\u2019t missing background info that could be relevant. I was in the hospital a lot as a tiny human(stopped around 3) bc I was a premie AND I never could use a pacifier so my entire life soft things have been a coping skill. One way I combat this as an adult is keychain plushies or I wear something super soft. I write all of this as I am snuggling a plush. Maybe for this kid see if they can get a\u201dpocket\u201d plush(i recommend something that can be washed) so that it can ground the kid but hopefully not be as big of a distraction. The thing my parents did was buy a second(well actually 4th) of my preferred plush and kept it at my daycare to prevent meltdowns \n\nAlso I know my experiences aren\u2019t normal but teachers forgot my history when I was 4-6 so my parents advocated for me.",
      "created_utc": 1747712209.0,
      "score": 1,
      "permalink": "/r/Montessori/comments/1kqg53y/baby_blankets_stuffies/mt8m1yi/",
      "is_submitter": false,
      "edited": false,
      "stickied": false
    },
    {
      "id": "mt8xhpk",
      "author": "enfusraye",
      "body": "FWIW our Children's House allows toys but everything must be kept either in their backpacks, cubbies, or in the toy basket in the hall until afternoon play time.  This includes stuffies, hot wheels, barbies, books, etc. As a parent I observe my son, and all of his friends, in LOVE with picking out a toy of the day to take to school. Part of our drop off routine is to put it in the bin just after changing into indoor shoes and compare toys (mainly monster trucks and hot wheels). They do share with one another, as observed during afternoon playtime and backed by feedback from our guides. I personally like that this is something my child is both really excited about and reinforces strict boundaries at school. I also like that it encourages (forces?) him to keep track of his things and to be mindful of their condition. \n\nSpecifically for blankets and stuffies\u2014blankets are allowed but they're kept in the cupboard with the cots. They come out at nap time and get put away. Stuffies go back in the toy bin to be brought out again at playtime!",
      "created_utc": 1747717679.0,
      "score": 1,
      "permalink": "/r/Montessori/comments/1kqg53y/baby_blankets_stuffies/mt8xhpk/",
      "is_submitter": false,
      "edited": false,
      "stickied": false
    },
    {
      "id": "mtzuh0a",
      "author": "Cassieblur",
      "body": "i think there is a key difference between bringing random toys and true comfort items. I find in general kids will fight over toys but will respect the sanctity of \u201cbunny\u201d it\u2019s almost like an unspoken agreement between kids that they are off limits. Play with these items is not usually integrated, they are more of a comforting presence than a play item. I would follow the lead of the child and if it is supporting their regulation I would leave it. It\u2019s often pretty easy to tuck it into a pocket, shirt or waistband and set somewhere to \u201cwatch\u201d work that is unsafe or unhygienic for bunny to join in.",
      "created_utc": 1748088067.0,
      "score": 1,
      "permalink": "/r/Montessori/comments/1kqg53y/baby_blankets_stuffies/mtzuh0a/",
      "is_submitter": false,
      "edited": false,
      "stickied": false
    },
    {
      "id": "mt9jm1g",
      "author": "Subversive_footnote",
      "body": "Same policy",
      "created_utc": 1747730832.0,
      "score": 1,
      "permalink": "/r/Montessori/comments/1kqg53y/baby_blankets_stuffies/mt9jm1g/",
      "is_submitter": false,
      "edited": false,
      "stickied": false
    },
    {
      "id": "mt7jqru",
      "author": "m1e1o1w",
      "body": "1. It\u2019s up to the teacher - this was my first year teaching at the school, and stuffies were allowed at the time when I took over so it is definitely something I will be ending when school starts back up in August. \n2. The student carries it in at drop off time and it\u2019s a struggle to take it away. Usually results in crying and fits. My rule is that it was fine to bring out during nap, I really just would rather not take it away and keep track of it and return it when I have other things to worry about. I would be fine if it was kept at school in the nap sack, but the back and forth is just inconvenient for everyone. \n3. The toddler classroom that the student was in before coming to my class allows personal items, so the parents just continued to bring it. If the child leaves it at home or in the car, the parent will literally leave work when they remember and drive it back. \ud83e\udd26\ud83c\udffb\u200d\u2640\ufe0f",
      "created_utc": 1747697569.0,
      "score": 1,
      "permalink": "/r/Montessori/comments/1kqg53y/baby_blankets_stuffies/mt7jqru/",
      "is_submitter": true,
      "edited": false,
      "stickied": false
    },
    {
      "id": "mtxxakz",
      "author": "None",
      "body": "[deleted]",
      "created_utc": 1748052015.0,
      "score": 1,
      "permalink": "/r/Montessori/comments/1kqg53y/baby_blankets_stuffies/mtxxakz/",
      "is_submitter": false,
      "edited": false,
      "stickied": false
    },
    {
      "id": "mti81w2",
      "author": "veryno",
      "body": "It sounds from #3 like the child might be ready to separate from it naturally, the parents just haven't noticed? Have you tried talking to them directly?\n\nMy kid had a very hard time transitioning to school (toddler room) from being at home, so they let her bring a stuffie. On arrival, parent or teacher would help her say goodbye and put it in her cubby. \n\nIt could come out for nap. If she was having a particularly hard time/day, she could carry it, but over time they offered that less and redirected her to the calming corner more. As she got more comfortable, she asked for it less anyway. Eventually she didn't even bother getting it out for naps.\n\nAt some point we also bought a backup one to keep at school, which helped break the \"bring my stuffie from home->car->classroom\" association. Not possible to get a second comfort object for all kids, but if it is, you could suggest that to the parents.",
      "created_utc": 1747847752.0,
      "score": 1,
      "permalink": "/r/Montessori/comments/1kqg53y/baby_blankets_stuffies/mti81w2/",
      "is_submitter": false,
      "edited": false,
      "stickied": false
    },
    {
      "id": "mtxxztu",
      "author": "happy_bluebird",
      "body": "what?",
      "created_utc": 1748052284.0,
      "score": 1,
      "permalink": "/r/Montessori/comments/1kqg53y/baby_blankets_stuffies/mtxxztu/",
      "is_submitter": false,
      "edited": false,
      "stickied": false
    },
    {
      "id": "mtxy698",
      "author": "None",
      "body": "[deleted]",
      "created_utc": 1748052352.0,
      "score": 1,
      "permalink": "/r/Montessori/comments/1kqg53y/baby_blankets_stuffies/mtxy698/",
      "is_submitter": false,
      "edited": false,
      "stickied": false
    },
    {
      "id": "mtxyl3g",
      "author": "happy_bluebird",
      "body": "you're missing the punctuation in my comment",
      "created_utc": 1748052508.0,
      "score": 1,
      "permalink": "/r/Montessori/comments/1kqg53y/baby_blankets_stuffies/mtxyl3g/",
      "is_submitter": false,
      "edited": false,
      "stickied": false
    },
    {
      "id": "mtxytli",
      "author": "Ok-Scallion9885",
      "body": "Gotcha.",
      "created_utc": 1748052597.0,
      "score": 1,
      "permalink": "/r/Montessori/comments/1kqg53y/baby_blankets_stuffies/mtxytli/",
      "is_submitter": false,
      "edited": false,
      "stickied": false
    }
  ],
  "relevance": {
    "score": 7.700000000000001,
    "user_type": "parent",
    "pain_points": [],
    "keywords_found": [
      "autism",
      "transition",
      "routine",
      "toddler"
    ],
    "sentiment_score": 0.9992,
    "age_relevance": true,
    "urgency_level": "low",
    "competitive_mentions": [],
    "timestamp": "2025-06-12T15:08:22.645044"
  }
}