{
  "subreddit": "preschool",
  "post": {
    "id": "1kbhp7r",
    "title": "Preschoolers peeing outside",
    "author": "Former-Pen-5739",
    "created_utc": 1746022802.0,
    "score": 167,
    "num_comments": 170,
    "url": "https://www.reddit.com/r/preschool/comments/1kbhp7r/preschoolers_peeing_outside/",
    "selftext": "I just moved to New York from California and have been looking at different preschool jobs in my town. I went for an interview at an all outdoor preschool yesterday and was shocked to see that they enforce the children toileting outside. The director brought me over and showed me 3 pieces of wood nailed together to mimic a toilet seat of some sort that\u2019s about an inch high off the ground. She explained to me that the girls use it as a toilet seat while the boys don\u2019t use it much. I am from Los Angeles and that was never even something my previous director considered having the children do. Is this normal? There was also no toilet paper for the children to wipe themselves, and obviously no sink access. Just wood in the middle of the dirt. I\u2019ve been looking through New York State childcare center regulations and standards but can\u2019t find anything regarding this. Thoughts and advice would be great! "
  },
  "comments": [
    {
      "id": "mpumxzv",
      "author": "BrigidKemmerer",
      "body": "In an emergency situation, sure. Sometimes you've gotta do what you've gotta do.\n\nIn a school you're *literally paying for your kids to attend*? ABSOLUTELY NOT. WTF.",
      "created_utc": 1746025242.0,
      "score": 46,
      "permalink": "/r/preschool/comments/1kbhp7r/preschoolers_peeing_outside/mpumxzv/",
      "is_submitter": false,
      "edited": false,
      "stickied": false
    },
    {
      "id": "mpujd9p",
      "author": "Minniepebbles",
      "body": "It's very normal here to let them have a \"wild wee\" in case of an emergency or just not having access to a bathroom since kids can't always hold it too well. But to make a makeshift one out of wood seems a little extreme. I'm surprised they don't have some kind of travel potty situation.",
      "created_utc": 1746024199.0,
      "score": 22,
      "permalink": "/r/preschool/comments/1kbhp7r/preschoolers_peeing_outside/mpujd9p/",
      "is_submitter": false,
      "edited": false,
      "stickied": false
    },
    {
      "id": "mpun74t",
      "author": "Rain_Dr0pp",
      "body": "Oh hellllllllll no. I'd love for my kids to have an outdoor school, but that would be a huge no go for me",
      "created_utc": 1746025316.0,
      "score": 18,
      "permalink": "/r/preschool/comments/1kbhp7r/preschoolers_peeing_outside/mpun74t/",
      "is_submitter": false,
      "edited": false,
      "stickied": false
    },
    {
      "id": "mpv9pnb",
      "author": "tra_da_truf",
      "body": "I know there are different rules in my state for forest schools and primitive camps regarding restrooms, but they still have to have privacy, tissue and a way to clean their hands, and way to safely dispose of waste. \n\nBoards nailed together in the open right here the children play is absolutely insane. Not only is that just not becoming of what we teach children about bathroom habits\u2026it\u2019s pinkeye, E. Coli and insect activity. What happens when someone poops? The poop just sits there? The kids just walk around with shit caked in their bottoms all day? \n\nI don\u2019t think I\u2019d work there and I\u2019d be reporting that to licensing.",
      "created_utc": 1746031870.0,
      "score": 12,
      "permalink": "/r/preschool/comments/1kbhp7r/preschoolers_peeing_outside/mpv9pnb/",
      "is_submitter": false,
      "edited": 1746062225.0,
      "stickied": false
    },
    {
      "id": "mpujd6h",
      "author": "jackanddiane1670",
      "body": "Who are the neglectful parents sending their kids here? I\u2019m all for extended outdoor play, but that is extremely unhygienic.",
      "created_utc": 1746024199.0,
      "score": 12,
      "permalink": "/r/preschool/comments/1kbhp7r/preschoolers_peeing_outside/mpujd6h/",
      "is_submitter": false,
      "edited": false,
      "stickied": false
    },
    {
      "id": "mpuk9d3",
      "author": "theanimalinwords",
      "body": "lol this was something we just saw at an outdoor preschool near us \ud83d\udc80 needless to say we passed on this school!",
      "created_utc": 1746024461.0,
      "score": 8,
      "permalink": "/r/preschool/comments/1kbhp7r/preschoolers_peeing_outside/mpuk9d3/",
      "is_submitter": false,
      "edited": false,
      "stickied": false
    },
    {
      "id": "mpuvck6",
      "author": "Aggressive-Coconut0",
      "body": "Aren't there health regulations against that? Is there a hole in the ground?",
      "created_utc": 1746027679.0,
      "score": 8,
      "permalink": "/r/preschool/comments/1kbhp7r/preschoolers_peeing_outside/mpuvck6/",
      "is_submitter": false,
      "edited": false,
      "stickied": false
    },
    {
      "id": "mpv0i6r",
      "author": "lemonade4",
      "body": "My daughter in preschool would constantly have damp underwear if she weren\u2019t using toilet paper. Leads to irritated vulva skin and discomfort. I would not send her somewhere that doesn\u2019t have the basic hygiene necessities. \n\nA lot of people saying it\u2019s gross, which it kind of is, but is also not teaching the girls how to safely and comfortably take care of their vulva! This is a dealbreaker.",
      "created_utc": 1746029171.0,
      "score": 15,
      "permalink": "/r/preschool/comments/1kbhp7r/preschoolers_peeing_outside/mpv0i6r/",
      "is_submitter": false,
      "edited": false,
      "stickied": false
    },
    {
      "id": "mpvzf1u",
      "author": "Fun_Maximum9751",
      "body": "We live out in the woods and our boys pee outside at home but Jesus peeing outside at school is some Billy Bob shit",
      "created_utc": 1746039284.0,
      "score": 6,
      "permalink": "/r/preschool/comments/1kbhp7r/preschoolers_peeing_outside/mpvzf1u/",
      "is_submitter": false,
      "edited": false,
      "stickied": false
    },
    {
      "id": "mpwdifb",
      "author": "Squeakywheels467",
      "body": "I just went to an Naeyc conference and sat in on a session for outdoor schooling even the ones that were completely outside had ports potties or something of the sort and ways to wash hands.",
      "created_utc": 1746043432.0,
      "score": 5,
      "permalink": "/r/preschool/comments/1kbhp7r/preschoolers_peeing_outside/mpwdifb/",
      "is_submitter": false,
      "edited": false,
      "stickied": false
    },
    {
      "id": "mpvduhy",
      "author": "Medium_Bid5787",
      "body": "What the fuck lmao. First I was like \u201calright a bit weird but whatever\u201d but then the lack of toilet paper is genuinely insane lol.",
      "created_utc": 1746033070.0,
      "score": 4,
      "permalink": "/r/preschool/comments/1kbhp7r/preschoolers_peeing_outside/mpvduhy/",
      "is_submitter": false,
      "edited": false,
      "stickied": false
    },
    {
      "id": "mpy4lix",
      "author": "brovocadotoast",
      "body": "My LO does outdoor preschool for 2.5-5 YOs (only indoors for heavy rain or weather warnings). Their teacher has a portable potty chair in a popup changing tent with individual bags and TP to absorb for each use. Kiddos and grown up helpers use sanitizer after using. The outdoor part is fine, the ramshackle unsanitary setup you\u2019re describing isn\u2019t.",
      "created_utc": 1746063938.0,
      "score": 3,
      "permalink": "/r/preschool/comments/1kbhp7r/preschoolers_peeing_outside/mpy4lix/",
      "is_submitter": false,
      "edited": false,
      "stickied": false
    },
    {
      "id": "mpx4xbu",
      "author": "TheVoidIceQueen",
      "body": "Is it a forest school? If so, yeah, my friend's kid attends forest school in NYC and has mentioned it a time or two and they think it's fun. Both the kids Mom and I are from rural areas so peeing outside is basically a rite of passage.",
      "created_utc": 1746051719.0,
      "score": 3,
      "permalink": "/r/preschool/comments/1kbhp7r/preschoolers_peeing_outside/mpx4xbu/",
      "is_submitter": false,
      "edited": false,
      "stickied": false
    },
    {
      "id": "mpyjst9",
      "author": "Ohorules",
      "body": "This is gross. My kids went to a very small outdoor school in NY. They didn't have running water aside from a hose, but there was a big water dispenser that was filled daily for handwashing. Soap and toilet paper were both available. The \"toilet\" was built like an outhouse, but the waste went into some sort of composting toilet bin. It was always reasonably clean (considering it was an outhouse used by little kids). They probably did pee in the woods if there was an emergency while hiking but I don't think it happened often.",
      "created_utc": 1746069484.0,
      "score": 3,
      "permalink": "/r/preschool/comments/1kbhp7r/preschoolers_peeing_outside/mpyjst9/",
      "is_submitter": false,
      "edited": false,
      "stickied": false
    },
    {
      "id": "mq0v958",
      "author": "Glass_Bar_9956",
      "body": "We go to a Forrest School. It\u2019s 100% outside. They have a travel potty in a little pop\nUp tent. There is toilet paper, bags for in case they have an accident and need a change. They also have wet wipes and the teacher wipes them after they \u201cwipe\u201d themselves. \n\nThey also have a hand washing station set up between the potty station and the regular play area. They have potty breaks but they also have hand washing breaks before snack time and lunch time. \n\nThey don\u2019t nap there. It\u2019s half day. There is a gazebo for shelter if need be. But no buildings. It\u2019s all year, all weather.",
      "created_utc": 1746109608.0,
      "score": 3,
      "permalink": "/r/preschool/comments/1kbhp7r/preschoolers_peeing_outside/mq0v958/",
      "is_submitter": false,
      "edited": false,
      "stickied": false
    },
    {
      "id": "mpwmbf4",
      "author": "EasyQuarter1690",
      "body": "This is not only gross, for obvious reasons, and unsanitary, potentially dangerous to the humans dealing with this absurd plan, but it is also dangerous to the environment.  Human waste is considered toxic for a reason, we developed public health, sanitation, and many regulations around dealing with our waste because of how many people literally died from improperly handled waste.  And, as someone that used to camp and backpack, I guarantee that they are NOT handling this appropriately! \n\nPlease report this to whomever regulates preschools in this locale, as well as the city\u2019s health department.  I am absolutely stunned that in the year 2025 this is something happening.",
      "created_utc": 1746045979.0,
      "score": 4,
      "permalink": "/r/preschool/comments/1kbhp7r/preschoolers_peeing_outside/mpwmbf4/",
      "is_submitter": false,
      "edited": false,
      "stickied": false
    },
    {
      "id": "mpugvxj",
      "author": "Opening-Reaction-511",
      "body": "Wtf?????",
      "created_utc": 1746023463.0,
      "score": 2,
      "permalink": "/r/preschool/comments/1kbhp7r/preschoolers_peeing_outside/mpugvxj/",
      "is_submitter": false,
      "edited": false,
      "stickied": false
    },
    {
      "id": "mpuhf3d",
      "author": "Ok-Network-8826",
      "body": "Uhhhhhhhhhhh",
      "created_utc": 1746023623.0,
      "score": 2,
      "permalink": "/r/preschool/comments/1kbhp7r/preschoolers_peeing_outside/mpuhf3d/",
      "is_submitter": false,
      "edited": false,
      "stickied": false
    },
    {
      "id": "mpuhpmd",
      "author": "Admirable_Throat_635",
      "body": "No",
      "created_utc": 1746023710.0,
      "score": 2,
      "permalink": "/r/preschool/comments/1kbhp7r/preschoolers_peeing_outside/mpuhpmd/",
      "is_submitter": false,
      "edited": false,
      "stickied": false
    },
    {
      "id": "mpuqhzg",
      "author": "WTF1335",
      "body": "How do they properly clean it? Eww",
      "created_utc": 1746026280.0,
      "score": 2,
      "permalink": "/r/preschool/comments/1kbhp7r/preschoolers_peeing_outside/mpuqhzg/",
      "is_submitter": false,
      "edited": false,
      "stickied": false
    },
    {
      "id": "mpvllb8",
      "author": "Kay_29",
      "body": "What the hell?!?",
      "created_utc": 1746035280.0,
      "score": 2,
      "permalink": "/r/preschool/comments/1kbhp7r/preschoolers_peeing_outside/mpvllb8/",
      "is_submitter": false,
      "edited": false,
      "stickied": false
    },
    {
      "id": "mpvp3n9",
      "author": "lanilunna",
      "body": "Eeeewwww how is cleaning the messed. Like dog poop but kids poop! OMG it sounds awful! Yikes!",
      "created_utc": 1746036270.0,
      "score": 2,
      "permalink": "/r/preschool/comments/1kbhp7r/preschoolers_peeing_outside/mpvp3n9/",
      "is_submitter": false,
      "edited": false,
      "stickied": false
    },
    {
      "id": "mpxd3ny",
      "author": "SKatieRo",
      "body": "At my former Preschool, a 5-year-old was suspended for peeing on the playground. Indecent exposure.",
      "created_utc": 1746054480.0,
      "score": 2,
      "permalink": "/r/preschool/comments/1kbhp7r/preschoolers_peeing_outside/mpxd3ny/",
      "is_submitter": false,
      "edited": false,
      "stickied": false
    },
    {
      "id": "mpxdtah",
      "author": "Normal-Sun450",
      "body": "Against NYS OCFS regulations \nPlease contact your local regulatory office- ccrc",
      "created_utc": 1746054719.0,
      "score": 2,
      "permalink": "/r/preschool/comments/1kbhp7r/preschoolers_peeing_outside/mpxdtah/",
      "is_submitter": false,
      "edited": false,
      "stickied": false
    },
    {
      "id": "mpy8jo6",
      "author": "Ok_Sink_3378",
      "body": "That\u2019s absolutely disgusting",
      "created_utc": 1746065302.0,
      "score": 2,
      "permalink": "/r/preschool/comments/1kbhp7r/preschoolers_peeing_outside/mpy8jo6/",
      "is_submitter": false,
      "edited": false,
      "stickied": false
    },
    {
      "id": "mpyb7yk",
      "author": "Brief-Hat-8140",
      "body": "Please tell me this is made up..",
      "created_utc": 1746066248.0,
      "score": 2,
      "permalink": "/r/preschool/comments/1kbhp7r/preschoolers_peeing_outside/mpyb7yk/",
      "is_submitter": false,
      "edited": false,
      "stickied": false
    },
    {
      "id": "mpyh6o4",
      "author": "None",
      "body": "My son goes to a forest school and there is a latrine. I would be very troubled by this \u201csetup\u201d",
      "created_utc": 1746068455.0,
      "score": 2,
      "permalink": "/r/preschool/comments/1kbhp7r/preschoolers_peeing_outside/mpyh6o4/",
      "is_submitter": false,
      "edited": false,
      "stickied": false
    },
    {
      "id": "mq0dkqc",
      "author": "TroyandAbed304",
      "body": "We take a training potty outside with us. And a garbage and tissue too.\n\nBut we had 2 teachers for 12 kids, there were big concrete stairs between us and the inside, and it was a private residence. The toilet wasnt visible in any way unless you were near it and we obviously cleaned it every time.\n\n*had sanitizer and washed hands first thing upon going inside.",
      "created_utc": 1746103757.0,
      "score": 2,
      "permalink": "/r/preschool/comments/1kbhp7r/preschoolers_peeing_outside/mq0dkqc/",
      "is_submitter": false,
      "edited": 1746104148.0,
      "stickied": false
    },
    {
      "id": "mq1c2xy",
      "author": "jdcarl14",
      "body": "I\u2019ve worked and sent my kids to nature based childcare. Outdoor bathrooming is a huge win but this situation sounds a tad different. We had a potty tent with a portable toilet/travel potty. Each child gets a fresh liner. They have a pump sink/water station or in a pinch sanitizer. There are wipes and toilet paper. Those things need to happen at the very least. They also had a designated P tree where boys would often stand and pee. \n\nIt\u2019s not functional when engaging in extended outdoor play to a) remove everyone every time a kid has to use the bathroom or b) risk leaving the outdoor classroom out of ratio to bring a student back inside to use the bathroom- this is particularly true in colder weather when putting on and taking off gear is extremely time consuming.",
      "created_utc": 1746114577.0,
      "score": 2,
      "permalink": "/r/preschool/comments/1kbhp7r/preschoolers_peeing_outside/mq1c2xy/",
      "is_submitter": false,
      "edited": false,
      "stickied": false
    },
    {
      "id": "mq2lldf",
      "author": "punkass_book_jockey8",
      "body": "We have a nature preschool my kids went to for a while and they did everything outside like ate, played, rested. Even in the snow. Even in the rain. \n\nThey had an indoor building to go the bathroom because it is disgustingly unhygienic to have human waste in a play area and nowhere to wash hands. There are strict rules on human waste for very good reason. \n\nThis is a huge red flag to me.",
      "created_utc": 1746127885.0,
      "score": 2,
      "permalink": "/r/preschool/comments/1kbhp7r/preschoolers_peeing_outside/mq2lldf/",
      "is_submitter": false,
      "edited": false,
      "stickied": false
    },
    {
      "id": "mpupc8y",
      "author": "ghost1667",
      "body": "the school is outside. do they have a better option? where's the closest toilet? i'm guessing this is the best they can do. i wouldn't have a problem with it.",
      "created_utc": 1746025944.0,
      "score": 2,
      "permalink": "/r/preschool/comments/1kbhp7r/preschoolers_peeing_outside/mpupc8y/",
      "is_submitter": false,
      "edited": false,
      "stickied": false
    },
    {
      "id": "mpwn1f3",
      "author": "Ok-Decision7978",
      "body": "that\u2019s ridiculous and probably results in children having accidents and building bad habits because they don\u2019t want to use that thing or are scared to.",
      "created_utc": 1746046188.0,
      "score": 2,
      "permalink": "/r/preschool/comments/1kbhp7r/preschoolers_peeing_outside/mpwn1f3/",
      "is_submitter": false,
      "edited": false,
      "stickied": false
    },
    {
      "id": "mpvb0an",
      "author": "Aggressive-Coconut0",
      "body": "I think regulations would person be in regards to restroom facilities, of which this pertains.",
      "created_utc": 1746032246.0,
      "score": 1,
      "permalink": "/r/preschool/comments/1kbhp7r/preschoolers_peeing_outside/mpvb0an/",
      "is_submitter": false,
      "edited": false,
      "stickied": false
    },
    {
      "id": "mpvy232",
      "author": "MacularHoleToo",
      "body": "It takes an adult to escort a child into the building to use the toilet\u2026..this seems like a bad staffing situation. Choose another placement.",
      "created_utc": 1746038885.0,
      "score": 1,
      "permalink": "/r/preschool/comments/1kbhp7r/preschoolers_peeing_outside/mpvy232/",
      "is_submitter": false,
      "edited": false,
      "stickied": false
    },
    {
      "id": "mpvy3vh",
      "author": "electralime",
      "body": "From: New York State Child Day Care Regulations\n\n(1) Convenient, adequate and sanitary toilet facilities must be provided for the children in a separate, properly ventilated room readily accessible to children\n\n\n(2) One sanitary toilet must be available for every group of 15 children, not including infants, or part thereof.\n \n\n(3) One wash basin must be available for every group of 15 children, including infants, or part thereof.\n\n(2) Staff and volunteers must ensure that children thoroughly wash their hands or assist children with thoroughly washing their hands with soap and running water when they are dirty, after toileting, before and after food handling or eating, after handling pets or other animals, after contact with any bodily secretion or fluid, and after coming in from outdoors.",
      "created_utc": 1746038900.0,
      "score": 1,
      "permalink": "/r/preschool/comments/1kbhp7r/preschoolers_peeing_outside/mpvy3vh/",
      "is_submitter": false,
      "edited": false,
      "stickied": false
    },
    {
      "id": "mpvz9we",
      "author": "jbourque19",
      "body": "My oldest went to a nature preschool. They had indoor toilets. The outdoor toilets were zipped into tents, had compostable tissue and special trash cans. They were some kind of camping toilet that flushed but not connected to water. Idk how but that setup makes sense to me, not chunks of wood.",
      "created_utc": 1746039242.0,
      "score": 1,
      "permalink": "/r/preschool/comments/1kbhp7r/preschoolers_peeing_outside/mpvz9we/",
      "is_submitter": false,
      "edited": false,
      "stickied": false
    },
    {
      "id": "mpw31ea",
      "author": "atawnygypsygirl",
      "body": "Our 100% outdoor preschool has a \"pee tree\" for the boys but a ramshackle wooden seat on the ground would horrify even the crunchiest of the parents.",
      "created_utc": 1746040371.0,
      "score": 1,
      "permalink": "/r/preschool/comments/1kbhp7r/preschoolers_peeing_outside/mpw31ea/",
      "is_submitter": false,
      "edited": false,
      "stickied": false
    },
    {
      "id": "mq0gczj",
      "author": "RegularGal613",
      "body": "My sons used to pee on the car tire in an emergency and he liked it. Lol. If it was encouraged in a day care,, I would have moved them out",
      "created_utc": 1746104768.0,
      "score": 1,
      "permalink": "/r/preschool/comments/1kbhp7r/preschoolers_peeing_outside/mq0gczj/",
      "is_submitter": false,
      "edited": false,
      "stickied": false
    },
    {
      "id": "mq22n9s",
      "author": "DeezBeesKnees11",
      "body": "And INCH off the ground?? \nSounds like it's be impossible to not touch the pee and poo on the ground, especially after lots o use. \ud83e\udd22 or I must be incorrectly imagining this",
      "created_utc": 1746122293.0,
      "score": 1,
      "permalink": "/r/preschool/comments/1kbhp7r/preschoolers_peeing_outside/mq22n9s/",
      "is_submitter": false,
      "edited": false,
      "stickied": false
    },
    {
      "id": "mq3mnfr",
      "author": "youths99",
      "body": "My kids go to an \"outdoorsy\" school. In preschool they spend the majority of the day outside. There is no outside toilet or expectation that kids pee outside. That's honestly shocking.",
      "created_utc": 1746139158.0,
      "score": 1,
      "permalink": "/r/preschool/comments/1kbhp7r/preschoolers_peeing_outside/mq3mnfr/",
      "is_submitter": false,
      "edited": false,
      "stickied": false
    },
    {
      "id": "mq4aato",
      "author": "Anna_Stacy_Yamina",
      "body": "Where in NY is this?",
      "created_utc": 1746147361.0,
      "score": 1,
      "permalink": "/r/preschool/comments/1kbhp7r/preschoolers_peeing_outside/mq4aato/",
      "is_submitter": false,
      "edited": false,
      "stickied": false
    },
    {
      "id": "mq4bdlz",
      "author": "Blue-Sky-4302",
      "body": "This is a health risk, a negligent supervision risk, a sexual assault risk, a privacy risk\u2026.. REPORT REPORT REPORT. Hell, I\u2019d tell a news outlet this is that crazy to me. The staff is really too lazy to let kids in to use the bathroom at recess????",
      "created_utc": 1746147746.0,
      "score": 1,
      "permalink": "/r/preschool/comments/1kbhp7r/preschoolers_peeing_outside/mq4bdlz/",
      "is_submitter": false,
      "edited": false,
      "stickied": false
    },
    {
      "id": "mq4upxr",
      "author": "Proof-Leadership-159",
      "body": "I used to work at a preschool in Colorado. We definitely didn\u2019t encourage it, but the mountain kids here have no problem pulling their pants down in the middle of the playground and pissing on a tree XD\n\nThese kids probably go camping enough to where I think they associate a tree with a urinal lol  just the boys though. Ive never seen a girl do that",
      "created_utc": 1746154765.0,
      "score": 1,
      "permalink": "/r/preschool/comments/1kbhp7r/preschoolers_peeing_outside/mq4upxr/",
      "is_submitter": false,
      "edited": false,
      "stickied": false
    },
    {
      "id": "mq4uuxc",
      "author": "West_Level_3522",
      "body": "Yeah no that\u2019s wack.  I had a boy pee outside recently and I was like NOPE dude we don\u2019t do that at school. The pee is just.. sitting there?? With no way to wash hands?",
      "created_utc": 1746154818.0,
      "score": 1,
      "permalink": "/r/preschool/comments/1kbhp7r/preschoolers_peeing_outside/mq4uuxc/",
      "is_submitter": false,
      "edited": false,
      "stickied": false
    },
    {
      "id": "mq527v9",
      "author": "Independent-Math-914",
      "body": "Why does this sound like more of a Cali think than NY?",
      "created_utc": 1746157856.0,
      "score": 1,
      "permalink": "/r/preschool/comments/1kbhp7r/preschoolers_peeing_outside/mq527v9/",
      "is_submitter": false,
      "edited": false,
      "stickied": false
    },
    {
      "id": "mq6cl8o",
      "author": "Over-Concept-1601",
      "body": "I\u2019 e never heard of an Outdoor Preschool!",
      "created_utc": 1746183815.0,
      "score": 1,
      "permalink": "/r/preschool/comments/1kbhp7r/preschoolers_peeing_outside/mq6cl8o/",
      "is_submitter": false,
      "edited": false,
      "stickied": false
    },
    {
      "id": "mq6uf44",
      "author": "jaime_riri",
      "body": "Ok, I have lived in NYS my whole life. This is bananas. It\u2019s one thing if a kid can\u2019t make it inside, emergencies are emergencies. But a two by four toilet seat?! If there isn\u2019t anything in education law about this I\u2019d look into code enforcement. See if the school has a daycare license.",
      "created_utc": 1746191017.0,
      "score": 1,
      "permalink": "/r/preschool/comments/1kbhp7r/preschoolers_peeing_outside/mq6uf44/",
      "is_submitter": false,
      "edited": false,
      "stickied": false
    },
    {
      "id": "mq7613p",
      "author": "SunshineSeriesB",
      "body": "WAT. No. My daycare brought a potty seat outside during potty training JIC with paper and hand sanitizer (And they would clean/sanitize after) but making an open-air \"outhouse\" seat?! without actual latrine elements (which would likely be SUPER unsafe with littles)?! No. Nope. Not happening. TG.",
      "created_utc": 1746194792.0,
      "score": 1,
      "permalink": "/r/preschool/comments/1kbhp7r/preschoolers_peeing_outside/mq7613p/",
      "is_submitter": false,
      "edited": false,
      "stickied": false
    },
    {
      "id": "mq7gun0",
      "author": "Whatchu_upto_6175",
      "body": "Please update if/when you call about this!",
      "created_utc": 1746197947.0,
      "score": 1,
      "permalink": "/r/preschool/comments/1kbhp7r/preschoolers_peeing_outside/mq7gun0/",
      "is_submitter": false,
      "edited": false,
      "stickied": false
    },
    {
      "id": "mq8wxtr",
      "author": "None",
      "body": "I really don't see the issue here other than lack of handwashing.",
      "created_utc": 1746212822.0,
      "score": 1,
      "permalink": "/r/preschool/comments/1kbhp7r/preschoolers_peeing_outside/mq8wxtr/",
      "is_submitter": false,
      "edited": false,
      "stickied": false
    },
    {
      "id": "mq9drkn",
      "author": "Revolutionary_Pen906",
      "body": "My son enjoys a nice \u201cbush wee\u201d but I can\u2019t imagine my daughters walking around with wet underwear from not wiping. That is a uti risk.",
      "created_utc": 1746217822.0,
      "score": 1,
      "permalink": "/r/preschool/comments/1kbhp7r/preschoolers_peeing_outside/mq9drkn/",
      "is_submitter": false,
      "edited": false,
      "stickied": false
    },
    {
      "id": "mqat4r7",
      "author": "PorterQs",
      "body": "In California, outdoor/forest schools do not have to follow licensing standards at all because they can\u2019t because they don\u2019t have a facility or building. \n\nDoes the one you were at have a building?",
      "created_utc": 1746235178.0,
      "score": 1,
      "permalink": "/r/preschool/comments/1kbhp7r/preschoolers_peeing_outside/mqat4r7/",
      "is_submitter": false,
      "edited": false,
      "stickied": false
    },
    {
      "id": "mqb6ulq",
      "author": "redsourpatchkid",
      "body": "Boys, especially that young have terrible \u201caim\u201d so the young girls sitting on the wood \u201ctoliet seat\u201d pieces are \ud83d\udcaf for sure sitting on pee. My last bf was 30 and he still peeped ON the toliet seat as much as IN the toliet. I\u2019m single now and have then cleanest toliet seat !!",
      "created_utc": 1746240438.0,
      "score": 1,
      "permalink": "/r/preschool/comments/1kbhp7r/preschoolers_peeing_outside/mqb6ulq/",
      "is_submitter": false,
      "edited": false,
      "stickied": false
    },
    {
      "id": "mqbftoo",
      "author": "Vegetable-Beautiful1",
      "body": "Peeing outside seems whacked out, but outdoor preschool?? What?",
      "created_utc": 1746244231.0,
      "score": 1,
      "permalink": "/r/preschool/comments/1kbhp7r/preschoolers_peeing_outside/mqbftoo/",
      "is_submitter": false,
      "edited": false,
      "stickied": false
    },
    {
      "id": "mqcp812",
      "author": "No_Degree1081",
      "body": "One year I had a kid pee on the playground in purpose\u2026 it was not allowed nor did I even think I needed to tell them not pee outside\u2026 he stopped after I had a talk with mom.",
      "created_utc": 1746270335.0,
      "score": 1,
      "permalink": "/r/preschool/comments/1kbhp7r/preschoolers_peeing_outside/mqcp812/",
      "is_submitter": false,
      "edited": false,
      "stickied": false
    },
    {
      "id": "mqejumy",
      "author": "00Lisa00",
      "body": "This may not even be legal. A call to CPS or the local city hall might be in order. There has to be something in the health code about this",
      "created_utc": 1746293799.0,
      "score": 1,
      "permalink": "/r/preschool/comments/1kbhp7r/preschoolers_peeing_outside/mqejumy/",
      "is_submitter": false,
      "edited": false,
      "stickied": false
    },
    {
      "id": "mqese64",
      "author": "Positive-Ad-2577",
      "body": "Lol, I live in Wisconsin, and this seems pretty normal for an outdoor school/forest school. I wouldn't mind, but we live in a very rural area.  I think it definitely depends on where you live and how you grew up",
      "created_utc": 1746296377.0,
      "score": 1,
      "permalink": "/r/preschool/comments/1kbhp7r/preschoolers_peeing_outside/mqese64/",
      "is_submitter": false,
      "edited": false,
      "stickied": false
    },
    {
      "id": "mqg65xs",
      "author": "Notjusttheirmom",
      "body": "Uhhh I\u2019ve lived in New England my entire life and have three children of my own, one currently in daycare/preschool and ain\u2019t no way my baby\u2019s doing his business on some preselected wooden beams outside \ud83d\ude05 that sounds lazy as hell. Just bring them inside to use the restroom!",
      "created_utc": 1746313242.0,
      "score": 1,
      "permalink": "/r/preschool/comments/1kbhp7r/preschoolers_peeing_outside/mqg65xs/",
      "is_submitter": false,
      "edited": false,
      "stickied": false
    },
    {
      "id": "mqg6d3q",
      "author": "Just_Trish_92",
      "body": "I cannot believe that this is consistent with local waste treatment codes. If I lived next door to this preschool, I'd be reporting it. If my child went there, I'd remove my child and then report it. \n\nI would guess that the reason they are doing this instead of having a portapotty and handwashing station is because of some ideological reason connected with their all-outdoor philosophy. But that doesn't mean that public health codes don't apply to them.",
      "created_utc": 1746313317.0,
      "score": 1,
      "permalink": "/r/preschool/comments/1kbhp7r/preschoolers_peeing_outside/mqg6d3q/",
      "is_submitter": false,
      "edited": false,
      "stickied": false
    },
    {
      "id": "mqgj1sk",
      "author": "simplefate",
      "body": "I work at a childcare centre that has a lot of outdoor time and is land based, no way would my supervisor ever allow this.",
      "created_utc": 1746318064.0,
      "score": 1,
      "permalink": "/r/preschool/comments/1kbhp7r/preschoolers_peeing_outside/mqgj1sk/",
      "is_submitter": false,
      "edited": false,
      "stickied": false
    },
    {
      "id": "mqhjfgh",
      "author": "Odd-Tomatillo-6890",
      "body": "I live in Alabama and we don\u2019t even do that weird crap down here.",
      "created_utc": 1746333223.0,
      "score": 1,
      "permalink": "/r/preschool/comments/1kbhp7r/preschoolers_peeing_outside/mqhjfgh/",
      "is_submitter": false,
      "edited": false,
      "stickied": false
    },
    {
      "id": "mqhn9na",
      "author": "Hairy-Dingaling6213",
      "body": "An all outdoor school? Never heard of such things.",
      "created_utc": 1746335152.0,
      "score": 1,
      "permalink": "/r/preschool/comments/1kbhp7r/preschoolers_peeing_outside/mqhn9na/",
      "is_submitter": false,
      "edited": false,
      "stickied": false
    },
    {
      "id": "mqips4o",
      "author": "branchymolecule",
      "body": "What happens in January on those days the temp dips down into the teens?",
      "created_utc": 1746357892.0,
      "score": 1,
      "permalink": "/r/preschool/comments/1kbhp7r/preschoolers_peeing_outside/mqips4o/",
      "is_submitter": false,
      "edited": false,
      "stickied": false
    },
    {
      "id": "mqipsp1",
      "author": "branchymolecule",
      "body": "What happens in January on those days the temp dips down into the teens?",
      "created_utc": 1746357899.0,
      "score": 1,
      "permalink": "/r/preschool/comments/1kbhp7r/preschoolers_peeing_outside/mqipsp1/",
      "is_submitter": false,
      "edited": false,
      "stickied": false
    },
    {
      "id": "mqj5y3u",
      "author": "000ttafvgvah",
      "body": "Are they pooping out there too?!",
      "created_utc": 1746364919.0,
      "score": 1,
      "permalink": "/r/preschool/comments/1kbhp7r/preschoolers_peeing_outside/mqj5y3u/",
      "is_submitter": false,
      "edited": false,
      "stickied": false
    },
    {
      "id": "mqj7904",
      "author": "Annoyed-Person21",
      "body": "I have questions, but also the kids at my daycare are taken to potty before and after going outside and love to pee their pants outside and have the teachers running back and forth changing then even though they are potty trained when they\u2019re inside.",
      "created_utc": 1746365403.0,
      "score": 1,
      "permalink": "/r/preschool/comments/1kbhp7r/preschoolers_peeing_outside/mqj7904/",
      "is_submitter": false,
      "edited": false,
      "stickied": false
    },
    {
      "id": "mqjud14",
      "author": "tayyyjjj",
      "body": "The no TP is weird but maaaybe they keep it on them(the teachers) so it doesn\u2019t get thrown about? Kids are wild after all. lol. I\u2019d ask about that. \n\nBut different strokes for different folks. I\u2019d LOVE this and so would my toddler boys honestly.\nI also welcome germs, but not the poop ones. Lol. Im sure they have sooome protocol for that, I\u2019d be surprised if they didn\u2019t.",
      "created_utc": 1746372956.0,
      "score": 1,
      "permalink": "/r/preschool/comments/1kbhp7r/preschoolers_peeing_outside/mqjud14/",
      "is_submitter": false,
      "edited": false,
      "stickied": false
    },
    {
      "id": "mqlf9to",
      "author": "sourskittlebby",
      "body": "And they poop outside too? All just in the same pile under the \u201ctoilets?\u201d",
      "created_utc": 1746390479.0,
      "score": 1,
      "permalink": "/r/preschool/comments/1kbhp7r/preschoolers_peeing_outside/mqlf9to/",
      "is_submitter": false,
      "edited": false,
      "stickied": false
    },
    {
      "id": "mqm2jrn",
      "author": "wanderinggirl55",
      "body": "That can\u2019t be legal.",
      "created_utc": 1746398051.0,
      "score": 1,
      "permalink": "/r/preschool/comments/1kbhp7r/preschoolers_peeing_outside/mqm2jrn/",
      "is_submitter": false,
      "edited": false,
      "stickied": false
    },
    {
      "id": "mqmbyl3",
      "author": "nrappaportrn",
      "body": "Idk my grandsons went to a nature preserve-school & the teacher or TA takes them inside to use the bathroom & wash hands",
      "created_utc": 1746401348.0,
      "score": 1,
      "permalink": "/r/preschool/comments/1kbhp7r/preschoolers_peeing_outside/mqmbyl3/",
      "is_submitter": false,
      "edited": false,
      "stickied": false
    },
    {
      "id": "mqmjeuv",
      "author": "greenacres13",
      "body": "If it\u2019s an outdoor school\u2026Yes it\u2019s normal.\u00a0",
      "created_utc": 1746403965.0,
      "score": 1,
      "permalink": "/r/preschool/comments/1kbhp7r/preschoolers_peeing_outside/mqmjeuv/",
      "is_submitter": false,
      "edited": false,
      "stickied": false
    },
    {
      "id": "mqmla6i",
      "author": "Mission-Conflict-179",
      "body": "So I know forest/outdoor schools in California aren\u2019t regulated. I\u2019m not sure if this one would qualify as that though if they have a building. It is weird that they have a bathroom available and don\u2019t use it (and no toilet paper is bizarre.)\nI know there are several outdoor schools in my area in California and the kids do go outside. They practice leave no trace, including bms. They use hand sanitizer. But they also use bathrooms if they are close to them, they just aren\u2019t always near a bathroom as they are playing down by the river or on a hike.",
      "created_utc": 1746404647.0,
      "score": 1,
      "permalink": "/r/preschool/comments/1kbhp7r/preschoolers_peeing_outside/mqmla6i/",
      "is_submitter": false,
      "edited": false,
      "stickied": false
    },
    {
      "id": "mqmlngx",
      "author": "lsoplexic",
      "body": "I could see this being normal for an \u201call-outdoor\u201d school which you said this is.",
      "created_utc": 1746404779.0,
      "score": 1,
      "permalink": "/r/preschool/comments/1kbhp7r/preschoolers_peeing_outside/mqmlngx/",
      "is_submitter": false,
      "edited": false,
      "stickied": false
    },
    {
      "id": "mqv9cbq",
      "author": "thecatlady65",
      "body": "This has got to be a joke or just a lie straight out. I have a friend that was a preschool director and this is not allowed! They would lose their accreditation and they would lose their star rating. I don\u2019t care what state you\u2019re in I truly believe that this is illegal",
      "created_utc": 1746531524.0,
      "score": 1,
      "permalink": "/r/preschool/comments/1kbhp7r/preschoolers_peeing_outside/mqv9cbq/",
      "is_submitter": false,
      "edited": false,
      "stickied": false
    },
    {
      "id": "mpuyvkw",
      "author": "immadatmycat",
      "body": "If it\u2019s an all outdoors school then I can see this as being normal. I attended summer camps where this was typical.",
      "created_utc": 1746028696.0,
      "score": 1,
      "permalink": "/r/preschool/comments/1kbhp7r/preschoolers_peeing_outside/mpuyvkw/",
      "is_submitter": false,
      "edited": false,
      "stickied": false
    },
    {
      "id": "mpwyt3d",
      "author": "jintana",
      "body": "As someone who grew up in NY: no, that\u2019s not part of the culture",
      "created_utc": 1746049746.0,
      "score": 1,
      "permalink": "/r/preschool/comments/1kbhp7r/preschoolers_peeing_outside/mpwyt3d/",
      "is_submitter": false,
      "edited": false,
      "stickied": false
    },
    {
      "id": "mpxbb7e",
      "author": "jaxxisx",
      "body": "This is the most disgusting thing I think I've read today. Please call someone about this school. This is like Neanderthal behavior \ud83e\udd22",
      "created_utc": 1746053878.0,
      "score": 1,
      "permalink": "/r/preschool/comments/1kbhp7r/preschoolers_peeing_outside/mpxbb7e/",
      "is_submitter": false,
      "edited": false,
      "stickied": false
    },
    {
      "id": "mpxef68",
      "author": "Mommabroyles",
      "body": "A call to the EPA might get the quickest results. Last time I called them was for a neighbor who started dumping sewage in the ditch because they didn't want to fix their plumbing. They were out in less than 24 hours. They take ground contamination seriously.",
      "created_utc": 1746054923.0,
      "score": 1,
      "permalink": "/r/preschool/comments/1kbhp7r/preschoolers_peeing_outside/mpxef68/",
      "is_submitter": false,
      "edited": false,
      "stickied": false
    },
    {
      "id": "mpxh35h",
      "author": "SatsuFireDrake",
      "body": "Wtf do you tell your pediatrician when your child goes in for a splinter in their bum?",
      "created_utc": 1746055822.0,
      "score": 1,
      "permalink": "/r/preschool/comments/1kbhp7r/preschoolers_peeing_outside/mpxh35h/",
      "is_submitter": false,
      "edited": false,
      "stickied": false
    },
    {
      "id": "mpxjxjj",
      "author": "elusine",
      "body": "I\u2019d not take this job, wait a little while so they can interview some other people, and then report it. Freaking gross and definitely not something to be done on a routine basis.\nNo judgement for people who let their kids pee outside sometime, but this isn\u2019t that. The state will likely agree.",
      "created_utc": 1746056777.0,
      "score": 1,
      "permalink": "/r/preschool/comments/1kbhp7r/preschoolers_peeing_outside/mpxjxjj/",
      "is_submitter": false,
      "edited": false,
      "stickied": false
    },
    {
      "id": "mpxlve2",
      "author": "Gold-Plum-1135",
      "body": "What exactly is an outdoor preschool though? In New York? Do they not get cold in the winter? Confused by this alone, and yes if that\u2019s their only use of a restroom they get that\u2019s bizarre",
      "created_utc": 1746057429.0,
      "score": 1,
      "permalink": "/r/preschool/comments/1kbhp7r/preschoolers_peeing_outside/mpxlve2/",
      "is_submitter": false,
      "edited": false,
      "stickied": false
    },
    {
      "id": "mpxuchu",
      "author": "NICUmama25",
      "body": "I assume this is an outdoor school, but still it\u2019s gross allowing kids to drop drawers and just go wherever they are",
      "created_utc": 1746060358.0,
      "score": 1,
      "permalink": "/r/preschool/comments/1kbhp7r/preschoolers_peeing_outside/mpxuchu/",
      "is_submitter": false,
      "edited": false,
      "stickied": false
    },
    {
      "id": "mpxv6rs",
      "author": "WashclothTrauma",
      "body": "I\u2019m sorry, but what seems to be the actual fuck?!\n\nETA: I live in NY, but on Long Island in actual civilization. What backwoods podunk town are you in because OMFG.",
      "created_utc": 1746060651.0,
      "score": 1,
      "permalink": "/r/preschool/comments/1kbhp7r/preschoolers_peeing_outside/mpxv6rs/",
      "is_submitter": false,
      "edited": false,
      "stickied": false
    },
    {
      "id": "mpxy9fv",
      "author": "None",
      "body": "lol...I'm fine with that. Listen, everyone has a standard. There will be bigger hills to die on in the future.",
      "created_utc": 1746061718.0,
      "score": 1,
      "permalink": "/r/preschool/comments/1kbhp7r/preschoolers_peeing_outside/mpxy9fv/",
      "is_submitter": false,
      "edited": false,
      "stickied": false
    },
    {
      "id": "mpyke7i",
      "author": "Smorsdoeuvres",
      "body": "Are they serious? This is school, not a fucking camping trip. Nah. I\u2019d be livid if I found out I was paying a school tuition and they had my littles using such a setup. & no handwashing?!?!? \ud83d\udc40\ud83d\ude31",
      "created_utc": 1746069717.0,
      "score": 1,
      "permalink": "/r/preschool/comments/1kbhp7r/preschoolers_peeing_outside/mpyke7i/",
      "is_submitter": false,
      "edited": false,
      "stickied": false
    },
    {
      "id": "mpyomjt",
      "author": "jayjay0824",
      "body": "Umm this isn\u2019t even the norm for an outdoor school? I\u2019ve worked at two now and they had bathroom facilities with plumbing AND proper \u201couthouses\u201d on trails in the woods with toilet paper and sanitizer \u2026\u2026 only in like a rare situations deep into a hike are we letting the kids just go potty randomly in the woods lmao",
      "created_utc": 1746071484.0,
      "score": 1,
      "permalink": "/r/preschool/comments/1kbhp7r/preschoolers_peeing_outside/mpyomjt/",
      "is_submitter": false,
      "edited": false,
      "stickied": false
    },
    {
      "id": "mpz43xg",
      "author": "Informal_Move_7075",
      "body": "And this is out in the wide open with no privacy and no sinks or any way to have any hand hygiene? Toilet paper? What if they need to have a bowel movement? No wipe on their bums either? Or are children just not allowed to poo at school? Does it just sit on those boards if that is where they have to go poo or where does it go? Pooper scooper like a dog? Do they have little bags to pick up and dispose of it? Peeing in the same spot over time is a health hazard and stinks, especially in warmer weather. Imagine if a child touched those pee and poop soaked boards?\n\nI would be worried about weirdos watching children as well. None of this sounds even remotely right and down right nasty all around. So many things are or could be wrong in this scenario.\n\nAs far as reporting it and them getting checked in on - and I am guessing, but since they \"technically\" have indoors bathrooms, they would pass these check-ins and inspections, and especially since it would be spotless, it would get excellent marks. And as long as no one said this makeshift outdoor \"toilet\" was enforced as the only place the children could actually use the restroom and that it was only for \"emergencies\". \n\nPlus wouldn't this make for strange habits in these children over time? Peeing outdoors at home? As adults in public and getting indecent exposure, etc? I know that I snowballed, but after doing this for, what, possibly years in their primary learning years and where habits are picked up, it could lead to long term hygienic issues as well as not so great long term toileting practices.",
      "created_utc": 1746078906.0,
      "score": 1,
      "permalink": "/r/preschool/comments/1kbhp7r/preschoolers_peeing_outside/mpz43xg/",
      "is_submitter": false,
      "edited": 1746079763.0,
      "stickied": false
    },
    {
      "id": "mq0z00j",
      "author": "KT_mama",
      "body": "This likely breaks all kinds of licensing and sanitation rules. \n\nAt a minimum, most states require an enforced hand-washing routine after toileting. \n\nIt's understandable for a child to wee in the foliage if it's an emergency, but you've described the very opposite to an emergency.",
      "created_utc": 1746110730.0,
      "score": 1,
      "permalink": "/r/preschool/comments/1kbhp7r/preschoolers_peeing_outside/mq0z00j/",
      "is_submitter": false,
      "edited": false,
      "stickied": false
    },
    {
      "id": "mpwax8e",
      "author": "TolkienQueerFriend",
      "body": "That is absolutely not normal and not okay. I don't know who you report that to but that shit needs to be reported.\n\nI'm also very confused by the notion of an all outdoor daycare somewhere like NY where the weather gets so extreme and flips between seasons within seasons. So that seems unsafe for multiple medical reasons.",
      "created_utc": 1746042687.0,
      "score": 0,
      "permalink": "/r/preschool/comments/1kbhp7r/preschoolers_peeing_outside/mpwax8e/",
      "is_submitter": false,
      "edited": false,
      "stickied": false
    },
    {
      "id": "mpwy5aw",
      "author": "faedira",
      "body": "So I\u2019m not sure about licensing regulations, but I would definitely look into the health department regulations for childcare. Because I have never lived in a state where the health department would be OK with there being urine on the ground where the kids are playing and them not having access to running water to wash their hands after urinating.",
      "created_utc": 1746049539.0,
      "score": 0,
      "permalink": "/r/preschool/comments/1kbhp7r/preschoolers_peeing_outside/mpwy5aw/",
      "is_submitter": false,
      "edited": false,
      "stickied": false
    },
    {
      "id": "mpxqpq9",
      "author": "sunsetscorpio",
      "body": "What the fuck \ud83d\ude02\ud83d\ude02\ud83d\ude02",
      "created_utc": 1746059097.0,
      "score": 0,
      "permalink": "/r/preschool/comments/1kbhp7r/preschoolers_peeing_outside/mpxqpq9/",
      "is_submitter": false,
      "edited": false,
      "stickied": false
    },
    {
      "id": "mq0956c",
      "author": "ComfortablePage3182",
      "body": "That is not  normal.",
      "created_utc": 1746102030.0,
      "score": 0,
      "permalink": "/r/preschool/comments/1kbhp7r/preschoolers_peeing_outside/mq0956c/",
      "is_submitter": false,
      "edited": false,
      "stickied": false
    },
    {
      "id": "mq0n1k5",
      "author": "SakiWinkiCuddles",
      "body": "Parenting is wild \ud83e\uddd0\ud83d\udc40\ud83d\ude33 The most is happening but is it really the least? - me with no children yet",
      "created_utc": 1746107039.0,
      "score": 0,
      "permalink": "/r/preschool/comments/1kbhp7r/preschoolers_peeing_outside/mq0n1k5/",
      "is_submitter": false,
      "edited": false,
      "stickied": false
    },
    {
      "id": "mq1a108",
      "author": "ann102",
      "body": "No way is that legal.  I manage several programs for minors and every details is regulated.  No way would any program be allowed to do this, nope.  Also that has got to violate EPA regulations too. The area of the school must be terribly contaminated with the potential for parasites, E.coli, TB, hepatitis and potentially so many other nasty things I don't even want to list them. \n\nEmergency pees when you are out as a parent, well that happens but it isn't what you plan for you or your kids.",
      "created_utc": 1746113973.0,
      "score": 0,
      "permalink": "/r/preschool/comments/1kbhp7r/preschoolers_peeing_outside/mq1a108/",
      "is_submitter": false,
      "edited": false,
      "stickied": false
    },
    {
      "id": "mq1f26q",
      "author": "Spinach_Apprehensive",
      "body": "And that\u2019s reinforcing what exactly? That it\u2019s okay to pee at wooden outside toilets? Useful. My kids school just teaches the alphabet. \ud83d\ude29",
      "created_utc": 1746115466.0,
      "score": 0,
      "permalink": "/r/preschool/comments/1kbhp7r/preschoolers_peeing_outside/mq1f26q/",
      "is_submitter": false,
      "edited": false,
      "stickied": false
    },
    {
      "id": "mq1soop",
      "author": "legocitiez",
      "body": "They are going to the bathroom where they play, with no ability to wipe themselves, no ability to wash their hands, and no privacy?!?! \n\nThis is abhorrent, truly. Call child protective services.",
      "created_utc": 1746119463.0,
      "score": 0,
      "permalink": "/r/preschool/comments/1kbhp7r/preschoolers_peeing_outside/mq1soop/",
      "is_submitter": false,
      "edited": false,
      "stickied": false
    },
    {
      "id": "mq2dgv2",
      "author": "Fine_Preparation9767",
      "body": "All outdoor preschool in NY??  Where in NY?  I can't imagine.",
      "created_utc": 1746125484.0,
      "score": 0,
      "permalink": "/r/preschool/comments/1kbhp7r/preschoolers_peeing_outside/mq2dgv2/",
      "is_submitter": false,
      "edited": false,
      "stickied": false
    },
    {
      "id": "mq58j7w",
      "author": "Diaphonous-Babe",
      "body": "Hmm in a Montessori school that's what we're paying for",
      "created_utc": 1746160723.0,
      "score": 0,
      "permalink": "/r/preschool/comments/1kbhp7r/preschoolers_peeing_outside/mq58j7w/",
      "is_submitter": false,
      "edited": false,
      "stickied": false
    },
    {
      "id": "mpv8vxs",
      "author": "Former-Pen-5739",
      "body": "It\u2019s very odd because they have indoor classrooms and regular in door bathrooms, they just only go inside for nap because they have to. Instead of taking the children in for potty breaks, they make them use the wooden seat.",
      "created_utc": 1746031632.0,
      "score": 7,
      "permalink": "/r/preschool/comments/1kbhp7r/preschoolers_peeing_outside/mpv8vxs/",
      "is_submitter": true,
      "edited": false,
      "stickied": false
    },
    {
      "id": "mqk1ysu",
      "author": "bankruptbusybee",
      "body": "Yeah, they need to have a better toilet, but especially during potty training, not wanting to stop playing can lead to accidents.  Much easier to entice kids to use a potty when it\u2019s just 30 seconds away versus having to alert a teacher and go inside.",
      "created_utc": 1746375317.0,
      "score": 1,
      "permalink": "/r/preschool/comments/1kbhp7r/preschoolers_peeing_outside/mqk1ysu/",
      "is_submitter": false,
      "edited": false,
      "stickied": false
    }
  ],
  "relevance": {
    "score": 6.864000000000001,
    "user_type": "parent",
    "pain_points": [],
    "keywords_found": [
      "routine",
      "preschool",
      "toddler"
    ],
    "sentiment_score": -0.9644,
    "age_relevance": true,
    "urgency_level": "high",
    "competitive_mentions": [],
    "timestamp": "2025-06-12T15:05:14.691153"
  }
}