{
  "subreddit": "speechtherapy",
  "post": {
    "id": "1gtc06q",
    "title": "Best course for speech for babies?  Speech Sisters?",
    "author": "CanYouSayMore",
    "created_utc": 1731844566.0,
    "score": 3,
    "num_comments": 4,
    "url": "https://www.reddit.com/r/SpeechTherapy/comments/1gtc06q/best_course_for_speech_for_babies_speech_sisters/",
    "selftext": "Would like to learn more about how to support babies in learning to speak.  Looking for a course appropriate for 9 months and beyond.  Is Speech Sisters the go-to choice?  "
  },
  "comments": [
    {
      "id": "lxlcjmm",
      "author": "travelsal11",
      "body": "You don't need a program.  Babies are sponges and all you need to do is spend time with them. Read them books, sing songs,  play beek a boo type games. Put down your phone and do NOT put your child in front of a screen. When your child makes a sound,  get excited and repeat the sound back to him or her. Typically developing children learn from their parent without difficulty.  Just have fun with your child! You sound like a great parent so keep it up!",
      "created_utc": 1731851897.0,
      "score": 12,
      "permalink": "/r/SpeechTherapy/comments/1gtc06q/best_course_for_speech_for_babies_speech_sisters/lxlcjmm/",
      "is_submitter": false,
      "edited": false,
      "stickied": false
    },
    {
      "id": "lxm5t8n",
      "author": "FlatwormStock1731",
      "body": "I really liked the play guide from here: [https://www.elevatetoddlerplay.com/](https://www.elevatetoddlerplay.com/) I found it to be the most the affordable when I was looking around.",
      "created_utc": 1731862425.0,
      "score": 3,
      "permalink": "/r/SpeechTherapy/comments/1gtc06q/best_course_for_speech_for_babies_speech_sisters/lxm5t8n/",
      "is_submitter": false,
      "edited": false,
      "stickied": false
    },
    {
      "id": "m81olk4",
      "author": "Fun_Tart2375",
      "body": "Baby Talk Building Blocks is another one to check out. It starts at $20 a month for 3 to 24 month year olds and has an AI assistant to answer any questions you might have. [https://www.speechteammate.com/membership-baby-talk-guide](https://www.speechteammate.com/membership-baby-talk-guide)",
      "created_utc": 1737320155.0,
      "score": 1,
      "permalink": "/r/SpeechTherapy/comments/1gtc06q/best_course_for_speech_for_babies_speech_sisters/m81olk4/",
      "is_submitter": false,
      "edited": false,
      "stickied": false
    },
    {
      "id": "lxld573",
      "author": "CanYouSayMore",
      "body": "Appreciate this but sometimes it\u2019s nice to learn about this stuff to help stay engaged even if not really for the baby, maybe more for mama brain\u2026 appreciate your tip about staying present and letting the process u fold though",
      "created_utc": 1731852151.0,
      "score": 0,
      "permalink": "/r/SpeechTherapy/comments/1gtc06q/best_course_for_speech_for_babies_speech_sisters/lxld573/",
      "is_submitter": true,
      "edited": false,
      "stickied": false
    }
  ],
  "relevance": {
    "score": 7,
    "user_type": "parent",
    "pain_points": [
      "looking for a course appropriate for 9 months and beyond",
      "typically developing children learn from their parent without difficulty"
    ],
    "keywords_found": [
      "toddler"
    ],
    "sentiment_score": 0.9818,
    "age_relevance": false,
    "urgency_level": "low",
    "competitive_mentions": [],
    "timestamp": "2025-06-12T14:47:25.751989"
  }
}