{
  "subreddit": "speechtherapy",
  "post": {
    "id": "1hbubw9",
    "title": "I'm worried about my almost 4 years old son's speech delay",
    "author": "Fit_Lawfulness_7312",
    "created_utc": 1733926325.0,
    "score": 5,
    "num_comments": 5,
    "url": "https://www.reddit.com/r/SpeechTherapy/comments/1hbubw9/im_worried_about_my_almost_4_years_old_sons/",
    "selftext": "When my son was 2, we were concerned about his speech delay. Our daycare recommended pursuing early intervention services through NY State. However, he didn\u2019t qualify since these services are reserved for children with more severe delays. Instead, he qualified for speech therapy through our school district, based on the state's recommendation.\n\n**Timeline of Therapy:**\n\n* **January 2024:** He began speech therapy twice a week at his daycare/school. While we saw some improvement, the therapist was still concerned he wouldn\u2019t reach his goals.\n* **April 2024:** During our meeting, they noted concerns about his progress and approved summer speech therapy sessions. They also increased his sessions to three times a week for the next school year.\n* **Since September:** He has attended therapy three days a week. While he has shown improvement, the therapist continues to report inconsistent progress on his goals.\n\n**Speech Goals:**\n\n1. **Sounds Production:**\n   * Produce /p, b, t, d/ sounds 20 times in phrases.\n   * Produce the /p/ sound in the initial, medial, and final positions of words following a therapist\u2019s model.\n2. **Eliminating Phonological Processes:**\n   * Eliminate the deletion of final consonants in words, phrases, and sentences following a therapist\u2019s model.\n3. **Language Development:**\n   * Use 20 nouns.\n   * Identify and generate nouns to complete sentences.\n\nWe had his hearing test about a year ago along with checking his Adenoids and allergy concerns. He passed the hearing test but we are going to follow up for another test at the therapist recommendation. \n\nAs a parent, I\u2019m nervous about his transition to Pre-K full-time next year in the school district, especially given his speech challenges. I\u2019m wondering if there\u2019s anything else I should be doing to support his development.\n\n**Questions:**\n\n1. Should I reach out to the district to request more therapy sessions this school year?\n2. Are there additional resources or strategies the community recommends?\n3. How can I best prepare him for the transition to a new school environment with ongoing speech concerns?\n4. Should I not be overly concerned yet as he is not even 4 and has only been getting speech for about a year?\n\n"
  },
  "comments": [
    {
      "id": "m1j16sx",
      "author": "ToddlerSLP",
      "body": "1. You could try for more sessions; you could also pursue a referral to private therapy and go through your insurance if financially possible- I am also wondering if he is being seen one on one or in a group for therapy. \n\n2. As far as local resources and strategies- this would be a question best answered by your speech therapist, although know the school therapist's hands are somewhat tied because she works for the district. ( read for perspective: [https://slpmommyofapraxia.com/2017/01/23/the-problem-with-school-slps/](https://slpmommyofapraxia.com/2017/01/23/the-problem-with-school-slps/) ) \n\n3.  Make sure you build a good relationship with his new team and teacher. Consider a teacher introduction/about me letter like this: [https://honestandtruly.com/special-needs-teacher-introduction-letter/](https://honestandtruly.com/special-needs-teacher-introduction-letter/)\n\n4. You have a right to be concerned, your feelings are valid. It is great that he is showing some progress with more sessions. Continue to advocate and be involved asking what you can do at home to support his language and speech skills.",
      "created_utc": 1733927550.0,
      "score": 5,
      "permalink": "/r/SpeechTherapy/comments/1hbubw9/im_worried_about_my_almost_4_years_old_sons/m1j16sx/",
      "is_submitter": false,
      "edited": false,
      "stickied": false
    },
    {
      "id": "m1jer5r",
      "author": "Mollywisk",
      "body": "SLP here. You\u2019re doing a great job. \n\nHas he had a hearing evaluation from an audiologist or ENT doc?  \n\nDoes he have frequent ear infections? Sometimes kids will have fluid in their Eustachian tube but it\u2019s not infected, so it doesn\u2019t hurt, so we don\u2019t know. That\u2019s a 25 dBish hearing loss. While it\u2019s temporary, during that time his hearing is impacted, so his communication development is delayed. The SLP is doing what it takes to catch him up. \n\nThe language goal is also smart. Often, kids with speech delays will demonstrate an expressive language delay because they\u2019ve had to limit their utterances in order to be understood. The SLP is likely addressing that. \n\nHow is his receptive language (what he understands) when compared to expressive language (what he says)? Is there a gap between the two? \n\nA three-year old generally can put three words together (\u201cme want juice\u201d). How\u2019s he doing there? \nThe SLP\u2019s goals seem really appropriate. Are there activities you can do at home to support the therapy plan?  \n\nBy focusing on final consonant deletion the SLP is attacking your guy\u2019s intelligibility in a systemic way. Kids who leave off final consonants (\u201cmoo\u201d vs \u201cmoon\u201d) are pretty unintelligible.  Even adding the wrong final consonant at first (\u201cmoo\u201d vs \u201cmoom\u201d) is a step towards intelligibility. Think 3 blocks in a row for moo and 4 four moom. Then you shape the final consonant to the correct one if it\u2019s in his repertoire. \n\nThe thing about therapy is it\u2019s therapy, and more isn\u2019t necessarily better.  Quick practice outside the therapy environment helps reinforce. I give parents a ring with 7-10 pictures containing words my student can already produce and have them practice a couple times a day if possible- 3, minutes while you\u2019re shopping, brushing teeth, taking a bath, before you read a story, whatever\u2026generalize those sounds to different environments. Don\u2019t try to do what you see the SLP doing, ask for \u201chomework\u201d to support what your guy can already do. Just practice them. Make it fun!\n\nRead stories and have him tell you the story afterwards.  Not perfectly, and use the book \u201cwhat happened next?\u201d. As he gets older, ask him questions about the characters, the places in the story, why he think something happened. Questions at the four year old level of thinking!\n\nParticipate in kid-friendly activities: stories at the library, meet ups with kids his age, some hobby where he moves like gymnastics or swimming. Doesn\u2019t have to be a team sport at his age!  Fun stuff where\u2019s he\u2019s around other kids his age. He WILL NOT be the only kid with delayed speech! \n\nFeel free to DM me, but also know your therapist really knows what she\u2019s doing and is ok with you asking questions. \n\nYou\u2019re doing it right. He\u2019s getting early intervention. He won\u2019t be talking like this forever.",
      "created_utc": 1733932155.0,
      "score": 4,
      "permalink": "/r/SpeechTherapy/comments/1hbubw9/im_worried_about_my_almost_4_years_old_sons/m1jer5r/",
      "is_submitter": false,
      "edited": false,
      "stickied": false
    },
    {
      "id": "m1jsqeo",
      "author": "Fit_Lawfulness_7312",
      "body": "I think the test was by an ENT not an audiologist, but will have to double check. \n\nHe does not get ear infections often, maybe once or twice since birth\n\nReceptive Language is fine - Nor problem understanding what we are saying\n\n3 Word Phrases are fine - \"I want that\" (since santa is coming) \"I want to eat.\" \"I want Danny Go\" \"Dad/Mom I Love you\" (Radio Station) etc... Those are just the ones I can think of, but there are plenty more\n\nWe love our therapist, we have some much trust in her. My son tends to be silly and distracted, so she definitely knows how to meet him at his level and keep in engaged which we love.\n\nI really appreciated all the tips, this was an extremely helpful post.",
      "created_utc": 1733936544.0,
      "score": 3,
      "permalink": "/r/SpeechTherapy/comments/1hbubw9/im_worried_about_my_almost_4_years_old_sons/m1jsqeo/",
      "is_submitter": true,
      "edited": false,
      "stickied": false
    },
    {
      "id": "m1mg065",
      "author": "Mollywisk",
      "body": "It sounds like you\u2019re in really good hands \u2665\ufe0f",
      "created_utc": 1733966656.0,
      "score": 1,
      "permalink": "/r/SpeechTherapy/comments/1hbubw9/im_worried_about_my_almost_4_years_old_sons/m1mg065/",
      "is_submitter": false,
      "edited": false,
      "stickied": false
    }
  ],
  "relevance": {
    "score": 7,
    "user_type": "parent",
    "pain_points": [
      "as a parent, i\u2019m nervous about his transition to pre-k full-time next year in the school district, especially given his speech challenges"
    ],
    "keywords_found": [
      "speech therapy",
      "transition"
    ],
    "sentiment_score": 0.9992,
    "age_relevance": false,
    "urgency_level": "low",
    "competitive_mentions": [],
    "timestamp": "2025-06-12T15:00:18.157963"
  }
}