{
  "subreddit": "waldorf",
  "post": {
    "id": "1kr13f5",
    "title": "Child hasn\u2019t lost teeth",
    "author": "Equivalent_Ratio2320",
    "created_utc": 1747735321.0,
    "score": 0,
    "num_comments": 4,
    "url": "https://www.reddit.com/r/Waldorf/comments/1kr13f5/child_hasnt_lost_teeth/",
    "selftext": "My child is well into their 8th year of life and hasn\u2019t lost any teeth yet. They\u2019re doing well at school and they have just started reading with enthusiasm.\n\nI am feeling conflicted though as I know they aren\u2019t really ready to read until they start to lose teeth. \n\nCurious to hear everyone\u2019s thoughts on this. Or looking for further reading material if anyone has any. "
  },
  "comments": [
    {
      "id": "mt9tus3",
      "author": "throwaway3113151",
      "body": "Steiner viewed tooth loss as a symbolic marker of readiness for reading. This approach allows for holistic observation, so exceptions are possible.\n\nI would argue that viewing tooth loss as a rigid checklist item does not honor his approach of observing the whole child and respecting individual developmental rhythms.\n\nI think it\u2019s good you\u2019re tuned into your child and following their lead.",
      "created_utc": 1747737047.0,
      "score": 17,
      "permalink": "/r/Waldorf/comments/1kr13f5/child_hasnt_lost_teeth/mt9tus3/",
      "is_submitter": false,
      "edited": 1747737462.0,
      "stickied": false
    },
    {
      "id": "mtaox89",
      "author": "PokiP",
      "body": "As long as the dentist is not concerned, then I'd say you're doing a good job of protecting your child's childhood innocence! \u00a0\nDon't think of it as related to the reading, it's more that life hasn't caused your child to 'harden' yet. \u00a0\nWith respect to their reading, follow the child's lead, and also continue to encourage their imagination and creative play. \u00a0\nIs your child homeschooled? \u00a0They might need more peer socialization and play.\u00a0\n\nI'm no expert, just my 2 cents.",
      "created_utc": 1747749553.0,
      "score": 4,
      "permalink": "/r/Waldorf/comments/1kr13f5/child_hasnt_lost_teeth/mtaox89/",
      "is_submitter": false,
      "edited": false,
      "stickied": false
    },
    {
      "id": "mt9uh0b",
      "author": "muddydate",
      "body": "I had the same thought about a rigid interpretation, just popping in to support this comment.",
      "created_utc": 1747737380.0,
      "score": 3,
      "permalink": "/r/Waldorf/comments/1kr13f5/child_hasnt_lost_teeth/mt9uh0b/",
      "is_submitter": false,
      "edited": false,
      "stickied": false
    },
    {
      "id": "mtd6tej",
      "author": "Equivalent_Ratio2320",
      "body": "Thank you. This makes a lot of sense and puts me at ease in thinking \u201cthey may not be ready\u201d. \n\nI think they\u2019re ready \u263a\ufe0f",
      "created_utc": 1747775993.0,
      "score": 1,
      "permalink": "/r/Waldorf/comments/1kr13f5/child_hasnt_lost_teeth/mtd6tej/",
      "is_submitter": true,
      "edited": 1747776598.0,
      "stickied": false
    }
  ],
  "relevance": {
    "score": 4,
    "user_type": "parent",
    "pain_points": [
      "or looking for further reading material if anyone has any"
    ],
    "keywords_found": [
      "homeschool"
    ],
    "sentiment_score": 0.9839,
    "age_relevance": false,
    "urgency_level": "low",
    "competitive_mentions": [],
    "timestamp": "2025-06-12T15:09:14.939070"
  }
}