{
  "subreddit": "speechtherapy",
  "post": {
    "id": "1h5vsr3",
    "title": "Please Critique my voice! ",
    "author": "CamaroLover2020",
    "created_utc": 1733254211.0,
    "score": 2,
    "num_comments": 4,
    "url": "https://www.reddit.com/r/SpeechTherapy/comments/1h5vsr3/please_critique_my_voice/",
    "selftext": "I'm just looking to hear from people about what they think of my speaking voice, and what are some ways that I could change it? I'm looking for BRUTAL honesty....but I only want suggestions of things that are possible to change! Thank you!\n\n(ALSO: If there's someone you think I sound like, (a celebrity maybe) I would love to know, thanks!)\n\nHERE IS THE SAMPLE FILE: (I'm the male voice btw!)\n\n[https://voca.ro/1ljjkeRCwtwc](https://voca.ro/1ljjkeRCwtwc)\n\n\u00a0\n\nI have a list of TEN questions, answering these questions will help me tremendously!\n\nWhat were your first impressions of my voice?\n\n1. How would you describe the tone of my voice? (e.g., warm, soothing, authoritative, etc.)\n\n1. Did you find my speech clear and easy to understand? If not, what could be improved?\n\n1. How would you rate the overall quality of my voice? (Scale of 1 to 10)\n\n1. Are there any particular strengths you noticed in my voice delivery?\n\n1. Do you think my pacing was appropriate? If not, should I speak faster or slower?\n\n1. What did you think about my pronunciation and enunciation?\n\n1. Did my vocal energy and expression engage you? Why or why not?\n\n1. Are there any specific areas where you think I could improve? (e.g., volume, pitch, inflection)\n\n1. Would you listen to more samples of my voice in the future? Why or why not?\n\n1. Do you have any additional feedback or suggestions that could help me improve my voice?\n\nII look forward to hearing everyone's feedback!\n\n\u00a0\n\n\u00a0"
  },
  "comments": [
    {
      "id": "m094olr",
      "author": "OkayNick1",
      "body": "This is not what speech therapy is for",
      "created_utc": 1733256406.0,
      "score": 2,
      "permalink": "/r/SpeechTherapy/comments/1h5vsr3/please_critique_my_voice/m094olr/",
      "is_submitter": false,
      "edited": false,
      "stickied": false
    },
    {
      "id": "m096b45",
      "author": "CamaroLover2020",
      "body": "okay well it would be nice if there was a more appropriate reddit to post this on, but there isn't unfortunately.",
      "created_utc": 1733256912.0,
      "score": -1,
      "permalink": "/r/SpeechTherapy/comments/1h5vsr3/please_critique_my_voice/m096b45/",
      "is_submitter": true,
      "edited": false,
      "stickied": false
    },
    {
      "id": "m096rz4",
      "author": "OkayNick1",
      "body": "There is literally a subteddit called r/ratemyvoice",
      "created_utc": 1733257058.0,
      "score": 3,
      "permalink": "/r/SpeechTherapy/comments/1h5vsr3/please_critique_my_voice/m096rz4/",
      "is_submitter": false,
      "edited": false,
      "stickied": false
    },
    {
      "id": "m097mh8",
      "author": "CamaroLover2020",
      "body": "thanks, I had found that before, but I think I tried posting on it, and it was denied, I'll try again",
      "created_utc": 1733257322.0,
      "score": 1,
      "permalink": "/r/SpeechTherapy/comments/1h5vsr3/please_critique_my_voice/m097mh8/",
      "is_submitter": true,
      "edited": false,
      "stickied": false
    }
  ],
  "relevance": {
    "score": 5,
    "user_type": "therapist",
    "pain_points": [
      "i'm just looking to hear from people about what they think of my speaking voice, and what are some ways that i could change it? i'm looking for brutal honesty"
    ],
    "keywords_found": [
      "speech therapy"
    ],
    "sentiment_score": 0.9749,
    "age_relevance": false,
    "urgency_level": "low",
    "competitive_mentions": [],
    "timestamp": "2025-06-12T15:00:23.640037"
  }
}