{
  "subreddit": "ADHD",
  "post": {
    "id": "1l9fsvw",
    "title": "Should I up my dosage?",
    "author": "chimkemnuggie",
    "created_utc": 1749711190.0,
    "score": 4,
    "num_comments": 4,
    "url": "https://www.reddit.com/r/ADHD/comments/1l9fsvw/should_i_up_my_dosage/",
    "selftext": "Recently diagnosed, Combined type, I\u2019ve been on and off of my Jornay PM. We had to increase it to 40 mg, and it was working for a while. I feel like it\u2019s mostly working but I\u2019m still struggling with sleep, motivation and getting up in the morning. Ive noticed my ability to pay attention is not as sharp as when I first upped the dosage. I\u2019ve tried moving around the time I take it at night and I still feel tired in the morning (mostly because I already don\u2019t sleep as it is). I was just prescribed a month out for the meds. Should I speak with my doctor again?\n\nSometimes I\u2019m just not sure if it\u2019s actually working. Any other tips for sleep would be appreciated as well!"
  },
  "comments": [
    {
      "id": "mxc9b1c",
      "author": "AutoModerator",
      "body": "Your body is unique, as are your needs. Just because someone experienced something from treatment or medication does not guarantee that you will as well. Please do not take this as an opportunity to review any substances. Peer support is welcome.\n\n^(*A moderator has not removed your submission; this is not a punitive action. We intend this comment solely to be informative.*)\n\n---\n- If you are posting about the **US Medication Shortage**, please see this [post](https://www.reddit.com/r/ADHD/comments/12dr3h5/megathread_us_medication_shortage/).\n\n\n*I am a bot, and this action was performed automatically. Please [contact the moderators of this subreddit](/message/compose/?to=/r/ADHD) if you have any questions or concerns.*",
      "created_utc": 1749711190.0,
      "score": 1,
      "permalink": "/r/ADHD/comments/1l9fsvw/should_i_up_my_dosage/mxc9b1c/",
      "is_submitter": false,
      "edited": false,
      "stickied": true
    },
    {
      "id": "mxcas8k",
      "author": "Existing_Painting958",
      "body": "hey dude! I'll try explain myself as best as I can because I'm in a bit of a rush right now but I felt like I had to respond because I was in your spot not too long ago! Here's my rambled advice:\n\nYour doctor should have given you a date for a \"check up\" session where yall would talk about how you're doing with your meds, so if you have a session planned, wait till then, they're usually 1-3 months after starting meds because thats how long it would take your body to adjust to them!\n\nKeep in mind meds are only like a crutch, they help you \"walk\", but you gotta do the rest! Once you get into rhythm you'll notice how much better the meds work! \n\nWhen in doubt, ask your doctor/therapist/psychiatrist!",
      "created_utc": 1749712033.0,
      "score": 2,
      "permalink": "/r/ADHD/comments/1l9fsvw/should_i_up_my_dosage/mxcas8k/",
      "is_submitter": false,
      "edited": false,
      "stickied": false
    },
    {
      "id": "mxcjyxg",
      "author": "josephsoilder",
      "body": "Yeah, definitely talk to your doctor again. If the benefits are fading or you're still struggling with sleep and motivation, it\u2019s worth re-evaluating the dose or even the med itself.\n\nAlso poor sleep messes with how well ADHD meds work. You could try:\n\n\u2013 No screens 1 hour before bed  \n\u2013 Light stretching or a short wind-down routine  \n\u2013 Sleep sounds or body scan meditations (they help calm racing thoughts)  \n\u2013 Keep your room cool and dark\n\nBut yeah, your doctor needs to know it\u2019s not fully working for you.",
      "created_utc": 1749717638.0,
      "score": 2,
      "permalink": "/r/ADHD/comments/1l9fsvw/should_i_up_my_dosage/mxcjyxg/",
      "is_submitter": false,
      "edited": false,
      "stickied": false
    },
    {
      "id": "mxcf6xf",
      "author": "AbrocomaExpensive441",
      "body": "How long have you been medicated for prior to increasing to 40mg?",
      "created_utc": 1749714697.0,
      "score": 1,
      "permalink": "/r/ADHD/comments/1l9fsvw/should_i_up_my_dosage/mxcf6xf/",
      "is_submitter": false,
      "edited": false,
      "stickied": false
    }
  ],
  "relevance": {
    "score": 5.5,
    "user_type": "therapist",
    "pain_points": [
      "i feel like it\u2019s mostly working but i\u2019m still struggling with sleep, motivation and getting up in the morning",
      "if the benefits are fading or you're still struggling with sleep and motivation, it\u2019s worth re-evaluating the dose or even the med itself"
    ],
    "keywords_found": [
      "routine"
    ],
    "sentiment_score": 0.9966,
    "age_relevance": false,
    "urgency_level": "medium",
    "competitive_mentions": [],
    "timestamp": "2025-06-12T15:00:14.230795"
  }
}