{
  "subreddit": "homeschool",
  "post": {
    "id": "1l80zmd",
    "title": "Where do you get your supplies",
    "author": "smithspot1",
    "created_utc": 1749567693.0,
    "score": 1,
    "num_comments": 14,
    "url": "https://www.reddit.com/r/homeschool/comments/1l80zmd/where_do_you_get_your_supplies/",
    "selftext": "New homeschooler here. I have been slowing teaching since 3. Child is 5 1/2 now and would be going to Kindergarten if in school. So far i just been getting random stuff from here and there. I would like to start getting a better setup and proper material.\n\nI am wondering where everyone gets their supplies from? Is it just Amazon, Walmart, and Dollar stores? Or is there another online source you can find homeschool supplies. \n\nSupplies such as charts, posters, activity centers,  learning materials, letters and numbers, etc. As well as storage solutions and interactive learning materials. \n\nNote: I know of Teachers pay Teachers and also came across a website called Lakeshore Learning."
  },
  "comments": [
    {
      "id": "mx13ixw",
      "author": "TraditionalManager82",
      "body": "I don't get posters, usually, they just are visual clutter background and we don't refer to them much. You could use them short-term while you're doing a particular topic, I suppose.\n\nThere are hundreds of really great targeted homeschool curriculum options, and I tend toward those rather than random workbooks from dollar stores. Cathy Duffy's review site has many of those listed.",
      "created_utc": 1749568639.0,
      "score": 10,
      "permalink": "/r/homeschool/comments/1l80zmd/where_do_you_get_your_supplies/mx13ixw/",
      "is_submitter": false,
      "edited": false,
      "stickied": false
    },
    {
      "id": "mx190sk",
      "author": "bibliovortex",
      "body": "Thriftbooks\n\nRainbow Resource\n\nDirectly from homeschool publishers\n\nAnd yes, Amazon.",
      "created_utc": 1749570200.0,
      "score": 8,
      "permalink": "/r/homeschool/comments/1l80zmd/where_do_you_get_your_supplies/mx190sk/",
      "is_submitter": false,
      "edited": false,
      "stickied": false
    },
    {
      "id": "mx143rb",
      "author": "UndecidedTace",
      "body": "Facebook Marketplace has been AMAZING.\u00a0 TONS of stuff posted on there.\u00a0 I search for \"kindergarten\", \"homeschool\", \"educational\", \"classroom\", \"manipulatives\", \"preschool\", and \"classroom\".\n\n\nI also didn't limit my search to near me. I had family and friends who lived or worked in cities a few hours away.\u00a0 So if I found something good there I would send an e-transfer to hold the item and work with the family member or friend to arrange pickup.\u00a0 I had to wait a month or two to actually get some items, but it worked out ok and people seemed happy to help.\n\n\n\nAlso, don't over buy.\u00a0 There's been quite a few posts on here of people lamenting how they went nuts getting prepared for the first year and bought way too much (myself included).\u00a0\u00a0\n\n\nJust buy what you anticipate using right away.\u00a0\u00a0",
      "created_utc": 1749568803.0,
      "score": 4,
      "permalink": "/r/homeschool/comments/1l80zmd/where_do_you_get_your_supplies/mx143rb/",
      "is_submitter": false,
      "edited": false,
      "stickied": false
    },
    {
      "id": "mx1nbmb",
      "author": "Echo8638",
      "body": "I buy curriculum from the publisher or from Rainbow Resource. Sometimes I search for things on Amazon and then either buy directly from the seller or use the Coupert browser add-on to find the cheapest seller and get cashback.\n\nSupplies from Walmart or Costco.\n\nPosters and other mostly-decorative stuff from Etsy.\n\nUsed books from Thriftbooks or local second-hand stores.",
      "created_utc": 1749574238.0,
      "score": 5,
      "permalink": "/r/homeschool/comments/1l80zmd/where_do_you_get_your_supplies/mx1nbmb/",
      "is_submitter": false,
      "edited": false,
      "stickied": false
    },
    {
      "id": "mx115mu",
      "author": "MsPennyP",
      "body": "Thriftbooks for second hand books/textbooks. (Also abebooks if thriftbooks don't have whatever)\n\nBut yeah supplies wise, Walmart, Amazon, dollar tree, Sam's club (copy paper & pens, binders)\n\nThere's a store called Lakeshore that has some stuff but can be pricey. \n\nLibrary (at least mine) has \"non-tradtional\" things to check out like telescope, microscope, cameras, binoculars, coding things, etc",
      "created_utc": 1749567966.0,
      "score": 5,
      "permalink": "/r/homeschool/comments/1l80zmd/where_do_you_get_your_supplies/mx115mu/",
      "is_submitter": false,
      "edited": false,
      "stickied": false
    },
    {
      "id": "mx1zjj1",
      "author": "Grave_Girl",
      "body": "Mostly Amazon.  All the big secondhand book retailers, Thriftbooks, Half Price, Goodwill, etc list whatever they have on Amazon as well as their own site, so there is no advantage to using individual sites if you are willing to use Amazon.  It's much easier to comparison-shop via Amazon rather than a bunch of different sites, and I've yet to see them price things cheaper on their own website vs Amazon.\n\nI've also used Rainbow Resource here and there, and A Humble Place for artist prints.  But that was for older kids.\n\nYou can probably get everything you need for a Kindergartener at Barnes & Noble and Walmart or your whatever your preferred big box store is.  I only mention Barnes & Noble because it carries the book I've used to teach all my kids to read (*Teach Your Child to Read in 100 Easy Lessons*).  Kindergarten is basic enough that those workbooks they sell for cheap at Walmart will be all you really need if you want to use workbooks.  We don't use posters, but we do have maps on the wall.  It's really amazing how much you'll find a use for maps.  They're my best evidence for the idea that children *will* learn if you give them the opportunity.",
      "created_utc": 1749577569.0,
      "score": 3,
      "permalink": "/r/homeschool/comments/1l80zmd/where_do_you_get_your_supplies/mx1zjj1/",
      "is_submitter": false,
      "edited": false,
      "stickied": false
    },
    {
      "id": "mx22mhc",
      "author": "AngrySquirrel9",
      "body": "If I know I want to use a particular curriculum I keep an eye out on the Facebook group for that curriculum. Like the buy/sale/trade groups for such and such. I buy all my novels and half my workbooks from eBay. Second sale on eBay gets a lot of business from me because they almost always have what I want and a buy 3 get the 4th free sale. Don\u2019t be afraid to buy workbooks used on eBay. I rarely get any written in and then usually it\u2019s only the first lesson or 2. \n\nI also keep an eye on my local homeschool Facebook group. I\u2019ve gotten a few curriculum free or ridiculous cheap from there. \n\nI have built up a large supply of learning materials over the years. My advice would be to only buy things you already have a purpose for. I fell in to a habit of getting educational looking things from cheap places like target dollar spot or dollar tree and it went to waste.",
      "created_utc": 1749578407.0,
      "score": 3,
      "permalink": "/r/homeschool/comments/1l80zmd/where_do_you_get_your_supplies/mx22mhc/",
      "is_submitter": false,
      "edited": false,
      "stickied": false
    },
    {
      "id": "mx2d69l",
      "author": "SubstantialString866",
      "body": "Rainbow Resources, Lakeshore learning, box stores. Also secondhand stores will often have a lot of books and the toy section in my store has lots of flash cards and similar things I think from teachers retiring.\u00a0",
      "created_utc": 1749581376.0,
      "score": 3,
      "permalink": "/r/homeschool/comments/1l80zmd/where_do_you_get_your_supplies/mx2d69l/",
      "is_submitter": false,
      "edited": false,
      "stickied": false
    },
    {
      "id": "mx2s42r",
      "author": "WastingAnotherHour",
      "body": "My general supplies at that age came from Target, Mardel, and Lakeshore Learning predominantly. I also got plenty of used stuff. I saved most of it for my younger kids so haven\u2019t bought much since. Rainbow Resource is one of my favorites for curriculum and was where I turned most if buying new at that age (most I found used), though I now order mostly from the publishers.",
      "created_utc": 1749585646.0,
      "score": 2,
      "permalink": "/r/homeschool/comments/1l80zmd/where_do_you_get_your_supplies/mx2s42r/",
      "is_submitter": false,
      "edited": false,
      "stickied": false
    },
    {
      "id": "mx5kt52",
      "author": "gameofcurls",
      "body": "I did the random buy everything that looked educational thing at first.  Tons of workbooks and flash cards.  5 years in, if its not curriculum or directly ties in, im not buying it.  Now that Ive found curriculum I like, I buy a mix of new and used, depending on quality available.  I prefer used where i can, but ill be putting 2 kids through it, so new is ok if the used is expensive or poor quality.",
      "created_utc": 1749621618.0,
      "score": 2,
      "permalink": "/r/homeschool/comments/1l80zmd/where_do_you_get_your_supplies/mx5kt52/",
      "is_submitter": false,
      "edited": false,
      "stickied": false
    },
    {
      "id": "mx1rkx7",
      "author": "Ecstatic-Balance5170",
      "body": "For paper and some other supplies, [https://millerpadsandpaper.com/](https://millerpadsandpaper.com/)",
      "created_utc": 1749575400.0,
      "score": 1,
      "permalink": "/r/homeschool/comments/1l80zmd/where_do_you_get_your_supplies/mx1rkx7/",
      "is_submitter": false,
      "edited": false,
      "stickied": false
    },
    {
      "id": "mx3qnfp",
      "author": "No-Baby-1455",
      "body": "I always start out looking at timberdoodles suggestions.  From there I research to see if it would be a good fit for my kids and what other options they have.  After that I look first at thrift books and if it isnt there I order through Amazon or Timberdoodle.",
      "created_utc": 1749596003.0,
      "score": 1,
      "permalink": "/r/homeschool/comments/1l80zmd/where_do_you_get_your_supplies/mx3qnfp/",
      "is_submitter": false,
      "edited": false,
      "stickied": false
    },
    {
      "id": "mx49f1x",
      "author": "Agreeable-Deer7526",
      "body": "Rainbow resources",
      "created_utc": 1749602345.0,
      "score": 1,
      "permalink": "/r/homeschool/comments/1l80zmd/where_do_you_get_your_supplies/mx49f1x/",
      "is_submitter": false,
      "edited": false,
      "stickied": false
    },
    {
      "id": "mx4woh9",
      "author": "Hercules_the_Pup",
      "body": "Good and the beautiful I believe have free math and English curriculum through elementary grades.\u00a0 I have not used it,\u00a0 yet, but will be starting in the next 2 years.\u00a0 Digital downloads.\u00a0\u00a0",
      "created_utc": 1749610631.0,
      "score": 1,
      "permalink": "/r/homeschool/comments/1l80zmd/where_do_you_get_your_supplies/mx4woh9/",
      "is_submitter": false,
      "edited": false,
      "stickied": false
    }
  ],
  "relevance": {
    "score": 4.290000000000001,
    "user_type": "teacher",
    "pain_points": [],
    "keywords_found": [
      "preschool",
      "kindergarten",
      "homeschool"
    ],
    "sentiment_score": 0.999,
    "age_relevance": true,
    "urgency_level": "high",
    "competitive_mentions": [],
    "timestamp": "2025-06-12T14:48:35.854380"
  }
}