{
  "subreddit": "Montessori",
  "post": {
    "id": "1kvti9d",
    "title": "0-3 parent education resources",
    "author": "EuphoricRhubarb",
    "created_utc": 1748263698.0,
    "score": 4,
    "num_comments": 13,
    "url": "https://www.reddit.com/r/Montessori/comments/1kvti9d/03_parent_education_resources/",
    "selftext": "Hi all!\n\nI'm a trained elementary guide who just had my first child in August. He's a mobile, curious little 9 month old now and I'm trying to NOT pay for a whole Assistant to Infancy training, as much as I want to!! \n\nWhat are some good parent ed resources for this age? We don't plan on enrolling him in nido as I'm a stay at home mom. I read things like Kavanaugh Report, I've read Simone Davies' books and blog, and Montessori from the Start. \n\nIs Sylvana Montanaro worth reading for a parent? Any other books/podcasts/blogs/trainings you'd recommend? \n\nI'm considering opening up a toddler Montessori playgroup as he gets older, but I just can't see myself paying $12k for 0-3 training if I'm not going to teach in the infant/toddler room one day. "
  },
  "comments": [
    {
      "id": "mucbquu",
      "author": "Mother_Emergency298",
      "body": "Understanding the Human Being is a great book and needs to be updated. I found Magda Gerber's book Dear Parent to be very helpful and generally the RIE method to be a great companion to a Montessori approach in infancy",
      "created_utc": 1748267531.0,
      "score": 6,
      "permalink": "/r/Montessori/comments/1kvti9d/03_parent_education_resources/mucbquu/",
      "is_submitter": false,
      "edited": false,
      "stickied": false
    },
    {
      "id": "mudfga6",
      "author": "Relevant-Emu5782",
      "body": "*The first three years of life, by Burton White.*\nHe was a Harvard psychologist who did the first Iarge scale observation research study of young child behavior. This research became the basis of the Missouri Parents-as-Teachers program, which I remember all the school districts promoting when I was growing up. I'm old.\n\nSeriously, read it. But the biggest conclusion: Children's mental approaches to self regulation and  life in general is basically set by age 3. And about 90% set by age 2. So parents who are waiting to teach discipline and emotional regulation to their kids until they are older and can \"understand\" are f@cking their kids. There is also lots of advice about good toys, what is typical development, etc.\n\nI followed his advice and gave timeouts immediately when I observed inappropriate behavior, so she could clearly associate undesirable behavior with correction, starting at about 11 months. I set up a baby gate in the doorway of a small room on our first floor and would have her stand behind the gate for 1 minute when she was 1 when her behavior was socially undesirable. Her \"correction\" was having to be away from me. I'd do it in public too by having her sit quietly on the floor and standing a slight distance away (always keeping an eye on her, but perhaps she didn't realize that), but tried to pick an out of the way location because it's not the point to publicly shame the child! I didn't yell, and NEVER physically disciplined. It helps to think of timeouts as teaching, not punishing. Kid doesn't know how to act, and has limited understanding for communication, so you're teaching socially acceptable behaviors in a way they can comprehend. I also praised her behavior often when she was doing the right thing all on her own (Good job for being quiet in the restaurant, thank you for being kind, etc). Timeouts in public places to correct behavior after turning 3 happened probably 2-3 times; not at all by age 4. At home, still had a few at age 4, but very few. \n\nBy age 3 my daughter was showing excellent self-regulation and social skills. All through school her reports always said she was ahead of expected development on manners and courtesy. This is especially notable because she has an ADHD-combined-type diagnosis. So she's impulsive and distracted. But she could control herself, and respected others, and functioned very well in the Montessori classroom at age 3. I was very strict about the behavior of what is and is not acceptable, but not strict with 'her' (not angry). The best part is she doesn't remember any of it! We didn't have discipline problems with her as a school-age child (3+), and now that she's a teen we're not having typical teen problems either. And she LOVES to hear stories about how strict I was when she was little. She thinks it's funny because that's so not me now! Because it's not needed, thanks to her early learning.\n\nRead this book. A Gem.",
      "created_utc": 1748279688.0,
      "score": 6,
      "permalink": "/r/Montessori/comments/1kvti9d/03_parent_education_resources/mudfga6/",
      "is_submitter": false,
      "edited": false,
      "stickied": false
    },
    {
      "id": "muc5t8z",
      "author": "Ok-Trouble7956",
      "body": "Montessori From the Start was my favorite book from my AMS training.  It's a terrific resource.  NAMC training is much less expensive and fully online - it would be very very easy for you since you already have Montessori training. I did it before my AMS. Unfortunately,  my manuals got ruined but check around places like ebay and you might find some used ones cheap. My focus was on toddlers but I'll see what I have that might be useful if you're interested.",
      "created_utc": 1748265438.0,
      "score": 3,
      "permalink": "/r/Montessori/comments/1kvti9d/03_parent_education_resources/muc5t8z/",
      "is_submitter": false,
      "edited": false,
      "stickied": false
    },
    {
      "id": "muckrm3",
      "author": "thefiercestcalm",
      "body": "Babies Build Toddlers by Mariana Bisonette is a great read! She's AMI trained and it has really pretty illustrations.",
      "created_utc": 1748270431.0,
      "score": 3,
      "permalink": "/r/Montessori/comments/1kvti9d/03_parent_education_resources/muckrm3/",
      "is_submitter": false,
      "edited": false,
      "stickied": false
    },
    {
      "id": "mufzgn6",
      "author": "More-Mail-3575",
      "body": "What about doing an AMI 0-3 orientation/assistants course online? Much cheaper and accessible but still heavy on philosophy.",
      "created_utc": 1748310136.0,
      "score": 2,
      "permalink": "/r/Montessori/comments/1kvti9d/03_parent_education_resources/mufzgn6/",
      "is_submitter": false,
      "edited": false,
      "stickied": false
    },
    {
      "id": "munwvp2",
      "author": "Brave_Ad3186",
      "body": "Check out guide and grow /montessori parenting.org. They have lots of free resources, plus parenting classes, and a subscription for access to more. It is primarily aimed at 0-3. They also have a fb group.",
      "created_utc": 1748419717.0,
      "score": 2,
      "permalink": "/r/Montessori/comments/1kvti9d/03_parent_education_resources/munwvp2/",
      "is_submitter": false,
      "edited": false,
      "stickied": false
    },
    {
      "id": "mue7uqe",
      "author": "happy_bluebird",
      "body": "[https://www.reddit.com/r/Montessori/comments/hhrob7/montessori\\_a\\_gettingstarted\\_guide/](https://www.reddit.com/r/Montessori/comments/hhrob7/montessori_a_gettingstarted_guide/)",
      "created_utc": 1748288302.0,
      "score": 1,
      "permalink": "/r/Montessori/comments/1kvti9d/03_parent_education_resources/mue7uqe/",
      "is_submitter": false,
      "edited": false,
      "stickied": false
    },
    {
      "id": "mue9tax",
      "author": "happy_bluebird",
      "body": "What needs to be updated?",
      "created_utc": 1748288929.0,
      "score": 0,
      "permalink": "/r/Montessori/comments/1kvti9d/03_parent_education_resources/mue9tax/",
      "is_submitter": false,
      "edited": false,
      "stickied": false
    },
    {
      "id": "mue8kbg",
      "author": "happy_bluebird",
      "body": "Looks like a great resource [https://parentsasteachers.org/products/?dfg\\_active\\_filter=41](https://parentsasteachers.org/products/?dfg_active_filter=41)",
      "created_utc": 1748288528.0,
      "score": 1,
      "permalink": "/r/Montessori/comments/1kvti9d/03_parent_education_resources/mue8kbg/",
      "is_submitter": false,
      "edited": false,
      "stickied": false
    },
    {
      "id": "mucdpou",
      "author": "EuphoricRhubarb",
      "body": "Thank you! I left my copy of Montessori from the Start in the US while we've been abroad for a few months \ud83d\ude43 Might just need to buy another one (the first one was a gift at least).\n\nI forgot about NAMC! Thanks for the reminder.",
      "created_utc": 1748268187.0,
      "score": 3,
      "permalink": "/r/Montessori/comments/1kvti9d/03_parent_education_resources/mucdpou/",
      "is_submitter": true,
      "edited": false,
      "stickied": false
    },
    {
      "id": "mup12bk",
      "author": "EuphoricRhubarb",
      "body": "This looks really interesting. Have you taken the courses?",
      "created_utc": 1748438320.0,
      "score": 1,
      "permalink": "/r/Montessori/comments/1kvti9d/03_parent_education_resources/mup12bk/",
      "is_submitter": true,
      "edited": false,
      "stickied": false
    },
    {
      "id": "muezbzw",
      "author": "None",
      "body": "[deleted]",
      "created_utc": 1748297133.0,
      "score": 1,
      "permalink": "/r/Montessori/comments/1kvti9d/03_parent_education_resources/muezbzw/",
      "is_submitter": false,
      "edited": 1748480586.0,
      "stickied": false
    },
    {
      "id": "muee0o7",
      "author": "Mother_Emergency298",
      "body": "There are a few issues one that comes to mind is the discussion about how hospitals interrupt bonding and put newborns on a feeding schedule. Hospital still do plenty to interrupt bonding, but that's not one of the things that they typically do anymore.",
      "created_utc": 1748290279.0,
      "score": 3,
      "permalink": "/r/Montessori/comments/1kvti9d/03_parent_education_resources/muee0o7/",
      "is_submitter": false,
      "edited": false,
      "stickied": false
    },
    {
      "id": "mufmc85",
      "author": "happy_bluebird",
      "body": "Ok? What\u2019s your point",
      "created_utc": 1748305347.0,
      "score": 1,
      "permalink": "/r/Montessori/comments/1kvti9d/03_parent_education_resources/mufmc85/",
      "is_submitter": false,
      "edited": false,
      "stickied": false
    }
  ],
  "relevance": {
    "score": 4.290000000000001,
    "user_type": "parent",
    "pain_points": [],
    "keywords_found": [
      "emotional regulation",
      "toddler"
    ],
    "sentiment_score": 0.9993,
    "age_relevance": true,
    "urgency_level": "high",
    "competitive_mentions": [],
    "timestamp": "2025-06-12T15:08:18.396559"
  }
}