{
  "subreddit": "preschool",
  "post": {
    "id": "1kainse",
    "title": "Best Pre School in Dwarka",
    "author": "Aromatic_Tax_9068",
    "created_utc": 1745913839.0,
    "score": 0,
    "num_comments": 1,
    "url": "https://www.reddit.com/r/preschool/comments/1kainse/best_pre_school_in_dwarka/",
    "selftext": "When it comes to providing a strong foundation for your child\u2019s future, choosing the right preschool is crucial.\n\nIf you\u2019re looking for the\u00a0*best preschool in Dwarka*, look no further than\u00a0**Udayan Kidz** **Sector 17** .\n\nWith its child-centric approach, world-class facilities, and a focus on holistic development, Udayan Kidz stands out as the ideal choice for parents who want the very best for their children.\n\nhttps://preview.redd.it/vztl35leeqxe1.png?width=2048&format=png&auto=webp&s=758dfcd869c3be7723fa2b4a254befa5873f5ebf\n\n"
  },
  "comments": [
    {
      "id": "mvrody2",
      "author": "OldSchoolMausi",
      "body": "Joke",
      "created_utc": 1748958102.0,
      "score": 1,
      "permalink": "/r/preschool/comments/1kainse/best_pre_school_in_dwarka/mvrody2/",
      "is_submitter": false,
      "edited": false,
      "stickied": false
    }
  ],
  "relevance": {
    "score": 4.4,
    "user_type": "parent",
    "pain_points": [
      "if you\u2019re looking for the\u00a0*best preschool in dwarka*, look no further than\u00a0**udayan kidz** **sector 17**"
    ],
    "keywords_found": [
      "preschool"
    ],
    "sentiment_score": 0.9099,
    "age_relevance": true,
    "urgency_level": "low",
    "competitive_mentions": [],
    "timestamp": "2025-06-12T15:05:15.242603"
  }
}