{
  "subreddit": "ABA",
  "post": {
    "id": "1l95dp4",
    "title": "Can you help me understand what an RBT should be doing in home?",
    "author": "Shelley_n_cheese",
    "created_utc": 1749678890.0,
    "score": 12,
    "num_comments": 14,
    "url": "https://www.reddit.com/r/ABA/comments/1l95dp4/can_you_help_me_understand_what_an_rbt_should_be/",
    "selftext": "OK ill try to make this as short as possible, but there's kind of a lot so here goes..\nMy son is 4 years old. Autistic, Global Developmental Delay, ADHD. I wasn't given a level and I know he's level 3 because he's non verbal but as far as behaviors go, I would say he's a level 2. He eats great, sleeps pretty great, has gained receptive language so he understands what were saying and he's not violent with others. Hes a really happy kid for the most part. Now for the behaviors they are working on: SIBs would be the behavior they work on the most, but also he's very impatient, doesn't respond to his name at all, won't come to someone when asked. \nNow were with a very big nationwide ABA company. The people they've sent have been nothing short of terrible. RBTs literally missing more days than they show up. Late every single day like 45 min. One RBT actually told me \"it took everything in my power not to call in today\" when he was walking in my house. One grabbed my son aggressively. So we have had like 6 RBTs in almost 2 years so consistency is obviously a problem. We had 1 girl that was amazing and she taught my son PECS (or he would have basically not learned a single thing the first year) she left because the company wanted a contract of 2 years or they wouldn't give her the hours to finish her BCBA hours (just what she told me). \nSo now to the RBT we have now. She is definitely the 2nd best we have had. But I've noticed with almost every single one, once they realize they don't really have a boss and im not their boss, they stop doing as good of a job. The ones we've had at least. She started out great but I need to know if its enough or if im expecting too much. Like how often should she engage with my son? What should a 6 hour session look like? Generally? I just feel like she's on her phone A LOT and I hear her prompting him but its not often at all. Hes made ZERO progress and hasn't since the 1 girl was here. I know my son is a level 3 but he's not at all stupid. We think he has PDA so that makes it harder too. I like her but lately she's seemed a little short with him and he cries more often I don't know. I'm just a mom trying to help her baby. Should I do a clinic? Does aba not help severe kids? Please help"
  },
  "comments": [
    {
      "id": "mxa2nnx",
      "author": "sharleencd",
      "body": "I\u2019m a BCBA and parent of an autistic child. Honestly, I would look for another agency. This one doesn\u2019t seem like the best fit for you. It doesn\u2019t sound like you have a team truly invested in seeing progress.  If there is no progress, there should be program changes being done by your BCBA. They should be TRYING to find out why there is no progress and actively taking steps to remedy that. \n\nI also want to add, being nonverbal does not automatically make him a level 3. It\u2019s based on the amount of support kids need, not what they are or are not doing.  My son is non-verbal, 4yrs old and he is level 1. I\u2019m not saying your son isn\u2019t a level 3 but just saying it wouldn\u2019t be solely based on his expressive communication \n\nI\u2019m happy to chat if you want.",
      "created_utc": 1749679884.0,
      "score": 36,
      "permalink": "/r/ABA/comments/1l95dp4/can_you_help_me_understand_what_an_rbt_should_be/mxa2nnx/",
      "is_submitter": false,
      "edited": false,
      "stickied": false
    },
    {
      "id": "mxbl4gy",
      "author": "SRplus_please",
      "body": "6 hours is a very long session. As a BCBA, I strongly prefer quality shorter sessions...I'm talking 2 hours.  No wonder RBTs call out - that's an exhausting and unrealistic ask. This isn't your fault at all, but I would consider asking for shorter sessions. If they can't make that happen quickly, find another company. They might say that shortening sessions will make it harder to staff, but that's their problem, not yours. Keep advocating \u2764\ufe0f",
      "created_utc": 1749699212.0,
      "score": 26,
      "permalink": "/r/ABA/comments/1l95dp4/can_you_help_me_understand_what_an_rbt_should_be/mxbl4gy/",
      "is_submitter": false,
      "edited": false,
      "stickied": false
    },
    {
      "id": "mxbk8jl",
      "author": "Virtual_Airport_6627",
      "body": "Ugh I\u2019m sorry. In all honesty, I\u2019d have a hard time finding the motivation to go to an in home 6 hour session with a nonverbal kid- it\u2019s just hard. Techs don\u2019t get paid a lot so it\u2019s easy to call out when it doesn\u2019t feel worth it. 6 hours is a lot- I\u2019d ask the BCBA about splitting that into 3 hour shifts with 2 different techs. Or maybe the tech gets a one hour lunch break at some point. Just feels better than 6 hours straight in someone\u2019s home being the only one talking",
      "created_utc": 1749698847.0,
      "score": 14,
      "permalink": "/r/ABA/comments/1l95dp4/can_you_help_me_understand_what_an_rbt_should_be/mxbk8jl/",
      "is_submitter": false,
      "edited": false,
      "stickied": false
    },
    {
      "id": "mxa34xj",
      "author": "applejax994",
      "body": "It sounds like you\u2019ve had a few bad RBTs, but did you say sessions are 6 hours? That\u2019s a really long session for in home. I\u2019ve been in the field 3 years and home sessions are 2-3 hours on average",
      "created_utc": 1749680039.0,
      "score": 16,
      "permalink": "/r/ABA/comments/1l95dp4/can_you_help_me_understand_what_an_rbt_should_be/mxa34xj/",
      "is_submitter": false,
      "edited": false,
      "stickied": false
    },
    {
      "id": "mxc2v3s",
      "author": "grmrsan",
      "body": "6 hours is a bit long,  but she might not be doing a lot of prompting  if she is using mostly natural play programs. Using  the phone is normal if that is where she takes her data. \n\nHowever,  the BCBA should be creating, the programs,  visiting  (or telehealth) at least a few times a month, and should  be giving you regular rundowns of the programs, what they are for, how well they're working, and if they aren't what they'll  set up next and when. \n\nTalking to the RBT'S  about anything  besides what they are specifically  doing doesn't  always help, because they aren't  creating  the programs. And the BCBA is the one with all the big picture  information.  \n\n\nAnd if they aren't  giving you that information, then it might be time to look for a better company.",
      "created_utc": 1749707621.0,
      "score": 6,
      "permalink": "/r/ABA/comments/1l95dp4/can_you_help_me_understand_what_an_rbt_should_be/mxc2v3s/",
      "is_submitter": false,
      "edited": false,
      "stickied": false
    },
    {
      "id": "mxcpo4v",
      "author": "ProduceNervous4135",
      "body": "Hi! I\u2019ve been in the field for 15 years and a BCBA for 10. I have three children of my own diagnosed with ASD. \nSix hour sessions for a moderate to severe level of support is not unreasonable with the proper structure and support. I don\u2019t know why people say it\u2019s unreasonable because you\u2019re not drilling the child with work the whole time. I have my techs observe family routine while pairing and then I create a schedule for sessions. It varies depending on the client and family but it could look like: 8-8:15 pairing 8:15-8:45 teaching client to make breakfast and eat. 8:45-9:00 clean up from breakfast, bathroom break. 9-9:15 NET trials rotating between activities every 2-3 minutes. 9:15-9:30 DTT structured tasks. 9:30-9:45 break (client activity of choice with RBT remaining close and engaged). 9:45-10 NET 10-10:15 DTT 10:15-10:30 break 10:30-11 pairing activity 11-11:30 arts and craft 11:30-12 sensory or outdoor activity 12-12:15 help mom make lunch 12:15-12:45 eat lunch and clean up 12:45-1 NET 1-1:15 DTT 1:15-1:30 break 1:30-1:45 client choice 1:45-2 clean up and then pairing activity. \nI also agree that you don\u2019t seem to be getting what you need from the agency. You should have a BCBA you can contact and tell them your concerns. They should be supporting the RBT very closely.",
      "created_utc": 1749721102.0,
      "score": 3,
      "permalink": "/r/ABA/comments/1l95dp4/can_you_help_me_understand_what_an_rbt_should_be/mxcpo4v/",
      "is_submitter": false,
      "edited": false,
      "stickied": false
    },
    {
      "id": "mxbyaiv",
      "author": "Clean_Assignment1684",
      "body": "Im a well seasoned RBT and an in-home session is perhaps 2-4 sessions at max. Personally, whenever Ive worked in home, the programs did not match the home environment at all and I always felt that all of my clients exceled in the clinic environment with a home-program being set for parents to engage with their kids for efficiency. I would look for a smaller ABA clinic that strongly promotes this. It doesn't sound like this company is the right fit for your son's learning.",
      "created_utc": 1749705246.0,
      "score": 4,
      "permalink": "/r/ABA/comments/1l95dp4/can_you_help_me_understand_what_an_rbt_should_be/mxbyaiv/",
      "is_submitter": false,
      "edited": false,
      "stickied": false
    },
    {
      "id": "mxccyop",
      "author": "catalinavgo",
      "body": "6 hours for one person seems so unreasonable. I could do 3 and 3 and mainly okay based",
      "created_utc": 1749713318.0,
      "score": 2,
      "permalink": "/r/ABA/comments/1l95dp4/can_you_help_me_understand_what_an_rbt_should_be/mxccyop/",
      "is_submitter": false,
      "edited": false,
      "stickied": false
    },
    {
      "id": "mxakfy5",
      "author": "Icy-Bodybuilder1226",
      "body": "Hi, I've been an RBT for eight years (\"it's my calling\"). I've ran 6 hours sessions for multiple kiddos. A session should be structured with a daily morning routine, a visual schedule for the child ( & parents ) to see. Short and sweet a session should look like education learning (school) with your kiddos goals in focus in the programming. I favor NET teaching so I focus on natural play for learning opportunities (especially for a four year old). Non verbal pec or the prologue2go should be a focus for communication throughout session. As for the phone, I'm guilty of being on my phone during a kiddos break but I'm good at my job so parents don't mind ( I try not to be on it). One of my families dealt with a high turnover in RBTs so they did an interview process with me before I got the case. It's not typically done but maybe ask the company if you can do that.",
      "created_utc": 1749685835.0,
      "score": 2,
      "permalink": "/r/ABA/comments/1l95dp4/can_you_help_me_understand_what_an_rbt_should_be/mxakfy5/",
      "is_submitter": false,
      "edited": false,
      "stickied": false
    },
    {
      "id": "mxd8c93",
      "author": "Sea_Switch_7310",
      "body": "Just adding to say that if there is no BCBA there shouls be no RBT. An RBT cannot work independently",
      "created_utc": 1749730025.0,
      "score": 0,
      "permalink": "/r/ABA/comments/1l95dp4/can_you_help_me_understand_what_an_rbt_should_be/mxd8c93/",
      "is_submitter": false,
      "edited": false,
      "stickied": false
    },
    {
      "id": "mxc1q06",
      "author": "Kind-Pear9463",
      "body": "I would suggest a different agency, as well.",
      "created_utc": 1749707024.0,
      "score": 4,
      "permalink": "/r/ABA/comments/1l95dp4/can_you_help_me_understand_what_an_rbt_should_be/mxc1q06/",
      "is_submitter": false,
      "edited": false,
      "stickied": false
    },
    {
      "id": "mxd9kvn",
      "author": "jezebelrae",
      "body": "I agree that a 6 hour session is a lot for any tech with any child. I think the company needs to sort that out. But I think if I read this as the parent of a child that is non-speaking, I\u2019d feel discouraged. I want to point out that there are some techs that actually prefer to work with non-speaking clients. Myself included. I\u2019ve worked with individuals of all ages with varying support needs in many different capacities. I\u2019ve been in direct support for more than ten years and seven of those have been in ABA. I\u2019m in school earning my BCBA credentials and I\u2019m autistic myself. I prefer to work with and advocate for children who are non-speaking. One of my BCBAs said she puts me on \u201cobjectively difficult cases\u201d because I\u2019m good at my job. I just want to reiterate that there are some techs who are particularly strong in this area and that OP has options. I just don\u2019t want them to feel more helpless than they already do.",
      "created_utc": 1749730509.0,
      "score": 3,
      "permalink": "/r/ABA/comments/1l95dp4/can_you_help_me_understand_what_an_rbt_should_be/mxd9kvn/",
      "is_submitter": false,
      "edited": false,
      "stickied": false
    },
    {
      "id": "mxbkmu2",
      "author": "orions_cat",
      "body": "Really just depends on the client. I don't usually work with younger kids but I sometimes fill in with a 5yr old and he just thrives off the attention he gets from us. I get tired after like 2hrs because he's so high energy, but it's like he's draining the energy from me and taking it to energize himself! \n\nI also have a client who is physically an adult but mentally about 7yrs old. His sessions are 7hrs and honestly, we could go even longer. He tries to get us to stay. \n\nObviously this doesn't go for everyone. I have a teen client who wishes we weren't there for even 1min. But then again I have another teen client who had 3hr sessions and I really wish his session could be longer because I feel like we're scrambling to get everything done. He often asks me to bring games and craft activities but we just don't have time, especially if he has homework.",
      "created_utc": 1749699008.0,
      "score": 9,
      "permalink": "/r/ABA/comments/1l95dp4/can_you_help_me_understand_what_an_rbt_should_be/mxbkmu2/",
      "is_submitter": false,
      "edited": false,
      "stickied": false
    },
    {
      "id": "mxan3mf",
      "author": "Icy-Bodybuilder1226",
      "body": "My BCBA'S usually make sure I have ample programming to fill the day too.",
      "created_utc": 1749686775.0,
      "score": 4,
      "permalink": "/r/ABA/comments/1l95dp4/can_you_help_me_understand_what_an_rbt_should_be/mxan3mf/",
      "is_submitter": false,
      "edited": false,
      "stickied": false
    }
  ],
  "relevance": {
    "score": 4.4,
    "user_type": "parent",
    "pain_points": [],
    "keywords_found": [
      "visual schedule",
      "routine"
    ],
    "sentiment_score": 0.9998,
    "age_relevance": true,
    "urgency_level": "low",
    "competitive_mentions": [],
    "timestamp": "2025-06-12T14:52:33.473980"
  }
}