{
  "subreddit": "occupationaltherapy",
  "post": {
    "id": "1l83gvs",
    "title": "Work in preschools / daycares?",
    "author": "TopZestyclose3307",
    "created_utc": 1749573528.0,
    "score": 2,
    "num_comments": 8,
    "url": "https://www.reddit.com/r/OccupationalTherapy/comments/1l83gvs/work_in_preschools_daycares/",
    "selftext": "Hi! I'm exploring a project to help OTs find private patients, and am trying to learn from anyone who does therapy in preschools / daycares!\n\nIf you\u2019re open to a quick 15-minute chat, it would go a long way to help other OTs! I\u2019ll send a\u00a0**$20 Starbucks gift card**\u00a0as a thank you!"
  },
  "comments": [
    {
      "id": "mx2ulov",
      "author": "whyamisointeresting",
      "body": "Hey, I work in early intervention and early childhood special education. I do a lot of my visits in preschools and daycares. DM if you would like",
      "created_utc": 1749586341.0,
      "score": 2,
      "permalink": "/r/OccupationalTherapy/comments/1l83gvs/work_in_preschools_daycares/mx2ulov/",
      "is_submitter": false,
      "edited": false,
      "stickied": false
    },
    {
      "id": "mx1ktbk",
      "author": "AutoModerator",
      "body": "Welcome to r/OccupationalTherapy! This is an automatic comment on every post. \n\nIf this is your first time posting, please read the sub rules. If you are asking a question, don't forget to check the sub [FAQs](https://www.reddit.com/r/OccupationalTherapy/wiki/index/faqs), or do a search of the sub to see if your question has been answered already. **Please note that we are not able to give specific treatment advice or exercises to do at home.**\n\nFailure to follow rules may result in your post being removed, or a ban. Thank you! \n\n*I am a bot, and this action was performed automatically. Please [contact the moderators of this subreddit](/message/compose/?to=/r/OccupationalTherapy) if you have any questions or concerns.*",
      "created_utc": 1749573529.0,
      "score": 1,
      "permalink": "/r/OccupationalTherapy/comments/1l83gvs/work_in_preschools_daycares/mx1ktbk/",
      "is_submitter": false,
      "edited": false,
      "stickied": false
    },
    {
      "id": "mx4vhir",
      "author": "AdUpper9457",
      "body": "Can dm I did preschool and daycares for 2 years - transitioning to k-5 next yr",
      "created_utc": 1749610171.0,
      "score": 1,
      "permalink": "/r/OccupationalTherapy/comments/1l83gvs/work_in_preschools_daycares/mx4vhir/",
      "is_submitter": false,
      "edited": false,
      "stickied": false
    },
    {
      "id": "mx5aeib",
      "author": "Comprehensive_Cat150",
      "body": "If you still need anyone! I\u2019m at a private clinic, do visits at preschools for multiple kids.",
      "created_utc": 1749616402.0,
      "score": 1,
      "permalink": "/r/OccupationalTherapy/comments/1l83gvs/work_in_preschools_daycares/mx5aeib/",
      "is_submitter": false,
      "edited": false,
      "stickied": false
    },
    {
      "id": "mxb0cjp",
      "author": "bbpink15",
      "body": "I go to a lot of preschools and daycares and happy to talk!",
      "created_utc": 1749691561.0,
      "score": 1,
      "permalink": "/r/OccupationalTherapy/comments/1l83gvs/work_in_preschools_daycares/mxb0cjp/",
      "is_submitter": false,
      "edited": false,
      "stickied": false
    },
    {
      "id": "mx57vot",
      "author": "TopZestyclose3307",
      "body": "Thank you!!",
      "created_utc": 1749615259.0,
      "score": 1,
      "permalink": "/r/OccupationalTherapy/comments/1l83gvs/work_in_preschools_daycares/mx57vot/",
      "is_submitter": true,
      "edited": false,
      "stickied": false
    },
    {
      "id": "mx58bxu",
      "author": "TopZestyclose3307",
      "body": "Thank you! DMing now.",
      "created_utc": 1749615457.0,
      "score": 1,
      "permalink": "/r/OccupationalTherapy/comments/1l83gvs/work_in_preschools_daycares/mx58bxu/",
      "is_submitter": true,
      "edited": false,
      "stickied": false
    },
    {
      "id": "mxbej41",
      "author": "TopZestyclose3307",
      "body": "you're the best!! DMing now :)",
      "created_utc": 1749696675.0,
      "score": 1,
      "permalink": "/r/OccupationalTherapy/comments/1l83gvs/work_in_preschools_daycares/mxbej41/",
      "is_submitter": true,
      "edited": false,
      "stickied": false
    }
  ],
  "relevance": {
    "score": 4.4,
    "user_type": "therapist",
    "pain_points": [],
    "keywords_found": [
      "transition",
      "preschool",
      "early childhood"
    ],
    "sentiment_score": 0.9872,
    "age_relevance": true,
    "urgency_level": "low",
    "competitive_mentions": [],
    "timestamp": "2025-06-12T14:47:34.579149"
  }
}