{
  "subreddit": "learningdisabilities",
  "post": {
    "id": "yp03ft",
    "title": "Thinking about about starting an organization to help young adults with LDs start their careers.",
    "author": "jcook311",
    "created_utc": 1667854587.0,
    "score": 18,
    "num_comments": 7,
    "url": "https://www.reddit.com/r/LearningDisabilities/comments/yp03ft/thinking_about_about_starting_an_organization_to/",
    "selftext": "Looking at the posts on this subreddit and other places I see a real need for a place that can help young adults with LDs to find resources to help them in college and to find employment.  Many people don't know colleges often have accomodations for learning disabilities, ADD, and autistic students. The goal of this group would be to offer career consulting and information on how to get into college/training programs, create a good resume, ace a job interview, and be successful in their careers.\n\nI'm currently in this process myself as a person with ADD and a non specific learning disability it's been rough getting into college and finding a job. At age 32 I've finally finished my associates degree in marketing and have a job doing electrical sales at a hardware store. I plan to get my bachelor's next year and start working with a marketing firm. I'm still climbing the ladder myself but I want to make sure that others don't fall into the same traps of self doubt that held me back for so long. \n\nThe challenges I see ahead is I need a name for the organization. I also need a few people who are willing to help me gather the information and write articles so I can make a website with information such as tips for writing a resume, how to ask for accomodations in college, tools you can use at work. Etc. I'd also like to make career mentoring a big part of what we do, so if you or someone you know would like to be a mentor that would be awesome."
  },
  "comments": [
    {
      "id": "ivjyxtn",
      "author": "Beneficial-Basket-93",
      "body": "Bless you for this and best of luck!",
      "created_utc": 1667919947.0,
      "score": 2,
      "permalink": "/r/LearningDisabilities/comments/yp03ft/thinking_about_about_starting_an_organization_to/ivjyxtn/",
      "is_submitter": false,
      "edited": false,
      "stickied": false
    },
    {
      "id": "ivkym49",
      "author": "None",
      "body": "[deleted]",
      "created_utc": 1667933795.0,
      "score": 2,
      "permalink": "/r/LearningDisabilities/comments/yp03ft/thinking_about_about_starting_an_organization_to/ivkym49/",
      "is_submitter": false,
      "edited": false,
      "stickied": false
    },
    {
      "id": "ivkuchg",
      "author": "jcook311",
      "body": "It's going to be a lot of work but I think it will be nice to guide others in a way I wish I had been at that age.",
      "created_utc": 1667932184.0,
      "score": 1,
      "permalink": "/r/LearningDisabilities/comments/yp03ft/thinking_about_about_starting_an_organization_to/ivkuchg/",
      "is_submitter": true,
      "edited": false,
      "stickied": false
    },
    {
      "id": "iw5pka4",
      "author": "jcook311",
      "body": "https://www.facebook.com/groups/1089490045049802/?ref=share_group_link",
      "created_utc": 1668311650.0,
      "score": 1,
      "permalink": "/r/LearningDisabilities/comments/yp03ft/thinking_about_about_starting_an_organization_to/iw5pka4/",
      "is_submitter": true,
      "edited": false,
      "stickied": false
    },
    {
      "id": "ivm0qer",
      "author": "jcook311",
      "body": "Hey I was a freelance copywriter for 4 years. I would absolutely love ideas for content and help researching topics if that's possible. What's DVR is it similar to an IEP?",
      "created_utc": 1667948655.0,
      "score": 2,
      "permalink": "/r/LearningDisabilities/comments/yp03ft/thinking_about_about_starting_an_organization_to/ivm0qer/",
      "is_submitter": true,
      "edited": false,
      "stickied": false
    },
    {
      "id": "iw5pmj4",
      "author": "jcook311",
      "body": "Made a Facebook group. https://www.facebook.com/groups/1089490045049802/?ref=share_group_link",
      "created_utc": 1668311678.0,
      "score": 1,
      "permalink": "/r/LearningDisabilities/comments/yp03ft/thinking_about_about_starting_an_organization_to/iw5pmj4/",
      "is_submitter": true,
      "edited": false,
      "stickied": false
    },
    {
      "id": "ivmwr05",
      "author": "None",
      "body": "[deleted]",
      "created_utc": 1667962903.0,
      "score": 2,
      "permalink": "/r/LearningDisabilities/comments/yp03ft/thinking_about_about_starting_an_organization_to/ivmwr05/",
      "is_submitter": false,
      "edited": false,
      "stickied": false
    },
    {
      "id": "ivmyhgv",
      "author": "jcook311",
      "body": "Interesting article does the DSM5 use the term Neurodevelopmental disorder or intellectual disability to cover thing's like dyslexia and dyscalcula?",
      "created_utc": 1667963754.0,
      "score": 2,
      "permalink": "/r/LearningDisabilities/comments/yp03ft/thinking_about_about_starting_an_organization_to/ivmyhgv/",
      "is_submitter": true,
      "edited": false,
      "stickied": false
    }
  ],
  "relevance": {
    "score": 5.5,
    "user_type": "other",
    "pain_points": [
      "the challenges i see ahead is i need a name for the organization"
    ],
    "keywords_found": [
      "504"
    ],
    "sentiment_score": 0.997,
    "age_relevance": true,
    "urgency_level": "low",
    "competitive_mentions": [],
    "timestamp": "2025-06-12T15:07:25.606394"
  }
}