{
  "subreddit": "occupationaltherapy",
  "post": {
    "id": "1l7ps2w",
    "title": "Four year old behavior - would OT help?",
    "author": "A-Bit-Batty",
    "created_utc": 1749529606.0,
    "score": 4,
    "num_comments": 8,
    "url": "https://www.reddit.com/r/OccupationalTherapy/comments/1l7ps2w/four_year_old_behavior_would_ot_help/",
    "selftext": "My four year old is highly intelligent (reading at a second grade level and doing basic multiplication and addition and subtraction). All self taught - even though we do support with low to no screen time and lots of reading. He\u2019s also very emotionally immature (more like a 3 year old). He runs back and forth in the house and jumps and jumps and jumps - he is very rough and strong when playing - and is always moving unless he\u2019s entrenched in a book. On the one hand some of this is regular boy/kid energy. On the other hand it\u2019s much bigger and over the top energy than any of our friends with similar aged kids. It\u2019s also a lot to support and manage and can get unsafe around his baby brother (who is 8 months old)\u2026 He often seems out of control and cannot stop to listen or respond unless we raise our voices. His Dad is on the spectrum and I might be as well. So he is likely on the spectrum to some capacity but we have not had him evaluated. Would OT be worth our efforts? I really don\u2019t love adding appointments to an already busy schedule if it\u2019s not going to be something that offers true benefits. "
  },
  "comments": [
    {
      "id": "mwynmct",
      "author": "Straight_Ambition787",
      "body": "Yes OT would be helpful but I would also get him assessed prior to school entry if possible. \n\nSounds like sensory strategies and understanding his learning needs based on sensory preferences would be helpful .",
      "created_utc": 1749530100.0,
      "score": 12,
      "permalink": "/r/OccupationalTherapy/comments/1l7ps2w/four_year_old_behavior_would_ot_help/mwynmct/",
      "is_submitter": false,
      "edited": false,
      "stickied": false
    },
    {
      "id": "mwyt2b3",
      "author": "TumblrPrincess",
      "body": "Is he in public PK? He could participate in a Child Find screening, which would help determine if he has difficulties that pose a barrier to his learning. This can include behaviors.",
      "created_utc": 1749532638.0,
      "score": 8,
      "permalink": "/r/OccupationalTherapy/comments/1l7ps2w/four_year_old_behavior_would_ot_help/mwyt2b3/",
      "is_submitter": false,
      "edited": false,
      "stickied": false
    },
    {
      "id": "mx3de0a",
      "author": "Janknitz",
      "body": "I would start with his pediatrician, who can assess if an OT evaluation is in order--he would need a physician's order in any case, to get the evaluation outside of a school setting.  Be sure to check if your insurance covers it.",
      "created_utc": 1749591743.0,
      "score": 3,
      "permalink": "/r/OccupationalTherapy/comments/1l7ps2w/four_year_old_behavior_would_ot_help/mx3de0a/",
      "is_submitter": false,
      "edited": false,
      "stickied": false
    },
    {
      "id": "mx8yz2f",
      "author": "Wide_Paramedic7466",
      "body": "OT would help but also get the evaluation for autism",
      "created_utc": 1749668104.0,
      "score": 2,
      "permalink": "/r/OccupationalTherapy/comments/1l7ps2w/four_year_old_behavior_would_ot_help/mx8yz2f/",
      "is_submitter": false,
      "edited": false,
      "stickied": false
    },
    {
      "id": "mwymj0g",
      "author": "AutoModerator",
      "body": "Welcome to r/OccupationalTherapy! This is an automatic comment on every post. \n\nIf this is your first time posting, please read the sub rules. If you are asking a question, don't forget to check the sub [FAQs](https://www.reddit.com/r/OccupationalTherapy/wiki/index/faqs), or do a search of the sub to see if your question has been answered already. **Please note that we are not able to give specific treatment advice or exercises to do at home.**\n\nFailure to follow rules may result in your post being removed, or a ban. Thank you! \n\n*I am a bot, and this action was performed automatically. Please [contact the moderators of this subreddit](/message/compose/?to=/r/OccupationalTherapy) if you have any questions or concerns.*",
      "created_utc": 1749529607.0,
      "score": 1,
      "permalink": "/r/OccupationalTherapy/comments/1l7ps2w/four_year_old_behavior_would_ot_help/mwymj0g/",
      "is_submitter": false,
      "edited": false,
      "stickied": false
    },
    {
      "id": "mwyrs05",
      "author": "A-Bit-Batty",
      "body": "Thanks that is helpful.",
      "created_utc": 1749532011.0,
      "score": 1,
      "permalink": "/r/OccupationalTherapy/comments/1l7ps2w/four_year_old_behavior_would_ot_help/mwyrs05/",
      "is_submitter": true,
      "edited": false,
      "stickied": false
    },
    {
      "id": "mwyucn4",
      "author": "A-Bit-Batty",
      "body": "No he\u2019s not. But I\u2019ll look into that screening.",
      "created_utc": 1749533275.0,
      "score": 1,
      "permalink": "/r/OccupationalTherapy/comments/1l7ps2w/four_year_old_behavior_would_ot_help/mwyucn4/",
      "is_submitter": true,
      "edited": false,
      "stickied": false
    },
    {
      "id": "mwz5ybc",
      "author": "SnooDoughnuts7171",
      "body": "I would also look into an evaluation via outpatient clinic as well. \u00a0School districts define their scope more narrowly than outpatient clinics, and some school districts are more narrow than others. \u00a0So, because your kid is by some metrics \u201cabove grade level,\u201d then \u201chis access to education is fine\u201d and school May not find him eligible for services. Outpatient services are more broad and the goal is best possible participation in all that is life, including participation at home, in the community, etc. \u00a0So do both school and outpatient evaluations. \u00a0So you get the most complete evaluation.",
      "created_utc": 1749539511.0,
      "score": 3,
      "permalink": "/r/OccupationalTherapy/comments/1l7ps2w/four_year_old_behavior_would_ot_help/mwz5ybc/",
      "is_submitter": false,
      "edited": false,
      "stickied": false
    }
  ],
  "relevance": {
    "score": 4.4,
    "user_type": "therapist",
    "pain_points": [],
    "keywords_found": [
      "autism",
      "screen time"
    ],
    "sentiment_score": 0.9971,
    "age_relevance": true,
    "urgency_level": "low",
    "competitive_mentions": [],
    "timestamp": "2025-06-12T14:47:36.136771"
  }
}