{
  "subreddit": "specialed",
  "post": {
    "id": "1l9e5h8",
    "title": "504 evaluation at a new school?",
    "author": "1brynn",
    "created_utc": 1749704961.0,
    "score": 2,
    "num_comments": 4,
    "url": "https://www.reddit.com/r/specialed/comments/1l9e5h8/504_evaluation_at_a_new_school/",
    "selftext": "Hello! I\u2019m a high school student who will be attending a brand new school next year (still within the same district, just about a mile away). I plan to request a 504 plan at the very beginning of the school year, and I\u2019m wondering how the evaluation process will work under these circumstances. I\u2019ve heard that teacher observations are typically part of the evaluation, but since I\u2019ll be new to the school, I suspect that my teachers won\u2019t know me well enough to provide meaningful input. In this case, will my former teachers be contacted for their opinions or background information? Will the teacher observation component be postponed or excluded? Will I just have to wait to get a 504? Any advice would be greatly appreciated. Thanks in advance for your help! :)"
  },
  "comments": [
    {
      "id": "mxdabss",
      "author": "lake_lover_",
      "body": "It will depend on your district\u2019s policies and the reason you\u2019re using to request a 504. Medical 504s for things like diabetes, cancers, and other specific medical needs are pretty straightforward and require little from teachers.\n\n504s for things like ADHD or behavior/mental health related may require observations from teachers or school counselors to determine the appropriate accommodations. That can take some time depending on how available people are, but even then there are timelines to follow so you shouldn\u2019t be waiting an excessive amount of time. If you\u2019re in contact with your previous teachers or have some documentation of your needs from those teachers, it could be helpful. If you have documentation from a doctor or counselor, that is also helpful but not at all necessary. \n\nMy district takes the request and has 30 days to decide whether or not to conduct a 504 evaluation. Documentation for moving forward or not moving forward with a 504 is necessary to justify your actions so if a school denies you they have to tell you why and you can always appeal. In my experience, while some schools may try and drag their feet, they usually don\u2019t deny reasonable 504 requests.",
      "created_utc": 1749730800.0,
      "score": 1,
      "permalink": "/r/specialed/comments/1l9e5h8/504_evaluation_at_a_new_school/mxdabss/",
      "is_submitter": false,
      "edited": false,
      "stickied": false
    },
    {
      "id": "mxbzzwk",
      "author": "carri0ncomfort",
      "body": "Typically, teacher observations are not required or included for 504 plans. You just submit medical documentation, and the 504 coordinator will draft a plan of accommodations. If you already have an existing 504 plan in the same district, it will probably be a very smooth process.",
      "created_utc": 1749706120.0,
      "score": 1,
      "permalink": "/r/specialed/comments/1l9e5h8/504_evaluation_at_a_new_school/mxbzzwk/",
      "is_submitter": false,
      "edited": false,
      "stickied": false
    },
    {
      "id": "mxdr600",
      "author": "ThatOneHaitian",
      "body": "Yes, teacher observations are part of the process, and some might contact your previous teachers to see what was observed previously by them. The coordinator might request medical information( if it\u2019s for medical reasons then it\u2019s a brief summary of what the condition is, what the symptoms are and when they started, treatments/medication, and recommendations of accommodation) and what ever information they don\u2019t have on hand, they have to get parental consent to request.",
      "created_utc": 1749736596.0,
      "score": 1,
      "permalink": "/r/specialed/comments/1l9e5h8/504_evaluation_at_a_new_school/mxdr600/",
      "is_submitter": false,
      "edited": false,
      "stickied": false
    },
    {
      "id": "mxd7cgl",
      "author": "ipsofactoshithead",
      "body": "504 just needs medical documentation.",
      "created_utc": 1749729628.0,
      "score": 1,
      "permalink": "/r/specialed/comments/1l9e5h8/504_evaluation_at_a_new_school/mxd7cgl/",
      "is_submitter": false,
      "edited": false,
      "stickied": false
    }
  ],
  "relevance": {
    "score": 5,
    "user_type": "administrator",
    "pain_points": [
      "the coordinator might request medical information( if it\u2019s for medical reasons then it\u2019s a brief summary of what the condition is, what the symptoms are and when they started, treatments/medication, and recommendations of accommodation) and what ever information they don\u2019t have on hand, they have to get parental consent to request"
    ],
    "keywords_found": [
      "504"
    ],
    "sentiment_score": 0.9896,
    "age_relevance": false,
    "urgency_level": "low",
    "competitive_mentions": [],
    "timestamp": "2025-06-12T14:57:29.691978"
  }
}