{
  "subreddit": "socialwork",
  "post": {
    "id": "1l7n2g9",
    "title": "Transitioning out of school-based social work, advice needed as a 2nd year MSW student",
    "author": "Present-Climate7694",
    "created_utc": 1749520966.0,
    "score": 2,
    "num_comments": 1,
    "url": "https://www.reddit.com/r/socialwork/comments/1l7n2g9/transitioning_out_of_schoolbased_social_work/",
    "selftext": "Hi all,\n\nI\u2019d love to hear from any social workers who might have insights on my current situation and concerns about my future path.\n\nI just completed my first year for my MSW, where I interned with adults in a supportive housing setting. It has been the most challenging role I\u2019ve had so far, but also the most rewarding and sparked a strong interest in working with adults facing mental health challenges, substance use issues, housing instability, legal issues, etc.\n\nMost of my experience has been with youth in health education, school programs, and some volunteer work in a hospital. One of my main goals in social work was to always become a school social worker and earn my PPSC while still in grad school, knowing it\u2019s harder to obtain after graduation.\n\nAbout 3 months ago I secured a school-based placement for my second year internship for August, but I\u2019m starting to regret it and I think it's too late to find anything else. I no longer feel drawn to school settings and want to transition seriously towards something more similar with my first internship. I\u2019m worried my resume will look super scattered as it goes: youth work, then adults in housing, now back to schools, and that it might hurt my chances of eventually transitioning into similar services.\n\nHas anyone navigated a similar path? Will this variety in experience be seen as a strength, or might it complicate things down the line? I'm just slowly feeling like I'm making a huge mistake. \n\nWould appreciate any insight.\n\nthank you"
  },
  "comments": [
    {
      "id": "mwy5irh",
      "author": "Cluejuices",
      "body": "It\u2019s not too late at all, we took a new intern in March 2025 for the Spring 2025 term. Find what you like and do it, life doesn\u2019t give you the option to reset like that very often. Take advantage of being in school :)",
      "created_utc": 1749522902.0,
      "score": 2,
      "permalink": "/r/socialwork/comments/1l7n2g9/transitioning_out_of_schoolbased_social_work/mwy5irh/",
      "is_submitter": false,
      "edited": false,
      "stickied": false
    }
  ],
  "relevance": {
    "score": 5,
    "user_type": "administrator",
    "pain_points": [
      "it has been the most challenging role i\u2019ve had so far, but also the most rewarding and sparked a strong interest in working with adults facing mental health challenges, substance use issues, housing instability, legal issues, etc"
    ],
    "keywords_found": [
      "transition"
    ],
    "sentiment_score": 0.993,
    "age_relevance": false,
    "urgency_level": "low",
    "competitive_mentions": [],
    "timestamp": "2025-06-12T15:11:13.058218"
  }
}