{
  "subreddit": "ABA",
  "post": {
    "id": "1l8ieab",
    "title": "are 2 week notices ethical?",
    "author": "Outrageous-Ad4520",
    "created_utc": 1749611930.0,
    "score": 29,
    "num_comments": 20,
    "url": "https://www.reddit.com/r/ABA/comments/1l8ieab/are_2_week_notices_ethical/",
    "selftext": "Is 2 weeks enough time to tell a parent you're quitting? I'm planning on telling a parent on Thursday that June 27th will be my last day. They kinda depend on me for childcare since the daycare doesn't let my client in without an rbt (I'm there in the afternoons for 3 hours). I feel so bad but I cannot handle it anymore. I'm doing my masters and I'm so burnt out. I already told my boss and she said it was fine but that they probably won't be able to find a replacement bc the case is over an hour away from company headquarters (don't even know how they got this case in the first place tbh). "
  },
  "comments": [
    {
      "id": "mx51a4n",
      "author": "DnDYetti",
      "body": "For a BT or RBT, a 2 week notice is perfectly fine. No ethical concerns at all.",
      "created_utc": 1749612462.0,
      "score": 43,
      "permalink": "/r/ABA/comments/1l8ieab/are_2_week_notices_ethical/mx51a4n/",
      "is_submitter": false,
      "edited": false,
      "stickied": false
    },
    {
      "id": "mx51dxk",
      "author": "cyahzar",
      "body": "As an RBT if we are looking at the ethical code, nothing is really written. As a BCBA, ethically it would be best to give around 30 days to provide a smooth transition from you to another BCBA.",
      "created_utc": 1749612506.0,
      "score": 15,
      "permalink": "/r/ABA/comments/1l8ieab/are_2_week_notices_ethical/mx51dxk/",
      "is_submitter": false,
      "edited": false,
      "stickied": false
    },
    {
      "id": "mx6ikp1",
      "author": "Any_Opportunity_6844",
      "body": "Two weeks is great, I gave a one week notice! I had a miscarriage due to the stress and could not do it anymore",
      "created_utc": 1749640607.0,
      "score": 11,
      "permalink": "/r/ABA/comments/1l8ieab/are_2_week_notices_ethical/mx6ikp1/",
      "is_submitter": false,
      "edited": false,
      "stickied": false
    },
    {
      "id": "mx6inia",
      "author": "Unfair-Pop4864",
      "body": "If you\u2019re an RBT this transition is not your problem to deal with. Give the parent as much time as you feel you want to emotionally transition but do not take any other workload about it on yourself. If your company can\u2019t find a replacement that\u2019s on them, not you, to deal with. If your BCBA was smart they would\u2019ve started to find a replacement either within the company or a difference provider. That is far out of your payroll at the moment",
      "created_utc": 1749640642.0,
      "score": 7,
      "permalink": "/r/ABA/comments/1l8ieab/are_2_week_notices_ethical/mx6inia/",
      "is_submitter": false,
      "edited": false,
      "stickied": false
    },
    {
      "id": "mx56zgi",
      "author": "ForsakenMango",
      "body": "The board has already stated that BTs can just no call no show, bail without notice and there won't be any repercussions nor is it considered unethical. So yeah...ethically (and much to my chagrin) 2 weeks is more than fine (and appreciated).",
      "created_utc": 1749614868.0,
      "score": 8,
      "permalink": "/r/ABA/comments/1l8ieab/are_2_week_notices_ethical/mx56zgi/",
      "is_submitter": false,
      "edited": false,
      "stickied": false
    },
    {
      "id": "mx9jigy",
      "author": "Confident_Salt_2344",
      "body": "2 weeks is ethical, appropriate and kind. We always appreciate even one weeks notice so we have time to plan and prepare. The few times we\u2019ve had an rbt decide the drive is too long or it\u2019s not a good fit for them and quit on the spot I\u2019d have really appreciated at least working out the week. If your job is ethical and you\u2019re resigning due to reasons not associated with dangerous environment/fraud/ uncomfortable situations etc I really believe you should give notice. If any of the above occur totally understand resigning on the spot.",
      "created_utc": 1749674082.0,
      "score": 2,
      "permalink": "/r/ABA/comments/1l8ieab/are_2_week_notices_ethical/mx9jigy/",
      "is_submitter": false,
      "edited": false,
      "stickied": false
    },
    {
      "id": "mx87kds",
      "author": "Mulky1985",
      "body": "You\u2019re okay. That\u2019s on the company to get the case restaffed. Two weeks is good for RBT. I would say one month for BCBA.",
      "created_utc": 1749660406.0,
      "score": 1,
      "permalink": "/r/ABA/comments/1l8ieab/are_2_week_notices_ethical/mx87kds/",
      "is_submitter": false,
      "edited": false,
      "stickied": false
    },
    {
      "id": "mx87nms",
      "author": "Mulky1985",
      "body": "The board doesn\u2019t really care about ethics with RBTs anyway \ud83e\udd2d",
      "created_utc": 1749660432.0,
      "score": 1,
      "permalink": "/r/ABA/comments/1l8ieab/are_2_week_notices_ethical/mx87nms/",
      "is_submitter": false,
      "edited": false,
      "stickied": false
    },
    {
      "id": "mx62zuf",
      "author": "iamzacks",
      "body": "The ethics code doesn\u2019t say how much notice BCBAs should give, it just gives guidelines as to how we should plan for transition when possible. That being said, you can\u2019t always properly plan for transition before you have to make a move for yourself, so you do the best you can and that\u2019s all anyone can ask \ud83e\udd37\ud83c\udffb\u200d\u2642\ufe0f",
      "created_utc": 1749632215.0,
      "score": 12,
      "permalink": "/r/ABA/comments/1l8ieab/are_2_week_notices_ethical/mx62zuf/",
      "is_submitter": false,
      "edited": false,
      "stickied": false
    },
    {
      "id": "mx7r7ao",
      "author": "24possumsinacoat",
      "body": "Omg, I'm so sorry that happened to you!",
      "created_utc": 1749655711.0,
      "score": 3,
      "permalink": "/r/ABA/comments/1l8ieab/are_2_week_notices_ethical/mx7r7ao/",
      "is_submitter": false,
      "edited": false,
      "stickied": false
    },
    {
      "id": "mx62w6r",
      "author": "iamzacks",
      "body": "Where\u2019d they say that? I didn\u2019t know",
      "created_utc": 1749632152.0,
      "score": 5,
      "permalink": "/r/ABA/comments/1l8ieab/are_2_week_notices_ethical/mx62w6r/",
      "is_submitter": false,
      "edited": false,
      "stickied": false
    },
    {
      "id": "mx82p27",
      "author": "Any_Opportunity_6844",
      "body": "Thank you! Two months after I quit I was able to get pregnant, I\u2019m 33 weeks now and loving my job as a microschool teacher!",
      "created_utc": 1749659005.0,
      "score": 7,
      "permalink": "/r/ABA/comments/1l8ieab/are_2_week_notices_ethical/mx82p27/",
      "is_submitter": false,
      "edited": false,
      "stickied": false
    },
    {
      "id": "mx6sv0j",
      "author": "ForsakenMango",
      "body": "[2023 Newsletter](https://www.bacb.com/wp-content/uploads/2023/03/BACB_March2023_Newsletter-230626-a.pdf)",
      "created_utc": 1749644835.0,
      "score": 5,
      "permalink": "/r/ABA/comments/1l8ieab/are_2_week_notices_ethical/mx6sv0j/",
      "is_submitter": false,
      "edited": false,
      "stickied": false
    },
    {
      "id": "mx8ce5i",
      "author": "marijuanaqueen420",
      "body": "can i ask what a microschool teacher is?? i've never heard of this and im curious what it entails",
      "created_utc": 1749661747.0,
      "score": 1,
      "permalink": "/r/ABA/comments/1l8ieab/are_2_week_notices_ethical/mx8ce5i/",
      "is_submitter": false,
      "edited": false,
      "stickied": false
    },
    {
      "id": "mx6vc3t",
      "author": "iamzacks",
      "body": "Thanks!",
      "created_utc": 1749645749.0,
      "score": 2,
      "permalink": "/r/ABA/comments/1l8ieab/are_2_week_notices_ethical/mx6vc3t/",
      "is_submitter": false,
      "edited": false,
      "stickied": false
    },
    {
      "id": "mx8xpjz",
      "author": "pigsbum53ASMR",
      "body": "Wow\u2026! Does anyone know if this been updated since then?",
      "created_utc": 1749667745.0,
      "score": 1,
      "permalink": "/r/ABA/comments/1l8ieab/are_2_week_notices_ethical/mx8xpjz/",
      "is_submitter": false,
      "edited": false,
      "stickied": false
    },
    {
      "id": "mx8eh32",
      "author": "Any_Opportunity_6844",
      "body": "It\u2019s flexible/\u201chomeschool\u201d type learning for children! We have a one room school house, activities, one on one learning, educational field trips, it\u2019s very hands on. We do bookwork and typing/computer class :) I could go on forever lol, but it\u2019s such great school! We have 14 kids",
      "created_utc": 1749662327.0,
      "score": 3,
      "permalink": "/r/ABA/comments/1l8ieab/are_2_week_notices_ethical/mx8eh32/",
      "is_submitter": false,
      "edited": false,
      "stickied": false
    },
    {
      "id": "mx968gd",
      "author": "ForsakenMango",
      "body": "It hasn\u2019t.",
      "created_utc": 1749670235.0,
      "score": 1,
      "permalink": "/r/ABA/comments/1l8ieab/are_2_week_notices_ethical/mx968gd/",
      "is_submitter": false,
      "edited": false,
      "stickied": false
    },
    {
      "id": "mx8xji5",
      "author": "pigsbum53ASMR",
      "body": "Wow! Sounds so cool! Couple of questions if I may \u2014What age do you teach? Also do you work in sped or gen ed? What state do u live in? Thanks for taking time to answer!",
      "created_utc": 1749667697.0,
      "score": 1,
      "permalink": "/r/ABA/comments/1l8ieab/are_2_week_notices_ethical/mx8xji5/",
      "is_submitter": false,
      "edited": false,
      "stickied": false
    },
    {
      "id": "mx908bb",
      "author": "Any_Opportunity_6844",
      "body": "It\u2019s ages 5-10 :)! It\u2019s general education , but one student does come once week who has autism! I live in Wyoming, I noticed it\u2019s popping up in many states so I\u2019d definitely look into it. When my daughter is old enough I\u2019ll be sending her there!",
      "created_utc": 1749668466.0,
      "score": 1,
      "permalink": "/r/ABA/comments/1l8ieab/are_2_week_notices_ethical/mx908bb/",
      "is_submitter": false,
      "edited": false,
      "stickied": false
    }
  ],
  "relevance": {
    "score": 5,
    "user_type": "parent",
    "pain_points": [],
    "keywords_found": [
      "autism",
      "transition",
      "homeschool"
    ],
    "sentiment_score": 0.9985,
    "age_relevance": false,
    "urgency_level": "low",
    "competitive_mentions": [],
    "timestamp": "2025-06-12T15:06:25.435776"
  }
}