{
  "subreddit": "homeschool",
  "post": {
    "id": "1l7plhn",
    "title": "Attention California Homeschoolers [AB84]",
    "author": "thats-uhh-a-bad-idea",
    "created_utc": 1749528982.0,
    "score": 15,
    "num_comments": 0,
    "url": "https://www.reddit.com/r/homeschool/comments/1l7plhn/attention_california_homeschoolers_ab84/",
    "selftext": "For those that don't know, AB84 passed and is heading to the senate. This is going to wreck homeschool for thousands. \n\nThe best thing we can do is flood our reps with our voice and urge them to be our advocate.\n\nClick here to find your rep:\u00a0[https://findyourrep.legislature.ca.gov](https://granitemountainschool.us19.list-manage.com/track/click?u=712018a7422ed35057a491b2e&id=6d582bd6d1&e=e7d8c69636)\n\nIf you don't want to write your own letter and experience, here's a quick message.   \n  \n*I urge you to oppose AB-84. This bill represents an attack on California\u2019s most vulnerable children\u2014those who would not otherwise be successful in traditional school settings. Many of the children in our community are unhoused, living in poverty, facing mental health challenges, or are medically fragile. These students rely on alternative, flexible educational models that meet their unique needs, and AB-84 threatens to underfund the schools that serve them. Every child deserves the opportunity to learn, grow, and succeed, regardless of their circumstances. Please stand up for children in our community and reject AB-84.*\n\n"
  },
  "comments": [],
  "relevance": {
    "score": 4.8,
    "user_type": "administrator",
    "pain_points": [
      "many of the children in our community are unhoused, living in poverty, facing mental health challenges, or are medically fragile"
    ],
    "keywords_found": [
      "homeschool"
    ],
    "sentiment_score": -0.6583,
    "age_relevance": false,
    "urgency_level": "low",
    "competitive_mentions": [],
    "timestamp": "2025-06-12T15:02:26.358869"
  }
}