{
  "subreddit": "preschool",
  "post": {
    "id": "1l95tyo",
    "title": "Play-based preschool",
    "author": "DueCommand7210",
    "created_utc": 1749679992.0,
    "score": 7,
    "num_comments": 4,
    "url": "https://www.reddit.com/r/preschool/comments/1l95tyo/playbased_preschool/",
    "selftext": "Is there a play-based preschool in the Salt Lake City area? Or maybe some sort of \"play group\" like in Peppa Pig? I have read quite a bit about the scandinavian countries and I love how they regard education, especially early education. "
  },
  "comments": [
    {
      "id": "mxaev36",
      "author": "Business-Cheetah8391",
      "body": "Check out Montessori schools",
      "created_utc": 1749683941.0,
      "score": 1,
      "permalink": "/r/preschool/comments/1l95tyo/playbased_preschool/mxaev36/",
      "is_submitter": false,
      "edited": false,
      "stickied": false
    },
    {
      "id": "mxaqqaq",
      "author": "raisinghell95",
      "body": "I don\u2019t think Montessori has anything near play based. Montessori is strict curriculum whereas play based plans the curriculum around the children\u2019s interest. I would check out Reggio Emilia schools. I would start by checking the schools around you and checking out their websites. They will tell you all about their philosophies.",
      "created_utc": 1749688083.0,
      "score": 6,
      "permalink": "/r/preschool/comments/1l95tyo/playbased_preschool/mxaqqaq/",
      "is_submitter": false,
      "edited": false,
      "stickied": false
    },
    {
      "id": "mxari21",
      "author": "Business-Cheetah8391",
      "body": "Im literally a Montessori teacher haha it's educational but child led and playbased",
      "created_utc": 1749688368.0,
      "score": 2,
      "permalink": "/r/preschool/comments/1l95tyo/playbased_preschool/mxari21/",
      "is_submitter": false,
      "edited": false,
      "stickied": false
    },
    {
      "id": "mxasr1v",
      "author": "raisinghell95",
      "body": "I too have been a Montessori teacher for over 6 years. Montessori focused on the child having a choice in their environment meaning how long they used material but it never allowed the child to choose what they are actually learning such as curriculum wise. Montessori is also not play based when compared to Reggio Emilia, Montessori focuses on purposeful structured activities. If OP is looking for something play based Montessori wouldn\u2019t quite be the fit. Montessori does encourage exploration and independence, but it\u2019s more structured than what is typically meant by \u201cplay-based learning,\u201d which often involves pretend play, open-ended materials, and emergent curriculum.",
      "created_utc": 1749688825.0,
      "score": 4,
      "permalink": "/r/preschool/comments/1l95tyo/playbased_preschool/mxasr1v/",
      "is_submitter": false,
      "edited": false,
      "stickied": false
    }
  ],
  "relevance": {
    "score": 4.4,
    "user_type": "teacher",
    "pain_points": [
      "if op is looking for something play based montessori wouldn\u2019t quite be the fit"
    ],
    "keywords_found": [
      "preschool"
    ],
    "sentiment_score": 0.987,
    "age_relevance": true,
    "urgency_level": "low",
    "competitive_mentions": [],
    "timestamp": "2025-06-12T15:04:20.892905"
  }
}