{
  "subreddit": "homeschool",
  "post": {
    "id": "1l8w31g",
    "title": "Homeschooled and Graduated from College with Highest Honors AMA",
    "author": "Lazy_Question_2245",
    "created_utc": 1749656796.0,
    "score": 104,
    "num_comments": 43,
    "url": "https://www.reddit.com/r/homeschool/comments/1l8w31g/homeschooled_and_graduated_from_college_with/",
    "selftext": "I was \"behind\" due to language barrier and was homeschooled all the way through high school. I just graduated from college with highest honors. I wanted to do this because Reddit is so anti-homeschool and it's demoralizing to see so many people hate it on. Ask me anything!  \n "
  },
  "comments": [
    {
      "id": "mx7vxtx",
      "author": "CommonMixture6716",
      "body": "Not a question but a congratulations! Good for you!!!!!",
      "created_utc": 1749657069.0,
      "score": 20,
      "permalink": "/r/homeschool/comments/1l8w31g/homeschooled_and_graduated_from_college_with/mx7vxtx/",
      "is_submitter": false,
      "edited": false,
      "stickied": false
    },
    {
      "id": "mx7wlom",
      "author": "LightsInSky",
      "body": "What do you think helped contribute to your success? What kind of homeschool program did you follow?",
      "created_utc": 1749657259.0,
      "score": 6,
      "permalink": "/r/homeschool/comments/1l8w31g/homeschooled_and_graduated_from_college_with/mx7wlom/",
      "is_submitter": false,
      "edited": false,
      "stickied": false
    },
    {
      "id": "mx806mh",
      "author": "Mrs-Treasures",
      "body": "Thank you.  This builds us all up.",
      "created_utc": 1749658284.0,
      "score": 5,
      "permalink": "/r/homeschool/comments/1l8w31g/homeschooled_and_graduated_from_college_with/mx806mh/",
      "is_submitter": false,
      "edited": false,
      "stickied": false
    },
    {
      "id": "mx7y58d",
      "author": "Calm_Coyote_3685",
      "body": "What career are you planning? Congrats on graduating with honors!!",
      "created_utc": 1749657700.0,
      "score": 5,
      "permalink": "/r/homeschool/comments/1l8w31g/homeschooled_and_graduated_from_college_with/mx7y58d/",
      "is_submitter": false,
      "edited": false,
      "stickied": false
    },
    {
      "id": "mx804c6",
      "author": "giozimmer",
      "body": "Congratulations!! I didn't understand the language barrier issue. Did you live in another country?",
      "created_utc": 1749658266.0,
      "score": 3,
      "permalink": "/r/homeschool/comments/1l8w31g/homeschooled_and_graduated_from_college_with/mx804c6/",
      "is_submitter": false,
      "edited": false,
      "stickied": false
    },
    {
      "id": "mx872s4",
      "author": "Agreeable-Deer7526",
      "body": "Did you ever feel resentful? Is there anything you feel like you missed out on? How was socialization?",
      "created_utc": 1749660268.0,
      "score": 3,
      "permalink": "/r/homeschool/comments/1l8w31g/homeschooled_and_graduated_from_college_with/mx872s4/",
      "is_submitter": false,
      "edited": false,
      "stickied": false
    },
    {
      "id": "mx96y92",
      "author": "NoKindnessIsWasted",
      "body": "What college did you go to? \n\nWere there any other home schoolers?",
      "created_utc": 1749670450.0,
      "score": 3,
      "permalink": "/r/homeschool/comments/1l8w31g/homeschooled_and_graduated_from_college_with/mx96y92/",
      "is_submitter": false,
      "edited": false,
      "stickied": false
    },
    {
      "id": "mx88mx4",
      "author": "Typical-Size-9991",
      "body": "I don't think Reddit is anti-home school per-se.  The issue is more on the extreme approaches to home schooling (e.g unschooling - not teaching kids to read at the appropriate age, etc) and problematic curriculums (e.g Christian Nationalist curriculums).  People learn different and I'm happy to hear that homeschooling gave you the tools that will give you an edge in the real world.",
      "created_utc": 1749660712.0,
      "score": 6,
      "permalink": "/r/homeschool/comments/1l8w31g/homeschooled_and_graduated_from_college_with/mx88mx4/",
      "is_submitter": false,
      "edited": false,
      "stickied": false
    },
    {
      "id": "mx8qzkw",
      "author": "Ecstatic-Balance5170",
      "body": "Congratulations! I love hearing homeschool success stories.",
      "created_utc": 1749665803.0,
      "score": 4,
      "permalink": "/r/homeschool/comments/1l8w31g/homeschooled_and_graduated_from_college_with/mx8qzkw/",
      "is_submitter": false,
      "edited": false,
      "stickied": false
    },
    {
      "id": "mx80blr",
      "author": "Queen-Latte",
      "body": "Congrats! That's exciting! \n\n\nAny curriculum you especially loved? Any field trip or outing that was super special? \ud83d\ude04",
      "created_utc": 1749658324.0,
      "score": 2,
      "permalink": "/r/homeschool/comments/1l8w31g/homeschooled_and_graduated_from_college_with/mx80blr/",
      "is_submitter": false,
      "edited": false,
      "stickied": false
    },
    {
      "id": "mx7wqwq",
      "author": "queenofmyhouses2",
      "body": "Congratulations!",
      "created_utc": 1749657301.0,
      "score": 1,
      "permalink": "/r/homeschool/comments/1l8w31g/homeschooled_and_graduated_from_college_with/mx7wqwq/",
      "is_submitter": false,
      "edited": false,
      "stickied": false
    },
    {
      "id": "mx7yylz",
      "author": "MisterRobertParr",
      "body": "Did you feel your experience as a homeschooler had any effect on your college experience, academically?",
      "created_utc": 1749657936.0,
      "score": 1,
      "permalink": "/r/homeschool/comments/1l8w31g/homeschooled_and_graduated_from_college_with/mx7yylz/",
      "is_submitter": false,
      "edited": false,
      "stickied": false
    },
    {
      "id": "mx82am6",
      "author": "Clear-Presence-3441",
      "body": "Congratulations \ud83c\udf89\ud83c\udf89\ud83c\udf89 \n\nI would like to know where you felt there were any gaps in your home education/where your parents may have missed the mark a bit?\n\nDid you experience any resistance from colleges you applied to when you stated you were homeschooled?\n\nWas it hard to transition from homeschooling to an in person (I'm assuming) higher education institution?",
      "created_utc": 1749658891.0,
      "score": 1,
      "permalink": "/r/homeschool/comments/1l8w31g/homeschooled_and_graduated_from_college_with/mx82am6/",
      "is_submitter": false,
      "edited": false,
      "stickied": false
    },
    {
      "id": "mx84gra",
      "author": "Lopsided-Lake-4044",
      "body": "Wondering how your relationship is with your parents. Do you feel like you are closer to them and got more quality time with them that has made an impact on your life? I wasn\u2019t homeschooled and as a kid felt that I had a good relationship with my parents until college when I realized I couldn\u2019t ask them for help or open up to them about certain things. Just wondering how you feel about your relationship with your parents and if it differs from that of your friends.",
      "created_utc": 1749659513.0,
      "score": 1,
      "permalink": "/r/homeschool/comments/1l8w31g/homeschooled_and_graduated_from_college_with/mx84gra/",
      "is_submitter": false,
      "edited": false,
      "stickied": false
    },
    {
      "id": "mx852g6",
      "author": "ZestycloseTiger9925",
      "body": "What\u2019s your college degree in?",
      "created_utc": 1749659691.0,
      "score": 1,
      "permalink": "/r/homeschool/comments/1l8w31g/homeschooled_and_graduated_from_college_with/mx852g6/",
      "is_submitter": false,
      "edited": false,
      "stickied": false
    },
    {
      "id": "mx8jwsc",
      "author": "homeschoolmomof2-",
      "body": "Thank you for your story! I am just starting homeschooling and the plan is to go thru high school but I get scared about it! Was it hard to learn in high school? Did your parents have an educational background?",
      "created_utc": 1749663825.0,
      "score": 1,
      "permalink": "/r/homeschool/comments/1l8w31g/homeschooled_and_graduated_from_college_with/mx8jwsc/",
      "is_submitter": false,
      "edited": false,
      "stickied": false
    },
    {
      "id": "mxacvlr",
      "author": "Any-Astronaut7857",
      "body": "Congratulations!\nDid you have any \"culture shock\" when you went from homeschool to college? And if so, what were you most surprised by?",
      "created_utc": 1749683279.0,
      "score": 1,
      "permalink": "/r/homeschool/comments/1l8w31g/homeschooled_and_graduated_from_college_with/mxacvlr/",
      "is_submitter": false,
      "edited": false,
      "stickied": false
    },
    {
      "id": "mxaofv7",
      "author": "Much-Sock2529",
      "body": "How much independence did you have, and how much do you think you should have had? What type of area did you live (urban, rural etc) and how did it affect your education? How\u2019s your relationship with your family now?\u00a0",
      "created_utc": 1749687254.0,
      "score": 1,
      "permalink": "/r/homeschool/comments/1l8w31g/homeschooled_and_graduated_from_college_with/mxaofv7/",
      "is_submitter": false,
      "edited": false,
      "stickied": false
    },
    {
      "id": "mxbozry",
      "author": "Sam_Eu_Sou",
      "body": "So proud of you, OP!\u2728\n\nThank you for doing this Q&A!",
      "created_utc": 1749700851.0,
      "score": 1,
      "permalink": "/r/homeschool/comments/1l8w31g/homeschooled_and_graduated_from_college_with/mxbozry/",
      "is_submitter": false,
      "edited": false,
      "stickied": false
    },
    {
      "id": "mxcfdvr",
      "author": "Specialist-Self-8509",
      "body": "Congratulations!  How was the college application process for you?  Can you recommend any things for homeschooled kids in middle/high school to do to help them stand out when applying for colleges and scholarships?",
      "created_utc": 1749714819.0,
      "score": 1,
      "permalink": "/r/homeschool/comments/1l8w31g/homeschooled_and_graduated_from_college_with/mxcfdvr/",
      "is_submitter": false,
      "edited": false,
      "stickied": false
    },
    {
      "id": "mxcxdue",
      "author": "luccareed2004",
      "body": "Did you follow the educational standards for your state or common core standards to help you be prepared for college? Where are you from?",
      "created_utc": 1749725220.0,
      "score": 1,
      "permalink": "/r/homeschool/comments/1l8w31g/homeschooled_and_graduated_from_college_with/mxcxdue/",
      "is_submitter": false,
      "edited": false,
      "stickied": false
    },
    {
      "id": "mx7xf5f",
      "author": "Lazy_Question_2245",
      "body": "I never felt like I was behind or dumb because my mom researched programs that fit my learning style. She did this for all my siblings so learning was accessible and never discouraging. I think taking ownership of my education early on promoted self-motivation which really contributed to my success in college.\n\nEDIT: we tried a whole bunch of different curriculum for every subject and miss-matched - and if my mom didn't like it, we just didn't do it haha",
      "created_utc": 1749657492.0,
      "score": 16,
      "permalink": "/r/homeschool/comments/1l8w31g/homeschooled_and_graduated_from_college_with/mx7xf5f/",
      "is_submitter": true,
      "edited": false,
      "stickied": false
    },
    {
      "id": "mx7wpbn",
      "author": "LightsInSky",
      "body": "Congratulations btw!",
      "created_utc": 1749657288.0,
      "score": 3,
      "permalink": "/r/homeschool/comments/1l8w31g/homeschooled_and_graduated_from_college_with/mx7wpbn/",
      "is_submitter": false,
      "edited": false,
      "stickied": false
    },
    {
      "id": "mx8b9pk",
      "author": "Lazy_Question_2245",
      "body": "I am going to teach at a Classical School in the fall - 1st and 2nd grade! My longterm goal is to be a professor but I want some work place experience before pursuing a higher degree.",
      "created_utc": 1749661436.0,
      "score": 6,
      "permalink": "/r/homeschool/comments/1l8w31g/homeschooled_and_graduated_from_college_with/mx8b9pk/",
      "is_submitter": true,
      "edited": false,
      "stickied": false
    },
    {
      "id": "mx8bo2t",
      "author": "Lazy_Question_2245",
      "body": "I was adopted when I was 7 and didn't speak english until I was 8. My first year of being in the US, I was just getting acclimated to the culture and language switch.",
      "created_utc": 1749661547.0,
      "score": 7,
      "permalink": "/r/homeschool/comments/1l8w31g/homeschooled_and_graduated_from_college_with/mx8bo2t/",
      "is_submitter": true,
      "edited": false,
      "stickied": false
    },
    {
      "id": "mx87lf1",
      "author": "Exciting_Seat_2227",
      "body": "Here for this response.. someone upvote me so I can come back?",
      "created_utc": 1749660414.0,
      "score": 12,
      "permalink": "/r/homeschool/comments/1l8w31g/homeschooled_and_graduated_from_college_with/mx87lf1/",
      "is_submitter": false,
      "edited": false,
      "stickied": false
    },
    {
      "id": "mx8h3s9",
      "author": "Lazy_Question_2245",
      "body": "This is the BIG ONE! \n\nI attended gym class at a private school twice a week, went to church related things Wednesday nights (classic!), including weekend retreats, missions trips etc., I played sports for private schools, (some counties don't allow homeschoolers to play sports at the high school level so by high school, I wasn't involved in sports much), I attended classes at the Y, volunteered at summer camps, taught preschool three days a week in the morning, worked, had an extensive babysitting network (because I could be available at weird hours in the day), and was involved in teaching a class at a homeschool co-op in school. \n\nI genuinely think I would have hated school so much if it was coupled with 8 hours a day of \"socialization\" which would have been extremely overstimulated for me as an extrovert performing introvert. I had lots of friends from the various activities, I was aghast as an 8th grader when my friends told me what social anxiety was, the concept was so foreign to me. Furthermore, I think that being homeschooled helped me learn to socialize with people that aren't my age and my demographic, which in the longterm, was extremely helpful for the real world. In the real world, you are not surrounded by people the exact age as you for 8 hours a day. You will always be surrounded by all types of people of various ages. I basically learned how to code switch naturally whether I was with my preschoolers, peers, or grown adults. \n\nI also think that for my personality, it helped me develop quirks and interests that make me stand out because I wasn't constantly comparing and trying to constantly assimilate to the \"majority\".",
      "created_utc": 1749663053.0,
      "score": 16,
      "permalink": "/r/homeschool/comments/1l8w31g/homeschooled_and_graduated_from_college_with/mx8h3s9/",
      "is_submitter": true,
      "edited": false,
      "stickied": false
    },
    {
      "id": "mx8jb3u",
      "author": "Lazy_Question_2245",
      "body": "I think indoctrination is always the fear, which is so fair! It's just sad that there seems to be no nuance. My parents are very strong Christians - but presented all views to us that I don't think public school does. None of my siblings now have the same political or religious ideology because we were allowed to discover and pursue what we wanted. \n\nAnd Unschooling is not homeschooling - and should be investigated oh my Lord, it's scary. It's just rough for us when it is clumped together. \n\nThe closest thing to unschooling I have ever experienced was in 3rd grade, we were all a little a head of the program my mom set for us, so she gave us one month off in the middle of the year, but she would not let us pause with Math or Reading - but the rest of our days were filled with learning how to play chess, learning how to sew and crochet, learning how to cook different foods from around the world, things like that. And when January was up, we went right back at it. \n\nI don't think it's wrong that parents want to regulate what their kids are learning, I think it's a natural instinct - and the nature of education is everyone, whether they admit or not, wants to create little followers of their specific ideology - government and parents.",
      "created_utc": 1749663659.0,
      "score": 7,
      "permalink": "/r/homeschool/comments/1l8w31g/homeschooled_and_graduated_from_college_with/mx8jb3u/",
      "is_submitter": true,
      "edited": false,
      "stickied": false
    },
    {
      "id": "mx8cvos",
      "author": "Lazy_Question_2245",
      "body": "I loved our trip to Washington DC and visiting all the free museums! \n\nMy favorite \"class\" was when my mom would read out loud to us historically fictions like \"The Bronze Bow\" \"Mara, Daughter of the Nile\" and the little house series. I think the fact that my mom read to us all the way through high school encouraged me to work hard at reading even when it was hard. \n\nI also get that this is not feasible for everyone but we took a trip to Europe right after studying the Middle Ages and being able to see everything as a 12 year old CHANGED MY WORLD. I almost cried when I saw the Rosetta Stone IRL.",
      "created_utc": 1749661882.0,
      "score": 6,
      "permalink": "/r/homeschool/comments/1l8w31g/homeschooled_and_graduated_from_college_with/mx8cvos/",
      "is_submitter": true,
      "edited": false,
      "stickied": false
    },
    {
      "id": "mx8c33u",
      "author": "Lazy_Question_2245",
      "body": "Academically, I did not suffer at all and was well equipped for college. I remember freshman year, I did research MLA formatting a lot because I wasn't super familiar with it haha.",
      "created_utc": 1749661663.0,
      "score": 4,
      "permalink": "/r/homeschool/comments/1l8w31g/homeschooled_and_graduated_from_college_with/mx8c33u/",
      "is_submitter": true,
      "edited": false,
      "stickied": false
    },
    {
      "id": "mx8dyay",
      "author": "Lazy_Question_2245",
      "body": "Education wise, I honestly do not think I missed anything. I did not do a lot of higher math but it was because I hated it and was kinda bad at it haha so I only did the bare minimum. But my other sisters was doing pre-calc her junior year! \n\nI didn't receive any resistance especially because I was applying for schools during Covid. My mom had an official transcript made which she sent to the schools and I would have taken the SATs but it got canceled twice because of Covid and most schools waived that requirement during that era. \n\nTransitioning from homeschool to in person was a learning curve, especially as a more introverted person (who was also dealing with some depression (unrelated to homeschool LOL)).  I had to learn how to pace myself - which is something literally everyone has to learn when they head off to college.",
      "created_utc": 1749662180.0,
      "score": 3,
      "permalink": "/r/homeschool/comments/1l8w31g/homeschooled_and_graduated_from_college_with/mx8dyay/",
      "is_submitter": true,
      "edited": false,
      "stickied": false
    },
    {
      "id": "mx8eqtc",
      "author": "Lazy_Question_2245",
      "body": "I mentioned before, but I was adopted from another country so there were sometimes where I think all of that dynamic played in a way that I am still discovering for myself. I think overall it was really good for our family dynamic. We are very close and my parents are Christians, some siblings aren't really anymore, but never feel uncomfortable talking about anything with our parents. I think part of it is just that my parents, especially my mom, knows me SO WELL - which could be daunting for some people, but it is comforting for me, ESPECIALLY during college when I was away from home.",
      "created_utc": 1749662402.0,
      "score": 1,
      "permalink": "/r/homeschool/comments/1l8w31g/homeschooled_and_graduated_from_college_with/mx8eqtc/",
      "is_submitter": true,
      "edited": false,
      "stickied": false
    },
    {
      "id": "mx8eu43",
      "author": "Lazy_Question_2245",
      "body": "Bachelor of Arts in Theology :P",
      "created_utc": 1749662428.0,
      "score": 3,
      "permalink": "/r/homeschool/comments/1l8w31g/homeschooled_and_graduated_from_college_with/mx8eu43/",
      "is_submitter": true,
      "edited": false,
      "stickied": false
    },
    {
      "id": "mx8l3dd",
      "author": "Lazy_Question_2245",
      "body": "My mom was the primary teacher and she had no educational background or higher education period but LOVED learning. She was learning right alongside us and I think as long as you can read a textbook out loud and are willing to discover answers alongside your child, you are good to go. But homeschooling was my mom's full time job that never ended so be prepared. \n\nLearning in high school was so fun. My sister prioritized math and did a lot of higher math but   \nI prioritized literature and did AP British Lit. We each got to really pursue our own little niche.",
      "created_utc": 1749664150.0,
      "score": 3,
      "permalink": "/r/homeschool/comments/1l8w31g/homeschooled_and_graduated_from_college_with/mx8l3dd/",
      "is_submitter": true,
      "edited": false,
      "stickied": false
    },
    {
      "id": "mx8n3k5",
      "author": "Calm_Coyote_3685",
      "body": "That\u2019s great! Best of luck.",
      "created_utc": 1749664703.0,
      "score": 3,
      "permalink": "/r/homeschool/comments/1l8w31g/homeschooled_and_graduated_from_college_with/mx8n3k5/",
      "is_submitter": false,
      "edited": false,
      "stickied": false
    },
    {
      "id": "mx8dpgv",
      "author": "giozimmer",
      "body": "Do you remember if it was very difficult to adapt to the language? What is your native language?\nI ask you this because my family and I are Brazilians and we should move to another country when my daughter is around 7 years old too... She will already know a little English but not fluently",
      "created_utc": 1749662112.0,
      "score": 2,
      "permalink": "/r/homeschool/comments/1l8w31g/homeschooled_and_graduated_from_college_with/mx8dpgv/",
      "is_submitter": false,
      "edited": false,
      "stickied": false
    },
    {
      "id": "mx8oud9",
      "author": "Queen-Latte",
      "body": "Thats so really neat! I'm sure Europe was breathtaking! And getting to see what you learned so upclose. So very cool. \n\nThanks for the insight! Im about to begin homeschooling so I'll definately add in historical fiction. I didnt even think about that!",
      "created_utc": 1749665192.0,
      "score": 4,
      "permalink": "/r/homeschool/comments/1l8w31g/homeschooled_and_graduated_from_college_with/mx8oud9/",
      "is_submitter": false,
      "edited": false,
      "stickied": false
    },
    {
      "id": "mx8ctpz",
      "author": "MisterRobertParr",
      "body": "Follow-up question: assuming you recently graduated, since you were homeschooled during the pandemic, did you feel like you were better prepared than other students who had to start schooling from home?   Did you feel like your studies didn't suffer like public school kids who weren't used to doing it online?",
      "created_utc": 1749661867.0,
      "score": 1,
      "permalink": "/r/homeschool/comments/1l8w31g/homeschooled_and_graduated_from_college_with/mx8ctpz/",
      "is_submitter": false,
      "edited": false,
      "stickied": false
    },
    {
      "id": "mx8z85e",
      "author": "Lopsided-Lake-4044",
      "body": "Thank you for sharing, you have a unique and helpful perspective. Appreciate you.",
      "created_utc": 1749668176.0,
      "score": 2,
      "permalink": "/r/homeschool/comments/1l8w31g/homeschooled_and_graduated_from_college_with/mx8z85e/",
      "is_submitter": false,
      "edited": false,
      "stickied": false
    },
    {
      "id": "mxb599i",
      "author": "Rude_Giraffe_9255",
      "body": "What made you interested in Theology? Did you study it before college?",
      "created_utc": 1749693322.0,
      "score": 2,
      "permalink": "/r/homeschool/comments/1l8w31g/homeschooled_and_graduated_from_college_with/mxb599i/",
      "is_submitter": false,
      "edited": false,
      "stickied": false
    },
    {
      "id": "mx8le2f",
      "author": "homeschoolmomof2-",
      "body": "Thank you for this. I have a college background in nursing but I also love to learn. Lesson planning already has been fun vs feeling like a chore. Knowing I can learn with them is so helpful!",
      "created_utc": 1749664231.0,
      "score": 4,
      "permalink": "/r/homeschool/comments/1l8w31g/homeschooled_and_graduated_from_college_with/mx8le2f/",
      "is_submitter": false,
      "edited": false,
      "stickied": false
    },
    {
      "id": "mx8lt43",
      "author": "Lazy_Question_2245",
      "body": "I spoke Haitian Creole - similar to French - and it took me around 6 months of full immersion to learn english from knowing nothing and another 6 months to be able to actually start learning in english. Unfortunately, in the transition, I lost my ability to speak Haitian Creole, so do your daughter a favor and continue to speak to her in her native tongue wherever you move so that she can be bilingual!!",
      "created_utc": 1749664345.0,
      "score": 10,
      "permalink": "/r/homeschool/comments/1l8w31g/homeschooled_and_graduated_from_college_with/mx8lt43/",
      "is_submitter": true,
      "edited": false,
      "stickied": false
    },
    {
      "id": "mx8k9im",
      "author": "Lazy_Question_2245",
      "body": "Yeah, nothing changed much for me except some of my extracurricular activities were restricted - which was hard on EVERYONE. But I never participated in online classes anyway, most of it was self-paced. Online classrooms are not it though, freshman year of college I had some classes online and they were BORRRRINNNGGGGGG.",
      "created_utc": 1749663921.0,
      "score": 3,
      "permalink": "/r/homeschool/comments/1l8w31g/homeschooled_and_graduated_from_college_with/mx8k9im/",
      "is_submitter": true,
      "edited": false,
      "stickied": false
    }
  ],
  "relevance": {
    "score": 4.4,
    "user_type": "parent",
    "pain_points": [],
    "keywords_found": [
      "transition",
      "preschool",
      "homeschool"
    ],
    "sentiment_score": 0.9999,
    "age_relevance": true,
    "urgency_level": "low",
    "competitive_mentions": [],
    "timestamp": "2025-06-12T14:48:30.681457"
  }
}