{
  "subreddit": "ADHD",
  "post": {
    "id": "1l9jvjr",
    "title": "I can't regulate the emotions at all?",
    "author": "hayleybts",
    "created_utc": 1749727090.0,
    "score": 3,
    "num_comments": 7,
    "url": "https://www.reddit.com/r/ADHD/comments/1l9jvjr/i_cant_regulate_the_emotions_at_all/",
    "selftext": "I feel like on bad days I can't regulate at all, I'm all over the place! I get such intense feelings that I find so hard to deal with properly! \nSomeone or something happens and I have inappropriate level of emotions raised in my mind. \nI try to soathe and regulate but I just can't.\nI know rsd is a thing for adhd but it really blows my mind how much it affects me."
  },
  "comments": [
    {
      "id": "mxd1e0m",
      "author": "AutoModerator",
      "body": "Hi /u/hayleybts and thanks for posting on /r/ADHD! \n\n### Please take a second to [read our rules](/r/adhd/about/rules) if you haven't already.\n\n---\n\n### /r/adhd news\n\n* If you are posting about the **US Medication Shortage**, please see this [post](https://www.reddit.com/r/ADHD/comments/12dr3h5/megathread_us_medication_shortage/).\n\n---\n\n^(*This message is not a removal notification. It's just our way to keep everyone updated on r/adhd happenings.*)\n\n\n*I am a bot, and this action was performed automatically. Please [contact the moderators of this subreddit](/message/compose/?to=/r/ADHD) if you have any questions or concerns.*",
      "created_utc": 1749727091.0,
      "score": 1,
      "permalink": "/r/ADHD/comments/1l9jvjr/i_cant_regulate_the_emotions_at_all/mxd1e0m/",
      "is_submitter": false,
      "edited": false,
      "stickied": true
    },
    {
      "id": "mxd1dz7",
      "author": "AutoModerator",
      "body": "Please be aware that RSD, or rejection sensitivity dysphoria, is not a syndrome or disorder recognised by any medical authority. \n\nRejection sensitivity dysphoria has not been the subject of any credible peer-reviewed scientific research, nor is it listed in the top two psychiatric diagnostic manuals, the DSM or the ICD. It has been propagated solely through blogs and the internet by William Dodson, who coined the term in the context of ADHD. Dodson's explanation of these experiences and claims about how to treat it all warrant healthy skepticism.\n\nHere are some scientific articles on ADHD and rejection:\n\n* [Rejection sensitivity and disruption of attention by social threat cues](https://www.ncbi.nlm.nih.gov/pmc/articles/PMC2771869/)\n* [Justice and rejection sensitivity in children and adolescents with ADHD symptoms](https://pubmed.ncbi.nlm.nih.gov/24878677/)\n* [Rejection sensitivity and social outcomes of young adult men with ADHD](https://pubmed.ncbi.nlm.nih.gov/17242422/)\n\nAlthough r/ADHD's rules strictly disallow discussion of other 'popular science' (aka unproven hypotheses), we find that many, many people identify with the concept of RSD, and we have **not** removed this post. We do not want to minimise or downplay your feelings, and many people use RSD as a shorthand for this shared experience of struggling with emotions. \n\nHowever, please consider using the terms 'rejection sensitivity' and 'emotional dysregulation' instead.\n\n^(*A moderator has not removed your submission; this is not a punitive action. We intend this comment solely to be informative.*)\n\n\n*I am a bot, and this action was performed automatically. Please [contact the moderators of this subreddit](/message/compose/?to=/r/ADHD) if you have any questions or concerns.*",
      "created_utc": 1749727090.0,
      "score": 2,
      "permalink": "/r/ADHD/comments/1l9jvjr/i_cant_regulate_the_emotions_at_all/mxd1dz7/",
      "is_submitter": false,
      "edited": false,
      "stickied": false
    },
    {
      "id": "mxd27mf",
      "author": "Dull_Frame_4637",
      "body": "Sympathies.    \nEmotional dysregulation and emotional suppression masking are between them the two results of my (decades of undiagnosed and untreated) ADHD that continue to have a huge effect on me, and on my self-esteem, and on my relationships with others.  You aren't alone, for what that may be worth.",
      "created_utc": 1749727462.0,
      "score": 2,
      "permalink": "/r/ADHD/comments/1l9jvjr/i_cant_regulate_the_emotions_at_all/mxd27mf/",
      "is_submitter": false,
      "edited": false,
      "stickied": false
    },
    {
      "id": "mxd9kxf",
      "author": "amberallday",
      "body": "I found (during therapy) that it was the constant suppression of my emotions that made them so hard to control. \n\nWhich is true for everyone, but adhd probably means we got told 100 times as much as other people that our responses were \u201cinappropriate\u201d so we learned to stuff our emotions in a LOT. \n\nThink of it like a completely full bucket of water - so every new bit of emotion causes it to spill out. \n\nLetting them out (in an appropriate safe space, like therapy, or at home on my own) helped me to \u201cdrain the lake\u201d, which makes it easier to manage new emotions as they come up in various situations.",
      "created_utc": 1749730510.0,
      "score": 1,
      "permalink": "/r/ADHD/comments/1l9jvjr/i_cant_regulate_the_emotions_at_all/mxd9kxf/",
      "is_submitter": false,
      "edited": false,
      "stickied": false
    },
    {
      "id": "mxdd9rg",
      "author": "old_crusty_newb",
      "body": "I'm the same way IF I haven't slept well for a few days. How is your sleep routine?",
      "created_utc": 1749731906.0,
      "score": 1,
      "permalink": "/r/ADHD/comments/1l9jvjr/i_cant_regulate_the_emotions_at_all/mxdd9rg/",
      "is_submitter": false,
      "edited": false,
      "stickied": false
    },
    {
      "id": "mxd2yqb",
      "author": "hayleybts",
      "body": "Thanks! I actually recently discovered that it's caused by adhd. It continues to blow my mind",
      "created_utc": 1749727801.0,
      "score": 1,
      "permalink": "/r/ADHD/comments/1l9jvjr/i_cant_regulate_the_emotions_at_all/mxd2yqb/",
      "is_submitter": true,
      "edited": false,
      "stickied": false
    }
  ],
  "relevance": {
    "score": 5.5,
    "user_type": "therapist",
    "pain_points": [
      "we do not want to minimise or downplay your feelings, and many people use rsd as a shorthand for this shared experience of struggling with emotions"
    ],
    "keywords_found": [
      "routine"
    ],
    "sentiment_score": 0.9862,
    "age_relevance": false,
    "urgency_level": "medium",
    "competitive_mentions": [],
    "timestamp": "2025-06-12T14:59:24.048343"
  }
}