{
  "subreddit": "autism",
  "post": {
    "id": "1l9nqsy",
    "title": "Why am I always the person that people want to speak to the least?",
    "author": "AppropriateBoss2585",
    "created_utc": 1749738124.0,
    "score": 6,
    "num_comments": 3,
    "url": "https://www.reddit.com/r/autism/comments/1l9nqsy/why_am_i_always_the_person_that_people_want_to/",
    "selftext": "18M and find that I\u2019m no one\u2019s first choice at all. Every time I am in a room with more than 1 person I get ignored and even when that one person leaves, it seems that the other person is done with talking. I don\u2019t get what I am doing wrong because it happens EVERY TIME. "
  },
  "comments": [
    {
      "id": "mxdw8bq",
      "author": "AutoModerator",
      "body": "Hey /u/AppropriateBoss2585, thank you for your post at /r/autism. Our rules can be found **[here](https://www.reddit.com/r/autism/wiki/index/rules-and-guidelines)**. All approved posts get this message. \n\n\nThanks!        \n\n\n*I am a bot, and this action was performed automatically. Please [contact the moderators of this subreddit](/message/compose/?to=/r/autism) if you have any questions or concerns.*",
      "created_utc": 1749738124.0,
      "score": 1,
      "permalink": "/r/autism/comments/1l9nqsy/why_am_i_always_the_person_that_people_want_to/mxdw8bq/",
      "is_submitter": false,
      "edited": false,
      "stickied": true
    },
    {
      "id": "mxe03i7",
      "author": "crybbkitty",
      "body": "Same, I'm 33f and I can say my whole life has been being put on the back burner and struggling to keep people engaged. I'm not sure what your like so it's gonna be hard to say why for your case, but I can tell you that I learned that a lot of the reason why people don't like me is because of my autism and not like in a bullying way, but like in the way that I talk the way that I think and my interests most people that I know are Neurotypical and they just like their brains don't work the same way as mine does, so it seems that I just like drive them crazy. I mainly talk about special interests. I get very hyper focused I info dump. I'm always a psycho analyzing things or assessing patterns of things if that makes any sense lol. it seems like they just wanna talk about like what they watched on TV last night or what somebody said at their job or the weather and the topics I get into are much more intense. and also my emotional responses aren't neuro typical so like when I get emotion it's about like I don't know things that really excite me or like weird sensory things that freaked me out and then like other stuff that a Neurotypical person would be upset with like you know I don't know talking about some kind of life challenge right, those don't make me like emotional, so like my detached logical expressions during those kind of conversations can make people feel uncomfortable.  also it doesn't help that like I psychoanalyze people when I'm talking to them then I feel like I have to give people like full verbal essays about it, that seems to upset others. Lastly, and I don't know if this has anything to do with it, but I also narrate my life more often that I want\u2026.\n\nanyway, feel free to share more about yourself and I'll let you know what I think could be determining people's lack of engagement with you.",
      "created_utc": 1749739261.0,
      "score": 1,
      "permalink": "/r/autism/comments/1l9nqsy/why_am_i_always_the_person_that_people_want_to/mxe03i7/",
      "is_submitter": false,
      "edited": false,
      "stickied": false
    },
    {
      "id": "mxe0l7q",
      "author": "Micslar",
      "body": "I know there are studies that indicate autistic people is just less likable \n\nI don't know why, I just wanted to say: same \n\nLike my school colleagues are friendly and nice to me but they clearly don't want to interact with me and I am always the last person for group tasks. I don't notice malicious intention I think they just enjoy more interacting with each others",
      "created_utc": 1749739404.0,
      "score": 1,
      "permalink": "/r/autism/comments/1l9nqsy/why_am_i_always_the_person_that_people_want_to/mxe0l7q/",
      "is_submitter": false,
      "edited": false,
      "stickied": false
    }
  ],
  "relevance": {
    "score": 5.5,
    "user_type": "administrator",
    "pain_points": [
      "and also my emotional responses aren't neuro typical so like when i get emotion it's about like i don't know things that really excite me or like weird sensory things that freaked me out and then like other stuff that a neurotypical person would be upset with like you know i don't know talking about some kind of life challenge right, those don't make me like emotional, so like my detached logical expressions during those kind of conversations can make people feel uncomfortable"
    ],
    "keywords_found": [
      "autism"
    ],
    "sentiment_score": 0.9981,
    "age_relevance": false,
    "urgency_level": "medium",
    "competitive_mentions": [],
    "timestamp": "2025-06-12T14:55:17.665057"
  }
}