{
  "subreddit": "Montessori",
  "post": {
    "id": "1l78l19",
    "title": "Food prep snack ideas for elementary",
    "author": "soakingwetdvd",
    "created_utc": 1749484854.0,
    "score": 7,
    "num_comments": 21,
    "url": "https://www.reddit.com/r/Montessori/comments/1l78l19/food_prep_snack_ideas_for_elementary/",
    "selftext": "Looking for snack ideas for my elementary students - something that involves a little prep, variety and personalization, like ants on a log or salad. I come from a cooking household, so I\u2019m not as familiar with popular snacks - nothing is \u201ctoo obvious\u201d to tell me!"
  },
  "comments": [
    {
      "id": "mwv57r2",
      "author": "msmugwort",
      "body": "We have a rice cooker in our classroom and cook brown rice, quinoa, oats, etc., and the students prepare the toppings for themselves: peel and chop carrots with a kid safe knife, slice a banana into oatmeal, etc. we do toast with butter and honey on Fridays that they prepare for themselves. It\u2019s so fun and nutritious and I can adjust for allergies quite easily. Have fun finding what works for your classroom!",
      "created_utc": 1749489758.0,
      "score": 9,
      "permalink": "/r/Montessori/comments/1l78l19/food_prep_snack_ideas_for_elementary/mwv57r2/",
      "is_submitter": false,
      "edited": false,
      "stickied": false
    },
    {
      "id": "mwv5o3j",
      "author": "mamamietze",
      "body": "Pinwheel sandos could be fun for lower and upper el, but i would use street taco sized tortillas to keep it snack sized.  Those can go savory or sweet, take some practice/work on dexterity, have a rewarding presentation as one masters it, and you can't go wrong with having cute food picks as part of the prep/presentation.\n\nIf you do not think your students have the dexterity yet for a roll up the tiktok tortilla sandwich hack might be a fun intermediary step.",
      "created_utc": 1749489880.0,
      "score": 4,
      "permalink": "/r/Montessori/comments/1l78l19/food_prep_snack_ideas_for_elementary/mwv5o3j/",
      "is_submitter": false,
      "edited": false,
      "stickied": false
    },
    {
      "id": "mwvtk7q",
      "author": "CantBuyMyLove",
      "body": "Mollie Katzen's trio of children's cookbooks could be a great source of inspiration here! [https://www.molliekatzen.com/kids.php](https://www.molliekatzen.com/kids.php)",
      "created_utc": 1749496496.0,
      "score": 3,
      "permalink": "/r/Montessori/comments/1l78l19/food_prep_snack_ideas_for_elementary/mwvtk7q/",
      "is_submitter": false,
      "edited": false,
      "stickied": false
    },
    {
      "id": "mwx9gih",
      "author": "Iliopsaurus",
      "body": "We love to do mini naan pizzas. Great for personalization and chopping. We often eat them cold!",
      "created_utc": 1749512039.0,
      "score": 3,
      "permalink": "/r/Montessori/comments/1l78l19/food_prep_snack_ideas_for_elementary/mwx9gih/",
      "is_submitter": false,
      "edited": false,
      "stickied": false
    },
    {
      "id": "mwv9xj7",
      "author": "siempre_maria",
      "body": "-Bring in a mortar and pestle and have them make guacamole.\n\n-Tea and shortbread cookies\n\n- sunbutter and jam sandwiches\n\n- Making a salad and dressing (oil, vinegar or citrus, herbs or crushed raspberries)\n\n- Boiled egg peeling and slicing\n\n-Coffee in a French press to serve to staff\n\nI have done all of this (except for the salad dressing) with 3-6",
      "created_utc": 1749491033.0,
      "score": 2,
      "permalink": "/r/Montessori/comments/1l78l19/food_prep_snack_ideas_for_elementary/mwv9xj7/",
      "is_submitter": false,
      "edited": 1749518201.0,
      "stickied": false
    },
    {
      "id": "mwvjfhr",
      "author": "miscreantmom",
      "body": "I do apple pie dip. Dice one or two apples, mix in a couple of tablespoons of brown sugar and a tablespoon of jam. Chips are just cut tortillas with melted butter and cinnamon sugar baked for 10 minutes at 350 F. I've also used cinnamon popcorn or pita chips if I don't feel like doing the tortillas.",
      "created_utc": 1749493645.0,
      "score": 2,
      "permalink": "/r/Montessori/comments/1l78l19/food_prep_snack_ideas_for_elementary/mwvjfhr/",
      "is_submitter": false,
      "edited": false,
      "stickied": false
    },
    {
      "id": "mwxd1d8",
      "author": "dayton462016",
      "body": "Mashed potatoes or applesauce in a crockpot. Lots of peeling and chopping.",
      "created_utc": 1749513214.0,
      "score": 2,
      "permalink": "/r/Montessori/comments/1l78l19/food_prep_snack_ideas_for_elementary/mwxd1d8/",
      "is_submitter": false,
      "edited": false,
      "stickied": false
    },
    {
      "id": "mwxvypb",
      "author": "howdyphilomena",
      "body": "do you have a primary program and if so, what food prep are they working on? i\u2019ve enjoyed partnering with elementary to make a complimentary meal. ex: my students make guac and upper el made the quesadillas. lower el made lemonade",
      "created_utc": 1749519639.0,
      "score": 2,
      "permalink": "/r/Montessori/comments/1l78l19/food_prep_snack_ideas_for_elementary/mwxvypb/",
      "is_submitter": false,
      "edited": false,
      "stickied": false
    },
    {
      "id": "mx03987",
      "author": "pyiinthesky",
      "body": "Avocado bread loaf:\n\n\nBeat together:\n\n- 2 ripe avocados\n\n- 3/4 cup sugar\n\n- Add 3 eggs and beat thoroughly again\n\n\nMix together in a separate bowl:\n\n- 2 cups flour \n\n- 1 1/2 tsp baking powder\n\n\nAdd flour mixture to the avocado mixture\n\nPour into a loaf pan and bake at 350\u00b0 for 45-50 minutes. \n\n\nFull disclosure, I got this recipe from B. Dylan Hollis\u2019s Youtube channel. He makes recipes from old cookbooks and is quite entertaining while he comments on the choices of ingredients and methods! Some end up being great, others are disasters!",
      "created_utc": 1749557015.0,
      "score": 2,
      "permalink": "/r/Montessori/comments/1l78l19/food_prep_snack_ideas_for_elementary/mx03987/",
      "is_submitter": false,
      "edited": false,
      "stickied": false
    },
    {
      "id": "mwuvztv",
      "author": "NightOwlLia",
      "body": "Following!",
      "created_utc": 1749487215.0,
      "score": 1,
      "permalink": "/r/Montessori/comments/1l78l19/food_prep_snack_ideas_for_elementary/mwuvztv/",
      "is_submitter": false,
      "edited": false,
      "stickied": false
    },
    {
      "id": "mwv1nhy",
      "author": "Ok-Trouble7956",
      "body": "Fruit salad. I did this with toddlers all the time. I had nylon knives as well as a cute strawberry shaped slicer for strawberries of course and a one specifically for bananas. Had them wash the fruit, cut it and mix it in a big bowl.",
      "created_utc": 1749488776.0,
      "score": 1,
      "permalink": "/r/Montessori/comments/1l78l19/food_prep_snack_ideas_for_elementary/mwv1nhy/",
      "is_submitter": false,
      "edited": false,
      "stickied": false
    },
    {
      "id": "mwv853x",
      "author": "Risingsunsphere",
      "body": "At our Montessori, the parents bring snack for an assigned week. I also cook a lot and try to make my own snacks. Here are some things that go over well.\n\n1) bananas dipped in flavored yogurt and frozen. I cut the bananas in half, stick a popsicle stick in the end, dip them in yogurt and then put them on parchment paper and freeze. Sometimes I put dye-free sprinkles on them. Depending on your classroom if peanuts are allowed, I also like to put peanut butter on them and drizzle semi sweet chocolate on them. And then freeze.\n2) muffins always go over well. I have a couple versions I do, one with Greek yogurt for protein and another Morninglory-type muffin.\n3) no bake Oat bars. You have to keep them refrigerated so they stay together, but if you have a fridge, those are hit, too!\n\nHope that helps!",
      "created_utc": 1749490549.0,
      "score": 1,
      "permalink": "/r/Montessori/comments/1l78l19/food_prep_snack_ideas_for_elementary/mwv853x/",
      "is_submitter": false,
      "edited": false,
      "stickied": false
    },
    {
      "id": "mwvcrcx",
      "author": "Relevant-Emu5782",
      "body": "Salsa. Pizza. Hummus. Guacamole.",
      "created_utc": 1749491795.0,
      "score": 1,
      "permalink": "/r/Montessori/comments/1l78l19/food_prep_snack_ideas_for_elementary/mwvcrcx/",
      "is_submitter": false,
      "edited": false,
      "stickied": false
    },
    {
      "id": "mwwurxl",
      "author": "Ok-Trouble7956",
      "body": "Homemade popsicle so many fillings you can make\nSlow cooker sauce - peeling, chopping",
      "created_utc": 1749507297.0,
      "score": 1,
      "permalink": "/r/Montessori/comments/1l78l19/food_prep_snack_ideas_for_elementary/mwwurxl/",
      "is_submitter": false,
      "edited": false,
      "stickied": false
    },
    {
      "id": "mx00853",
      "author": "pyiinthesky",
      "body": "Vegetarian spring rolls:\n\n\n- rice paper spring roll wrappers\n\n\n- make sticks or shreds out of celery, rainbow carrots, and jicama (or any stiff veggies of your choice)\n\n\n- sprouts and cooked rice\n\n\n- soak wrappers in water to soften (gets pretty sticky!)\n\n\n- arrange a few veggies sticks or shreds on the bottom edge of the softened wrapper\n\n\n- add sprouts and rice\n\n\n- roll wrapper around filling up to the middle of the wrapper, tuck in ends so they roll up inside the rest of the wrapper, finish rolling wrapper.\n\n\n- dip in soy sauce or teriyaki sauce, or salad dressing  of your choice",
      "created_utc": 1749555793.0,
      "score": 1,
      "permalink": "/r/Montessori/comments/1l78l19/food_prep_snack_ideas_for_elementary/mx00853/",
      "is_submitter": false,
      "edited": false,
      "stickied": false
    },
    {
      "id": "mwv77eb",
      "author": "soakingwetdvd",
      "body": "That\u2019s awesome! I hadn\u2019t thought of a rice cooker!",
      "created_utc": 1749490294.0,
      "score": 2,
      "permalink": "/r/Montessori/comments/1l78l19/food_prep_snack_ideas_for_elementary/mwv77eb/",
      "is_submitter": true,
      "edited": false,
      "stickied": false
    },
    {
      "id": "mwva6ly",
      "author": "siempre_maria",
      "body": "That would be great for vegetarian sushi too.",
      "created_utc": 1749491101.0,
      "score": 1,
      "permalink": "/r/Montessori/comments/1l78l19/food_prep_snack_ideas_for_elementary/mwva6ly/",
      "is_submitter": false,
      "edited": false,
      "stickied": false
    },
    {
      "id": "mwzyned",
      "author": "pyiinthesky",
      "body": "I\u2019ve used her books for years! Great solid recipes!! Her Moosewood cookbook has great recipes too -  geared toward adults and includes recipes from her restaurant",
      "created_utc": 1749555131.0,
      "score": 1,
      "permalink": "/r/Montessori/comments/1l78l19/food_prep_snack_ideas_for_elementary/mwzyned/",
      "is_submitter": false,
      "edited": false,
      "stickied": false
    },
    {
      "id": "mwy727t",
      "author": "soakingwetdvd",
      "body": "That\u2019s a great idea! I\u2019ll keep it in mind for group meals; I think we want to do more of that next year.",
      "created_utc": 1749523444.0,
      "score": 1,
      "permalink": "/r/Montessori/comments/1l78l19/food_prep_snack_ideas_for_elementary/mwy727t/",
      "is_submitter": true,
      "edited": false,
      "stickied": false
    },
    {
      "id": "mx00ooj",
      "author": "pyiinthesky",
      "body": "The rice paper comes dried and easily separated, so it\u2019s perfect for a child to grab 1 and soak it on a plate of water without having to get all of them wet. Once wet they stick to themselves and are impossible to separate",
      "created_utc": 1749555982.0,
      "score": 1,
      "permalink": "/r/Montessori/comments/1l78l19/food_prep_snack_ideas_for_elementary/mx00ooj/",
      "is_submitter": false,
      "edited": false,
      "stickied": false
    },
    {
      "id": "mwx4brd",
      "author": "msmugwort",
      "body": "Great idea!",
      "created_utc": 1749510375.0,
      "score": 2,
      "permalink": "/r/Montessori/comments/1l78l19/food_prep_snack_ideas_for_elementary/mwx4brd/",
      "is_submitter": false,
      "edited": false,
      "stickied": false
    }
  ],
  "relevance": {
    "score": 4,
    "user_type": "teacher",
    "pain_points": [
      "looking for snack ideas for my elementary students - something that involves a little prep, variety and personalization, like ants on a log or salad"
    ],
    "keywords_found": [
      "toddler"
    ],
    "sentiment_score": 0.9992,
    "age_relevance": false,
    "urgency_level": "low",
    "competitive_mentions": [],
    "timestamp": "2025-06-12T15:07:28.895370"
  }
}