{
  "subreddit": "ECEProfessionals",
  "post": {
    "id": "1l9e34z",
    "title": "Should I stay or leave my toxic work site?",
    "author": "Ayylexaaaa22",
    "created_utc": 1749704717.0,
    "score": 3,
    "num_comments": 1,
    "url": "https://www.reddit.com/r/ECEProfessionals/comments/1l9e34z/should_i_stay_or_leave_my_toxic_work_site/",
    "selftext": "I am currently completing my student teaching placement at a preschool, and it has been a challenging yet valuable experience. Throughout the year, I\u2019ve encountered several difficulties\u2014mostly related to interpersonal issues and unprofessional behavior from some of the other teachers. There have been instances of drama and unkind comments directed toward me, which have made the environment difficult at times.\n\nDespite these challenges, there are significant positives that make me hesitate to walk away. The pay at this site is the highest in the area, which is a major consideration. The curriculum is strong, and I\u2019ve truly appreciated the support and guidance from my supervisor\u2014she\u2019s been one of the best parts of this experience.\n\nNow that I\u2019m nearing the end of my placement, I\u2019m trying to decide whether to pursue a lead teaching position at this same site next year. Some of the veteran preschool teachers, who have expressed their own frustrations with the environment, continue to encourage me to stay. They say things improve when you have your own classroom and more control over your space.\n\nI\u2019m torn between sticking it out for the professional growth and benefits, or moving on while I still can to find a healthier, more supportive work environment. I\u2019d really appreciate some insight or advice on how to weigh these factors and make the right choice for the start of my career.\n\n"
  },
  "comments": [
    {
      "id": "mxc3dtc",
      "author": "dubmecrazy",
      "body": "References. FR.",
      "created_utc": 1749707894.0,
      "score": 2,
      "permalink": "/r/ECEProfessionals/comments/1l9e34z/should_i_stay_or_leave_my_toxic_work_site/mxc3dtc/",
      "is_submitter": false,
      "edited": false,
      "stickied": false
    }
  ],
  "relevance": {
    "score": 4.4,
    "user_type": "teacher",
    "pain_points": [
      "despite these challenges, there are significant positives that make me hesitate to walk away"
    ],
    "keywords_found": [
      "preschool"
    ],
    "sentiment_score": 0.9778,
    "age_relevance": true,
    "urgency_level": "low",
    "competitive_mentions": [],
    "timestamp": "2025-06-12T15:09:20.434490"
  }
}