{
  "subreddit": "homeschool",
  "post": {
    "id": "1l90ikk",
    "title": "My 10yo built a tiny game yesterday and actually explained how it works \ud83d\ude05",
    "author": "Both-Promotion1594",
    "created_utc": 1749667158.0,
    "score": 10,
    "num_comments": 3,
    "url": "https://www.reddit.com/r/homeschool/comments/1l90ikk/my_10yo_built_a_tiny_game_yesterday_and_actually/",
    "selftext": "We\u2019ve been homeschooling for a couple of years now, and recently my 10-year-old started getting curious about how games are made.\n\nI found a simple browser-based platform where you can build little games using visual logic blocks \u2014 kind of like Scratch, but more game-focused.\n\nHe spent about an hour building something with enemies, levels, and even some branching logic. I didn\u2019t have to explain anything - he just got it.\n\nI was impressed not just by what he made, but by how confidently he talked through the \u201cif player does X \u2192 then Y\u201d parts.\n\nThought I\u2019d share in case anyone\u2019s looking for creative tools that feel like play but still build real thinking skills."
  },
  "comments": [
    {
      "id": "mx8ybs0",
      "author": "HeadZookeepergame971",
      "body": "What platform?",
      "created_utc": 1749667920.0,
      "score": 5,
      "permalink": "/r/homeschool/comments/1l90ikk/my_10yo_built_a_tiny_game_yesterday_and_actually/mx8ybs0/",
      "is_submitter": false,
      "edited": false,
      "stickied": false
    },
    {
      "id": "mxbppae",
      "author": "FiberApproach2783",
      "body": "Pretty sure this is an AI post to advertise their platform unfortunately.",
      "created_utc": 1749701166.0,
      "score": 2,
      "permalink": "/r/homeschool/comments/1l90ikk/my_10yo_built_a_tiny_game_yesterday_and_actually/mxbppae/",
      "is_submitter": false,
      "edited": false,
      "stickied": false
    }
  ],
  "relevance": {
    "score": 4,
    "user_type": "administrator",
    "pain_points": [
      "thought i\u2019d share in case anyone\u2019s looking for creative tools that feel like play but still build real thinking skills"
    ],
    "keywords_found": [
      "homeschool"
    ],
    "sentiment_score": 0.9723,
    "age_relevance": false,
    "urgency_level": "low",
    "competitive_mentions": [],
    "timestamp": "2025-06-12T14:48:28.875986"
  }
}