{
  "subreddit": "preschool",
  "post": {
    "id": "1kuimqw",
    "title": "Black markers that are smudge resistant for preschool class",
    "author": "Kbecede",
    "created_utc": 1748111957.0,
    "score": 5,
    "num_comments": 6,
    "url": "https://www.reddit.com/r/preschool/comments/1kuimqw/black_markers_that_are_smudge_resistant_for/",
    "selftext": "I do a lot of directive drawing in my preschool class (ages 4-5) and the Crayola black markers, both the traditional and washable thick and thin point, always tend to smear and get all over the rest of the paper because it gets on their hands and smears all over the rest when they move on to the next step of the drawing. I started using the crayola gray markers because those don\u2019t tend to smear as much as the black but I really want a black marker, preferably one that comes in 12 or 24 packs, that is ideal for directive drawings or tracing for 4-5 year olds, dries quickly, smudge resistant, water based so it can wash off skin and surfaces not necessarily right away but with some scrubbing, and is non toxic. Any recommendations? "
  },
  "comments": [
    {
      "id": "mu2ufyp",
      "author": "HappyLilNoodle",
      "body": "This isn\u2019t going to be popular\u2026 I use sharpies with them. We just have a morning meeting introducing them, then play invitations with a teacher directly next to them a few times before we set them out for an independent play invitation or provocation (with the expectation that they stay at the table).",
      "created_utc": 1748124795.0,
      "score": 2,
      "permalink": "/r/preschool/comments/1kuimqw/black_markers_that_are_smudge_resistant_for/mu2ufyp/",
      "is_submitter": false,
      "edited": false,
      "stickied": false
    },
    {
      "id": "mu24x7q",
      "author": "SKatieRo",
      "body": "Get Crayola black crayons instead.",
      "created_utc": 1748115894.0,
      "score": 1,
      "permalink": "/r/preschool/comments/1kuimqw/black_markers_that_are_smudge_resistant_for/mu24x7q/",
      "is_submitter": false,
      "edited": false,
      "stickied": false
    },
    {
      "id": "mufdwdq",
      "author": "SituationOk7466",
      "body": "Yep. Sharpies are the way to go.  Talk about how to use them\u2026only for line, not coloring. 4 y/o are ready!  Have fun and trust them.",
      "created_utc": 1748302288.0,
      "score": 1,
      "permalink": "/r/preschool/comments/1kuimqw/black_markers_that_are_smudge_resistant_for/mufdwdq/",
      "is_submitter": false,
      "edited": false,
      "stickied": false
    },
    {
      "id": "mumsufi",
      "author": "AzureMagelet",
      "body": "I use sharpies as well. Though when they do directed draws (arthub) they usually use pencil first and then trace with sharpie.",
      "created_utc": 1748400289.0,
      "score": 1,
      "permalink": "/r/preschool/comments/1kuimqw/black_markers_that_are_smudge_resistant_for/mumsufi/",
      "is_submitter": false,
      "edited": false,
      "stickied": false
    },
    {
      "id": "mu2ihk9",
      "author": "Kbecede",
      "body": "Like just regular black Crayola crayons? The problem with that is the tips become dull over time and I don\u2019t want to worry about sharpening before and they also have a harder time with the lines in the drawings with the texture of a crayon.",
      "created_utc": 1748120533.0,
      "score": 1,
      "permalink": "/r/preschool/comments/1kuimqw/black_markers_that_are_smudge_resistant_for/mu2ihk9/",
      "is_submitter": true,
      "edited": false,
      "stickied": false
    },
    {
      "id": "mumcup5",
      "author": "StrongArgument",
      "body": "There are twist up crayons too",
      "created_utc": 1748394757.0,
      "score": 1,
      "permalink": "/r/preschool/comments/1kuimqw/black_markers_that_are_smudge_resistant_for/mumcup5/",
      "is_submitter": false,
      "edited": false,
      "stickied": false
    }
  ],
  "relevance": {
    "score": 5.720000000000001,
    "user_type": "teacher",
    "pain_points": [
      "any recommendations?  this isn\u2019t going to be popular\u2026 i use sharpies with them"
    ],
    "keywords_found": [
      "preschool"
    ],
    "sentiment_score": 0.9706,
    "age_relevance": true,
    "urgency_level": "high",
    "competitive_mentions": [],
    "timestamp": "2025-06-12T15:04:24.427690"
  }
}