{
  "subreddit": "preschool",
  "post": {
    "id": "1kbkouh",
    "title": "Best Preschool in Ujjain \u2013 Podar Prep",
    "author": "dikshadsouza89",
    "created_utc": 1746030331.0,
    "score": 1,
    "num_comments": 0,
    "url": "https://podarprep.com/madhya-pradesh/best-preschool-in-ujjain/",
    "selftext": "||\n||\n|Looking for a nurturing and future-ready pre primary school? At Podar Prep, we go beyond traditional teaching to create a joyful and engaging learning environment where every child can thrive. Our preschool in Ujjain program focuses on holistic development\u2014blending academics, play, creativity, and values. With experienced educators, child-friendly infrastructure, and a research-backed curriculum, Podar Prep is the ideal stepping stone for your child\u2019s lifelong learning journey. If you're searching for a preschool in Ujjain or exploring the best early education options, Podar Prep ensures your child gets the care and quality they deserve. Enroll today and experience the Podar Prep difference!|"
  },
  "comments": [],
  "relevance": {
    "score": 4.4,
    "user_type": "teacher",
    "pain_points": [
      "||\n||\n|looking for a nurturing and future-ready pre primary school? at podar prep, we go beyond traditional teaching to create a joyful and engaging learning environment where every child can thrive"
    ],
    "keywords_found": [
      "preschool"
    ],
    "sentiment_score": 0.9821,
    "age_relevance": true,
    "urgency_level": "low",
    "competitive_mentions": [],
    "timestamp": "2025-06-12T15:05:13.628428"
  }
}