{
  "subreddit": "ADHD",
  "post": {
    "id": "1l9ivgd",
    "title": "Vyvanse + Dex - Advice on side effects + medication adjustments",
    "author": "Odd-Commercial2236",
    "created_utc": 1749723496.0,
    "score": 2,
    "num_comments": 4,
    "url": "https://www.reddit.com/r/ADHD/comments/1l9ivgd/vyvanse_dex_advice_on_side_effects_medication/",
    "selftext": "I was diagnosed with inattentive ADHD in June 2023 and started medication shortly after. I\u2019m currently taking 50mg Vyvanse daily with a 10-20mg dex top up depending on the day (my hormones have a massive impact of the effect of my medication!)\n\nI started on 30mg Vyvanse, increased to 40mg then 50mg. Dex was added early on to help with the afternoon crash. These days, I sometimes take dex in the morning with my Vyvanse because it just takes too long to kick in and I find the first part of my workday really hard to get going.\n\nA few side effects I\u2019d love to hear others\u2019 experiences with:\nSleep - I fall asleep easily but if I wake up during the night, I\u2019m wide awake for hours.\nThis is usually a result of one too much dex, if coffee or dex are taken too late in the day.\n\nSocial withdrawal - I\u2019ve gone from being a pretty social person to being content spending every weekend in the comfort of my own home. I could happily not see anyone again lol. \n\nExercise - I used to work out heaps but now I have zero motivation or energy. I\u2019m EXHAUSTED at the end of the day.\n\nOh and ZERO sex drive\u2026.\n\nMy biggest challenge is that Vyvanse on its own doesn\u2019t feel like enough (I\u2019m not keen to increase dose) but the Vyvanse + Dex combo can push me too far - I get focused then crash hard after work and feel absolutely wiped.\n\nWould love to hear how others are navigating all this - especially around side effects, energy levels, and finding that balance between focus and burnout.\n\nTHANK YOU!\n"
  },
  "comments": [
    {
      "id": "mxcu0fx",
      "author": "AutoModerator",
      "body": "Your body is unique, as are your needs. Just because someone experienced something from treatment or medication does not guarantee that you will as well. Please do not take this as an opportunity to review any substances. Peer support is welcome.\n\n^(*A moderator has not removed your submission; this is not a punitive action. We intend this comment solely to be informative.*)\n\n---\n- If you are posting about the **US Medication Shortage**, please see this [post](https://www.reddit.com/r/ADHD/comments/12dr3h5/megathread_us_medication_shortage/).\n\n\n*I am a bot, and this action was performed automatically. Please [contact the moderators of this subreddit](/message/compose/?to=/r/ADHD) if you have any questions or concerns.*",
      "created_utc": 1749723497.0,
      "score": 1,
      "permalink": "/r/ADHD/comments/1l9ivgd/vyvanse_dex_advice_on_side_effects_medication/mxcu0fx/",
      "is_submitter": false,
      "edited": false,
      "stickied": true
    },
    {
      "id": "mxcy1hu",
      "author": "ComprehensiveTop9083",
      "body": "I have inattentive ADHD as well and started on 30 mg of Vyvanse. It worked super well for me. I didn\u2019t have any negative side effects and it truly changed my life. Unfortunately I had to switch to Dex due to insurance issues and it isn\u2019t nearly as effective as Vyvanse. It sounds like you may have too high of a dose with the side effects you\u2019re currently experiencing? The added Dex could also be contributing to these symptoms. Too much medication can make you feel like a zombie and withdrawn. How early do you take your meds? It always helps me to stay consistent and take them around the same time each morning. I usually wake up, take my meds, and then make myself a cup of coffee along with something to eat. I give myself time to enjoy my morning and let my meds kick in. By that time I\u2019m usually ready to start the day and get ready for work. I also make sure to exercise at least a few times a week, eat a healthy diet, and get plenty of sleep. Consistency is key.",
      "created_utc": 1749725539.0,
      "score": 3,
      "permalink": "/r/ADHD/comments/1l9ivgd/vyvanse_dex_advice_on_side_effects_medication/mxcy1hu/",
      "is_submitter": false,
      "edited": false,
      "stickied": false
    },
    {
      "id": "mxczgmw",
      "author": "Odd-Commercial2236",
      "body": "Sorry to hear you had to switch to Dex - what was the insurance issue, if you don\u2019t mind me asking? And what dose are you on now?\n\nSo good to hear you\u2019ve found a routine that works for you! I usually wake up around 8:45am and take my meds straight away with a coffee before starting work at 9am (I work from home online) but since it takes a while to kick in, I\u2019m going to try getting up earlier like you do. Could be a good chance to get some fresh air and walk the dogs before starting my day too.\n\nAlso, I still feel that withdrawn feeling even on weekends when I sometimes don\u2019t take my meds but I think I\u2019m just completely zonked and mentally fatigued from the chaos of the work week (plus its sounding like too high of a dose isn\u2019t working in my favour!)",
      "created_utc": 1749726206.0,
      "score": 1,
      "permalink": "/r/ADHD/comments/1l9ivgd/vyvanse_dex_advice_on_side_effects_medication/mxczgmw/",
      "is_submitter": true,
      "edited": false,
      "stickied": false
    },
    {
      "id": "mxd7x6s",
      "author": "ComprehensiveTop9083",
      "body": "My insurance was no longer covering Vyvanse so I would\u2019ve been paying hundreds of dollars a month for it. That was almost 10 years ago and there wasn\u2019t a generic available. I got put on 10 mg of Dex and have never been super happy with it. It\u2019s still better than not having medication at all and some days are better than others. At the time I was new to medication and my diagnosis and didn\u2019t know much about the process and how to advocate for myself. Then the pandemic hit and that made it even harder to get medication so I just stuck with it. I\u2019ve been doing more research now and I\u2019m hoping to try other options when I have my next appointment.\n\nYou mentioned hormones having a big impact on your meds and I can totally relate. I\u2019m a 30 year old F and I\u2019ve been trying all sorts of birth control options to help regulate my hormones, but nothing really helps. It just makes it even more difficult to find the perfect balance lol. I would just continue advocating your needs to your doctor and being honest about your symptoms and how you\u2019re feeling. Your body may just not respond well to these medications and you might need to try something else. Best of luck!!",
      "created_utc": 1749729859.0,
      "score": 1,
      "permalink": "/r/ADHD/comments/1l9ivgd/vyvanse_dex_advice_on_side_effects_medication/mxd7x6s/",
      "is_submitter": false,
      "edited": false,
      "stickied": false
    }
  ],
  "relevance": {
    "score": 5,
    "user_type": "other",
    "pain_points": [
      "my biggest challenge is that vyvanse on its own doesn\u2019t feel like enough (i\u2019m not keen to increase dose) but the vyvanse + dex combo can push me too far - i get focused then crash hard after work and feel absolutely wiped"
    ],
    "keywords_found": [
      "routine"
    ],
    "sentiment_score": 0.9994,
    "age_relevance": false,
    "urgency_level": "low",
    "competitive_mentions": [],
    "timestamp": "2025-06-12T14:46:25.788166"
  }
}