{
  "subreddit": "Montessori",
  "post": {
    "id": "1l44j2i",
    "title": "Doctoral Student Looking to Explore Montessori Methods for Special Education",
    "author": "WinningBuffalos",
    "created_utc": 1749143069.0,
    "score": 6,
    "num_comments": 24,
    "url": "https://www.reddit.com/r/Montessori/comments/1l44j2i/doctoral_student_looking_to_explore_montessori/",
    "selftext": "Hello! I am a Doctoral student in special education who works with and researchers students with severe disabilities (physical, medical, and cognitive). In the last 3 years I have been reading more about the Montessori methodology and I absolutely love it. I am hoping to have kids soon so I started exploring it as a method to raise my baby with Montessori methods from birth. When I was reading more about it I began to think about how amazing this approach would be for students with severe disabilities. \n\nThis is a very rarely researched topic and I am not a certified teacher nor have I taught these methods directly but have used some in my classes unknowingly. I wanted ask this community about where would be a good place to start with this research? I have looked into trainings but they are very intensive and I am already in a very intensive program so any seminars, conferences, or experts would be welcome.\n\nAlso if you have experience with students who had these needs in your classroom I would love to hear your experience.\n\nI want to understand this method the best I can as to do the best research on this topic."
  },
  "comments": [
    {
      "id": "mw7m889",
      "author": "happy_bluebird",
      "body": "https://www.reddit.com/r/Montessori/s/3vxNnsTV8O",
      "created_utc": 1749159832.0,
      "score": 1,
      "permalink": "/r/Montessori/comments/1l44j2i/doctoral_student_looking_to_explore_montessori/mw7m889/",
      "is_submitter": false,
      "edited": false,
      "stickied": true
    },
    {
      "id": "mw7og5n",
      "author": "not2simple",
      "body": "Dr. Maria Montessori started her pedagogical studies with children of special needs. She realized what she was observing/applying was universal, especially after opening the Casa de Bambini. I love the Montessori Method and am an internationally certified Montessori Guide. I am helping open an inclusive Montessori school this year - lmk if you wanna chat! \ud83d\udcac \ud83d\udcd6",
      "created_utc": 1749160524.0,
      "score": 8,
      "permalink": "/r/Montessori/comments/1l44j2i/doctoral_student_looking_to_explore_montessori/mw7og5n/",
      "is_submitter": false,
      "edited": false,
      "stickied": false
    },
    {
      "id": "mw7dvbi",
      "author": "thefiercestcalm",
      "body": "Check out the book Montessori Inclusion: Strategies and Stories of Support for Learners with Exceptionalities, edited by Ann Epstein. The Montessori method was first conceived as a response to seeing children in institutions, so there should be some historic background to read up on as well.",
      "created_utc": 1749157321.0,
      "score": 6,
      "permalink": "/r/Montessori/comments/1l44j2i/doctoral_student_looking_to_explore_montessori/mw7dvbi/",
      "is_submitter": false,
      "edited": false,
      "stickied": false
    },
    {
      "id": "mw8fzlv",
      "author": "More-Mail-3575",
      "body": "Check out these books: \n\n-Montessori in contemporary culture (2025)\n-Montessori inclusion \n\nLook at these resources: \n-AMS research resources https://amshq.org/educators/research/\nYou can get a free AMS membership as a graduate researcher, so apply for that. AMS has research mini grants - and offers research poster sessions at each conference\n\n-AMI research resources https://montessori-ami.org/resource-library",
      "created_utc": 1749170101.0,
      "score": 5,
      "permalink": "/r/Montessori/comments/1l44j2i/doctoral_student_looking_to_explore_montessori/mw8fzlv/",
      "is_submitter": false,
      "edited": false,
      "stickied": false
    },
    {
      "id": "mw6msj7",
      "author": "Great-Grade1377",
      "body": "I am certified at various Montessori levels and have taught in classrooms from infants to high schoolers. I also teach at a university, and have access to some of the research out there related to Montessori. It is highly variable, but very promising. I currently teach at a public elementary school in addition to my 1-2 courses each semester. It\u2019s summer now and I\u2019m organizing and sewing and have time if you would like to chat. I love Montessori for the universal accommodations it provides and our behavioral interventionists in my district love it, and have taught me their data collection ways.",
      "created_utc": 1749149679.0,
      "score": 3,
      "permalink": "/r/Montessori/comments/1l44j2i/doctoral_student_looking_to_explore_montessori/mw6msj7/",
      "is_submitter": false,
      "edited": false,
      "stickied": false
    },
    {
      "id": "mw6e3cb",
      "author": "kingsley2016",
      "body": "This is interesting to me too. I was a preschool special ed teacher to kids w/ severe disabilities. I\u2019m a parent, no Montessori training, read and implemented many Montessori based parenting choices and my autistic child attends a montessori children\u2019s house. \n\nImo, find a reputable Montessori school and ask to observe. Also if it\u2019s okay I\u2019d love to DM you and ask about your doctoral program. I\u2019ve been thinking about going back to school.",
      "created_utc": 1749147182.0,
      "score": 2,
      "permalink": "/r/Montessori/comments/1l44j2i/doctoral_student_looking_to_explore_montessori/mw6e3cb/",
      "is_submitter": false,
      "edited": false,
      "stickied": false
    },
    {
      "id": "mw7ej9l",
      "author": "Mother_Emergency298",
      "body": "Pam Shanks just wrote a book on inclusion it's sold thru Montessori Services. Dr Joyce Pickering and Dr Nancy Lindeman are also authors and speakers on the subject",
      "created_utc": 1749157516.0,
      "score": 2,
      "permalink": "/r/Montessori/comments/1l44j2i/doctoral_student_looking_to_explore_montessori/mw7ej9l/",
      "is_submitter": false,
      "edited": false,
      "stickied": false
    },
    {
      "id": "mw78y31",
      "author": "More-Mail-3575",
      "body": "Message me. I\u2019m a researcher in SPED and Montessori. \n\nYou can definitely do your dissertation on inclusion and Montessori without doing Montessori training! I encourage you to visit raintree Montessori in Lawrence, KS which had/and still has an amazing inclusion program that used to be highly collaborative with KU for sped masters students student teaching placement.",
      "created_utc": 1749155918.0,
      "score": 1,
      "permalink": "/r/Montessori/comments/1l44j2i/doctoral_student_looking_to_explore_montessori/mw78y31/",
      "is_submitter": false,
      "edited": false,
      "stickied": false
    },
    {
      "id": "mw7ebb8",
      "author": "Mother_Emergency298",
      "body": "Have you reached out to UWRF? They offer an EdD in Montessori Studies and one of the courses is in SPED.",
      "created_utc": 1749157450.0,
      "score": 1,
      "permalink": "/r/Montessori/comments/1l44j2i/doctoral_student_looking_to_explore_montessori/mw7ebb8/",
      "is_submitter": false,
      "edited": false,
      "stickied": false
    },
    {
      "id": "mw7j82r",
      "author": "so_cheapandjuicy",
      "body": "Check out [Montessori Strategies for Children with Learning Differences](https://a.co/d/7TrhVZ3) by Dr. Joyce Pickering, [The Shelton School](https://www.shelton.org/the-school) and it's [MACAR](https://www.shelton.org/shelton-teacher-training/montessori/macar) (Montessori Applied to Children at Risk) teacher training program.",
      "created_utc": 1749158912.0,
      "score": 1,
      "permalink": "/r/Montessori/comments/1l44j2i/doctoral_student_looking_to_explore_montessori/mw7j82r/",
      "is_submitter": false,
      "edited": false,
      "stickied": false
    },
    {
      "id": "mw7t1ex",
      "author": "Ok-Trouble7956",
      "body": "It's kinda where she started so this is wonderful.",
      "created_utc": 1749162024.0,
      "score": 1,
      "permalink": "/r/Montessori/comments/1l44j2i/doctoral_student_looking_to_explore_montessori/mw7t1ex/",
      "is_submitter": false,
      "edited": false,
      "stickied": false
    },
    {
      "id": "mw7uy34",
      "author": "WinningBuffalos",
      "body": "That sounds amazing. I would love to pick your brain and see how your school works.",
      "created_utc": 1749162674.0,
      "score": 1,
      "permalink": "/r/Montessori/comments/1l44j2i/doctoral_student_looking_to_explore_montessori/mw7uy34/",
      "is_submitter": true,
      "edited": false,
      "stickied": false
    },
    {
      "id": "mw7lxrm",
      "author": "WinningBuffalos",
      "body": "Thank you for the book!",
      "created_utc": 1749159742.0,
      "score": 2,
      "permalink": "/r/Montessori/comments/1l44j2i/doctoral_student_looking_to_explore_montessori/mw7lxrm/",
      "is_submitter": true,
      "edited": false,
      "stickied": false
    },
    {
      "id": "mw8pxag",
      "author": "WinningBuffalos",
      "body": "Wonderful!!! Thank you so much!!",
      "created_utc": 1749173715.0,
      "score": 2,
      "permalink": "/r/Montessori/comments/1l44j2i/doctoral_student_looking_to_explore_montessori/mw8pxag/",
      "is_submitter": true,
      "edited": false,
      "stickied": false
    },
    {
      "id": "mw6tjzr",
      "author": "WinningBuffalos",
      "body": "That would be awesome!! I will send you a DM with a few questions :) Thank you!",
      "created_utc": 1749151606.0,
      "score": 3,
      "permalink": "/r/Montessori/comments/1l44j2i/doctoral_student_looking_to_explore_montessori/mw6tjzr/",
      "is_submitter": true,
      "edited": false,
      "stickied": false
    },
    {
      "id": "mw7mj96",
      "author": "happy_bluebird",
      "body": "Please share here as well! And comment to update the stickied post! https://www.reddit.com/r/Montessori/s/3vxNnsTV8O",
      "created_utc": 1749159927.0,
      "score": 2,
      "permalink": "/r/Montessori/comments/1l44j2i/doctoral_student_looking_to_explore_montessori/mw7mj96/",
      "is_submitter": false,
      "edited": false,
      "stickied": false
    },
    {
      "id": "mw6i78i",
      "author": "WinningBuffalos",
      "body": "great suggestion- I actually have some professional connections to a Montessori preschool where I live so I will go that route. and Absolutely- DM away!",
      "created_utc": 1749148364.0,
      "score": 1,
      "permalink": "/r/Montessori/comments/1l44j2i/doctoral_student_looking_to_explore_montessori/mw6i78i/",
      "is_submitter": true,
      "edited": false,
      "stickied": false
    },
    {
      "id": "mw7kp3i",
      "author": "WinningBuffalos",
      "body": "Thanks for the information!! I have a professor that studied at KU so I will see if she has a contact there!! and I will message you with some questions :)",
      "created_utc": 1749159364.0,
      "score": 2,
      "permalink": "/r/Montessori/comments/1l44j2i/doctoral_student_looking_to_explore_montessori/mw7kp3i/",
      "is_submitter": true,
      "edited": false,
      "stickied": false
    },
    {
      "id": "mw7mktb",
      "author": "happy_bluebird",
      "body": "Please contribute to this if you can!! :) https://www.reddit.com/r/Montessori/s/3vxNnsTV8O",
      "created_utc": 1749159940.0,
      "score": 2,
      "permalink": "/r/Montessori/comments/1l44j2i/doctoral_student_looking_to_explore_montessori/mw7mktb/",
      "is_submitter": false,
      "edited": false,
      "stickied": false
    },
    {
      "id": "mw7ls3d",
      "author": "WinningBuffalos",
      "body": "No! But thats a great resource. I will reach out to their program and see what resources/research projects they have going on.",
      "created_utc": 1749159693.0,
      "score": 1,
      "permalink": "/r/Montessori/comments/1l44j2i/doctoral_student_looking_to_explore_montessori/mw7ls3d/",
      "is_submitter": true,
      "edited": false,
      "stickied": false
    },
    {
      "id": "mw7ks57",
      "author": "WinningBuffalos",
      "body": "Awesome! Thank you for the resources!",
      "created_utc": 1749159389.0,
      "score": 1,
      "permalink": "/r/Montessori/comments/1l44j2i/doctoral_student_looking_to_explore_montessori/mw7ks57/",
      "is_submitter": true,
      "edited": false,
      "stickied": false
    },
    {
      "id": "mw928f7",
      "author": "More-Mail-3575",
      "body": "This Bloomsbury handbook gives you a good overview of Montessori research: https://www.bloomsbury.com/us/bloomsbury-handbook-of-montessori-education-9781350275614/\n\nAnd don\u2019t miss the open access journal: Journal of Montessori Research: https://journals.ku.edu/jmr",
      "created_utc": 1749178266.0,
      "score": 2,
      "permalink": "/r/Montessori/comments/1l44j2i/doctoral_student_looking_to_explore_montessori/mw928f7/",
      "is_submitter": false,
      "edited": false,
      "stickied": false
    },
    {
      "id": "mw8vgzv",
      "author": "Great-Grade1377",
      "body": "Feel free any time!",
      "created_utc": 1749175736.0,
      "score": 1,
      "permalink": "/r/Montessori/comments/1l44j2i/doctoral_student_looking_to_explore_montessori/mw8vgzv/",
      "is_submitter": false,
      "edited": false,
      "stickied": false
    },
    {
      "id": "mw8gkl5",
      "author": "More-Mail-3575",
      "body": "Great! The Raintree program is unique in that it included specifically children with severe and multiple disabilities. I have a dvd of the program in action from the 80s/90s when they had a national research project there called Circle of inclusion.",
      "created_utc": 1749170314.0,
      "score": 2,
      "permalink": "/r/Montessori/comments/1l44j2i/doctoral_student_looking_to_explore_montessori/mw8gkl5/",
      "is_submitter": false,
      "edited": false,
      "stickied": false
    }
  ],
  "relevance": {
    "score": 4.4,
    "user_type": "teacher",
    "pain_points": [],
    "keywords_found": [
      "special needs",
      "preschool",
      "learning differences"
    ],
    "sentiment_score": 0.9997,
    "age_relevance": true,
    "urgency_level": "low",
    "competitive_mentions": [],
    "timestamp": "2025-06-12T15:08:12.773974"
  }
}