{
  "subreddit": "Montessori",
  "post": {
    "id": "1kycwir",
    "title": "2.5 year old hating 3-6 Program",
    "author": "Affectionate_Dot6409",
    "created_utc": 1748530592.0,
    "score": 13,
    "num_comments": 10,
    "url": "https://www.reddit.com/r/Montessori/comments/1kycwir/25_year_old_hating_36_program/",
    "selftext": "My 33 month old started in the 3-6 program at her AMI school last week and is already not wanting to go to school in the mornings. She did the toddler program there and generally loved it, so her hating school so much is pretty new for me and somewhat concerning. The teacher hasn\u2019t been very communicative so far and I\u2019ve actually never been able to speak with her directly, but I\u2019ve heard from some of the helpers that my daughter is \u201cdoing great\u201d in the program.\n\nIs it normal for children to not enjoy Primary? Her school is known for being pretty rigorous/serious, and I\u2019m just wondering if it\u2019s not the right fit for her. \n\nThanks in advance for any thoughts or advice!"
  },
  "comments": [
    {
      "id": "muw85y4",
      "author": "mamamietze",
      "body": "She is moving to not only a more structured aspect of the program but there are also some materials she can see displayed and other children working with that she will not be allowed to access until she masters other materials and lessons she's not as interested in.  In addition there are higher expectations for her in regards to self care and care of the environment (more, and non recreational, clean up.)\n\nIt's a very big adjustment.  Expect 2-8 weeks, and maybe longer depending on the personality involved.",
      "created_utc": 1748530968.0,
      "score": 48,
      "permalink": "/r/Montessori/comments/1kycwir/25_year_old_hating_36_program/muw85y4/",
      "is_submitter": false,
      "edited": false,
      "stickied": false
    },
    {
      "id": "muy4b7y",
      "author": "Unlucky-Mongoose-160",
      "body": "It\u2019s a big change. Give her some time to adjust. I would say it\u2019s pretty common for a child to have a similar reaction.",
      "created_utc": 1748550185.0,
      "score": 8,
      "permalink": "/r/Montessori/comments/1kycwir/25_year_old_hating_36_program/muy4b7y/",
      "is_submitter": false,
      "edited": false,
      "stickied": false
    },
    {
      "id": "muzamzk",
      "author": "m1e1o1w",
      "body": "I really don\u2019t know any children who haven\u2019t struggled with this transition at least a little bit. She will do great, just give her time.",
      "created_utc": 1748563428.0,
      "score": 8,
      "permalink": "/r/Montessori/comments/1kycwir/25_year_old_hating_36_program/muzamzk/",
      "is_submitter": false,
      "edited": false,
      "stickied": false
    },
    {
      "id": "muwssqu",
      "author": "Unusual-Hat-6819",
      "body": "My daughter started Montessori when she was almost 3 years old, at the moment even though she seemed ready she was not allowed to go to the 3-6 class. So, she joined the toddlers program for about \\~3 months until she was able to move up. She had the same reaction as your kid, she cried the first day, she didn't want to go in and kept pointing to her former toddler teacher. Lucky for me one of her friends from the toddler class was moving up with her and thats how I convinced her to go inside that first day. It took a couple of weeks to adjust, but eventually she got used to the new pace and 1 1/2 years later she is still doing great.",
      "created_utc": 1748536788.0,
      "score": 9,
      "permalink": "/r/Montessori/comments/1kycwir/25_year_old_hating_36_program/muwssqu/",
      "is_submitter": false,
      "edited": false,
      "stickied": false
    },
    {
      "id": "muxwtuw",
      "author": "Direct_Bad459",
      "body": "She will adjust! School gets more alarming as you get older so think of this difficult adjustment period as a normal part of it not a problem",
      "created_utc": 1748548044.0,
      "score": 2,
      "permalink": "/r/Montessori/comments/1kycwir/25_year_old_hating_36_program/muxwtuw/",
      "is_submitter": false,
      "edited": false,
      "stickied": false
    },
    {
      "id": "mvbo2p7",
      "author": "Educational-Sun-7848",
      "body": "I'm a teacher and the assistant director at a Montessori preschool, and I have seen the more \"serious\" nature of the Primary program be a bit of a culture shock to some children. 3-6 teachers tend to more heavily emphasize uninterrupted lessons and there is a greater expectation of independence, which can be frustrating for younger students unfortunately. I've been training our teachers to be more sensitive about the differing emotional needs between a three year old student and a five year old student - the latter will typically understand what an adult means when they say, \"I'm not available at the moment,\" but the former will likely just feel rejected by a statement like that. I would suggest that you request a meeting with your child's teacher sooner than later so that you can help them to better know your child's communication style/present capabilities, and express your child's anxieties about coming to school. I'm sure the teacher will be happy to collaborate and to support your child!",
      "created_utc": 1748732221.0,
      "score": 2,
      "permalink": "/r/Montessori/comments/1kycwir/25_year_old_hating_36_program/mvbo2p7/",
      "is_submitter": false,
      "edited": false,
      "stickied": false
    },
    {
      "id": "mv0u04t",
      "author": "rikitikkitavi8",
      "body": "I agree what others are saying, and hopefully soon you will be able to communicate with her guide. Do you feel like you should schedule an observation or do you have one scheduled in the near future? How long are her days?",
      "created_utc": 1748585528.0,
      "score": 1,
      "permalink": "/r/Montessori/comments/1kycwir/25_year_old_hating_36_program/mv0u04t/",
      "is_submitter": false,
      "edited": false,
      "stickied": false
    },
    {
      "id": "muwwpq6",
      "author": "Relevant-Emu5782",
      "body": "Perhaps have her stay in the toddler program through the summer, until the new school year begins in August/September. There will be a whole cohort of new 3-year-olds and that should make adjusting easier.",
      "created_utc": 1748537869.0,
      "score": 1,
      "permalink": "/r/Montessori/comments/1kycwir/25_year_old_hating_36_program/muwwpq6/",
      "is_submitter": false,
      "edited": false,
      "stickied": false
    },
    {
      "id": "muxxiz8",
      "author": "prinoodles",
      "body": "My older daughter never went to pre-primary but she LOVED primary and so did her friends in the same room. There were a couple of kids who didn\u2019t love going to school one year and later the parents realized that one boy was always picking on them. \n\nIt could be something related to other kids. I think you should talk to your kid first and talk to her teacher. Kids love school generally will always love school",
      "created_utc": 1748548241.0,
      "score": 0,
      "permalink": "/r/Montessori/comments/1kycwir/25_year_old_hating_36_program/muxxiz8/",
      "is_submitter": false,
      "edited": false,
      "stickied": false
    },
    {
      "id": "muwt418",
      "author": "passive_egregious",
      "body": "This was true for my son who told me he didn\u2019t like the toddler room/activities\u2026until he moved, then he wanted to go back. It took a few weeks, but he adjusted and was fine.",
      "created_utc": 1748536875.0,
      "score": 12,
      "permalink": "/r/Montessori/comments/1kycwir/25_year_old_hating_36_program/muwt418/",
      "is_submitter": false,
      "edited": false,
      "stickied": false
    }
  ],
  "relevance": {
    "score": 4.4,
    "user_type": "parent",
    "pain_points": [],
    "keywords_found": [
      "transition",
      "preschool",
      "toddler"
    ],
    "sentiment_score": 0.9988,
    "age_relevance": true,
    "urgency_level": "low",
    "competitive_mentions": [],
    "timestamp": "2025-06-12T15:08:17.218434"
  }
}