{
  "subreddit": "homeschool",
  "post": {
    "id": "1l89tg3",
    "title": "Need guidance on finding good resources",
    "author": "Winter_Culture9729",
    "created_utc": 1749588179.0,
    "score": 2,
    "num_comments": 4,
    "url": "https://www.reddit.com/r/homeschool/comments/1l89tg3/need_guidance_on_finding_good_resources/",
    "selftext": "My sister is 17 and to be completely honest my mother didn't know how to homeschool us properly. I am currently in college but am trying to build something constructive so that I can teach her in my free time.\n\nI hate having to ask in this way but does anyone know any good resources to use for this? I am trying to make it structured similar to what I am currently doing. The struggle is that I am trying to teach from the ground up and I want to make sure she has a proper foundation to build off of. I need primarily math help but grammar and literature would also be helpful.\n\n(I intend on starting with middle school concepts.)\n\n\nAlso if anyone has good sources for elementary school I would also be thankful. I am willing to pay for services but primarily desire stuff I can construct for her at her pace \ud83d\ude4f\n\nEdit: If anyone is homeschooling elementary children too feel free to drop recommendations on those too. I have a small sister I want to start young."
  },
  "comments": [
    {
      "id": "mx37e47",
      "author": "philosophyofblonde",
      "body": "Cengage will let you access their online platform unlimited for a flat rate. Doing the whole year is a significant discount over the 4-month option. https://www.cengage.com/unlimited/\n\nOtherwise you can teach her grammar out of whatever handbook was assigned to you in Comp/Rhetoric. American Yawp is free. Jordan Peterson is a reprehensible human being, but his essay guidelines are solid and he has a fairly helpful web app that will guide the process along. For literature it\u2019s probably quickest just to read *How to Read Literature like a Professor* and assign her a reading list, but otherwise stay focused on building academic vocabulary. The most expedient route is a set of SAT vocabulary flash cards and/or *Verbal Advantage* by Charles Elster. OER project has several nice history courses if you don\u2019t want to do American Yawp. EO Wilson has a biology textbook available on iBooks.",
      "created_utc": 1749589941.0,
      "score": 2,
      "permalink": "/r/homeschool/comments/1l89tg3/need_guidance_on_finding_good_resources/mx37e47/",
      "is_submitter": false,
      "edited": false,
      "stickied": false
    },
    {
      "id": "mx4xonr",
      "author": "pi_whole",
      "body": "For catching up with earlier stuff, I would recommend Core Knowledge - it's a free online curriculum for grades K-8, and their Core Knowledge Sequence gives a rundown of what people should know at each grade level: [https://www.coreknowledge.org/core-knowledge-sequence/](https://www.coreknowledge.org/core-knowledge-sequence/)  You might find it helpful to just go through and check off what she knows and where she may have gaps.\n\nGood luck, and your sister is lucky to have you!",
      "created_utc": 1749611022.0,
      "score": 2,
      "permalink": "/r/homeschool/comments/1l89tg3/need_guidance_on_finding_good_resources/mx4xonr/",
      "is_submitter": false,
      "edited": false,
      "stickied": false
    },
    {
      "id": "mx4d7ho",
      "author": "Winter_Culture9729",
      "body": "Tysm! I already have access to Cengage for my classes so this is something I can definitely use.",
      "created_utc": 1749603660.0,
      "score": 1,
      "permalink": "/r/homeschool/comments/1l89tg3/need_guidance_on_finding_good_resources/mx4d7ho/",
      "is_submitter": true,
      "edited": false,
      "stickied": false
    },
    {
      "id": "mx4icau",
      "author": "philosophyofblonde",
      "body": "Don\u2019t underestimate your college library. You probably also have access to Kanopy and maybe other stuff like Great Courses. You\u2019re already paying for it, so use it. \n\nKeep in mind that at 17, she\u2019s basically firing on adult cognitive cylinders. It\u2019s very easy to catch up on *content* and raw facts just by reading or binge watching a few documentaries. It\u2019s going to be more the organizational and executive skills she\u2019ll be \u201cbehind\u201d on. If you must, resort to the power of Pinterest. Romanticize it. Go full \u201cdark academia\u201d (or some variation thereof) and set a good example for her. Hype up hottie nerds, if you must go that far. You can do study sessions together and make it \u201ca thing.\u201d Yes, it\u2019s 90% perspiration, but don\u2019t neglect that other 10% of inspiration.",
      "created_utc": 1749605465.0,
      "score": 1,
      "permalink": "/r/homeschool/comments/1l89tg3/need_guidance_on_finding_good_resources/mx4icau/",
      "is_submitter": false,
      "edited": false,
      "stickied": false
    }
  ],
  "relevance": {
    "score": 4,
    "user_type": "administrator",
    "pain_points": [
      "i am willing to pay for services but primarily desire stuff i can construct for her at her pace \ud83d\ude4f\n\nedit: if anyone is homeschooling elementary children too feel free to drop recommendations on those too"
    ],
    "keywords_found": [
      "homeschool"
    ],
    "sentiment_score": 0.9985,
    "age_relevance": false,
    "urgency_level": "low",
    "competitive_mentions": [],
    "timestamp": "2025-06-12T15:02:20.217614"
  }
}