{
  "subreddit": "socialwork",
  "post": {
    "id": "1l7feqy",
    "title": "Is getting licensed at BSW level worth it or should I go for my masters first?",
    "author": "jdhjordan9",
    "created_utc": 1749500571.0,
    "score": 1,
    "num_comments": 10,
    "url": "https://www.reddit.com/r/socialwork/comments/1l7feqy/is_getting_licensed_at_bsw_level_worth_it_or/",
    "selftext": "I (26F) graduated with my BSW in 2021. I worked for CPS for almost a year & had some personal stuff take place leading to emotional/mental burnout. At that time, I left CPS. I\u2019ve been out of a social work role for about 4 years now. I was a travel nanny for a while, a preschool teacher for about 2 years, then I had a baby. I am finally ready to get back in. I would like to go in the direction of counseling in a school setting. I\u2019d love to get into school social work but I\u2019m also interested in a hospital setting. I\u2019ve been out of the loop for a good while, so what do you recommend? What\u2019s the best way for me to ease back in? I\u2019ve been talking about getting my license for a while. Should I get it now and start applying? Or should I go for my masters first? Due to my academic standing, I believe I will qualify for a fast track program. Any and all advice and recommendations would be so appreciated!! "
  },
  "comments": [
    {
      "id": "mwwobzw",
      "author": "bkgxltcz",
      "body": "Where I'm located, license at the bachelor level is not useful. Some locations may vary.\n\n\nI'd say go straight to your masters, be sure you find out what additional requirements might be for school social work in your state and go to a program that will be able to get all those covered for you and get you an in school placement.\n\n\nAnd do it before you lose your Advanced Standing status! A lot of masters programs you're only eligible for the Advanced Standing fast track if your BSW is within 5 or 6 years of entry to the masters program.",
      "created_utc": 1749505310.0,
      "score": 12,
      "permalink": "/r/socialwork/comments/1l7feqy/is_getting_licensed_at_bsw_level_worth_it_or/mwwobzw/",
      "is_submitter": false,
      "edited": false,
      "stickied": false
    },
    {
      "id": "mwwnbs9",
      "author": "Longjumping-Sir-7378",
      "body": "I would 100% recommend going for your masters!! So many more opportunities + higher pay!",
      "created_utc": 1749505005.0,
      "score": 10,
      "permalink": "/r/socialwork/comments/1l7feqy/is_getting_licensed_at_bsw_level_worth_it_or/mwwnbs9/",
      "is_submitter": false,
      "edited": false,
      "stickied": false
    },
    {
      "id": "mwwq1us",
      "author": "Dynamic_Gem",
      "body": "I never got licensed at the BSW level.  It wasn\u2019t worth it.   \nDefinitely go for your MSW!",
      "created_utc": 1749505830.0,
      "score": 5,
      "permalink": "/r/socialwork/comments/1l7feqy/is_getting_licensed_at_bsw_level_worth_it_or/mwwq1us/",
      "is_submitter": false,
      "edited": false,
      "stickied": false
    },
    {
      "id": "mwx1vqs",
      "author": "sccj786",
      "body": "In my state when you get you license at the bachelors level the test is also bachelors level. But if I would\u2019ve waited for my masters I would\u2019ve had to taken the masters level test for the same licensure. Ohio LSW.",
      "created_utc": 1749509585.0,
      "score": 3,
      "permalink": "/r/socialwork/comments/1l7feqy/is_getting_licensed_at_bsw_level_worth_it_or/mwx1vqs/",
      "is_submitter": false,
      "edited": false,
      "stickied": false
    },
    {
      "id": "mwx3e0o",
      "author": "thetinybard",
      "body": "I\u2019ve been licensed BSW since 2019, it\u2019s been worth it for me as I\u2019ve gotten paid higher as a licensed worker and I wouldn\u2019t be able to have my current job. My current manager was a LBSW for over a decade before getting her masters.",
      "created_utc": 1749510069.0,
      "score": 3,
      "permalink": "/r/socialwork/comments/1l7feqy/is_getting_licensed_at_bsw_level_worth_it_or/mwx3e0o/",
      "is_submitter": false,
      "edited": false,
      "stickied": false
    },
    {
      "id": "mwxszlj",
      "author": "beuceydubs",
      "body": "My state doesn\u2019t have licensure at the bachelors level, what can you do with it that you wouldn\u2019t be able to do without it? Can you not get licensed AND apply for your masters? If your goal is to end up at a job that requires a masters then just do grad school now",
      "created_utc": 1749518630.0,
      "score": 3,
      "permalink": "/r/socialwork/comments/1l7feqy/is_getting_licensed_at_bsw_level_worth_it_or/mwxszlj/",
      "is_submitter": false,
      "edited": false,
      "stickied": false
    },
    {
      "id": "mwxmrqz",
      "author": "jenkneefur28",
      "body": "I graduated in 2020 with my BSW. Just go for your masters.",
      "created_utc": 1749516523.0,
      "score": 2,
      "permalink": "/r/socialwork/comments/1l7feqy/is_getting_licensed_at_bsw_level_worth_it_or/mwxmrqz/",
      "is_submitter": false,
      "edited": false,
      "stickied": false
    },
    {
      "id": "mwxpksa",
      "author": "ekeddie",
      "body": "I highly recommend getting your Master\u2019s and getting licensed at that level",
      "created_utc": 1749517474.0,
      "score": 2,
      "permalink": "/r/socialwork/comments/1l7feqy/is_getting_licensed_at_bsw_level_worth_it_or/mwxpksa/",
      "is_submitter": false,
      "edited": false,
      "stickied": false
    },
    {
      "id": "mxa3dkq",
      "author": "Hot_Lengthiness_9206",
      "body": "It\u2019s pointless. Go for the MSW then LSW",
      "created_utc": 1749680117.0,
      "score": 2,
      "permalink": "/r/socialwork/comments/1l7feqy/is_getting_licensed_at_bsw_level_worth_it_or/mxa3dkq/",
      "is_submitter": false,
      "edited": false,
      "stickied": false
    },
    {
      "id": "mxbc6jj",
      "author": "CowExpress1487",
      "body": "Path for most profitable end goal:\n\n1.) Obtain MSW\n2.) Get licensed as an ACSW\n3.) Acquire 3,000 hours for LCSW license \n4.) Past test and gain license \n5.) DO NOT WORK FOR A SCHOOL (pay, ethics, demographic are poor and quite challenging)\n6.) find a position in a hospital, medical care conglomerate, or start private practice \n7.) be sure to get malpractice insurance and stay up to date with education and finding a salary starting at 6 figures is easily obtainable.\n\n  Total time needed for this plan? Approximately 3-4 years at the quickest.\n\n  Worth it especially at your young age? 110% yes.",
      "created_utc": 1749695811.0,
      "score": 2,
      "permalink": "/r/socialwork/comments/1l7feqy/is_getting_licensed_at_bsw_level_worth_it_or/mxbc6jj/",
      "is_submitter": false,
      "edited": false,
      "stickied": false
    }
  ],
  "relevance": {
    "score": 4.4,
    "user_type": "teacher",
    "pain_points": [
      "any and all advice and recommendations would be so appreciated!!  where i'm located, license at the bachelor level is not useful"
    ],
    "keywords_found": [
      "preschool"
    ],
    "sentiment_score": 0.9974,
    "age_relevance": true,
    "urgency_level": "low",
    "competitive_mentions": [],
    "timestamp": "2025-06-12T15:11:14.303346"
  }
}