{
  "subreddit": "autism",
  "post": {
    "id": "1l9jo5g",
    "title": "I feel like I\u2019m going crazy",
    "author": "Sunghoonsfavlesbian",
    "created_utc": 1749726374.0,
    "score": 1,
    "num_comments": 4,
    "url": "https://www.reddit.com/r/autism/comments/1l9jo5g/i_feel_like_im_going_crazy/",
    "selftext": "Okay, so I\u2019m 17. I got diagnosed with autism when I was 16. I\u2019m also female, if that helps understand some things better. I realised I probably had autism when I was around 14, but I didn\u2019t tell anyone, since I didn\u2019t think my family would listen to me. I have a sort of unstable relationship with them. Specifically my mum. \n\nAfter I got diagnosed, it seemed like my mum was only nice about my autism when it was Infront of other people. I had very bad sensory issues, I always have. People only started paying attention to them when I got diagnosed. Before that, I was just \u201csensitive\u201d and a \u201cmoody bitch for always wearing headphones and hiding in her room\u201d I was always told to just get over it and stop being annoying growing up, so I\u2019ve gotten good and hiding my issues and just dealing with them myself. As my family learnt more about autism, they realised that my younger brother (10) is also autistic. The thing is, is that everyone\u2019s so sweet to them about it. It\u2019s funny and cute when they \u201cact autistic\u201d by walking on their toes or refusing to eat if their food isn\u2019t done in a very specific way and touched by certain people in a certain order. but when I\u2019m freaking out because the stones I touched made my hands feel a certain way and I can\u2019t put my fingers together because the stoney feeling is overwhelming me and I just need to wash my hands to feel better (actually happened) I\u2019m \u201cmaking autism my personality\u201d as my mum said. She will literally break her back to make sure my little brother doesn\u2019t have a meltdown and has everything perfect. But if I start struggling with something (unless it\u2019s socially, I\u2019ve noticed she\u2019s only okay with me being autistic when she can look like my saviour) she will pretend to care but then later, when we are alone, will tell me I was overreacting, I\u2019m too much effort, I\u2019m making autism the basis of every conversation. When I\u2019m not, genuinely. \n\nThe thing that annoys me, is that she jokes about it so much. She always refers to it as \u201cthe tism\u201d instead of autism. Constantly mocks me and calls me \u201cslow\u201d or \u201cstupid\u201d. \u201cslow\u201d  doesn\u2019t really bother me, because I know I am. I struggle an insane amount with social cues and processing things. But \u201cstupid\u201d always hurts my feelings. I\u2019m not stupid, but my struggles (which I don\u2019t want to go into detail with, privacy) make me feel like the dumbest person to ever exist, she knows I feel that way. And she continues to make me feel like I am. It feels like she doesn\u2019t take me or autism seriously unless it involves my brother. And like I know it\u2019s different, since I\u2019m pretty much 8 years older. But the way he gets coddled for struggling when I get told to just get over it and stop overreacting. And it\u2019s over things like how I was forced to go into school everyday, if I tried to get out of it I was yelled at, grounded and my mum would tell everyone that I was being selfish. But when he wants to skip school for whatever reason, he\u2019s allowed. (He wants to skip for the exact same reasons I wanted to). And I know it\u2019s a dumb thing to be bitter about. But it feels so unfair that I had to deal with such shitty treatment cause everyone thought autism was the stereotypically view of autism. While he gets treated like glass. Everyone\u2019s so understanding and sweet to him but when it comes to me, struggling with the exact same thing, I don\u2019t even get a second glance (we are pretty much on the same part of the spectrum, so it\u2019s not like there\u2019s a massive difference between us. Mum regularly calls us twins with how similar we are with everything) \n\nI\u2019m so jealous. And so annoyed. Like, I\u2019m pretty sure my mum is also autistic, but still. Why is my autism a joke? Why is everyone\u2019s autism a joke? Why is my brother treated with so much care while I\u2019m causing an inconvenience "
  },
  "comments": [
    {
      "id": "mxcztjp",
      "author": "AutoModerator",
      "body": "Hey /u/Sunghoonsfavlesbian, thank you for your post at /r/autism. Our rules can be found **[here](https://www.reddit.com/r/autism/wiki/index/rules-and-guidelines)**. All approved posts get this message. \n\n\nThanks!        \n\n\n*I am a bot, and this action was performed automatically. Please [contact the moderators of this subreddit](/message/compose/?to=/r/autism) if you have any questions or concerns.*",
      "created_utc": 1749726375.0,
      "score": 1,
      "permalink": "/r/autism/comments/1l9jo5g/i_feel_like_im_going_crazy/mxcztjp/",
      "is_submitter": false,
      "edited": false,
      "stickied": true
    },
    {
      "id": "mxd2vmv",
      "author": "moonsal71",
      "body": "You should take this post and show it to your mum, and see what she says, as you raise valid points.",
      "created_utc": 1749727762.0,
      "score": 1,
      "permalink": "/r/autism/comments/1l9jo5g/i_feel_like_im_going_crazy/mxd2vmv/",
      "is_submitter": false,
      "edited": false,
      "stickied": false
    },
    {
      "id": "mxd717z",
      "author": "Sunghoonsfavlesbian",
      "body": "I\u2019ve been thinking about it for a while. She\u2019s the type of person who takes any type of conversation about their behaviour as a personal attack, so I\u2019m worried about how it will go. But I\u2019ll try, thank you",
      "created_utc": 1749729502.0,
      "score": 1,
      "permalink": "/r/autism/comments/1l9jo5g/i_feel_like_im_going_crazy/mxd717z/",
      "is_submitter": true,
      "edited": false,
      "stickied": false
    },
    {
      "id": "mxd9p76",
      "author": "moonsal71",
      "body": "You can present it as \"Mum, I'm feeling very upset and rejected (or change as needed) and I need your help to address some of the stuff I'm feeling. It may not all be correct, but emotions are not logical and I'm hurting, so I'm asking for your help\". \n\nThere's a difference between \"you always give my brother a break, he gets preferential treatment and it's not fair!\" vs \"when you call me stupid, I feel really hurt. When I ask for some adjustment, the same ones my brother has, and they get denied, I feel rejected and that my feelings and struggles don't matter. You may not mean to do this, but that's how I feel and it hurts\". \n\nBasically try to frame it as something you're sharing and feeling, you're asking for help and support, rather than an accusation. You could also write it all out, give it to her and just let her read it. If she starts getting defensive, tell her \"l'm just sharing my feelings. You don't have to respond now. We can talk an other time\" and walk away. \n\nI can't guarantee it'll work as no mum should call her daughter stupid, so it's not a great start, but you have the right to express how you feel. Nothing may change, but it's worth a try. Take care.",
      "created_utc": 1749730555.0,
      "score": 1,
      "permalink": "/r/autism/comments/1l9jo5g/i_feel_like_im_going_crazy/mxd9p76/",
      "is_submitter": false,
      "edited": false,
      "stickied": false
    }
  ],
  "relevance": {
    "score": 5.5,
    "user_type": "administrator",
    "pain_points": [
      "but if i start struggling with something (unless it\u2019s socially, i\u2019ve noticed she\u2019s only okay with me being autistic when she can look like my saviour) she will pretend to care but then later, when we are alone, will tell me i was overreacting, i\u2019m too much effort, i\u2019m making autism the basis of every conversation",
      "everyone\u2019s so understanding and sweet to him but when it comes to me, struggling with the exact same thing, i don\u2019t even get a second glance (we are pretty much on the same part of the spectrum, so it\u2019s not like there\u2019s a massive difference between us"
    ],
    "keywords_found": [
      "autism"
    ],
    "sentiment_score": 0.5773,
    "age_relevance": false,
    "urgency_level": "medium",
    "competitive_mentions": [],
    "timestamp": "2025-06-12T14:45:29.538353"
  }
}