{
  "subreddit": "autism",
  "post": {
    "id": "1l9lq65",
    "title": "Non-swim shirt swim shirt?",
    "author": "MrsPopeFormosus",
    "created_utc": 1749732831.0,
    "score": 1,
    "num_comments": 3,
    "url": "https://www.reddit.com/r/autism/comments/1l9lq65/nonswim_shirt_swim_shirt/",
    "selftext": "Hello! I'm an autistic parent to an autistic 11 year old and I'm seeking help. My child is currently loving the fabric of a swim shirt (rash guard) and wants to wear them all the time. I am not opposed to buying them a bunch of swim shirts, but I'd rather buy them shirts that feel similarly because they have very sensitive skin. I know this is obscure, but I figured I'd ask in case anyone has come across any recommendations to share. Thanks!"
  },
  "comments": [
    {
      "id": "mxdfuwv",
      "author": "AutoModerator",
      "body": "Hey /u/MrsPopeFormosus, thank you for your post at /r/autism. Our rules can be found **[here](https://www.reddit.com/r/autism/wiki/index/rules-and-guidelines)**. All approved posts get this message. \n\n\nThanks!        \n\n\n*I am a bot, and this action was performed automatically. Please [contact the moderators of this subreddit](/message/compose/?to=/r/autism) if you have any questions or concerns.*",
      "created_utc": 1749732831.0,
      "score": 1,
      "permalink": "/r/autism/comments/1l9lq65/nonswim_shirt_swim_shirt/mxdfuwv/",
      "is_submitter": false,
      "edited": false,
      "stickied": true
    },
    {
      "id": "mxdjfu3",
      "author": "guacamoleo",
      "body": "I'm not super familiar with swim shirts, but they're synthetic and meant to be worn sort of tight, right? Could you just get them in a size up so there can be more airflow against the skin?",
      "created_utc": 1749734067.0,
      "score": 1,
      "permalink": "/r/autism/comments/1l9lq65/nonswim_shirt_swim_shirt/mxdjfu3/",
      "is_submitter": false,
      "edited": false,
      "stickied": false
    },
    {
      "id": "mxdkvzf",
      "author": "Hazeygazey",
      "body": "Hi, from a fellow autistic parent of autistic kids.\u00a0\n\n\nHonestly, I'd just buy oversized rash tops. The only other clothing I know that's made of swimsuit fabric is the weird cheap Temu /Shein stuff. I'm sure rash tops are better made and not full of dangerous chemicals, and hopefully not made using slave labour.\n\n\nOr if you feel able, buy a sewing machine and make some basic t shirts? You don't need to understand sewing patterns. You can use YouTube guides to cloning your clothes.\u00a0",
      "created_utc": 1749734554.0,
      "score": 1,
      "permalink": "/r/autism/comments/1l9lq65/nonswim_shirt_swim_shirt/mxdkvzf/",
      "is_submitter": false,
      "edited": false,
      "stickied": false
    }
  ],
  "relevance": {
    "score": 5,
    "user_type": "parent",
    "pain_points": [
      "i know this is obscure, but i figured i'd ask in case anyone has come across any recommendations to share"
    ],
    "keywords_found": [
      "autism"
    ],
    "sentiment_score": 0.9898,
    "age_relevance": false,
    "urgency_level": "low",
    "competitive_mentions": [],
    "timestamp": "2025-06-12T14:45:26.185653"
  }
}