{
  "subreddit": "occupationaltherapy",
  "post": {
    "id": "1l7wqkp",
    "title": "Getting back into OT field",
    "author": "Usual_Garage9276",
    "created_utc": 1749556343.0,
    "score": 2,
    "num_comments": 4,
    "url": "https://www.reddit.com/r/OccupationalTherapy/comments/1l7wqkp/getting_back_into_ot_field/",
    "selftext": "I am in the state of Ohio & looking for an OTR that is willing to Supervise me. The board requires that I have direct Supervision for at least 6 hours a week. I am having a hard time finding an employer who can accommodate this requirement. The other option they gave me was to take the Certification Exam again. Not sure how I could ever pass after being out of the field for so long. Also, not sure how that proves my clinical skills. Does anyone have any suggestions? I am wondering if I need to find another field that I can use my skills? I truly loved helping my patients and making a difference in their lives. I have spent the last 20 years teaching & homeschooling my children. Thanks so much! "
  },
  "comments": [
    {
      "id": "mx01kk5",
      "author": "AutoModerator",
      "body": "Welcome to r/OccupationalTherapy! This is an automatic comment on every post. \n\nIf this is your first time posting, please read the sub rules. If you are asking a question, don't forget to check the sub [FAQs](https://www.reddit.com/r/OccupationalTherapy/wiki/index/faqs), or do a search of the sub to see if your question has been answered already. **Please note that we are not able to give specific treatment advice or exercises to do at home.**\n\nFailure to follow rules may result in your post being removed, or a ban. Thank you! \n\n*I am a bot, and this action was performed automatically. Please [contact the moderators of this subreddit](/message/compose/?to=/r/OccupationalTherapy) if you have any questions or concerns.*",
      "created_utc": 1749556343.0,
      "score": 1,
      "permalink": "/r/OccupationalTherapy/comments/1l7wqkp/getting_back_into_ot_field/mx01kk5/",
      "is_submitter": false,
      "edited": false,
      "stickied": false
    },
    {
      "id": "mx0l4ni",
      "author": "Thankfulforthisday",
      "body": "Hi! There are some bridge programs (University of Minnesota, I think) designed to help people re-enter.  Doesn\u2019t answer your specific question but this may be helpful. I took some time off too for my kids and was able to get supervision in in-patient rehab.  Depends on the market in your state.",
      "created_utc": 1749563248.0,
      "score": 1,
      "permalink": "/r/OccupationalTherapy/comments/1l7wqkp/getting_back_into_ot_field/mx0l4ni/",
      "is_submitter": false,
      "edited": false,
      "stickied": false
    },
    {
      "id": "mx3gdv3",
      "author": "laurme",
      "body": "Where in Ohio?",
      "created_utc": 1749592658.0,
      "score": 1,
      "permalink": "/r/OccupationalTherapy/comments/1l7wqkp/getting_back_into_ot_field/mx3gdv3/",
      "is_submitter": false,
      "edited": false,
      "stickied": false
    },
    {
      "id": "mx685j3",
      "author": "Usual_Garage9276",
      "body": "Northeastern Ohio.",
      "created_utc": 1749635302.0,
      "score": 1,
      "permalink": "/r/OccupationalTherapy/comments/1l7wqkp/getting_back_into_ot_field/mx685j3/",
      "is_submitter": true,
      "edited": false,
      "stickied": false
    }
  ],
  "relevance": {
    "score": 4,
    "user_type": "parent",
    "pain_points": [
      "i am in the state of ohio & looking for an otr that is willing to supervise me"
    ],
    "keywords_found": [
      "homeschool"
    ],
    "sentiment_score": 0.9265,
    "age_relevance": false,
    "urgency_level": "low",
    "competitive_mentions": [],
    "timestamp": "2025-06-12T15:01:21.545885"
  }
}