{
  "subreddit": "homeschool",
  "post": {
    "id": "1l8lnd1",
    "title": "First time homeschooling mom",
    "author": "Professional-Juice80",
    "created_utc": 1749623583.0,
    "score": 0,
    "num_comments": 10,
    "url": "https://www.reddit.com/r/homeschool/comments/1l8lnd1/first_time_homeschooling_mom/",
    "selftext": "Hey all! \n\nMy youngest will be starting 5th grade in the fall. My three older children have already graduated from school. My older kids went to a seventh day Adventist Christian school through their elementary years. And then public school for the rest of their schooling. \nMy husband and I are wanting to pull our 10 year old, 4th grader, out of the secular school system because of some of the teaching we can't protect him from while he is there. \nI have never home scheduled before! I'm not even sure where to start! I have googled the best homeschool curriculum with a christian theme. I have ordered a couple of catalogs and have read a lot of reddit posts. Now I'm even more overwhelmed! \nI'm hoping to get some help with knowing that he is being taught what he needs to graduate. Also, how do I know which program to pick that will get him to graduation or where I turn his progress in to make sure he gets a certificate for what he has learned. Especially if he decides to go back to public school later on. \nReally I just need any advice anyone is willing to give! I so appreciate any help, tips, tricks or advice that may have helped you as you were beginning your homeschool journey and what you have learned along the way. \nThanks so much! God bless \u2764\ufe0f"
  },
  "comments": [
    {
      "id": "mx5qj76",
      "author": "Agreeable-Deer7526",
      "body": "Teach religion however you want but don\u2019t buy curriculum because it\u2019s religious. Find the best curriculum in each area that will give your child the best education.  Before you consider curriculum you need to consider an infrastructure for your kid where they can have social interaction and learn from other adults as well as you.  \n\nAll that being said if you want something Christian but rigorous go with Memoria Press,",
      "created_utc": 1749624768.0,
      "score": 9,
      "permalink": "/r/homeschool/comments/1l8lnd1/first_time_homeschooling_mom/mx5qj76/",
      "is_submitter": false,
      "edited": false,
      "stickied": false
    },
    {
      "id": "mx6ko9k",
      "author": "Blue-Heron-1015",
      "body": "Rainbow Resources has curriculum but can be overwhelming. However, they do have complete curriculum packages pulled together from some of the top publishers. Christian, Secular, Budget, etc. Choosing one of these for the first year would allow you to customize a bit if your child is slightly ahead or behind in a particular subject. You could go up or down a grade in that subject but order everything else at grade level.",
      "created_utc": 1749641536.0,
      "score": 3,
      "permalink": "/r/homeschool/comments/1l8lnd1/first_time_homeschooling_mom/mx6ko9k/",
      "is_submitter": false,
      "edited": false,
      "stickied": false
    },
    {
      "id": "mx791ru",
      "author": "Salty-Snowflake",
      "body": "[How to Choose Homeschool Curriculum](https://cathyduffyreviews.com/homeschool-extras/parent-helps-and-how-to-books/general-parent-helps/how-to-choose-homeschool-curriculum)",
      "created_utc": 1749650370.0,
      "score": 2,
      "permalink": "/r/homeschool/comments/1l8lnd1/first_time_homeschooling_mom/mx791ru/",
      "is_submitter": false,
      "edited": false,
      "stickied": false
    },
    {
      "id": "mx682fd",
      "author": "icecrusherbug",
      "body": "We use Christian Light Education. It gets the job done and prepares them well for higher education. It is open and go. Make sure to take the free placement tests that you can print off from online.\n\nYou can also pay a little more and be a part of their accredited program and they handle the transcripts and diploma. That also gives you a person you can consult for educational questions.\n\nHope you find a good fit.",
      "created_utc": 1749635254.0,
      "score": 1,
      "permalink": "/r/homeschool/comments/1l8lnd1/first_time_homeschooling_mom/mx682fd/",
      "is_submitter": false,
      "edited": false,
      "stickied": false
    },
    {
      "id": "mx81w51",
      "author": "MisterRobertParr",
      "body": "Check out Classical Conversation's cirriculum: www.classicalconversations.com. It's a great program that should address all your stated concerns.  Both my kids are now college graduates (one graduated in theater/business and the other a mechanical engineer.)\n\nI can't recommend it highly enough.",
      "created_utc": 1749658775.0,
      "score": 1,
      "permalink": "/r/homeschool/comments/1l8lnd1/first_time_homeschooling_mom/mx81w51/",
      "is_submitter": false,
      "edited": false,
      "stickied": false
    },
    {
      "id": "mx69nqs",
      "author": "Professional-Juice80",
      "body": "That is very good advice! Thank you. I will definitely take it to heart.",
      "created_utc": 1749636138.0,
      "score": 2,
      "permalink": "/r/homeschool/comments/1l8lnd1/first_time_homeschooling_mom/mx69nqs/",
      "is_submitter": true,
      "edited": false,
      "stickied": false
    },
    {
      "id": "mx94ufr",
      "author": "Professional-Juice80",
      "body": "Thank you! This is the second time I have heard of rainbow resources! I will check them out!",
      "created_utc": 1749669823.0,
      "score": 1,
      "permalink": "/r/homeschool/comments/1l8lnd1/first_time_homeschooling_mom/mx94ufr/",
      "is_submitter": true,
      "edited": false,
      "stickied": false
    },
    {
      "id": "mx94wzg",
      "author": "Professional-Juice80",
      "body": "Awesome! Very helpful! Thanks!!",
      "created_utc": 1749669843.0,
      "score": 1,
      "permalink": "/r/homeschool/comments/1l8lnd1/first_time_homeschooling_mom/mx94wzg/",
      "is_submitter": true,
      "edited": false,
      "stickied": false
    },
    {
      "id": "mx69sy2",
      "author": "Professional-Juice80",
      "body": "I had not heard of Christian light. I will look into it. I love the idea of placement tests. I will look into it. Thank you so much for the info!",
      "created_utc": 1749636218.0,
      "score": 2,
      "permalink": "/r/homeschool/comments/1l8lnd1/first_time_homeschooling_mom/mx69sy2/",
      "is_submitter": true,
      "edited": false,
      "stickied": false
    },
    {
      "id": "mx950xm",
      "author": "Professional-Juice80",
      "body": "This might actually have what I need. Appreciate it!",
      "created_utc": 1749669875.0,
      "score": 2,
      "permalink": "/r/homeschool/comments/1l8lnd1/first_time_homeschooling_mom/mx950xm/",
      "is_submitter": true,
      "edited": false,
      "stickied": false
    }
  ],
  "relevance": {
    "score": 4,
    "user_type": "parent",
    "pain_points": [
      "now i'm even more overwhelmed! \ni'm hoping to get some help with knowing that he is being taught what he needs to graduate"
    ],
    "keywords_found": [
      "homeschool"
    ],
    "sentiment_score": 0.9983,
    "age_relevance": false,
    "urgency_level": "low",
    "competitive_mentions": [],
    "timestamp": "2025-06-12T14:48:31.593529"
  }
}