{
  "subreddit": "preschool",
  "post": {
    "id": "1k2i2dy",
    "title": "Call for respondents in PH! In need of 100 respondents",
    "author": "rmo0o",
    "created_utc": 1745017049.0,
    "score": 1,
    "num_comments": 0,
    "url": "https://i.redd.it/vusf03qlbove1.jpeg",
    "selftext": "Hello! I'm a 3rd year advertising arts student from UST College of Fine Arts and Design and I'm in need for 200 respondents total per target market for my survey. My research is about reillustrating a Filipino children's book using lowbrow and pop surrealist art.\n\nI'm looking for parents of preschool-aged children (3-5 years old) and anyone who works with preschool-aged children to get their insights. This survey will only take 3-5 mins of your time. \n\nIf you happen to meet the qualifications, you can scan the QR codes or click the links below:\n\nFor parents of preschool-aged children:\nhttps://forms.gle/EsX5YasJYoGcvg5z5\n\nFor School educators, social workers, or librarians working with preschool-aged children:\nhttps://forms.gle/ArMw1ADWoSxW3hP76\n\nYour participation in this survey is highly appreciated and will greatly contribute to the success of this research. You can also get a chance to win a painting!\n"
  },
  "comments": [],
  "relevance": {
    "score": 4.4,
    "user_type": "parent",
    "pain_points": [
      "i'm looking for parents of preschool-aged children (3-5 years old) and anyone who works with preschool-aged children to get their insights"
    ],
    "keywords_found": [
      "preschool"
    ],
    "sentiment_score": 0.9114,
    "age_relevance": true,
    "urgency_level": "low",
    "competitive_mentions": [],
    "timestamp": "2025-06-12T14:51:29.279410"
  }
}