{
  "subreddit": "Parenting",
  "post": {
    "id": "1l9cvnk",
    "title": "4yr old fiercely independent to a fault?",
    "author": "Plkyop",
    "created_utc": 1749700566.0,
    "score": 2,
    "num_comments": 6,
    "url": "https://www.reddit.com/r/Parenting/comments/1l9cvnk/4yr_old_fiercely_independent_to_a_fault/",
    "selftext": "My newly 4yr old daughter is starting junior kindergarten this Fall. Lately, I've observed that if another kid in preschool tries to help her by fetching something for her, then my daughter immediately screeches and cries that, 'noooo, i can do it'. She'll immediately put the item back where it was and then pick it up herself while still red faced crying. I know they crave independence, but yelling at another kid who just wanted to help doesn't sit right. Is this something she'll just have to grow out of? Will she alienate her kindergarten class? Is this a sign of something deeper, like perfectionism tendencies? She does like to help, just not be helped."
  },
  "comments": [
    {
      "id": "mxboc3b",
      "author": "AutoModerator",
      "body": "Welcome to r/Parenting!\n\nThis is a reminder to please be civil and behave respectfully to one another. We are a diverse community gathered to discuss parenting, and it's important to remember that differences in opinion are common in this regard.\n\nPlease review our rules before participating: [r/Parenting Subreddit Rules](https://www.reddit.com/r/Parenting/wiki/parenting_subreddit_rules/)\n\nThank you for being a part of our community!\n\n\n*I am a bot, and this action was performed automatically. Please [contact the moderators of this subreddit](/message/compose/?to=/r/Parenting) if you have any questions or concerns.*",
      "created_utc": 1749700567.0,
      "score": 1,
      "permalink": "/r/Parenting/comments/1l9cvnk/4yr_old_fiercely_independent_to_a_fault/mxboc3b/",
      "is_submitter": false,
      "edited": false,
      "stickied": true
    },
    {
      "id": "mxbqccj",
      "author": "CarbonationRequired",
      "body": "Have you asked the preschool teacher about it? I'm sure this is not the first time they've seen a kid do this.",
      "created_utc": 1749701452.0,
      "score": 2,
      "permalink": "/r/Parenting/comments/1l9cvnk/4yr_old_fiercely_independent_to_a_fault/mxbqccj/",
      "is_submitter": false,
      "edited": false,
      "stickied": false
    },
    {
      "id": "mxbuwfr",
      "author": "cold08",
      "body": "I wouldn't worry too much about it. Does she do this with you? Is it consistent? If she can't handle being out of control of her environment this one time, or it's sporadic, she probably just had big feelings. You can work on her with it by asking what she's feeling when she starts to melt down and try to redirect the emotion.\n\nIf this becomes a big problem where she can't handle being out of control of her environment pretty consistently, you might want to talk to a specialist, but again she was probably just having big feelings and being a 4 year old.",
      "created_utc": 1749703572.0,
      "score": 1,
      "permalink": "/r/Parenting/comments/1l9cvnk/4yr_old_fiercely_independent_to_a_fault/mxbuwfr/",
      "is_submitter": false,
      "edited": false,
      "stickied": false
    },
    {
      "id": "mxbyblw",
      "author": "thegimboid",
      "body": "As far as I can tell this is consistent.m with all kids around that age.  \n\nFrom what I've looked at, children undergo a transition between around 3-5 where they gain self-actualization. That's why the first memories people remember tend to be from that time.   \nPrior to that point it was development with an entire focus on the self, but now they're suddenly realizing that the world operates separately from themselves and they're trying to push that self onto the world.  \n\nEven at 4, they are not quite fully developed people yet (though I have met some adults who also have the same issue).",
      "created_utc": 1749705261.0,
      "score": 1,
      "permalink": "/r/Parenting/comments/1l9cvnk/4yr_old_fiercely_independent_to_a_fault/mxbyblw/",
      "is_submitter": false,
      "edited": false,
      "stickied": false
    },
    {
      "id": "mxdcaam",
      "author": "Plkyop",
      "body": "That's fair. She kind of does it with me. The difference is she knows what I'm about to do so she hurries to ask if she can do it, so we avoid the tantrum. It's not consistent, some days she's more \"independent minded\" than others.",
      "created_utc": 1749731542.0,
      "score": 1,
      "permalink": "/r/Parenting/comments/1l9cvnk/4yr_old_fiercely_independent_to_a_fault/mxdcaam/",
      "is_submitter": true,
      "edited": false,
      "stickied": false
    },
    {
      "id": "mxd9uq2",
      "author": "Plkyop",
      "body": "Thank you! That makes sense. I guess it's a \"your feelings are valid[about the world], but your actions[in the world] are not ok\". Interesting to consider the perspective that she is pushing her self onto the world.",
      "created_utc": 1749730616.0,
      "score": 1,
      "permalink": "/r/Parenting/comments/1l9cvnk/4yr_old_fiercely_independent_to_a_fault/mxd9uq2/",
      "is_submitter": true,
      "edited": false,
      "stickied": false
    }
  ],
  "relevance": {
    "score": 5.720000000000001,
    "user_type": "parent",
    "pain_points": [],
    "keywords_found": [
      "transition",
      "preschool",
      "kindergarten"
    ],
    "sentiment_score": 0.9912,
    "age_relevance": true,
    "urgency_level": "high",
    "competitive_mentions": [],
    "timestamp": "2025-06-12T15:03:22.410936"
  }
}