{
  "subreddit": "autism",
  "post": {
    "id": "1l9le9l",
    "title": "Been acting more childlike lately (trigger warning!)",
    "author": "Opposite-Ad-9209",
    "created_utc": 1749731879.0,
    "score": 1,
    "num_comments": 6,
    "url": "https://www.reddit.com/r/autism/comments/1l9le9l/been_acting_more_childlike_lately_trigger_warning/",
    "selftext": "I think ever since I was a kid I might have been in survival mode. I had a rough childhood with an abusive father and 2 autistic brothers who copied his aggression and behaviour (they also later learned that was not okay so they dont behave like that anymore) childhood was a living hell all the way up till I was 11 but than a different hell started at school since we had moved places to get rid of 1 satan to a school full of little ones. I got bullied left and right and primary and middle school, only when I chose a higher education did I finally find neurodivergend nerds like me who were artistic and could share my view.\n\nBut school became too hard to finish so I never did, life was lonely and I got yeeted into depression. Work was never something for me at least not what I did back than like factory work that sucks the soul out of you doing the same thing 8000x /day. \n\nYears and years later found out I was autistic and than not much later after that found my boo. We still live happily together and moved cross country to be with her. And since we live together I've been acting more childlike, for example we have strawberries growing on the balcony and now that they're ripe and we can pick and eat them, I run to my gf and jump up and down yelling stwawbebbies like a toddler and she joins in on it, we are both acting quite childlike due to our childhood situations even though I think she is more neurotypical than divergent. \n\nI love it but was thinking, is this normal?"
  },
  "comments": [
    {
      "id": "mxdd73j",
      "author": "AutoModerator",
      "body": "Hey /u/Opposite-Ad-9209, thank you for your post at /r/autism. Our rules can be found **[here](https://www.reddit.com/r/autism/wiki/index/rules-and-guidelines)**. All approved posts get this message. \n\n\nThanks!        \n\n\n*I am a bot, and this action was performed automatically. Please [contact the moderators of this subreddit](/message/compose/?to=/r/autism) if you have any questions or concerns.*",
      "created_utc": 1749731879.0,
      "score": 1,
      "permalink": "/r/autism/comments/1l9le9l/been_acting_more_childlike_lately_trigger_warning/mxdd73j/",
      "is_submitter": false,
      "edited": false,
      "stickied": true
    },
    {
      "id": "mxde5bb",
      "author": "Autisticmusicman",
      "body": "I was bullied in school left out in college but funny enough when I went back to school for sixth form and ended up in the year below I had more friends in the year above (my year) and made loads of friend in the year helow(my new year) third year students where still idiots though",
      "created_utc": 1749732224.0,
      "score": 1,
      "permalink": "/r/autism/comments/1l9le9l/been_acting_more_childlike_lately_trigger_warning/mxde5bb/",
      "is_submitter": false,
      "edited": false,
      "stickied": false
    },
    {
      "id": "mxdernh",
      "author": "bigasssuperstar",
      "body": "Normal for who?",
      "created_utc": 1749732447.0,
      "score": 1,
      "permalink": "/r/autism/comments/1l9le9l/been_acting_more_childlike_lately_trigger_warning/mxdernh/",
      "is_submitter": false,
      "edited": false,
      "stickied": false
    },
    {
      "id": "mxdexyn",
      "author": "outtasight68",
      "body": "It sounds like you're learning to come out of your shell and unmask a little. I would absolutely do this kind of thing if I had a partner and we had wild strawberries growing on our balcony.\n\nI have similar trauma that puts me in similar situations, and I've just accepted it, as long as it makes me happy and nobody's getting hurt. I theorize this is because our inner child has a lot of unfinished business and won't rest until satisfied, like a spooky ghost!\n\nAnother thing to keep in mind is that the fear of childish things is, itself, a childish thing. And so, growing up becomes a sort of second chance to be as honest, carefree, and sincere as a child would be, including but not limited to jumping up and down while yelling \"stwawbebbies\" :D\n\nThis only happened for me when I had the right company, it sounds like your partner is bringing out parts of you that have always wanted to be seen and loved, and I'm happy that you have that going for you.",
      "created_utc": 1749732510.0,
      "score": 1,
      "permalink": "/r/autism/comments/1l9le9l/been_acting_more_childlike_lately_trigger_warning/mxdexyn/",
      "is_submitter": false,
      "edited": false,
      "stickied": false
    },
    {
      "id": "mxe3o5w",
      "author": "crybbkitty",
      "body": "Lol your storytime about you and your partner sounds perfectly normal to be honest, whether neurodivergent or Neurotypical, you guys are creating your own little inside comedy/fun lots of people in relationships do little role-play type scenarios whether it's explicitly spoken about or not you guys both know you know the drill you pick the strawberries you say stwabebbies you jump around and everything is perfectly happy\ud83d\ude0c totally envious, good show, carry on\ud83d\udc9c",
      "created_utc": 1749740287.0,
      "score": 1,
      "permalink": "/r/autism/comments/1l9le9l/been_acting_more_childlike_lately_trigger_warning/mxe3o5w/",
      "is_submitter": false,
      "edited": false,
      "stickied": false
    },
    {
      "id": "mxdf25e",
      "author": "Opposite-Ad-9209",
      "body": "Yeah i moved from the big city to a small village where everyone knows one another, also attended a public school where 80% was like Turkish and Moroccon and was just the new fun target to bully because I was different overall, I was different compared to them, they didn't know me, they didn't know anything so it was fun for them to toss a person around. Kids the age of 10 literally stood around me in a circle pushing me from one side to the other, and even after I bashed one of them their heads into a brick they still didn't stop, they wanted nothing to do with me. And made it their mission no one in class would be friends with me.",
      "created_utc": 1749732551.0,
      "score": 1,
      "permalink": "/r/autism/comments/1l9le9l/been_acting_more_childlike_lately_trigger_warning/mxdf25e/",
      "is_submitter": true,
      "edited": false,
      "stickied": false
    }
  ],
  "relevance": {
    "score": 4,
    "user_type": "administrator",
    "pain_points": [],
    "keywords_found": [
      "autism",
      "toddler",
      "neurodivergent"
    ],
    "sentiment_score": 0.9936,
    "age_relevance": false,
    "urgency_level": "low",
    "competitive_mentions": [],
    "timestamp": "2025-06-12T14:59:13.537477"
  }
}