{
  "subreddit": "Parenting",
  "post": {
    "id": "1l9e0om",
    "title": "People with 2 or more kids, how do you manage?!",
    "author": "Obvious_Grass_2227",
    "created_utc": 1749704469.0,
    "score": 2,
    "num_comments": 10,
    "url": "https://www.reddit.com/r/Parenting/comments/1l9e0om/people_with_2_or_more_kids_how_do_you_manage/",
    "selftext": "I am in my thirties have had my first kid , and its so hectic even though I have a good support system. I am also on maternity leave. \nI recently saw the news of Nara Smith having 4th kid and she is a decade younger.How is she managing or how are people here with multiple kids manage ? I am exhausted with one.\nIs this some kind of incompetence from my side I wonder! "
  },
  "comments": [
    {
      "id": "mxbwqnf",
      "author": "AutoModerator",
      "body": "Welcome to r/Parenting!\n\nThis is a reminder to please be civil and behave respectfully to one another. We are a diverse community gathered to discuss parenting, and it's important to remember that differences in opinion are common in this regard.\n\nPlease review our rules before participating: [r/Parenting Subreddit Rules](https://www.reddit.com/r/Parenting/wiki/parenting_subreddit_rules/)\n\nThank you for being a part of our community!\n\n\n*I am a bot, and this action was performed automatically. Please [contact the moderators of this subreddit](/message/compose/?to=/r/Parenting) if you have any questions or concerns.*",
      "created_utc": 1749704470.0,
      "score": 1,
      "permalink": "/r/Parenting/comments/1l9e0om/people_with_2_or_more_kids_how_do_you_manage/mxbwqnf/",
      "is_submitter": false,
      "edited": false,
      "stickied": true
    },
    {
      "id": "mxbxqx8",
      "author": "mammosaurusrex",
      "body": "You don\u2019t get more energy or time, so you figure out how to do more with what you\u2019ve got. You don\u2019t watch your kids\u2019 every move like you can when you have one. If they\u2019re close in age, a lot of the logistics are the same, like they all need to get up, get dressed, have breakfast and go to kindergarten. Dinner has to be served whether one of four kids. The older kids get older and more independent by the time you have another.",
      "created_utc": 1749704972.0,
      "score": 3,
      "permalink": "/r/Parenting/comments/1l9e0om/people_with_2_or_more_kids_how_do_you_manage/mxbxqx8/",
      "is_submitter": false,
      "edited": false,
      "stickied": false
    },
    {
      "id": "mxbx36d",
      "author": "Obvious_Grass_2227",
      "body": "I dont get much time for myself , but I do try to take out time and go for walk and have good showers twice a days, but no time for watching movies or netflix. Or getting ready or just go out to a cafe etc. I look disheveled most of the time.",
      "created_utc": 1749704642.0,
      "score": 1,
      "permalink": "/r/Parenting/comments/1l9e0om/people_with_2_or_more_kids_how_do_you_manage/mxbx36d/",
      "is_submitter": true,
      "edited": false,
      "stickied": false
    },
    {
      "id": "mxc6sn8",
      "author": "Scruter",
      "body": "You\u2019re in infancy and the transition from 0-1 is by far the hardest, it\u2019s an existential shift. You\u2019re not incompetent. The answer is that it gets a lot easier and will not always be like this, and then adding in a second is really not nearly as much of an adjustment. Going from 1-2 was almost like nothing, since we had rearranged the entire architecture of our lives with our first and our second just fit right in. I haven\u2019t found 2 really more difficult than 1 and the hardest phase of parenting was definitely the first few months with my first.",
      "created_utc": 1749709772.0,
      "score": 1,
      "permalink": "/r/Parenting/comments/1l9e0om/people_with_2_or_more_kids_how_do_you_manage/mxc6sn8/",
      "is_submitter": false,
      "edited": false,
      "stickied": false
    },
    {
      "id": "mxcrttu",
      "author": "Nollhouse",
      "body": "Minute by minute, breathing exercises and thinking it will get easier, hahah",
      "created_utc": 1749722314.0,
      "score": 1,
      "permalink": "/r/Parenting/comments/1l9e0om/people_with_2_or_more_kids_how_do_you_manage/mxcrttu/",
      "is_submitter": false,
      "edited": false,
      "stickied": false
    },
    {
      "id": "mxd1yf7",
      "author": "VivianDiane",
      "body": "It's harder now but so much easier having two close together when they're a little bit older.\n\nJust do what you can to make your life as easy as possible. Paper plates, eat out once a week, go to as many groups as you can, get out the house as although it's hard getting out it's easier than two indoors all day.",
      "created_utc": 1749727347.0,
      "score": 1,
      "permalink": "/r/Parenting/comments/1l9e0om/people_with_2_or_more_kids_how_do_you_manage/mxd1yf7/",
      "is_submitter": false,
      "edited": false,
      "stickied": false
    },
    {
      "id": "mxd2tup",
      "author": "here2upset",
      "body": "You just put your head down and do the damn thing. That\u2019s it. No secret. A little alcohol helps.",
      "created_utc": 1749727740.0,
      "score": 1,
      "permalink": "/r/Parenting/comments/1l9e0om/people_with_2_or_more_kids_how_do_you_manage/mxd2tup/",
      "is_submitter": false,
      "edited": false,
      "stickied": false
    },
    {
      "id": "mxc0f7g",
      "author": "this-is-effed",
      "body": "this. it\u2019s going to be harder in a lot of ways, but you also learn ways to work smarter and not harder where you can, and also some lower expectations, especially with helicoptering lol. \n\na lot of people shit on routines these days but not having one would send me over the edge at this point.",
      "created_utc": 1749706343.0,
      "score": 2,
      "permalink": "/r/Parenting/comments/1l9e0om/people_with_2_or_more_kids_how_do_you_manage/mxc0f7g/",
      "is_submitter": false,
      "edited": false,
      "stickied": false
    },
    {
      "id": "mxc0b4a",
      "author": "Obvious_Grass_2227",
      "body": "Makes sense , time management is the key",
      "created_utc": 1749706283.0,
      "score": 1,
      "permalink": "/r/Parenting/comments/1l9e0om/people_with_2_or_more_kids_how_do_you_manage/mxc0b4a/",
      "is_submitter": true,
      "edited": false,
      "stickied": false
    },
    {
      "id": "mxc76qj",
      "author": "Obvious_Grass_2227",
      "body": "Maybe the first one is more difficult as one does not have any experience, by the 2nd you might be knowing better , get better in handling the chores around the baby. I will let this one year pass and wont be tough on myself, and later decide if I want more.",
      "created_utc": 1749709991.0,
      "score": 1,
      "permalink": "/r/Parenting/comments/1l9e0om/people_with_2_or_more_kids_how_do_you_manage/mxc76qj/",
      "is_submitter": true,
      "edited": false,
      "stickied": false
    }
  ],
  "relevance": {
    "score": 5.5,
    "user_type": "parent",
    "pain_points": [],
    "keywords_found": [
      "transition",
      "routine",
      "kindergarten"
    ],
    "sentiment_score": 0.9938,
    "age_relevance": true,
    "urgency_level": "low",
    "competitive_mentions": [],
    "timestamp": "2025-06-12T15:03:21.808175"
  }
}