{
  "subreddit": "specialed",
  "post": {
    "id": "1l6qarn",
    "title": "Re-eval on a Pre-K student",
    "author": "Salty_Manner_5393",
    "created_utc": 1749425993.0,
    "score": 4,
    "num_comments": 12,
    "url": "https://www.reddit.com/r/specialed/comments/1l6qarn/reeval_on_a_prek_student/",
    "selftext": "I am a 2nd year ECSE teacher. I don\u2019t typically ever do re-evals since I teach Pre-K. I had a parent that requested re-evaluation towards the end of the school year (April). None of these were evaluations that I had to do, they were mainly being handled by the principal and SPED coordinator because it was for speech, ot, pt, behavior specialist, etc.\n\nThe speech pathologist at school completed the speech evaluation before getting out for school. OT was completed, but never heard anything else on the other evaluations. The behavior tech only came to observe 1 or 2 times and I was under the impression she would finish in August. I have been told by the sped coordinator to not schedule these observations and don\u2019t directly contact with anyone doing the evaluations about anything. wants all info to come to her. Which is fine, but I am fussed at if I even ask questions. The entire district complains about her for various reasons but just says this is how she is. Since I teach Pre-K, I\u2019m just unfamiliar with re eval and have questions. She is so rude, but anyways\u2026\n\nIs there not a timeline on re-eval like there is on initial evaluations? I figured the re eval would have to be finished by now. We signed consent in April, and I\u2019m under the impression it won\u2019t be completed until August. Unless it\u2019s completed this summer and they have the meeting, but I\u2019m not contracted to work in the summer. \n\nAfter re-eval, I assume will I amend the IEP to include the recommendations from the IEP? I have a feeling we will probably end up with a BIP from the behavior interventionist as well. She is doing a FBA. Is that a whole separate meeting or does that go on the IEP? I am so lost and confused. Just not familiar at all with re evaluations. Or BIPS/ FBAs. This is my first experience and not having anyone to even ask a question sucks. I don\u2019t wanna sound like an idiot, I promise I\u2019m a competent and great teacher, but this just is unfamiliar to me ! \n\n\n\n"
  },
  "comments": [
    {
      "id": "mwr4rlj",
      "author": "MissBee123",
      "body": "Mod note: IDEA does not specify a timeline for reevaluations. Your individual state or district may specify one, but there is no federal law.  You will need to know your local policies.",
      "created_utc": 1749430990.0,
      "score": 1,
      "permalink": "/r/specialed/comments/1l6qarn/reeval_on_a_prek_student/mwr4rlj/",
      "is_submitter": false,
      "edited": false,
      "stickied": true
    },
    {
      "id": "mwqwths",
      "author": "macaroni_monster",
      "body": "In my state the timeline is 60 *school days*. An evaluation consent signed in April would be due in the fall. Other states have 60 calendar days which is much quicker.",
      "created_utc": 1749428099.0,
      "score": 18,
      "permalink": "/r/specialed/comments/1l6qarn/reeval_on_a_prek_student/mwqwths/",
      "is_submitter": false,
      "edited": false,
      "stickied": false
    },
    {
      "id": "mwqvd8l",
      "author": "Maia_Orual",
      "body": "There is a point in March were it\u2019s less than 45 school days/60 calendar days until the end of the year and the evaluation will be due by either June 30th or the end of August, depending on exactly how close to the end of the year consent was signed.",
      "created_utc": 1749427567.0,
      "score": 3,
      "permalink": "/r/specialed/comments/1l6qarn/reeval_on_a_prek_student/mwqvd8l/",
      "is_submitter": false,
      "edited": false,
      "stickied": false
    },
    {
      "id": "mwqu5e8",
      "author": "DankTomato2",
      "body": "A re-eval needs to be completed 60 days after the appropriate permissions are signed. After the re-eval is completed, you have 30 days to create an entirely new IEP and behavior plan if applicable. You can go over the IEP and behavior plan at the same meeting. Behavior plans are updated at the same frequency as the IEP.",
      "created_utc": 1749427127.0,
      "score": 4,
      "permalink": "/r/specialed/comments/1l6qarn/reeval_on_a_prek_student/mwqu5e8/",
      "is_submitter": false,
      "edited": false,
      "stickied": false
    },
    {
      "id": "mwr2349",
      "author": "immadatmycat",
      "body": "What\u2019s the timeline in your state for re-evals?  The timeline varies from state to state as long as it meets the requirements in IDEA. In my state paperwork signed in April wouldn\u2019t be due until sometime in August. We\u2019d take care of the rest when we returned. \n\nOur IEP system will tell us the due date if you go into the students IEP and the reevaluation page.",
      "created_utc": 1749430022.0,
      "score": 2,
      "permalink": "/r/specialed/comments/1l6qarn/reeval_on_a_prek_student/mwr2349/",
      "is_submitter": false,
      "edited": false,
      "stickied": false
    },
    {
      "id": "mwr6gne",
      "author": "daydreamingofsleep",
      "body": "Was the parent given a timeline? Updates? Was the directive you were given from the SPED coordinator in writing?\n\nPractically, this needs to be finished by summer. Especially the behavior evaluation. There is some adjustment time to a new classroom, it wouldn\u2019t serve the student to evaluate them during that time.\n\nBut if you have it in writing that this isn\u2019t your problem and you should not take action, then you\u2019re off the hook. If it\u2019s not in writing you could send a message to confirm this. \u201cAs I wrap up things for the end of the year for each of my students, I have it noted that (child)\u2018s reevaluation was initiated in April and that you\u2019re coordinating this. Her/his parents have/haven\u2019t asked for an update. Please let me know if there is any action I need to take before sending her off to Kindergarten? Thanks!\u201d",
      "created_utc": 1749431600.0,
      "score": 1,
      "permalink": "/r/specialed/comments/1l6qarn/reeval_on_a_prek_student/mwr6gne/",
      "is_submitter": false,
      "edited": false,
      "stickied": false
    },
    {
      "id": "mwr6l91",
      "author": "bo0kmastermind",
      "body": "If it\u2019s a reevaluation, it just has to be done before the \u201cdue date\u201d which is 3 years after last eligibility was determined. If this is an early reeval, which is likely is given its prek, they likely have plenty of time to finish it at the beginning of the next school year. Best practice is to try to complete it in 60 days, like an initial evaluation would be, but as long as it\u2019s before the eligibility due date it\u2019s fine. In TN.",
      "created_utc": 1749431645.0,
      "score": 1,
      "permalink": "/r/specialed/comments/1l6qarn/reeval_on_a_prek_student/mwr6l91/",
      "is_submitter": false,
      "edited": false,
      "stickied": false
    },
    {
      "id": "mwugil5",
      "author": "Illustrious-Fun-549",
      "body": "If FBA determines a BIP is needed, it is attached to the IEP and all will be done in one meeting. I'm sure they will let you know the outcome. Most likely fall or before school starts.",
      "created_utc": 1749482834.0,
      "score": 1,
      "permalink": "/r/specialed/comments/1l6qarn/reeval_on_a_prek_student/mwugil5/",
      "is_submitter": false,
      "edited": 1749483089.0,
      "stickied": false
    },
    {
      "id": "mwrkqsw",
      "author": "therealshiva",
      "body": "60 calendar days in CA pauses for breaks 5+ school days AND all assessment plans signed with less than 30 calendar days to the last day of school are due 30 calendar days after the first day of school the following year. \n\nOP, most states have a timeline that also factors in summer, check on that!",
      "created_utc": 1749436822.0,
      "score": 3,
      "permalink": "/r/specialed/comments/1l6qarn/reeval_on_a_prek_student/mwrkqsw/",
      "is_submitter": false,
      "edited": false,
      "stickied": false
    },
    {
      "id": "mwr3ky2",
      "author": "Linkers98",
      "body": "Depends on the state. There is no timeline for re-evals in my state.",
      "created_utc": 1749430563.0,
      "score": 6,
      "permalink": "/r/specialed/comments/1l6qarn/reeval_on_a_prek_student/mwr3ky2/",
      "is_submitter": false,
      "edited": false,
      "stickied": false
    },
    {
      "id": "mwqwwss",
      "author": "macaroni_monster",
      "body": "In my state we do 60 school days. Different states have different rules",
      "created_utc": 1749428132.0,
      "score": 3,
      "permalink": "/r/specialed/comments/1l6qarn/reeval_on_a_prek_student/mwqwwss/",
      "is_submitter": false,
      "edited": false,
      "stickied": false
    },
    {
      "id": "mwrbwr4",
      "author": "Different_Mistake_90",
      "body": "In my state the first re-evaluation should be within those 60 days. Any future one isn't as strict.",
      "created_utc": 1749433574.0,
      "score": 2,
      "permalink": "/r/specialed/comments/1l6qarn/reeval_on_a_prek_student/mwrbwr4/",
      "is_submitter": false,
      "edited": false,
      "stickied": false
    }
  ],
  "relevance": {
    "score": 4.4,
    "user_type": "teacher",
    "pain_points": [
      "after re-eval, i assume will i amend the iep to include the recommendations from the iep? i have a feeling we will probably end up with a bip from the behavior interventionist as well"
    ],
    "keywords_found": [
      "kindergarten"
    ],
    "sentiment_score": 0.9827,
    "age_relevance": true,
    "urgency_level": "low",
    "competitive_mentions": [],
    "timestamp": "2025-06-12T14:44:28.761205"
  }
}