{
  "subreddit": "Parenting",
  "post": {
    "id": "1l9ih3u",
    "title": "Would you let grandparents babysit overnight knowing all of this?",
    "author": "Worth_Substance6590",
    "created_utc": 1749722015.0,
    "score": 0,
    "num_comments": 9,
    "url": "https://www.reddit.com/r/Parenting/comments/1l9ih3u/would_you_let_grandparents_babysit_overnight/",
    "selftext": "I posted a few days ago about my in-laws bailing on our long weekend \u2018vacation\u2019 bc of a leak in their apartment. This leak situation has happened multiple times now. They also are responsible for both of their Moms who are in their 90\u2019s. Both great-grandmas live alone \ud83e\udd2f and usually don\u2019t need help, but a few times/year there is a health emergency, as expected with women their ages. FIL also manages 2 rental apartments nearby. This is all in NYC. \n\nMy husband and I live 1.5 hours outside of the city. His parents are asking to come babysit our kids (a toddler and a baby) overnight so we can go somewhere. I don\u2019t know where we\u2019d go, camping again I guess? It\u2019d be great to have time alone. \n\nBut I feel it\u2019d be irresponsible to take them up on this offer because how on call they are. They still haven\u2019t set up flood sensors in their apartment, no cameras or security system in their house. The biggest issue is that my MIL never learned to drive, and she refuses to be apart from FIL because she says he gets \u2018emotional\u2019. So if they gotta go, they gotta go. \n\nWe have a babysitter we trust if we really need help. Idk if I\u2019m being spiteful not letting them babysit now, or if their other obligations are a legit reason to refuse. "
  },
  "comments": [
    {
      "id": "mxcra5c",
      "author": "AutoModerator",
      "body": "Welcome to r/Parenting!\n\nThis is a reminder to please be civil and behave respectfully to one another. We are a diverse community gathered to discuss parenting, and it's important to remember that differences in opinion are common in this regard.\n\nPlease review our rules before participating: [r/Parenting Subreddit Rules](https://www.reddit.com/r/Parenting/wiki/parenting_subreddit_rules/)\n\nThank you for being a part of our community!\n\n\n*I am a bot, and this action was performed automatically. Please [contact the moderators of this subreddit](/message/compose/?to=/r/Parenting) if you have any questions or concerns.*",
      "created_utc": 1749722016.0,
      "score": 1,
      "permalink": "/r/Parenting/comments/1l9ih3u/would_you_let_grandparents_babysit_overnight/mxcra5c/",
      "is_submitter": false,
      "edited": false,
      "stickied": true
    },
    {
      "id": "mxcth3l",
      "author": "Regular_Rooster_439",
      "body": "I wouldn't, it sounds stressful especially if they always have to stay together. If they both have to leave in case of an emergency and one of them can't stay with the kids, I would just ask the baby-sitter to come.\n\nSounds like you won't be at peace and enjoy your free time if it's them, you will probably be thinking about the situation.",
      "created_utc": 1749723209.0,
      "score": 4,
      "permalink": "/r/Parenting/comments/1l9ih3u/would_you_let_grandparents_babysit_overnight/mxcth3l/",
      "is_submitter": false,
      "edited": false,
      "stickied": false
    },
    {
      "id": "mxcv8hl",
      "author": "classicicedtea",
      "body": "I wouldn\u2019t. Does your husband agree with you?",
      "created_utc": 1749724138.0,
      "score": 2,
      "permalink": "/r/Parenting/comments/1l9ih3u/would_you_let_grandparents_babysit_overnight/mxcv8hl/",
      "is_submitter": false,
      "edited": false,
      "stickied": false
    },
    {
      "id": "mxd0ral",
      "author": "PickledToddler",
      "body": "Take them up on the offer and just have a date night. They offered because they want to see your child.\n\nMy MIL has 5 daughters. Each with 2 kids. \n\nMy parents have 8 grandkids. \n\nI take the help when I can haha.",
      "created_utc": 1749726805.0,
      "score": 1,
      "permalink": "/r/Parenting/comments/1l9ih3u/would_you_let_grandparents_babysit_overnight/mxd0ral/",
      "is_submitter": false,
      "edited": false,
      "stickied": false
    },
    {
      "id": "mxdjebx",
      "author": "Zoocreeper_",
      "body": "I wouldn\u2019t.",
      "created_utc": 1749734053.0,
      "score": 1,
      "permalink": "/r/Parenting/comments/1l9ih3u/would_you_let_grandparents_babysit_overnight/mxdjebx/",
      "is_submitter": false,
      "edited": false,
      "stickied": false
    },
    {
      "id": "mxcxdin",
      "author": "Worth_Substance6590",
      "body": "He could go either way. I just wonder if all grandparents are this over extended? I feel bad for them, but at the same time they\u2019ve done nothing to set up a network of help for themselves\u2026",
      "created_utc": 1749725215.0,
      "score": 1,
      "permalink": "/r/Parenting/comments/1l9ih3u/would_you_let_grandparents_babysit_overnight/mxcxdin/",
      "is_submitter": true,
      "edited": false,
      "stickied": false
    },
    {
      "id": "mxd9tzd",
      "author": "Worth_Substance6590",
      "body": "I guess we\u2019re different in that my husband is their only child and my kids are their only 2 grandkids. We also have a great babysitter. They already visit almost every weekend! But it\u2019s happened so many times where we plan something around them wanting to babysit alone, then they bail.",
      "created_utc": 1749730609.0,
      "score": 1,
      "permalink": "/r/Parenting/comments/1l9ih3u/would_you_let_grandparents_babysit_overnight/mxd9tzd/",
      "is_submitter": true,
      "edited": false,
      "stickied": false
    },
    {
      "id": "mxde51h",
      "author": "PickledToddler",
      "body": "MIL not wanting to be apart from her husband is cute but super annoying and unnecessary lol. Maybe make plans that could include your child as a backup. Good luck.",
      "created_utc": 1749732222.0,
      "score": 1,
      "permalink": "/r/Parenting/comments/1l9ih3u/would_you_let_grandparents_babysit_overnight/mxde51h/",
      "is_submitter": false,
      "edited": false,
      "stickied": false
    },
    {
      "id": "mxdo1yz",
      "author": "Worth_Substance6590",
      "body": "Thank you \ud83d\ude05 yea, especially when they get old and she has no way to get around except for my husband and I\u2026.\ud83d\ude48",
      "created_utc": 1749735608.0,
      "score": 1,
      "permalink": "/r/Parenting/comments/1l9ih3u/would_you_let_grandparents_babysit_overnight/mxdo1yz/",
      "is_submitter": true,
      "edited": false,
      "stickied": false
    }
  ],
  "relevance": {
    "score": 5.2,
    "user_type": "parent",
    "pain_points": [
      "both great-grandmas live alone \ud83e\udd2f and usually don\u2019t need help, but a few times/year there is a health emergency, as expected with women their ages",
      "we have a babysitter we trust if we really need help"
    ],
    "keywords_found": [
      "toddler"
    ],
    "sentiment_score": 0.9963,
    "age_relevance": false,
    "urgency_level": "high",
    "competitive_mentions": [],
    "timestamp": "2025-06-12T14:49:31.383698"
  }
}