{
  "subreddit": "Parenting",
  "post": {
    "id": "1l9jar4",
    "title": "Headphones",
    "author": "Exhaustionsmyfren",
    "created_utc": 1749725052.0,
    "score": 1,
    "num_comments": 6,
    "url": "https://www.reddit.com/r/Parenting/comments/1l9jar4/headphones/",
    "selftext": "Anyone have a 3 year old who suddenly has to have headphones?\n\nAt home, my daughter has been recently saying the dishwasher is too loud, etc. She just moved up to pre-k with 3-5 year olds and she told me yesterday that 'teacher helped me today, she gave me headphones' and had a meltdown at home screaming and crying for headphones.\n\nOtherwise, she's a social kid, very funny, plays with other kids, good eye contact, etc.\n\nObviously we are going to buy her noise canceling headphones but surprised and caught off guard by this."
  },
  "comments": [
    {
      "id": "mxcx1h6",
      "author": "AutoModerator",
      "body": "Welcome to r/Parenting!\n\nThis is a reminder to please be civil and behave respectfully to one another. We are a diverse community gathered to discuss parenting, and it's important to remember that differences in opinion are common in this regard.\n\nPlease review our rules before participating: [r/Parenting Subreddit Rules](https://www.reddit.com/r/Parenting/wiki/parenting_subreddit_rules/)\n\nThank you for being a part of our community!\n\n\n*I am a bot, and this action was performed automatically. Please [contact the moderators of this subreddit](/message/compose/?to=/r/Parenting) if you have any questions or concerns.*",
      "created_utc": 1749725053.0,
      "score": 1,
      "permalink": "/r/Parenting/comments/1l9jar4/headphones/mxcx1h6/",
      "is_submitter": false,
      "edited": false,
      "stickied": true
    },
    {
      "id": "mxcz12e",
      "author": "Glitchy-9",
      "body": "My almost 3 started telling me how loud it was when she switched classes. She went from a class of 15 younger kids to 24 older.\n\nShe first told me the kids were screaming at bedtime.  I thought someone crying one day but no. Then she said it was the music (they moved her further from it and has done well since). Then she just told me they played too loud. \n\nShe adjusted but I could see headphones working too (I was looking for ours but couldn\u2019t find them and it seemed to resolve). \n\nWe have also had times that she is very sensitive to sounds.\n\nI feel like this age there is something they like (in your case probably felt calming to her since things are likely a little more chaotic) and then they \u201cneed\u201d them. \n\nI don\u2019t think it\u2019s a warning sign of anything and would just let her have the headphones handy. She\u2019ll probably stop caring about them soon enough. \n\nIf she doesn\u2019t in a few months then talk to her doctor.  I wouldn\u2019t necessarily jump to autism, it could be a sensory processing disorder (my oldest has one) or something else or nothing.",
      "created_utc": 1749726003.0,
      "score": 2,
      "permalink": "/r/Parenting/comments/1l9jar4/headphones/mxcz12e/",
      "is_submitter": false,
      "edited": false,
      "stickied": false
    },
    {
      "id": "mxczp88",
      "author": "Hot-Paramedic-7564",
      "body": "I have had this my whole life. I later was diagnosed with autism spectrum disorder. It will be good to eventually test your daughter so that if she has autism she has all the right resources and support.",
      "created_utc": 1749726318.0,
      "score": 2,
      "permalink": "/r/Parenting/comments/1l9jar4/headphones/mxczp88/",
      "is_submitter": false,
      "edited": false,
      "stickied": false
    },
    {
      "id": "mxczim6",
      "author": "Exhaustionsmyfren",
      "body": "Appreciate this. We\u2019ve noticed that she does chew on her dress skirts and is very picky, but neither of those things necessarily scream \u2018sensory\u2019 on their own in a 3 year old.\n\nShe\u2019s been evaluated and scored high on social, only physical delays and speech delay which she got past.\n\nWe\u2019re planning on looking for headphones today",
      "created_utc": 1749726232.0,
      "score": 1,
      "permalink": "/r/Parenting/comments/1l9jar4/headphones/mxczim6/",
      "is_submitter": true,
      "edited": false,
      "stickied": false
    },
    {
      "id": "mxd5v39",
      "author": "Exhaustionsmyfren",
      "body": "Her dad stims pretty significantly (he likes to drum) but no diagnosis. He doesn\u2019t like to talk about it but he was asking questions specific to autism at her last evaluation (she met all goals though) but those questions were dismissed pretty quickly because of her social skills.",
      "created_utc": 1749729026.0,
      "score": 1,
      "permalink": "/r/Parenting/comments/1l9jar4/headphones/mxd5v39/",
      "is_submitter": true,
      "edited": 1749729235.0,
      "stickied": false
    },
    {
      "id": "mxda2ab",
      "author": "MariaBelk",
      "body": "I would suggest keeping an eye out for autism traits as she gets older.  I have one kid who was very clearly autistic, but I also have two older kids who I have been thinking were neurotypical.  They are 10 and 11 now, and there school recent suggested that they be assessed for autism also (we're in the UK so it will be  long wait for an assessment).  I think with autistic kids with low support needs it can be hard to  notice the symptoms at a young age, as the social difficulties aren't noticeable until there are higher expectations for social skills.",
      "created_utc": 1749730696.0,
      "score": 2,
      "permalink": "/r/Parenting/comments/1l9jar4/headphones/mxda2ab/",
      "is_submitter": false,
      "edited": false,
      "stickied": false
    }
  ],
  "relevance": {
    "score": 5.5,
    "user_type": "parent",
    "pain_points": [
      "she adjusted but i could see headphones working too (i was looking for ours but couldn\u2019t find them and it seemed to resolve)",
      "we\u2019re planning on looking for headphones today her dad stims pretty significantly (he likes to drum) but no diagnosis"
    ],
    "keywords_found": [
      "autism"
    ],
    "sentiment_score": 0.9924,
    "age_relevance": true,
    "urgency_level": "low",
    "competitive_mentions": [],
    "timestamp": "2025-06-12T15:03:17.995286"
  }
}