{
  "subreddit": "homeschool",
  "post": {
    "id": "1l804r7",
    "title": "Father anxious to homeschool",
    "author": "Beneficial-Cap5279",
    "created_utc": 1749565642.0,
    "score": 8,
    "num_comments": 38,
    "url": "https://www.reddit.com/r/homeschool/comments/1l804r7/father_anxious_to_homeschool/",
    "selftext": "Hello. Im a stay at home father to 3 daughters of varying ages. I have always wanted to homeschool the 2 youngest but am afraid to do it wrong. The biggest hurdle I have come across is in trying to learn about and/or join co-ops. They are reasonably dominated by moms. I understand this, but this makes me nervous to join or go to an event. I have reached out to a few with varying results. 4 ignored me. 1 responded they were no longer operating. And the last let me know they were too far but woild answer any questions and were very nice. When I brought up my concerns they acknowledged and reaffirmed it would be more difficult being a father. Mothers tend to be leary of men watching or teaching children. I can understand this but it leaves me with little choice other than to try on my own and hope to succeed with my children. Anyways, I guess I am just wanting to know if this sentiment is universal or if there are times when fathers are accepted as a legitimate piece of the homeschool pie.\n\nEdit: I just wanted to thank everyone for the replies. I don't post much so I appreciate everyone's thoughts and advice and time with this. It's inspiring hope and some courage that it is very possible and probable that my daughters will benefit. I need to research more on the types of schooling and the materials involved. Tried a few with the youngest one but haven't found the right fit yet. Anyways you all are the absolute tops!!"
  },
  "comments": [
    {
      "id": "mx0wft0",
      "author": "OffTheBackOfTheCouch",
      "body": "You may have better luck looking for secular or non-religious groups. They tend to me more accepting of things outside the \u201cnorm\u201d",
      "created_utc": 1749566611.0,
      "score": 13,
      "permalink": "/r/homeschool/comments/1l804r7/father_anxious_to_homeschool/mx0wft0/",
      "is_submitter": false,
      "edited": false,
      "stickied": false
    },
    {
      "id": "mx0ud2q",
      "author": "Positive-Diver1417",
      "body": "I\u2019ve seen quite a few fathers that bring their kids on homeschool field trips. Perhaps there is a group like that near you. If not, you can probably start one yourself and arrange the field trips.",
      "created_utc": 1749566011.0,
      "score": 8,
      "permalink": "/r/homeschool/comments/1l804r7/father_anxious_to_homeschool/mx0ud2q/",
      "is_submitter": false,
      "edited": false,
      "stickied": false
    },
    {
      "id": "mx0v6se",
      "author": "UndecidedTace",
      "body": "Start your own.\u00a0 Start with a weekly playground meetup for homeschool kids.\u00a0 Or a weekly shortish hike and unstructured playtime or picnic lunch after.\u00a0 It's easy, low/no prep and stuff you will be doing with your kids anyways.\u00a0\u00a0\n\n\nOthers will join you.\u00a0 Where I live, Facebook is the primary place all these groups advertise and come together\u00a0",
      "created_utc": 1749566251.0,
      "score": 7,
      "permalink": "/r/homeschool/comments/1l804r7/father_anxious_to_homeschool/mx0v6se/",
      "is_submitter": false,
      "edited": false,
      "stickied": false
    },
    {
      "id": "mx0ysz8",
      "author": "WinoDamo",
      "body": "Been homeschooling my daughters since 2020.  It's weird at times being the only dude in the room or playground or whatever.  I got over it.  It's all about my kids man!  Maybe I've been fortunate, but I've never been treated poorly or like an outsider.  Being non-religious has been more of an issue honestly with groups and co-ops.  It has taken 4 years, but we've finally found a decent group of like minded folks and my girls are having their \"normal socialized experiences\".  We tried various co-ops and classes and all kinds of stuff.  Throw it all at the wall and hopefully something sticks, you know?!  \nI'm in a pretty populated area and I've found exactly 2 other \"Dads who do the homeschooling\".  I just own it...if someone has an issue or regards me differently they can just simply kiss my ass.  I don't need em!  I'm generally a humorous loudmouth in public so I think that helps offset the awkwardness sometimes.  It's certainly led to some interesting convos with the kids.  \nThe mere fact that you're concerned with \"doing it wrong\" means that you are 100% qualified to homeschool! You can't do it wrong.  You have your kids best interest at heart and in mind.  It can be a little rocky at times but what isn't?  You got this dude.  The relationship you'll develop with your kids is beyond amazing.  It's the best decision my wife and I ever made.",
      "created_utc": 1749567289.0,
      "score": 7,
      "permalink": "/r/homeschool/comments/1l804r7/father_anxious_to_homeschool/mx0ysz8/",
      "is_submitter": false,
      "edited": false,
      "stickied": false
    },
    {
      "id": "mx0ug29",
      "author": "Visual-Repair-5741",
      "body": "Man, people can be judgmental. I love involved fathers and I would love to run into them more often. I've definitely found places where fathers are as accepted as primary care givers as moms. I don't know about where you live, that might make a bit of a difference, but I'd definitely advice you to keep looking. Homeschooling is hard, so having some like-minded people around in a co-op or something similar is pretty nice",
      "created_utc": 1749566036.0,
      "score": 4,
      "permalink": "/r/homeschool/comments/1l804r7/father_anxious_to_homeschool/mx0ug29/",
      "is_submitter": false,
      "edited": false,
      "stickied": false
    },
    {
      "id": "mx0zk6i",
      "author": "Salty-Snowflake",
      "body": "Co-ops aren't necessary to homeschool successfully. Really.  Especially today!  We have so many options and I live in the boonies.  Within a 45 minute drive we have groups that just meet for park days, full co-ops, enrichment groups, a field trip group... search the name of the towns near you with \"homeschool\" on Facebook to find them. \n\nStart small and let people get to know you. \n\nWe had a dad in our small inclusive group years ago. It was more important to us that they were unschoolers and that he could keep up with our out of the box conversation.  \ud83e\udd23\n\nI recommend reading [How to Choose Homeschool Curriculum](https://cathyduffyreviews.com/homeschool-extras/parent-helps-and-how-to-books/general-parent-helps/how-to-choose-homeschool-curriculum) by Cathy Duffy, too. It's a great tool for new homeschoolers.",
      "created_utc": 1749567505.0,
      "score": 4,
      "permalink": "/r/homeschool/comments/1l804r7/father_anxious_to_homeschool/mx0zk6i/",
      "is_submitter": false,
      "edited": false,
      "stickied": false
    },
    {
      "id": "mx16trn",
      "author": "FullDesadulation",
      "body": "Our co-op has multiple dads involved. They also have a \"no adults alone with kids\" policy, so there are always two adults in every class. I'm surprised that this is such an issue, but maybe try suggesting this?",
      "created_utc": 1749569579.0,
      "score": 5,
      "permalink": "/r/homeschool/comments/1l804r7/father_anxious_to_homeschool/mx16trn/",
      "is_submitter": false,
      "edited": false,
      "stickied": false
    },
    {
      "id": "mx120ee",
      "author": "philosophyofblonde",
      "body": "Co-ops aren\u2019t the end-all be-all of anything. We mostly join regular after-school extracurricular and otherwise attend things like Open Gym for homeschool hours. Get involved with your local library. They might let you do a homeschool reading club if they don\u2019t already run a program like that and you can skip the co-op nonsense altogether. \n\nIf you\u2019re not bothered by religiosity, you could consider Classical conversations. I\u2019ll dog on their curriculum (I made posts\u2026for science\u2026with more coming because I\u2019m a glutton for punishment)\u2026and I do consider it to be entirely supplemental, BUT a lot of people do join it purely for the social stuff. Might be a tad pricey with 3 kids, but you\u2019d be facing down similar costs putting them into dance groups or whatever.",
      "created_utc": 1749568211.0,
      "score": 3,
      "permalink": "/r/homeschool/comments/1l804r7/father_anxious_to_homeschool/mx120ee/",
      "is_submitter": false,
      "edited": false,
      "stickied": false
    },
    {
      "id": "mx2797m",
      "author": "ggfangirl85",
      "body": "I\u2019d highly recommend getting on FB. That\u2019s where a lot of groups seem to post info and communicate. We just left a co-op (moved out of state) that had several involved dads. We were a religious co-op and the dads were loved for teaching and hanging out with other the kids. (Not everyone had strong male role models at home.)\n\nJust keep looking. But also know that co-op\u2019s aren\u2019t necessary! Show up to events for homeschoolers, library days, park days, local museum/farm homeschooler days. But I like I said, most of this info is through FB.",
      "created_utc": 1749579698.0,
      "score": 3,
      "permalink": "/r/homeschool/comments/1l804r7/father_anxious_to_homeschool/mx2797m/",
      "is_submitter": false,
      "edited": false,
      "stickied": false
    },
    {
      "id": "mx11mpx",
      "author": "_Jymn",
      "body": "In a lot of coops the parents actually teach a subject so the trust bar is relatively high right off the bat. At other activities like park meetups and field trip groups multiple parents stay and socialize so they could get to know you and you wouldn't jave the liability of being alone with other people's kids. \n\nFor young grades the academics isn't that hard--the groups are mostly to socialize. Buy a reasonably good curriculum and you won't need a coop. You can also do extracurriculars that aren't specifically for homeschoolers like sports and music lessons.\n\nFathers homeschooling is in the minority but I'm sure if you keep looking you will find people who think it's awesome--cuz it is!",
      "created_utc": 1749568103.0,
      "score": 2,
      "permalink": "/r/homeschool/comments/1l804r7/father_anxious_to_homeschool/mx11mpx/",
      "is_submitter": false,
      "edited": false,
      "stickied": false
    },
    {
      "id": "mx11r4l",
      "author": "QuintusCicerorocked",
      "body": "I don\u2019t think you necessarily need a co-op, especially at the beginning when they\u2019re younger. If you have some playdates, or a youth group, or even trips to the playground, they\u2019re going to be fine. You could take them on their own field trips even. Of course, you could try starting your own co-op as others have said too.\u00a0\nYou\u2019re being a great dad! Don\u2019t let anyone \u00a0tell you otherwise.\u00a0",
      "created_utc": 1749568138.0,
      "score": 2,
      "permalink": "/r/homeschool/comments/1l804r7/father_anxious_to_homeschool/mx11r4l/",
      "is_submitter": false,
      "edited": false,
      "stickied": false
    },
    {
      "id": "mx1dgbc",
      "author": "Someones_mom_5",
      "body": "I actually founded and run a homeschool co-op. I have a dad teaching for us in the fall! We have had a handful here and there throughout the years. I always welcome the dads, but it is true that most often it is the mom\u2019s staying home to home educate their kiddos. You can do this, just keep looking.",
      "created_utc": 1749571433.0,
      "score": 2,
      "permalink": "/r/homeschool/comments/1l804r7/father_anxious_to_homeschool/mx1dgbc/",
      "is_submitter": false,
      "edited": false,
      "stickied": false
    },
    {
      "id": "mx1ejt3",
      "author": "Luna81",
      "body": "My husband is the stay at home dad homeschooler at our house. And there are other dads at our coop too. I don\u2019t like that they told you they were too far. That\u2019s your decision to make.",
      "created_utc": 1749571745.0,
      "score": 2,
      "permalink": "/r/homeschool/comments/1l804r7/father_anxious_to_homeschool/mx1ejt3/",
      "is_submitter": false,
      "edited": false,
      "stickied": false
    },
    {
      "id": "mx206rw",
      "author": "sciliz",
      "body": "My Dad homeschooled me, and it was definitely the exception not the rule. I think it worked psychologically for him because of other roles he had played (e.g. being a manager on the baseball team instead of one of the players- he was relatively good at being \"part of the group\" without being \\*fully\\* the same as most of the group).   \nWe were not religious, and generally found secular homeschooling groups to be a better fit. I think the gender politics can be a bit different depending on that aspect.   \n\n\nJoining a co-op is not in any way necessary to do homeschooling right. We did do a fair amount of things with our local support group, but it simply wasn't structured such that not hosting lessons/activities was an issue.",
      "created_utc": 1749577745.0,
      "score": 2,
      "permalink": "/r/homeschool/comments/1l804r7/father_anxious_to_homeschool/mx206rw/",
      "is_submitter": false,
      "edited": false,
      "stickied": false
    },
    {
      "id": "mx20qwu",
      "author": "SirAbleoftheHH",
      "body": "Women usually teach the young ones but as the kids get older the father takes more and more of a role teaching history, literature, science, theology, etc so its not as unusual for Dad to be heavily involved in the day to day once they are older. \n\nYou will always be a bit of an outsider in those circles day to day. Just have to accept it. Just attend the groups, be a good member and help your children make friends until they are old enough to do that themselves.",
      "created_utc": 1749577897.0,
      "score": 2,
      "permalink": "/r/homeschool/comments/1l804r7/father_anxious_to_homeschool/mx20qwu/",
      "is_submitter": false,
      "edited": false,
      "stickied": false
    },
    {
      "id": "mx2bhn4",
      "author": "NICUmama25",
      "body": "Your girls are so lucky to have a dad like you!! First off when you take the plunge to homeschool it can be scary but remember you\u2019ve been teaching them since they were born and you can do this! If they are young remember lots of playing is great for them. I would look at facebook groups in your area a lot of times they post park playdates for anyone to join them. You\u2019ve got this! Mine are graduating and it\u2019s been great having them home with me since 2018.",
      "created_utc": 1749580898.0,
      "score": 2,
      "permalink": "/r/homeschool/comments/1l804r7/father_anxious_to_homeschool/mx2bhn4/",
      "is_submitter": false,
      "edited": false,
      "stickied": false
    },
    {
      "id": "mx4969c",
      "author": "Agreeable-Deer7526",
      "body": "We have a dad in our co-op and it\u2019s actually a really great asset for us. I would try secular groups. We also are more family oriented so sometimes moms and dads come. It may take a little more work but ask your local homeschool Facebook page.",
      "created_utc": 1749602260.0,
      "score": 2,
      "permalink": "/r/homeschool/comments/1l804r7/father_anxious_to_homeschool/mx4969c/",
      "is_submitter": false,
      "edited": false,
      "stickied": false
    },
    {
      "id": "mx2ervn",
      "author": "PorchieFlowers",
      "body": "I\u2019ve been homeschooling for 17 years. I think it is fantastic! I am a Christian mom who uses mostly Christian worldview curriculum, but I would be so happy to answer questions. I don\u2019t think it is odd at all, but commendable! I hope you make lots of wonderful memories with your kiddos!",
      "created_utc": 1749581824.0,
      "score": 1,
      "permalink": "/r/homeschool/comments/1l804r7/father_anxious_to_homeschool/mx2ervn/",
      "is_submitter": false,
      "edited": false,
      "stickied": false
    },
    {
      "id": "mx2f3ld",
      "author": "Snoo-88741",
      "body": "Unfortunately our local homeschool co-op explicitly bans men. Pisses me off, even though I'm a single mom.",
      "created_utc": 1749581915.0,
      "score": 1,
      "permalink": "/r/homeschool/comments/1l804r7/father_anxious_to_homeschool/mx2f3ld/",
      "is_submitter": false,
      "edited": 1749582597.0,
      "stickied": false
    },
    {
      "id": "mx4grrb",
      "author": "EducatorMoti",
      "body": "You're right, co-ops often consist of judgmental women. That's why in homeschooling my son, I teded toward groups that were led by men such as Boy scouts. \n\nCo-ops don\u2019t always work for everyone so it\u2019s worth trying other options Look into 4-H, Boy Scouts, Civil Air Patrol, or sports leagues through parks and rec.\n\nLibraries often have clubs too like chess, Lego, or reading groups \n\nAlso check for family-friendly events throughout your city such as astronomy nights with your local adult astronomy group, nature hikes, or workshops at loca art museums or history centers.\n\n I just kept my eyes open on our city's events page on their website, plus events in the county. I also found checked Facebook groups for other happenings throughout the year.\n\nAll of those experiences, of course, are educational. We still have the very cool cast of a footprint that we made at a nature center.\n\nAnd groups like Boy scouts or civil Air patrol can teach your kids to step into leadership positions and skills that school can never give them!",
      "created_utc": 1749604913.0,
      "score": 1,
      "permalink": "/r/homeschool/comments/1l804r7/father_anxious_to_homeschool/mx4grrb/",
      "is_submitter": false,
      "edited": false,
      "stickied": false
    },
    {
      "id": "mx4lrhn",
      "author": "NeatAd7661",
      "body": "So my husband is the stay at home dad and does most of the homeschool co-op stuff. We only join secular, progressive co-ops, and he's never gotten push back. Actually, he's on more friendly terms with the moms than I am when I take the kids! I will say though, I'm the one that does the initial sign up/questions etc, and then he just takes them (I don't tell them beforehand it will be my husband). He's also the one that has found our playdate families at the park as well. Just be friendly and open, and eventually you'll find the right fit.",
      "created_utc": 1749606664.0,
      "score": 1,
      "permalink": "/r/homeschool/comments/1l804r7/father_anxious_to_homeschool/mx4lrhn/",
      "is_submitter": false,
      "edited": false,
      "stickied": false
    },
    {
      "id": "mx21d79",
      "author": "NoKindnessIsWasted",
      "body": "I'm not a homeschool teacher but was involved in lots of playgroups.\nWe had so many men and the women seemed pretty psyched to have some guys around.  \nLots were firemen because they have so much time off.\n\nYou don't give your kids to people. They are just also there. \nWhat are you qualified to teach?  \n\nYou sound maybe socially anxious?  That may add a strange vibe.  It's just homeschooling. 1 in 5 of the stay at home parents are the dads.\n\nThis isn't very unusual - but likely varies by region. \n\nIf you are in a religious area I'm sure it will be way more women. Here in Massachusetts men are commonly the parent that is doing the childcare.   They were the folks at swim lessons, Audubon classes, and even girl scout campouts.",
      "created_utc": 1749578064.0,
      "score": 0,
      "permalink": "/r/homeschool/comments/1l804r7/father_anxious_to_homeschool/mx21d79/",
      "is_submitter": false,
      "edited": false,
      "stickied": false
    },
    {
      "id": "mx11j05",
      "author": "Brief-Chapter-4616",
      "body": "Single parents should not homeschool. Speaking from experience.",
      "created_utc": 1749568073.0,
      "score": -6,
      "permalink": "/r/homeschool/comments/1l804r7/father_anxious_to_homeschool/mx11j05/",
      "is_submitter": false,
      "edited": false,
      "stickied": false
    },
    {
      "id": "mx18o46",
      "author": "Beneficial-Cap5279",
      "body": "Funny thing is if I remember correctly, the one who responded and answered questions were religious based. I don't mind either way personally so long as my daughters can learn and grow and have a great experience.",
      "created_utc": 1749570103.0,
      "score": 5,
      "permalink": "/r/homeschool/comments/1l804r7/father_anxious_to_homeschool/mx18o46/",
      "is_submitter": true,
      "edited": false,
      "stickied": false
    },
    {
      "id": "mx0zv1r",
      "author": "Salty-Snowflake",
      "body": "I've seen this, too!  And both mom and dad at our nature classes.  So many young families homeschooling seem to have non-traditional jobs now, including one of my kids and her husband.",
      "created_utc": 1749567592.0,
      "score": 3,
      "permalink": "/r/homeschool/comments/1l804r7/father_anxious_to_homeschool/mx0zv1r/",
      "is_submitter": false,
      "edited": false,
      "stickied": false
    },
    {
      "id": "mx1894a",
      "author": "Beneficial-Cap5279",
      "body": "I would like this but wouldnt know where to begin. I think I will start with reading as much as I can about the process. Im not on Facebook but maybe would join for access to this.",
      "created_utc": 1749569985.0,
      "score": 3,
      "permalink": "/r/homeschool/comments/1l804r7/father_anxious_to_homeschool/mx1894a/",
      "is_submitter": true,
      "edited": false,
      "stickied": false
    },
    {
      "id": "mx1n1qq",
      "author": "Beneficial-Cap5279",
      "body": "I can truly understand the skepticism and or caution mothers would have. And I do appreciate them looking out for their children. I tell my daughters all the time I would always rather be safe but wrong, then aloof and have something happen. So im just hoping I can figure out a way to allow them the full experience in lieu of it all.",
      "created_utc": 1749574161.0,
      "score": 3,
      "permalink": "/r/homeschool/comments/1l804r7/father_anxious_to_homeschool/mx1n1qq/",
      "is_submitter": true,
      "edited": false,
      "stickied": false
    },
    {
      "id": "mx190a9",
      "author": "Ecksters",
      "body": "As a father, I don't think it's being judgemental as much as wanting to avoid the appearance of impropriety, frequently with homeschool groups you end up with only a couple moms showing up or sticking around by the end, and that gets a bit more awkward with a man.\n\nI understand in an ideal world we'd all overlook it and assume the best, but it's not unreasonable to be concerned about it.",
      "created_utc": 1749570196.0,
      "score": 0,
      "permalink": "/r/homeschool/comments/1l804r7/father_anxious_to_homeschool/mx190a9/",
      "is_submitter": false,
      "edited": 1749570463.0,
      "stickied": false
    },
    {
      "id": "mx1nqkt",
      "author": "Beneficial-Cap5279",
      "body": "Gonna read this now. Thank you very much for the inspiration and guidance!",
      "created_utc": 1749574351.0,
      "score": 2,
      "permalink": "/r/homeschool/comments/1l804r7/father_anxious_to_homeschool/mx1nqkt/",
      "is_submitter": true,
      "edited": false,
      "stickied": false
    },
    {
      "id": "mx2ioa6",
      "author": "Beneficial-Cap5279",
      "body": "Maybe this is where some of my confusion is. Aren't those extra trips and things through the coops? Im having a time finding out info so maybe im just not searching properly or maybe everything is on FB. But I would love to just try and find HS events to bring them to and meet people.",
      "created_utc": 1749582937.0,
      "score": 1,
      "permalink": "/r/homeschool/comments/1l804r7/father_anxious_to_homeschool/mx2ioa6/",
      "is_submitter": true,
      "edited": false,
      "stickied": false
    },
    {
      "id": "mx2jmwc",
      "author": "Beneficial-Cap5279",
      "body": "No more socially anxious than most I believe. I can certainly push through that and not present in a strange way. My wife compliments my ease with strangers often lol. In SE PA so it varies religion wise. I just think I may be searching incorrectly or putting more weight on it then needed as you pointed out. Thank you for the advice!",
      "created_utc": 1749583212.0,
      "score": 2,
      "permalink": "/r/homeschool/comments/1l804r7/father_anxious_to_homeschool/mx2jmwc/",
      "is_submitter": true,
      "edited": false,
      "stickied": false
    },
    {
      "id": "mx16s5k",
      "author": "Ok_Speaker942",
      "body": "What does that opinion have to do with this discussion? OP never said he\u2019s a single parent.",
      "created_utc": 1749569567.0,
      "score": 4,
      "permalink": "/r/homeschool/comments/1l804r7/father_anxious_to_homeschool/mx16s5k/",
      "is_submitter": false,
      "edited": false,
      "stickied": false
    },
    {
      "id": "mx17i9g",
      "author": "Beneficial-Cap5279",
      "body": "Not a single parent. Thank you though",
      "created_utc": 1749569773.0,
      "score": 4,
      "permalink": "/r/homeschool/comments/1l804r7/father_anxious_to_homeschool/mx17i9g/",
      "is_submitter": true,
      "edited": false,
      "stickied": false
    },
    {
      "id": "mx1dtk7",
      "author": "Someones_mom_5",
      "body": "Yikes! So many different situations out there, how are you able to make such a broad statement?",
      "created_utc": 1749571536.0,
      "score": 3,
      "permalink": "/r/homeschool/comments/1l804r7/father_anxious_to_homeschool/mx1dtk7/",
      "is_submitter": false,
      "edited": false,
      "stickied": false
    },
    {
      "id": "mx1gwbg",
      "author": "UndecidedTace",
      "body": "Just pick your favourite park and make a public\u00a0 group on FB for \"XYZ city Homeschool Payground meetup\". Every Wednesday at 10am, or whatever day/time work for you.\u00a0 Make it consistent so people can rely on it and plan around it.\u00a0 \u00a0Make an event for the meetup each week and post it in the group.\u00a0 You can share the event each week in other homeschool group FB pages.\n\n\nAs for your focus on joining coops, maybe try looking for a forest school or nature school that have a half day class or something once a week.\u00a0 You will soon connect with other families that way.",
      "created_utc": 1749572413.0,
      "score": 3,
      "permalink": "/r/homeschool/comments/1l804r7/father_anxious_to_homeschool/mx1gwbg/",
      "is_submitter": false,
      "edited": false,
      "stickied": false
    },
    {
      "id": "mx1niww",
      "author": "Beneficial-Cap5279",
      "body": "I agree. Unfortunately there are reasons for the stereotypes around men. I had experiences myself as a child with being pulled from cub scouts because my mother didnt trust the leader and turned out she was right. Anyways I wouldnt want to make people uncomfortable so im definitely trying to see all sides and appropriately respond.\n\nMy goodness i had \"around me\" instead of \"around men\". One letter can make a statement very very different.",
      "created_utc": 1749574292.0,
      "score": 5,
      "permalink": "/r/homeschool/comments/1l804r7/father_anxious_to_homeschool/mx1niww/",
      "is_submitter": true,
      "edited": 1749586902.0,
      "stickied": false
    },
    {
      "id": "mx2kp4p",
      "author": "ggfangirl85",
      "body": "Everything is on FB. Those are definitely not co-op things. Some do fields trips, but usually Co-ops meet once a week for classes.",
      "created_utc": 1749583517.0,
      "score": 2,
      "permalink": "/r/homeschool/comments/1l804r7/father_anxious_to_homeschool/mx2kp4p/",
      "is_submitter": false,
      "edited": false,
      "stickied": false
    },
    {
      "id": "mx3v96t",
      "author": "NoKindnessIsWasted",
      "body": "I think you'll be fine.\n\nOnce people get to know a person, that fear usually diminishes unless there are red flags.\n\nI wouldn't worry.",
      "created_utc": 1749597513.0,
      "score": 1,
      "permalink": "/r/homeschool/comments/1l804r7/father_anxious_to_homeschool/mx3v96t/",
      "is_submitter": false,
      "edited": false,
      "stickied": false
    }
  ],
  "relevance": {
    "score": 4,
    "user_type": "parent",
    "pain_points": [
      "anyways you all are the absolute tops!! you may have better luck looking for secular or non-religious groups",
      "as for your focus on joining coops, maybe try looking for a forest school or nature school that have a half day class or something once a week"
    ],
    "keywords_found": [
      "homeschool"
    ],
    "sentiment_score": 0.9999,
    "age_relevance": false,
    "urgency_level": "low",
    "competitive_mentions": [],
    "timestamp": "2025-06-12T14:48:36.534221"
  }
}