{
  "subreddit": "specialed",
  "post": {
    "id": "1l5tkbz",
    "title": "Looking for advice/insights on being a 12th grade case manager",
    "author": "thisismylife_82",
    "created_utc": 1749325917.0,
    "score": 2,
    "num_comments": 10,
    "url": "https://www.reddit.com/r/specialed/comments/1l5tkbz/looking_for_adviceinsights_on_being_a_12th_grade/",
    "selftext": "Hi all,\n\nI\u2019ll be transitioning from teaching elementary special education to 12th grade next school year. I taught 7th grade GenEd Language Arts for a couple years pre-COVID. \n\nIs anyone willing to share some experience with 12th grade case management, like things to keep in mind or things you weren\u2019t expecting when you started?\n\nThanks in advance!"
  },
  "comments": [
    {
      "id": "mwkhyys",
      "author": "nennaunir",
      "body": "Get really familiar with graduation requirements asap, and look over their transcripts to make sure they have completed or are in classes required for graduation. And then pray they pass! Find out what extras your state requires, like CPR, an industry certification test, personal finance, online class. Does your state have SOLs and verified credits? If so, that a whole set of rules to learn and stuff to follow up with for the kids. My state allows special permission but it's a process.\n\n\nAlso be ready to help students keep track of things like senior pictures, ordering cap and gown, senior trips, etc. Be ready to sign up to chaperone prom!",
      "created_utc": 1749338111.0,
      "score": 7,
      "permalink": "/r/specialed/comments/1l5tkbz/looking_for_adviceinsights_on_being_a_12th_grade/mwkhyys/",
      "is_submitter": false,
      "edited": false,
      "stickied": false
    },
    {
      "id": "mwlcniu",
      "author": "DankTomato2",
      "body": "Definitely keep transition planning and goals in mind. I think that\u2019s one of the biggest differences between secondary and elementary. Aside from this, I think it depends a lot on the exact population you\u2019re working with.",
      "created_utc": 1749349916.0,
      "score": 3,
      "permalink": "/r/specialed/comments/1l5tkbz/looking_for_adviceinsights_on_being_a_12th_grade/mwlcniu/",
      "is_submitter": false,
      "edited": false,
      "stickied": false
    },
    {
      "id": "mwn5yl0",
      "author": "faerie03",
      "body": "Don\u2019t get surprised by the transition summary of performance at the end of the year. Also check on their ability to graduate early in the year and be ready to keep bugging people about it. My admin doesn\u2019t  really seem to care until the last quarter when it becomes an emergency.",
      "created_utc": 1749384035.0,
      "score": 3,
      "permalink": "/r/specialed/comments/1l5tkbz/looking_for_adviceinsights_on_being_a_12th_grade/mwn5yl0/",
      "is_submitter": false,
      "edited": false,
      "stickied": false
    },
    {
      "id": "mwr5cyj",
      "author": "lydiar34",
      "body": "If you\u2019re going to be working with college bound kids, maybe look into helping them with getting accommodations at the schools they plan to go to. Figuring out what they need, both accommodation and paperwork wise. That was really helpful when I was a senior (I work in elementary now haha)",
      "created_utc": 1749431203.0,
      "score": 3,
      "permalink": "/r/specialed/comments/1l5tkbz/looking_for_adviceinsights_on_being_a_12th_grade/mwr5cyj/",
      "is_submitter": false,
      "edited": false,
      "stickied": false
    },
    {
      "id": "mwxhwdm",
      "author": "Actual_Comfort_4450",
      "body": "Get to know local organizations that help individuals with special needs. Remind parents that at 18 the student legally becomes an adult. If they have more of a severe disability, tell parents to start looking into guardianship ASAP.",
      "created_utc": 1749514871.0,
      "score": 1,
      "permalink": "/r/specialed/comments/1l5tkbz/looking_for_adviceinsights_on_being_a_12th_grade/mwxhwdm/",
      "is_submitter": false,
      "edited": false,
      "stickied": false
    },
    {
      "id": "mwkj3td",
      "author": "thisismylife_82",
      "body": "Thank you so much for the advice!!",
      "created_utc": 1749338515.0,
      "score": 2,
      "permalink": "/r/specialed/comments/1l5tkbz/looking_for_adviceinsights_on_being_a_12th_grade/mwkj3td/",
      "is_submitter": true,
      "edited": false,
      "stickied": false
    },
    {
      "id": "mwmvysa",
      "author": "thisismylife_82",
      "body": "Thanks!!",
      "created_utc": 1749378945.0,
      "score": 1,
      "permalink": "/r/specialed/comments/1l5tkbz/looking_for_adviceinsights_on_being_a_12th_grade/mwmvysa/",
      "is_submitter": true,
      "edited": false,
      "stickied": false
    },
    {
      "id": "mwq6ytb",
      "author": "thisismylife_82",
      "body": "Thank you!",
      "created_utc": 1749419166.0,
      "score": 1,
      "permalink": "/r/specialed/comments/1l5tkbz/looking_for_adviceinsights_on_being_a_12th_grade/mwq6ytb/",
      "is_submitter": true,
      "edited": false,
      "stickied": false
    },
    {
      "id": "mwsvx2w",
      "author": "thisismylife_82",
      "body": "Thank you!!!",
      "created_utc": 1749461042.0,
      "score": 1,
      "permalink": "/r/specialed/comments/1l5tkbz/looking_for_adviceinsights_on_being_a_12th_grade/mwsvx2w/",
      "is_submitter": true,
      "edited": false,
      "stickied": false
    },
    {
      "id": "mwrkf2s",
      "author": "lifeisbueno",
      "body": "As a mod/sev teacher and senior advisor to the whole senior class- this is so important! Make sure the students are following the canvas or Instagram where things are posted and getting their senior year stuff done! Senior pictures can start as early as the summer, cap/gown ordering as early as September. Stuff will be coming at them all year. My senior teachers and mild/mod case managers do a great job of making sure that students actually do what is asked of them.",
      "created_utc": 1749436699.0,
      "score": 3,
      "permalink": "/r/specialed/comments/1l5tkbz/looking_for_adviceinsights_on_being_a_12th_grade/mwrkf2s/",
      "is_submitter": false,
      "edited": false,
      "stickied": false
    }
  ],
  "relevance": {
    "score": 5.2,
    "user_type": "administrator",
    "pain_points": [],
    "keywords_found": [
      "special needs",
      "transition"
    ],
    "sentiment_score": 0.9978,
    "age_relevance": false,
    "urgency_level": "high",
    "competitive_mentions": [],
    "timestamp": "2025-06-12T14:58:17.821927"
  }
}