{
  "subreddit": "teachers",
  "post": {
    "id": "1l993ms",
    "title": "Advice on advancing my (private school) teaching career- what certification/degrees should I be looking at?",
    "author": "Equivalent-Map-7078",
    "created_utc": 1749688977.0,
    "score": 0,
    "num_comments": 2,
    "url": "https://www.reddit.com/r/Teachers/comments/1l993ms/advice_on_advancing_my_private_school_teaching/",
    "selftext": "Ok, I've hit a wall with Google. Every search result is for becoming a certified public school teacher in a state I plan to move out! I'm hoping y'all can help, thanks so much! \n\nI was doing a STEM degree when COVID hit, my finances dried up. So I've been teaching Pre-K/Kindergarten at private schools. I love teaching, I LOVE science, and have an excellent resume of experience. Due to this, I've gotten great jobs most couldn't without adegree/certifications. But I don't get paid as much as I could. I'm looking to improve that. \n\nI know I want to teach at private/alternative schools, not public. They allow more creative freedom and don't have as many formal degree/certification requirements. Also, I'm in TX and plan to move to CO in the next few years. My dream is being a full time science teacher/specialist for elementary or a chemistry (my favorite subject!) teacher for highschool. I'm already the de facto science teacher for preK/Kinder at a wonderful private school but I'd love to teach higher grade levels. I have the education, experience, and expertise to do it, just not the paperwork! \n\nSo r/Teachers where do I start to achieve this? Teacher certification even though I plan to move states? Associates or online bachelor's degree? Again, I don't want to teach public schools (no offense, I just like the freedom private schools offer!). I'm looking for some streamlined suggestions to advance my career and boost my earning potential. Thank you for the advice! \n\n\n\n"
  },
  "comments": [
    {
      "id": "mxauya1",
      "author": "HistoricalMum",
      "body": "I\u2019d look and see if there\u2019s an online teacher cert program where you\u2019re moving to. While most private schools don\u2019t care completely about the cert it will definitely give you a leg up. While most private schools care most about your content knowledge they want to make sure you know how to lesson plan classroom management etc. \n\nAnother tip apply for everything",
      "created_utc": 1749689620.0,
      "score": 1,
      "permalink": "/r/Teachers/comments/1l993ms/advice_on_advancing_my_private_school_teaching/mxauya1/",
      "is_submitter": false,
      "edited": false,
      "stickied": false
    },
    {
      "id": "mxax8bd",
      "author": "eeyorey",
      "body": "You should reach out to private schools in the area you are moving to. Many private schools still require state certification, but some are able to employ non-certified teachers. It will likely be different from school to school so your best bet is to check the requirements at each school directly. There may be information in the job postings or HR page on the website as well.",
      "created_utc": 1749690439.0,
      "score": 1,
      "permalink": "/r/Teachers/comments/1l993ms/advice_on_advancing_my_private_school_teaching/mxax8bd/",
      "is_submitter": false,
      "edited": false,
      "stickied": false
    }
  ],
  "relevance": {
    "score": 4.4,
    "user_type": "teacher",
    "pain_points": [
      "i'm looking for some streamlined suggestions to advance my career and boost my earning potential"
    ],
    "keywords_found": [
      "kindergarten"
    ],
    "sentiment_score": 0.9984,
    "age_relevance": true,
    "urgency_level": "low",
    "competitive_mentions": [],
    "timestamp": "2025-06-12T14:54:20.185134"
  }
}