{
  "subreddit": "speechtherapy",
  "post": {
    "id": "1h8o2zn",
    "title": "2 year old speech delayed and humming",
    "author": "Broken_record19",
    "created_utc": 1733559734.0,
    "score": 2,
    "num_comments": 5,
    "url": "https://www.reddit.com/r/SpeechTherapy/comments/1h8o2zn/2_year_old_speech_delayed_and_humming/",
    "selftext": "Hi everyone, my son is 2 year old and speech delayed. While he is able to understand most of what we are saying he is not able to speak. His words are limited to ma, pa. We have been working on him at home, at times he speaks words (4-5, wa for water...like that), but do not repeat on every occasion. For the past couple of days he has also started humming, for eg. when we took him out yesterday, he saw the open garden and started running and humming. This morning as well he was humming alot after waking up. We have been pushing him to talk, by creating the need, gestures etc. He does a mix of taking us to the thing he need as well as point sometimes. I am unable to understand if his eye contact is good or bad. He will look in my eye when playing or doing fun activities or when I walk into room and call his name, but ignores me if playing, watching TV. Should I be worried for autism, is humming a type of stemming. Do toddlers hum commonly when trying to speak. I am really worried.\nBesides this his dentist visit also highlighted he has moderate tongue tie and some lip tie. It's not severe enough to take immediate action, but am wondering if moderate tie might be causing his speech delay.\nP.S: he is also going teething (molars) which is causing him excessive pain, which is keeping him up all night inspite of pain killers.\nPlease advise, I am thoroughly confused and scared.\n\nEdit: I forgot to mention he also seems hyperactive, like I mentioned above he likes to run in open space. If we take him to garden, he is less interested in swings and more in running on side lanes."
  },
  "comments": [
    {
      "id": "m0v1p5l",
      "author": "mffson",
      "body": "I would advise a speech therapy and if you live anywhere with public services, get him on a waitlist for an ASD assessment. Otherwise, the speech therapist will be able to help answer a lot of your questions, and if there are autism red flags she might be able to point them out - and refer you for a neurodevelopmental assessment.\nThe tongue tie could be slightly contributing but likely isn't the main cause -its usually pretty rare that it is.\u00a0",
      "created_utc": 1733576158.0,
      "score": 2,
      "permalink": "/r/SpeechTherapy/comments/1h8o2zn/2_year_old_speech_delayed_and_humming/m0v1p5l/",
      "is_submitter": false,
      "edited": false,
      "stickied": false
    },
    {
      "id": "m56emod",
      "author": "Turbulent_Skin_1638",
      "body": "Hi! I second the previous recommendations! Early Intervention services through the state, Speech therapy prescription from Pediatrician to get him evaluated and pediatric neurologist appointment. Good luck momma!",
      "created_utc": 1735910266.0,
      "score": 1,
      "permalink": "/r/SpeechTherapy/comments/1h8o2zn/2_year_old_speech_delayed_and_humming/m56emod/",
      "is_submitter": false,
      "edited": false,
      "stickied": false
    },
    {
      "id": "m0xerv8",
      "author": "Imaginary_Concept_10",
      "body": "I don\u2019t know where you live but if in the US, I\u2019d suggest you enroll in early intervention. The wait times are insane\u2026 you have to be pushy to get an appointment for evaluation + recurring appointments thereafter.\n\nYour son could be slightly autistic but he\u2019s still very young so with the right therapy you can wire his brain in a way that he\u2019ll develop to be a typical boy.",
      "created_utc": 1733605065.0,
      "score": 0,
      "permalink": "/r/SpeechTherapy/comments/1h8o2zn/2_year_old_speech_delayed_and_humming/m0xerv8/",
      "is_submitter": false,
      "edited": false,
      "stickied": false
    },
    {
      "id": "m0zrm4e",
      "author": "Broken_record19",
      "body": "Thanks, yeah we are trying to get on list with developmental pediatrician and get refer for speech therapist. Plus trying to learn at home activities",
      "created_utc": 1733637522.0,
      "score": 1,
      "permalink": "/r/SpeechTherapy/comments/1h8o2zn/2_year_old_speech_delayed_and_humming/m0zrm4e/",
      "is_submitter": true,
      "edited": false,
      "stickied": false
    },
    {
      "id": "m0zrs09",
      "author": "Broken_record19",
      "body": "Thanks, yeah we have a developmental pediatrician waitlist appointment in 2 weeks, our aim is to discuss the areas we need to work and get started on.",
      "created_utc": 1733637607.0,
      "score": 1,
      "permalink": "/r/SpeechTherapy/comments/1h8o2zn/2_year_old_speech_delayed_and_humming/m0zrs09/",
      "is_submitter": true,
      "edited": false,
      "stickied": false
    }
  ],
  "relevance": {
    "score": 8.8,
    "user_type": "therapist",
    "pain_points": [
      "hi! i second the previous recommendations! early intervention services through the state, speech therapy prescription from pediatrician to get him evaluated and pediatric neurologist appointment"
    ],
    "keywords_found": [
      "autism",
      "speech therapy",
      "toddler"
    ],
    "sentiment_score": 0.9701,
    "age_relevance": true,
    "urgency_level": "low",
    "competitive_mentions": [],
    "timestamp": "2025-06-12T15:00:19.471967"
  }
}