{
  "subreddit": "preschool",
  "post": {
    "id": "1kti19g",
    "title": "What would you do? Both of our twins primary teachers fired in one week\u2026",
    "author": "Chris_HitTheOver",
    "created_utc": 1748002475.0,
    "score": 78,
    "num_comments": 97,
    "url": "https://www.reddit.com/r/preschool/comments/1kti19g/what_would_you_do_both_of_our_twins_primary/",
    "selftext": "For context, our three year old twins are in the same room in the same preschool, and over the course of three days this week, we were told both of their primary teachers (there are aides and backups so I thought I\u2019d make the distinction) were fired. We were told about one Wednesday afternoon, and the other this morning.\n\nWhen I asked for more details about what happened I was told they couldn\u2019t discuss personnel matters, and assured me it had nothing to do with the children or their safety, but that ultimately both teachers weren\u2019t complying with a particular center policy. I assume, but don\u2019t know for sure, they were in violation of the same policy.\n\nPart of me feels I should be pressing pretty hard for more answers, as these two teachers have spent about 40 hours a week with my kids for the last year+. The other part of me did feel somewhat reassured by the directors swift and seemingly genuine response to my initial ask for more information - for whatever it\u2019s worth, in the moment it certainly didn\u2019t seem she was being anything less than honest. \n\nWhat would you do? Would you push the center for more details or let it be?"
  },
  "comments": [
    {
      "id": "mttm7x3",
      "author": "Ill-Relationship-890",
      "body": "They can\u2019t divulge any more information. Unfortunately, you only hear rumors if you talk to other parents.  And, really as long as they were taking care of your kids and your kids were not in danger It\u2019s really not your business.",
      "created_utc": 1748002606.0,
      "score": 24,
      "permalink": "/r/preschool/comments/1kti19g/what_would_you_do_both_of_our_twins_primary/mttm7x3/",
      "is_submitter": false,
      "edited": false,
      "stickied": false
    },
    {
      "id": "mttzd8v",
      "author": "tra_da_truf",
      "body": "If they told you it had nothing to do with your children, then you gotta just believe them. It wouldn\u2019t benefit them to lie about it.\n\nThere\u2019s lots of other personnel issues that aren\u2019t child related. The last person that got fired at my job was for a no call/no show. We didn\u2019t need to tell parents about that.",
      "created_utc": 1748007147.0,
      "score": 18,
      "permalink": "/r/preschool/comments/1kti19g/what_would_you_do_both_of_our_twins_primary/mttzd8v/",
      "is_submitter": false,
      "edited": false,
      "stickied": false
    },
    {
      "id": "mtuobtn",
      "author": "Icy-Concept8822",
      "body": "Anything concerning will probably make its way into their records with the state. In my state, those are viewable online (with a slight delay due to scanning them in).",
      "created_utc": 1748014489.0,
      "score": 7,
      "permalink": "/r/preschool/comments/1kti19g/what_would_you_do_both_of_our_twins_primary/mtuobtn/",
      "is_submitter": false,
      "edited": false,
      "stickied": false
    },
    {
      "id": "mtv8989",
      "author": "LentilMama",
      "body": "I worked at a daycare where if you turned in your 2 weeks or the director heard a rumor that you were looking for other jobs, you got fired. I was fired for \u201cviolating hipaa.\u201d  (Hint. Only medical people can violate hipaa, not preschool teachers) I had told a parent that another teacher was out because they had a covid exposure and a fever and was waiting test results. (This was in early covid when results took forever.) The state had told us to alert parents and my coteacher has given me permission to say it was her and not a child because then the parents would know that it was someone who masked properly and didn\u2019t lick toys. (Ya know, like a child would.) My director knew that I was looking for another job, and I went bye bye. The parents were told I was fired for undisclosed reasons not related to children. My Coworker was also then fired for violating her own hipaa (?)when she put in her 2 weeks about a month later and parents were told the same. \n\nSome directors think it make it looks like they are on top of things if they \u201cfire\u201d a lot of staff as opposed to having excess turnover.",
      "created_utc": 1748020136.0,
      "score": 6,
      "permalink": "/r/preschool/comments/1kti19g/what_would_you_do_both_of_our_twins_primary/mtv8989/",
      "is_submitter": false,
      "edited": false,
      "stickied": false
    },
    {
      "id": "mtubqha",
      "author": "casey6282",
      "body": "Former HR professional here as well as ECE teacher of almost a decade.\n\nIn most states, you are opening yourself up to a lawsuit by disclosing the reason someone was terminated. You can verify employment title and duration of employment during a reference check and that is about it. \n\nThe daycare director is a mandated reporter; if they are ethical and these teachers were doing something inappropriate, they would be reporting them ASAP. \n\nYou\u2019re going to have to let this one go because you won\u2019t get anywhere with it.",
      "created_utc": 1748010917.0,
      "score": 4,
      "permalink": "/r/preschool/comments/1kti19g/what_would_you_do_both_of_our_twins_primary/mtubqha/",
      "is_submitter": false,
      "edited": false,
      "stickied": false
    },
    {
      "id": "mtwgmvw",
      "author": "reduff",
      "body": "Cell phone use is another big no-no.",
      "created_utc": 1748033297.0,
      "score": 4,
      "permalink": "/r/preschool/comments/1kti19g/what_would_you_do_both_of_our_twins_primary/mtwgmvw/",
      "is_submitter": false,
      "edited": false,
      "stickied": false
    },
    {
      "id": "mtu7149",
      "author": "autumnfire1414",
      "body": "I wouldn't worry. There are a lot of requirements for licensing in preschools. Every i must be dotted, every t must be crossed. It may be as simple as these teachers got written up too many times for paperwork violations. If you, as an owner, let that slide, you are risking your license. Unless you have reason not to believe them, I'd let it go.",
      "created_utc": 1748009538.0,
      "score": 3,
      "permalink": "/r/preschool/comments/1kti19g/what_would_you_do_both_of_our_twins_primary/mtu7149/",
      "is_submitter": false,
      "edited": false,
      "stickied": false
    },
    {
      "id": "mtuut6f",
      "author": "Vicious_Tiger_4",
      "body": "I would go on about my day. My daughter has lost hers TWICE and now she has the best one, by far.",
      "created_utc": 1748016299.0,
      "score": 3,
      "permalink": "/r/preschool/comments/1kti19g/what_would_you_do_both_of_our_twins_primary/mtuut6f/",
      "is_submitter": false,
      "edited": false,
      "stickied": false
    },
    {
      "id": "mtxvibx",
      "author": "HookerInAYellowDress",
      "body": "I\u2019ve run a daycare for ten years. I\u2019ve fired 50+ people and only one ever was due to something with a child (and yes the family was told). Most have been \u201cpersonnel\u201d such as frequently late/calling in, and consistent problems with coworkers, didn\u2019t carry their weight, etc\u2026.",
      "created_utc": 1748051352.0,
      "score": 3,
      "permalink": "/r/preschool/comments/1kti19g/what_would_you_do_both_of_our_twins_primary/mtxvibx/",
      "is_submitter": false,
      "edited": false,
      "stickied": false
    },
    {
      "id": "mtufxym",
      "author": "michelle427",
      "body": "If it\u2019s something that really bothers you, you can move them to another school.",
      "created_utc": 1748012122.0,
      "score": 2,
      "permalink": "/r/preschool/comments/1kti19g/what_would_you_do_both_of_our_twins_primary/mtufxym/",
      "is_submitter": false,
      "edited": false,
      "stickied": false
    },
    {
      "id": "mtuv0x1",
      "author": "XFilesVixen",
      "body": "This is why I friend everyone on FB and get the hot goss.\nI don\u2019t care if this is unpopular.",
      "created_utc": 1748016361.0,
      "score": 2,
      "permalink": "/r/preschool/comments/1kti19g/what_would_you_do_both_of_our_twins_primary/mtuv0x1/",
      "is_submitter": false,
      "edited": false,
      "stickied": false
    },
    {
      "id": "mtv9f1g",
      "author": "Caitlin11790",
      "body": "Hi! This just happened to my daughter\u2019s teacher yesterday. Although, it didn\u2019t say fired, it just said \u201cshe is no longer employed at this school.\u201d All we got was a message on seesaw. My husband and I sat our daughter down and told her. It didn\u2019t go great. She\u2019s a sensitive kiddo and adores her teacher, and so do we. Dropped her off this morning and the preschool director didn\u2019t mention anything. Thankfully I have her now former teachers number, and I am going to reach out to her in a few days to see how she\u2019s doing. It came out of nowehere and we were really surprised",
      "created_utc": 1748020463.0,
      "score": 2,
      "permalink": "/r/preschool/comments/1kti19g/what_would_you_do_both_of_our_twins_primary/mtv9f1g/",
      "is_submitter": false,
      "edited": false,
      "stickied": false
    },
    {
      "id": "mtw24wh",
      "author": "These_Mycologist132",
      "body": "There are a lot of petty technicality behind the scenes reasons a teacher could be fired. It\u2019s doubtful it had anything to do with behaviors towards the kids, and if anything wrong was occurring your kids would have been old enough to tell you about it.",
      "created_utc": 1748028892.0,
      "score": 2,
      "permalink": "/r/preschool/comments/1kti19g/what_would_you_do_both_of_our_twins_primary/mtw24wh/",
      "is_submitter": false,
      "edited": false,
      "stickied": false
    },
    {
      "id": "mu7nhxd",
      "author": "jmurphy42",
      "body": "You\u2019re not going to get any more information.\n\nFWIW, I had a similar situation with my oldest in her 4 year old room, except I know exactly what happened because it was their treatment of my child that caused it.\n\nShe had bad asthma and it was flaring up. Her old inhaler had just run out so we sent in a brand new one. We got it back at the end of the day (it travelled back and forth in her backpack) and there were zero puffs missing (inhalers have a dial that counts down how many doses remain). The daily sheet from daycare claimed they\u2019d given her 6 puffs over the course of the day. The main teacher in the room insisted the inhaler must be defective, but it worked perfectly for us. The assistant teacher admitted that the main teacher refused to have either of them administer it and was handing it to my child and telling her to do it herself \u2014 which she didn\u2019t know how to do since our pulmonologist said kids aren\u2019t old enough to self-administer inhalers until at least kindergarten.",
      "created_utc": 1748197285.0,
      "score": 2,
      "permalink": "/r/preschool/comments/1kti19g/what_would_you_do_both_of_our_twins_primary/mu7nhxd/",
      "is_submitter": false,
      "edited": false,
      "stickied": false
    },
    {
      "id": "mu7tfbp",
      "author": "uptownbrowngirl",
      "body": "The policy is not safety driven but it\u2019s important enough to the daycare that they\u2019d fire someone over it??? That doesn\u2019t pass the sniff test to me. I\u2019d be asking A LOT of questions and figuring out if they have lots a habit of losing folks.",
      "created_utc": 1748199156.0,
      "score": 2,
      "permalink": "/r/preschool/comments/1kti19g/what_would_you_do_both_of_our_twins_primary/mu7tfbp/",
      "is_submitter": false,
      "edited": false,
      "stickied": false
    },
    {
      "id": "mudpygw",
      "author": "Late-Rutabaga6238",
      "body": "Is this a church or religiously affiliated preschool? Cause I know some have \"morality\" clauses (think having an affair or sex outside of marriage or even drinking alcohol)",
      "created_utc": 1748282768.0,
      "score": 2,
      "permalink": "/r/preschool/comments/1kti19g/what_would_you_do_both_of_our_twins_primary/mudpygw/",
      "is_submitter": false,
      "edited": false,
      "stickied": false
    },
    {
      "id": "muiswnr",
      "author": "Confident_Volume_285",
      "body": "I would push. I would also ask your twins details about class. Are there any other teachers you feel comfortable with that you could ask? I say this as a parent of a child who was slammed to the ground at daycare so hard that it prompted a staff member to send out an anonymous email. The teacher who did it has already been fired, but the owners lied to us about the incident, assured us our kid was safe, and did everything they could to try to brush the issue under the rug. We found out more details from other teachers who told us the teacher in question would slam the kids down if they woke up during nap, hit them if the weren\u2019t cooperating with getting shoes on, and force them to stay at their lunch tables until they ate all of their food. This was a class of 1-2 year olds. Think about any red flags of your kids\u2019 behavior, too. Our kiddo and several others cried uncontrollably at drop off, but we thought it was just a developmental thing. Trust your gut if something doesn\u2019t feel right.",
      "created_utc": 1748356482.0,
      "score": 2,
      "permalink": "/r/preschool/comments/1kti19g/what_would_you_do_both_of_our_twins_primary/muiswnr/",
      "is_submitter": false,
      "edited": false,
      "stickied": false
    },
    {
      "id": "mtydvhv",
      "author": "Necessary-Reality288",
      "body": "I would leave, it takes a lot to fire two teachers mid year. There are more issues at the school than the two teachers and the classroom. As someone who\u2019s worked in preschools for 15 years. I\u2019ve had co teachers have their own kids taken by DCF and still worked alone with kids everyday.",
      "created_utc": 1748058794.0,
      "score": 1,
      "permalink": "/r/preschool/comments/1kti19g/what_would_you_do_both_of_our_twins_primary/mtydvhv/",
      "is_submitter": false,
      "edited": false,
      "stickied": false
    },
    {
      "id": "mu6zn4p",
      "author": "landsnail16",
      "body": "You may be able to check out the licensing website/registry depending on where you live. \n\nI\u2019m in TX and that\u2019s how we found out a kid escaped to the parking lot alone. The center actually didn\u2019t notify the parents when it occurred and that\u2019s what caused them to be given a violation.\n\nETA: we also discovered the employee and director were fired as a result of the incident because it was noted in the state\u2019s report. Other than that I don\u2019t think you really have the standing to further inquire, especially if they\u2019ve already declined giving you an answer.",
      "created_utc": 1748190220.0,
      "score": 1,
      "permalink": "/r/preschool/comments/1kti19g/what_would_you_do_both_of_our_twins_primary/mu6zn4p/",
      "is_submitter": false,
      "edited": 1748210533.0,
      "stickied": false
    },
    {
      "id": "mu7sysq",
      "author": "PCBassoonist",
      "body": "Their lawyers probably said to not discuss it, so you won't get anymore information out of them. They don't want a wrongful termination lawsuit.\u00a0",
      "created_utc": 1748199013.0,
      "score": 1,
      "permalink": "/r/preschool/comments/1kti19g/what_would_you_do_both_of_our_twins_primary/mu7sysq/",
      "is_submitter": false,
      "edited": false,
      "stickied": false
    },
    {
      "id": "mu8jveh",
      "author": "Ishinehappiness",
      "body": "They could\u2019ve been inappropriate at work but not around children. Making out in the break room or something. \nUnfortunately two lead teachers got fired at my school for inappropriate behavior around kids but they were like butt smacking each other and other slightly off comments you shouldn\u2019t say around kids. Nothing overt but not something you want to happen around a bunch of impressionable 3 and 4 year olds.",
      "created_utc": 1748207577.0,
      "score": 1,
      "permalink": "/r/preschool/comments/1kti19g/what_would_you_do_both_of_our_twins_primary/mu8jveh/",
      "is_submitter": false,
      "edited": false,
      "stickied": false
    },
    {
      "id": "mu8oma7",
      "author": "Inevitable_Company84",
      "body": "Are you certain they were let go - or are they just gone?",
      "created_utc": 1748209177.0,
      "score": 1,
      "permalink": "/r/preschool/comments/1kti19g/what_would_you_do_both_of_our_twins_primary/mu8oma7/",
      "is_submitter": false,
      "edited": false,
      "stickied": false
    },
    {
      "id": "mu9bebn",
      "author": "jacquiwithacue",
      "body": "Honestly they shouldn\u2019t have even disclosed that the staff members were terminated for cause. That\u2019s really more information than you need to know. I\u2019m a former daycare director and I\u2019ve probably fired over a dozen people and it\u2019s almost never related to the health & safety of the children, so I suggest you don\u2019t overthink it.\n\nYour only questions should be inquiring about how they are supporting the students with this sudden lapse in continuity of care.\u00a0",
      "created_utc": 1748217403.0,
      "score": 1,
      "permalink": "/r/preschool/comments/1kti19g/what_would_you_do_both_of_our_twins_primary/mu9bebn/",
      "is_submitter": false,
      "edited": false,
      "stickied": false
    },
    {
      "id": "mua9i54",
      "author": "According_Thought_27",
      "body": "I've heard of this happening a few times. \nThe reasons I've seen are: \n1) posting about the job on social media \n2) babysitting for center families when policy prohibits it\n3) gossiping about coworkers \n4) cell phones out at work\n5) failing a drug test\n\nI wouldn't overthink it. It is unfortunate but my first thought would be that its a green flag that they are holding staff accountable to center policies.",
      "created_utc": 1748230553.0,
      "score": 1,
      "permalink": "/r/preschool/comments/1kti19g/what_would_you_do_both_of_our_twins_primary/mua9i54/",
      "is_submitter": false,
      "edited": false,
      "stickied": false
    },
    {
      "id": "mub1837",
      "author": "quizzicalturnip",
      "body": "Legally the directors can\u2019t tell you, but that doesn\u2019t mean that other teachers won\u2019t give you the inside scoop on the DL.",
      "created_utc": 1748244635.0,
      "score": 1,
      "permalink": "/r/preschool/comments/1kti19g/what_would_you_do_both_of_our_twins_primary/mub1837/",
      "is_submitter": false,
      "edited": false,
      "stickied": false
    },
    {
      "id": "mubolot",
      "author": "External-Meaning-536",
      "body": "They can\u2019t disclose any information. If you are being nosey or really concerned see if they are on social media media and ask them their business.",
      "created_utc": 1748258180.0,
      "score": 1,
      "permalink": "/r/preschool/comments/1kti19g/what_would_you_do_both_of_our_twins_primary/mubolot/",
      "is_submitter": false,
      "edited": false,
      "stickied": false
    },
    {
      "id": "mudyez2",
      "author": "chickadeedadee2185",
      "body": "What you should be asking is about their replacements. It sounds like there are aides, but what about primary teachers. You are paying and trusting the center with what you were promised.",
      "created_utc": 1748285343.0,
      "score": 1,
      "permalink": "/r/preschool/comments/1kti19g/what_would_you_do_both_of_our_twins_primary/mudyez2/",
      "is_submitter": false,
      "edited": false,
      "stickied": false
    },
    {
      "id": "muefycq",
      "author": "Maddie215",
      "body": "It was for violation of a center policy. It might be as simple as they were on their phones in the classroom. If the school says the children were not in danger I'd drop it.",
      "created_utc": 1748290884.0,
      "score": 1,
      "permalink": "/r/preschool/comments/1kti19g/what_would_you_do_both_of_our_twins_primary/muefycq/",
      "is_submitter": false,
      "edited": false,
      "stickied": false
    },
    {
      "id": "muf0e2n",
      "author": "14ccet1",
      "body": "You\u2019re not entitled to those answers.",
      "created_utc": 1748297501.0,
      "score": 1,
      "permalink": "/r/preschool/comments/1kti19g/what_would_you_do_both_of_our_twins_primary/muf0e2n/",
      "is_submitter": false,
      "edited": false,
      "stickied": false
    },
    {
      "id": "mufi109",
      "author": "EssentiallyVelvet",
      "body": "You can look up center violations. If it has nothing to do with that, and it's personal, the you can just switch schools. Maybe they were both constantly tardy.",
      "created_utc": 1748303762.0,
      "score": 1,
      "permalink": "/r/preschool/comments/1kti19g/what_would_you_do_both_of_our_twins_primary/mufi109/",
      "is_submitter": false,
      "edited": false,
      "stickied": false
    },
    {
      "id": "mufvpjo",
      "author": "bonitaruth",
      "body": "Common sense tells you that something is very very wrong. If you don\u2019t get satisfying answers consider changing schools.",
      "created_utc": 1748308775.0,
      "score": 1,
      "permalink": "/r/preschool/comments/1kti19g/what_would_you_do_both_of_our_twins_primary/mufvpjo/",
      "is_submitter": false,
      "edited": false,
      "stickied": false
    },
    {
      "id": "mugplkr",
      "author": "abiggscarymonster",
      "body": "Someone somewhere knows something. Keep asking around.",
      "created_utc": 1748320705.0,
      "score": 1,
      "permalink": "/r/preschool/comments/1kti19g/what_would_you_do_both_of_our_twins_primary/mugplkr/",
      "is_submitter": false,
      "edited": false,
      "stickied": false
    },
    {
      "id": "mukjy00",
      "author": "littlemybb",
      "body": "It could range from being late often, not following certain rules they have but it doesn\u2019t put any kids in danger, to being on their phone a lot.",
      "created_utc": 1748374328.0,
      "score": 1,
      "permalink": "/r/preschool/comments/1kti19g/what_would_you_do_both_of_our_twins_primary/mukjy00/",
      "is_submitter": false,
      "edited": false,
      "stickied": false
    },
    {
      "id": "mulholc",
      "author": "No_Towel_8109",
      "body": "I would attempt to extract more information and I would also immediately enroll my children in therapy in case they're lying about the impact that this policy violation may have had on the kids.\u00a0\n\n\nSpecifically I would ask if there were any legal ramifications of this policy violation.\u00a0\n\n\nAnd for a copy of all of their policies.",
      "created_utc": 1748384326.0,
      "score": 1,
      "permalink": "/r/preschool/comments/1kti19g/what_would_you_do_both_of_our_twins_primary/mulholc/",
      "is_submitter": false,
      "edited": false,
      "stickied": false
    },
    {
      "id": "muo1yvf",
      "author": "organiccarrotbread",
      "body": "Am I the only one that would just reach out directly to the teachers to ask?",
      "created_utc": 1748422762.0,
      "score": 1,
      "permalink": "/r/preschool/comments/1kti19g/what_would_you_do_both_of_our_twins_primary/muo1yvf/",
      "is_submitter": false,
      "edited": false,
      "stickied": false
    },
    {
      "id": "muoqcy8",
      "author": "MagnoliasandMums",
      "body": "Follow your gut feeling",
      "created_utc": 1748434553.0,
      "score": 1,
      "permalink": "/r/preschool/comments/1kti19g/what_would_you_do_both_of_our_twins_primary/muoqcy8/",
      "is_submitter": false,
      "edited": false,
      "stickied": false
    },
    {
      "id": "muoqqfq",
      "author": "MagnoliasandMums",
      "body": "File an open records request about it. If there was a police report made they\u2019ll give you that. Oooor if the childcare center receives any taxdollars, they\u2019re open to the open records laws. Some states may be different, but I\u2019m pretty sure that\u2019s a new federal law.",
      "created_utc": 1748434695.0,
      "score": 1,
      "permalink": "/r/preschool/comments/1kti19g/what_would_you_do_both_of_our_twins_primary/muoqqfq/",
      "is_submitter": false,
      "edited": false,
      "stickied": false
    },
    {
      "id": "mup8gia",
      "author": "No_Degree1081",
      "body": "I\u2019d switch schools.",
      "created_utc": 1748440690.0,
      "score": 1,
      "permalink": "/r/preschool/comments/1kti19g/what_would_you_do_both_of_our_twins_primary/mup8gia/",
      "is_submitter": false,
      "edited": false,
      "stickied": false
    },
    {
      "id": "mutk0v5",
      "author": "Initial_Entrance9548",
      "body": "I feel your frustration. At least they told you.   I started noticing on my child's daily paper that the name was different, and the new person wasn't writing how much LO ate (which is something I need to know).  So I was talking to the new person:\nMe: I've noticed that Ms X and Ms Y are no longer here, and I need....\nHer: Oh, I'm not allowed to talk about that. \nMe: \nMe: I just need to know how much LO eats.  Please write it on the form....\n\nBTW - I don't know what happened, but I really liked Ms. X and Ms. Y, way better than the new people.",
      "created_utc": 1748488470.0,
      "score": 1,
      "permalink": "/r/preschool/comments/1kti19g/what_would_you_do_both_of_our_twins_primary/mutk0v5/",
      "is_submitter": false,
      "edited": false,
      "stickied": false
    },
    {
      "id": "mtupfnk",
      "author": "In-The-Cloud",
      "body": "I guess I'm a little confused by your question, \"what would you do?\" What can you do? Are you thinking of pulling your children? I would continue to send my kids as usual. Two staff were let go for reasons unrelated to the care of the children. Why do you care? Even if the reason they were fired was because they weren't giving good care to the children, they're gone now so the problem is solved. They could've been fired for any number of things, even something as simple as being on their phones while on the floor or going home early when all the children had been picked up, but their shift wasn't over yet. Both of them getting let go around the same time makes me think they were both doing the same thing and covering for each other as they were probably friends. In any case, it's over now and hopefully your children form good relationships with any new staff that replace them.",
      "created_utc": 1748014799.0,
      "score": 1,
      "permalink": "/r/preschool/comments/1kti19g/what_would_you_do_both_of_our_twins_primary/mtupfnk/",
      "is_submitter": false,
      "edited": false,
      "stickied": false
    },
    {
      "id": "mu7wesh",
      "author": "kittywyeth",
      "body": "unless they were doing something that harmed or endangered your children they are entitled to privacy. why do you feel like you are entitled to an explanation?",
      "created_utc": 1748200092.0,
      "score": 1,
      "permalink": "/r/preschool/comments/1kti19g/what_would_you_do_both_of_our_twins_primary/mu7wesh/",
      "is_submitter": false,
      "edited": false,
      "stickied": false
    },
    {
      "id": "much07y",
      "author": "Longjumping-Host7262",
      "body": "You aren\u2019t entitled to the info. It\u2019s private. You\u2019ve been reassured and told straight it\u2019s not about the kids. Let it go.",
      "created_utc": 1748269250.0,
      "score": 1,
      "permalink": "/r/preschool/comments/1kti19g/what_would_you_do_both_of_our_twins_primary/much07y/",
      "is_submitter": false,
      "edited": false,
      "stickied": false
    },
    {
      "id": "mtu1dqu",
      "author": "Chris_HitTheOver",
      "body": "Yeah, certainly don\u2019t disagree with anything you\u2019re saying, I just find it very, very odd that both primary teachers of the same class were let go within days of each other.\n\nI don\u2019t know what to think still, but the small consensus seems to be there\u2019s nothing to be done.",
      "created_utc": 1748007794.0,
      "score": 5,
      "permalink": "/r/preschool/comments/1kti19g/what_would_you_do_both_of_our_twins_primary/mtu1dqu/",
      "is_submitter": true,
      "edited": false,
      "stickied": false
    },
    {
      "id": "mtwlvdq",
      "author": "Chris_HitTheOver",
      "body": "Hasn\u2019t occurred to me that I could keep a lookout on the states database of childcare center incidents. I\u2019m sure it lags quite a bit, as you suggested, but I\u2019ll be eager to see if anything comes up.",
      "created_utc": 1748034931.0,
      "score": 5,
      "permalink": "/r/preschool/comments/1kti19g/what_would_you_do_both_of_our_twins_primary/mtwlvdq/",
      "is_submitter": true,
      "edited": false,
      "stickied": false
    },
    {
      "id": "mtwkcuj",
      "author": "Chris_HitTheOver",
      "body": "Interesting. I\u2019ve seen both of these teachers on their phones a lot during pick up. Typically when the kids are in an enclosed, outdoor play area but still.",
      "created_utc": 1748034451.0,
      "score": 3,
      "permalink": "/r/preschool/comments/1kti19g/what_would_you_do_both_of_our_twins_primary/mtwkcuj/",
      "is_submitter": true,
      "edited": false,
      "stickied": false
    },
    {
      "id": "mtugbk9",
      "author": "Chris_HitTheOver",
      "body": "Coincidentally, we already have a start date this summer at a new school (only because it has a private kindergarten and we live in a community with less-than-stellar public options) but that was in the works for months and was not at all influenced by anything negative happening at this center.",
      "created_utc": 1748012228.0,
      "score": 2,
      "permalink": "/r/preschool/comments/1kti19g/what_would_you_do_both_of_our_twins_primary/mtugbk9/",
      "is_submitter": true,
      "edited": false,
      "stickied": false
    },
    {
      "id": "mue2n74",
      "author": "chickadeedadee2185",
      "body": "This is horrible.",
      "created_utc": 1748286658.0,
      "score": 2,
      "permalink": "/r/preschool/comments/1kti19g/what_would_you_do_both_of_our_twins_primary/mue2n74/",
      "is_submitter": false,
      "edited": false,
      "stickied": false
    },
    {
      "id": "muj4m3u",
      "author": "Chris_HitTheOver",
      "body": "Thank you for sharing another example of why people are naive to simply have blind faith that relative strangers are always going to be entirely forthcoming when it comes to this stuff.",
      "created_utc": 1748359871.0,
      "score": 1,
      "permalink": "/r/preschool/comments/1kti19g/what_would_you_do_both_of_our_twins_primary/muj4m3u/",
      "is_submitter": true,
      "edited": false,
      "stickied": false
    },
    {
      "id": "mudq22d",
      "author": "Chris_HitTheOver",
      "body": "Negatory.",
      "created_utc": 1748282798.0,
      "score": 1,
      "permalink": "/r/preschool/comments/1kti19g/what_would_you_do_both_of_our_twins_primary/mudq22d/",
      "is_submitter": true,
      "edited": false,
      "stickied": false
    },
    {
      "id": "muj3by1",
      "author": "Chris_HitTheOver",
      "body": "I hope everyone who responded to my post reads your comment. The level of na\u00efvet\u00e9 among parents here has so far been astonishing to me.",
      "created_utc": 1748359514.0,
      "score": 1,
      "permalink": "/r/preschool/comments/1kti19g/what_would_you_do_both_of_our_twins_primary/muj3by1/",
      "is_submitter": true,
      "edited": false,
      "stickied": false
    },
    {
      "id": "mu8s4pw",
      "author": "Chris_HitTheOver",
      "body": "They each were \u201clet go.\u201d Those were the director\u2019s words both times.",
      "created_utc": 1748210380.0,
      "score": 1,
      "permalink": "/r/preschool/comments/1kti19g/what_would_you_do_both_of_our_twins_primary/mu8s4pw/",
      "is_submitter": true,
      "edited": false,
      "stickied": false
    },
    {
      "id": "mucn59n",
      "author": "evil_passion",
      "body": "I would add: somebody got ticked off about something...and told management the teacher wasn't honest about something on the application. Bam. They're GONE even if it was relatively small.",
      "created_utc": 1748271165.0,
      "score": 1,
      "permalink": "/r/preschool/comments/1kti19g/what_would_you_do_both_of_our_twins_primary/mucn59n/",
      "is_submitter": false,
      "edited": false,
      "stickied": false
    },
    {
      "id": "mtx8p4y",
      "author": "Chris_HitTheOver",
      "body": "Yeah, I suppose I could\u2019ve been more clear. I\u2019m asking if you\u2019d feel compelled to push for more info.",
      "created_utc": 1748042743.0,
      "score": 1,
      "permalink": "/r/preschool/comments/1kti19g/what_would_you_do_both_of_our_twins_primary/mtx8p4y/",
      "is_submitter": true,
      "edited": false,
      "stickied": false
    },
    {
      "id": "mu993ga",
      "author": "Chris_HitTheOver",
      "body": "How in the world would I know that if they won\u2019t tell me why they were let go?",
      "created_utc": 1748216564.0,
      "score": 0,
      "permalink": "/r/preschool/comments/1kti19g/what_would_you_do_both_of_our_twins_primary/mu993ga/",
      "is_submitter": true,
      "edited": false,
      "stickied": false
    },
    {
      "id": "mtu8b6s",
      "author": "autumnfire1414",
      "body": "It could just be that the company is cracking down on things like incomplete paperwork/documentation and these teachers kept getting written up. If licensing comes and sees something wrong, you have to implement a proposed plan for how you'll make sure this doesn't happen again. That may involve write ups and dismissal of teachers who arent up to date on paperwork.",
      "created_utc": 1748009919.0,
      "score": 9,
      "permalink": "/r/preschool/comments/1kti19g/what_would_you_do_both_of_our_twins_primary/mtu8b6s/",
      "is_submitter": false,
      "edited": false,
      "stickied": false
    },
    {
      "id": "mtxhjvy",
      "author": "Zulfihaii",
      "body": "My first thought is baby sitting as a side gig. I know a lot of child care centers have policies against staff taking babysitting jobs for families outside of center hours. It may be that they were both taking those kinds of side jobs from families.",
      "created_utc": 1748046004.0,
      "score": 5,
      "permalink": "/r/preschool/comments/1kti19g/what_would_you_do_both_of_our_twins_primary/mtxhjvy/",
      "is_submitter": false,
      "edited": false,
      "stickied": false
    },
    {
      "id": "mtvp309",
      "author": "Daisy_Linn",
      "body": "Stalk the former employees on their socials and see if they are complaining about being let go. Also, every grade level has \"that mom\"-the one that always knows the details and good gossip. Seek her out and see if she has any details. I disagree that the school has no stake in withholding information. They can be in trouble if the teachers' violations were safety issues, even if nothing had happened yet as a result of their negligence.",
      "created_utc": 1748024926.0,
      "score": 6,
      "permalink": "/r/preschool/comments/1kti19g/what_would_you_do_both_of_our_twins_primary/mtvp309/",
      "is_submitter": false,
      "edited": false,
      "stickied": false
    },
    {
      "id": "mtxn4lv",
      "author": "booboo819",
      "body": "I had this happen as a center director. The two leads were creating a hostile work environment. We caught one being discriminating against a staff member with a disability/ neurodivergent and after our investigation we found out the co lead was also participating. One quit ( while throwing her key at me while I was holding a baby) before we could finish the full report",
      "created_utc": 1748048129.0,
      "score": 3,
      "permalink": "/r/preschool/comments/1kti19g/what_would_you_do_both_of_our_twins_primary/mtxn4lv/",
      "is_submitter": false,
      "edited": false,
      "stickied": false
    },
    {
      "id": "mu7j92w",
      "author": "21stCenturyJanes",
      "body": "Maybe be relieved that they are addressing problems happening and not just sweeping bad employee problems under the rug",
      "created_utc": 1748195979.0,
      "score": 1,
      "permalink": "/r/preschool/comments/1kti19g/what_would_you_do_both_of_our_twins_primary/mu7j92w/",
      "is_submitter": false,
      "edited": false,
      "stickied": false
    },
    {
      "id": "mu7n3s2",
      "author": "cellists_wet_dream",
      "body": "It\u2019s very possible that they quit due to complaints they had and the center is lying by saying they were let go.\u00a0",
      "created_utc": 1748197163.0,
      "score": 1,
      "permalink": "/r/preschool/comments/1kti19g/what_would_you_do_both_of_our_twins_primary/mu7n3s2/",
      "is_submitter": false,
      "edited": false,
      "stickied": false
    },
    {
      "id": "mudxxp8",
      "author": "chickadeedadee2185",
      "body": "They could be stealing money, etc.",
      "created_utc": 1748285196.0,
      "score": 1,
      "permalink": "/r/preschool/comments/1kti19g/what_would_you_do_both_of_our_twins_primary/mudxxp8/",
      "is_submitter": false,
      "edited": false,
      "stickied": false
    },
    {
      "id": "mtwl2x3",
      "author": "reduff",
      "body": "Does that child care center use Brightwheel? They may have a policy that phones are okay as long as they're posting things to parents on Brightwheel, but typically, if they're licensed etc., then phones are a no-no. (I'm in NC, by the way and spent 10 years on the administrative staff of a large nonprofit developmental day school/child care center.)",
      "created_utc": 1748034680.0,
      "score": 3,
      "permalink": "/r/preschool/comments/1kti19g/what_would_you_do_both_of_our_twins_primary/mtwl2x3/",
      "is_submitter": false,
      "edited": false,
      "stickied": false
    },
    {
      "id": "mudzdo8",
      "author": "chickadeedadee2185",
      "body": "Ya, that is bad.",
      "created_utc": 1748285639.0,
      "score": 1,
      "permalink": "/r/preschool/comments/1kti19g/what_would_you_do_both_of_our_twins_primary/mudzdo8/",
      "is_submitter": false,
      "edited": false,
      "stickied": false
    },
    {
      "id": "muie3k6",
      "author": "SophisticatedScreams",
      "body": "They should not be on their phones, especially when the kids are outside! Things can go wrong really quickly outside. \n\nUltimately you won't be able to get any more info than you already have. I respect the decisions of the managers to not disclose. They seem like they're being above board. I would let it go.",
      "created_utc": 1748351662.0,
      "score": 1,
      "permalink": "/r/preschool/comments/1kti19g/what_would_you_do_both_of_our_twins_primary/muie3k6/",
      "is_submitter": false,
      "edited": false,
      "stickied": false
    },
    {
      "id": "mtyej6m",
      "author": "Necessary-Reality288",
      "body": "You don\u2019t have the legal right to more info in a lot of states. Unless your child is a victim, no pushing will get more info. You can check the states logs though on reports for the school.",
      "created_utc": 1748059092.0,
      "score": 2,
      "permalink": "/r/preschool/comments/1kti19g/what_would_you_do_both_of_our_twins_primary/mtyej6m/",
      "is_submitter": false,
      "edited": false,
      "stickied": false
    },
    {
      "id": "mu9iwm4",
      "author": "In-The-Cloud",
      "body": "I would not. It wouldn't get anywhere but make you look bad and pushy to the staff, giving yourself a bad rep as a difficult parent. You don't get to know why someone was fired. Its private information. I'm sure if you were fired, you wouldn't want all your coworkers, clients, patients, etc to know why. Its none of your business. You have to let it go",
      "created_utc": 1748220211.0,
      "score": 1,
      "permalink": "/r/preschool/comments/1kti19g/what_would_you_do_both_of_our_twins_primary/mu9iwm4/",
      "is_submitter": false,
      "edited": false,
      "stickied": false
    },
    {
      "id": "mudn0pv",
      "author": "One-Basket-9570",
      "body": "No, I didn\u2019t care. Just like it wouldn\u2019t be anyone else\u2019s business why you no longer worked somewhere. I would explain it to my kids & move on. Sadly, as my kids have gone through school, they have lost quite a few beloved staff. Especially middle school staff! My 8th grader has lost 3 business teachers this year! However, I have met his classmates (small school & has been with this class since Kindergarten. There are 136 of them), I could see the teachers running for the hills.",
      "created_utc": 1748281893.0,
      "score": 0,
      "permalink": "/r/preschool/comments/1kti19g/what_would_you_do_both_of_our_twins_primary/mudn0pv/",
      "is_submitter": false,
      "edited": false,
      "stickied": false
    },
    {
      "id": "mue0q0y",
      "author": "chickadeedadee2185",
      "body": "I thought you said the director explicitly told you it had nothing to do with the children.",
      "created_utc": 1748286055.0,
      "score": 1,
      "permalink": "/r/preschool/comments/1kti19g/what_would_you_do_both_of_our_twins_primary/mue0q0y/",
      "is_submitter": false,
      "edited": false,
      "stickied": false
    },
    {
      "id": "mu9azc8",
      "author": "kittywyeth",
      "body": "they would be obligated to tell you if your child was involved in something that warranted investigation or other disciplinary actions. there would be an incident report and you would also be contacted by the relevant authorities. \n\n*otherwise* it is none of your business and they already told you explicitly that it had nothing to do with your children. that\u2019s how you know. you don\u2019t need to know why they were let go, just that it did not involve your children. \n\nyou are being invasive and this is inappropriate. they are entitled to the same level of privacy that you are and if the preschool overshared with you they could be sued and they would lose.",
      "created_utc": 1748217253.0,
      "score": 1,
      "permalink": "/r/preschool/comments/1kti19g/what_would_you_do_both_of_our_twins_primary/mu9azc8/",
      "is_submitter": false,
      "edited": 1748220138.0,
      "stickied": false
    },
    {
      "id": "mtxls9x",
      "author": "Chris_HitTheOver",
      "body": "Interestingly enough, both of these teachers, together, had suggested they\u2019d love to watch the kids on weekends/holidays if we ever needed it. \n\nWe didn\u2019t take them up on it, but it wouldn\u2019t surprise me if some other folks did and this was the result. I\u2019ll have to see if we, as parents, got any literature that might have suggested it was prohibited, but I doubt we\u2019d have been given a copy of the employee/teacher policies.",
      "created_utc": 1748047618.0,
      "score": 3,
      "permalink": "/r/preschool/comments/1kti19g/what_would_you_do_both_of_our_twins_primary/mtxls9x/",
      "is_submitter": true,
      "edited": false,
      "stickied": false
    },
    {
      "id": "mu87w5q",
      "author": "Fresh-Leadership7319",
      "body": "This was my first thought as well.",
      "created_utc": 1748203746.0,
      "score": 1,
      "permalink": "/r/preschool/comments/1kti19g/what_would_you_do_both_of_our_twins_primary/mu87w5q/",
      "is_submitter": false,
      "edited": false,
      "stickied": false
    },
    {
      "id": "muboihg",
      "author": "External-Meaning-536",
      "body": "You messy.",
      "created_utc": 1748258135.0,
      "score": 2,
      "permalink": "/r/preschool/comments/1kti19g/what_would_you_do_both_of_our_twins_primary/muboihg/",
      "is_submitter": false,
      "edited": false,
      "stickied": false
    },
    {
      "id": "mu7vwdn",
      "author": "marvelgurl_88",
      "body": "I am a newer mom at my kids school but volunteered with some senior moms, been at the elementary school for ten years, and they knew a lot of gossip and drama.",
      "created_utc": 1748199928.0,
      "score": 1,
      "permalink": "/r/preschool/comments/1kti19g/what_would_you_do_both_of_our_twins_primary/mu7vwdn/",
      "is_submitter": false,
      "edited": false,
      "stickied": false
    },
    {
      "id": "mufzguk",
      "author": "bellalou26000",
      "body": "I\u2019m afraid I am \u201cthat mom\u201d\ud83d\ude06",
      "created_utc": 1748310138.0,
      "score": 1,
      "permalink": "/r/preschool/comments/1kti19g/what_would_you_do_both_of_our_twins_primary/mufzguk/",
      "is_submitter": false,
      "edited": false,
      "stickied": false
    },
    {
      "id": "mtwlcj9",
      "author": "Chris_HitTheOver",
      "body": "I happen to know (because my wife is friends with one of these teachers on FB) that she\u2019s posting to her own social media throughout the day. \n\nAnd now that we\u2019re discussing this, it seems entirely possible it had something to do with them being terminated.\n\nEdit:  To actually answer your question, we use the \u2018Child Pilot\u2019 app but it\u2019s the same idea I\u2019m sure.",
      "created_utc": 1748034764.0,
      "score": 2,
      "permalink": "/r/preschool/comments/1kti19g/what_would_you_do_both_of_our_twins_primary/mtwlcj9/",
      "is_submitter": true,
      "edited": 1748035021.0,
      "stickied": false
    },
    {
      "id": "mu9btfb",
      "author": "Chris_HitTheOver",
      "body": "Lmao, me asking people for their opinion on Reddit is invasive? Gotcha. \n\nSorry I\u2019m concerned enough with my kids well being to know what led to two people who\u2019s care their in 40 hours a week being deemed not suited to care for them. \n\nGo take a nap or something.",
      "created_utc": 1748217553.0,
      "score": 0,
      "permalink": "/r/preschool/comments/1kti19g/what_would_you_do_both_of_our_twins_primary/mu9btfb/",
      "is_submitter": true,
      "edited": false,
      "stickied": false
    },
    {
      "id": "mub9lxs",
      "author": "PersonalityMuted5390",
      "body": "Did any families disappear too? They were often fired with the staff at our center since it was in all our handbooks not to break that rule.",
      "created_utc": 1748249660.0,
      "score": 1,
      "permalink": "/r/preschool/comments/1kti19g/what_would_you_do_both_of_our_twins_primary/mub9lxs/",
      "is_submitter": false,
      "edited": false,
      "stickied": false
    },
    {
      "id": "muk399c",
      "author": "hopefulbutguarded",
      "body": "Our center has a \u201cno babysitting policy\u201d too.  Some people will still do it on the sly, but it\u2019s better to ask for their contact info when they leave one site to another.  I\u2019d hate to get them in trouble or potentially lose a job\u2026",
      "created_utc": 1748369552.0,
      "score": 1,
      "permalink": "/r/preschool/comments/1kti19g/what_would_you_do_both_of_our_twins_primary/muk399c/",
      "is_submitter": false,
      "edited": false,
      "stickied": false
    },
    {
      "id": "munjpx2",
      "author": "Salt-Host-7638",
      "body": "A teacher at my daughter\u2019s preschool was fired for wearing shirts supporting a political candidate. She was told it was a violation (the school is also a polling place, and they don\u2019t want political strife in the classrooms) but continued to do it. They let her go. I know that\u2019s what happened because both her TA, and another teacher told me. Plus, the fired teachers not so subtle remarks on social media about her right to support certain politicians. \n\nI say this, because I doubt her political views came up during finger painting, and none of the children were harmed. It was a rule, and she didn\u2019t follow it. When she was told repeatedly that she had to comply. Regardless of how warm and welcoming any school is, they are an institution, and have strict guidelines and protocols.",
      "created_utc": 1748412192.0,
      "score": 1,
      "permalink": "/r/preschool/comments/1kti19g/what_would_you_do_both_of_our_twins_primary/munjpx2/",
      "is_submitter": false,
      "edited": false,
      "stickied": false
    },
    {
      "id": "mup45qr",
      "author": "acertaingestault",
      "body": "At our center, teachers were allowed to babysit so long as parents and teachers signed a waiver that was kept on file with the center. You would know about this policy if there were some measure like this in place.",
      "created_utc": 1748439336.0,
      "score": 1,
      "permalink": "/r/preschool/comments/1kti19g/what_would_you_do_both_of_our_twins_primary/mup45qr/",
      "is_submitter": false,
      "edited": false,
      "stickied": false
    },
    {
      "id": "mur8rm2",
      "author": "Cat-lady-88",
      "body": "Ours is stated in the handbook given to parents at enrollment. I\u2019d see if you can find yours!",
      "created_utc": 1748461521.0,
      "score": 1,
      "permalink": "/r/preschool/comments/1kti19g/what_would_you_do_both_of_our_twins_primary/mur8rm2/",
      "is_submitter": false,
      "edited": false,
      "stickied": false
    },
    {
      "id": "muh8328",
      "author": "Daisy_Linn",
      "body": "Thank goodness for you moms! I don't know how you do it, but you are usually the best resource!",
      "created_utc": 1748330709.0,
      "score": 1,
      "permalink": "/r/preschool/comments/1kti19g/what_would_you_do_both_of_our_twins_primary/muh8328/",
      "is_submitter": false,
      "edited": false,
      "stickied": false
    },
    {
      "id": "muiive8",
      "author": "Sleeping_Pro",
      "body": "My kid is only 3 but I fully intend on being \"that mom\". \ud83e\udd23\ud83e\udd37\ud83c\udffb\u200d\u2640\ufe0f",
      "created_utc": 1748353288.0,
      "score": 1,
      "permalink": "/r/preschool/comments/1kti19g/what_would_you_do_both_of_our_twins_primary/muiive8/",
      "is_submitter": false,
      "edited": false,
      "stickied": false
    },
    {
      "id": "mtwly6m",
      "author": "reduff",
      "body": "Interesting... see, in my opinion, if a teacher is on their phone excessively, then that absolutely involves the child's safety.",
      "created_utc": 1748034956.0,
      "score": 6,
      "permalink": "/r/preschool/comments/1kti19g/what_would_you_do_both_of_our_twins_primary/mtwly6m/",
      "is_submitter": false,
      "edited": false,
      "stickied": false
    },
    {
      "id": "mu9ddg0",
      "author": "kittywyeth",
      "body": "you\u2019ve gotten the same response from just about everybody and you\u2019re still asking if you should push them to provide you with more details. but surprise! people who work with children still have legal rights and you are not going to win.",
      "created_utc": 1748218125.0,
      "score": 1,
      "permalink": "/r/preschool/comments/1kti19g/what_would_you_do_both_of_our_twins_primary/mu9ddg0/",
      "is_submitter": false,
      "edited": false,
      "stickied": false
    },
    {
      "id": "mudnwbs",
      "author": "One-Basket-9570",
      "body": "So those of us who don\u2019t care aren\u2019t concerned?! \n\nGo touch some grass! And then come back to this is a couple years to see how ridiculous you sound!",
      "created_utc": 1748282151.0,
      "score": 0,
      "permalink": "/r/preschool/comments/1kti19g/what_would_you_do_both_of_our_twins_primary/mudnwbs/",
      "is_submitter": false,
      "edited": false,
      "stickied": false
    },
    {
      "id": "mue1yew",
      "author": "chickadeedadee2185",
      "body": "You are spinning this. The director did, in no way, say they are not suited to care for your children. There are many reasons that staff are fired. Maybe, it was a supervisor/worker relationship. There are many things that can be policy violations that are unrelated to care.\n\n I believe the invasive comment was about you wanting to take this further with the school. Asking Reddit was not the invasive part. \n\nYour children are only three. You have a long road ahead in education and care for your children. I'd step back a little or you are going to be pegged as 'that parent.'",
      "created_utc": 1748286442.0,
      "score": 0,
      "permalink": "/r/preschool/comments/1kti19g/what_would_you_do_both_of_our_twins_primary/mue1yew/",
      "is_submitter": false,
      "edited": false,
      "stickied": false
    },
    {
      "id": "mtwm7ec",
      "author": "Chris_HitTheOver",
      "body": "I\u2019d agree.",
      "created_utc": 1748035039.0,
      "score": 2,
      "permalink": "/r/preschool/comments/1kti19g/what_would_you_do_both_of_our_twins_primary/mtwm7ec/",
      "is_submitter": true,
      "edited": false,
      "stickied": false
    },
    {
      "id": "mu9gh7i",
      "author": "Chris_HitTheOver",
      "body": "The post doesn\u2019t disappear when people answer the question numb nuts. Show me one place where I\u2019ve restated the question (to someone who didn\u2019t fucking ask me to, my god.) I\u2019ll wait.",
      "created_utc": 1748219293.0,
      "score": 0,
      "permalink": "/r/preschool/comments/1kti19g/what_would_you_do_both_of_our_twins_primary/mu9gh7i/",
      "is_submitter": true,
      "edited": 1748220500.0,
      "stickied": false
    },
    {
      "id": "mtyebqx",
      "author": "Necessary-Reality288",
      "body": "It would still be extremely unusual to fire both leads for that right before the end of the year. Especially if it was happening all year/years before. The odds the write ups and timelines of firing for that lined up perfectly are kinda small too. I\u2019m on my phone multiple times a day because parents text me and email me. I\u2019m allowed to be. We account for that in ratio and have always 1-2 extra teachers per class to accommodate.",
      "created_utc": 1748058998.0,
      "score": 1,
      "permalink": "/r/preschool/comments/1kti19g/what_would_you_do_both_of_our_twins_primary/mtyebqx/",
      "is_submitter": false,
      "edited": false,
      "stickied": false
    },
    {
      "id": "mu9i71j",
      "author": "kittywyeth",
      "body": "you have a very aggressive and insulting way of communicating that probably doesn\u2019t serve you well in life. there\u2019s no need for name calling. but to answer your question you literally restated your question in a reply to u/In-The-Cloud directly above this thread when you said \u201cyeah, i suppose i could have been more clear. i\u2019m asking if you\u2019d feel compelled to push for more info.\u201d i didn\u2019t even have to scroll to quote you.\n\nps nice edit",
      "created_utc": 1748219946.0,
      "score": 1,
      "permalink": "/r/preschool/comments/1kti19g/what_would_you_do_both_of_our_twins_primary/mu9i71j/",
      "is_submitter": false,
      "edited": 1748220618.0,
      "stickied": false
    },
    {
      "id": "mubu4vv",
      "author": "Chris_HitTheOver",
      "body": "Yes, I edited my comment and left the entire thread intact because most adults (~~accept~~ except you, apparently) are capable of critical reading and thinking. It\u2019s hilarious you think that\u2019s a \u2018gotcha.\u2019",
      "created_utc": 1748260795.0,
      "score": 1,
      "permalink": "/r/preschool/comments/1kti19g/what_would_you_do_both_of_our_twins_primary/mubu4vv/",
      "is_submitter": true,
      "edited": 1748272811.0,
      "stickied": false
    },
    {
      "id": "mucmexy",
      "author": "evil_passion",
      "body": "Except, not accept",
      "created_utc": 1748270941.0,
      "score": 1,
      "permalink": "/r/preschool/comments/1kti19g/what_would_you_do_both_of_our_twins_primary/mucmexy/",
      "is_submitter": false,
      "edited": false,
      "stickied": false
    },
    {
      "id": "mucsdhg",
      "author": "Chris_HitTheOver",
      "body": "Appreciate you.",
      "created_utc": 1748272756.0,
      "score": 1,
      "permalink": "/r/preschool/comments/1kti19g/what_would_you_do_both_of_our_twins_primary/mucsdhg/",
      "is_submitter": true,
      "edited": false,
      "stickied": false
    }
  ],
  "relevance": {
    "score": 10,
    "user_type": "parent",
    "pain_points": [
      "i worked at a daycare where if you turned in your 2 weeks or the director heard a rumor that you were looking for other jobs, you got fired",
      ") my director knew that i was looking for another job, and i went bye bye"
    ],
    "keywords_found": [
      "preschool",
      "kindergarten",
      "neurodivergent"
    ],
    "sentiment_score": -0.9926,
    "age_relevance": true,
    "urgency_level": "high",
    "competitive_mentions": [],
    "timestamp": "2025-06-12T15:04:25.367735"
  }
}