{
  "subreddit": "homeschool",
  "post": {
    "id": "1l8m1ly",
    "title": "What\u2019s the hardest part of homeschooling for you?",
    "author": "Agreeable-Deer7526",
    "created_utc": 1749625206.0,
    "score": 10,
    "num_comments": 23,
    "url": "https://www.reddit.com/r/homeschool/comments/1l8m1ly/whats_the_hardest_part_of_homeschooling_for_you/",
    "selftext": "For me it\u2019s having a toddler with me at all times.  Part of me enjoys that our group is seeing her grow up, but I sometimes feel guilty that she isn\u2019t getting enough time or that her needs distract from teaching and cleaning.  I love my kids but we are always doing school work or going somewhere with the older child. Juggling two children with completely different needs is such a struggle. If you have the struggle what do you do to make it all work? "
  },
  "comments": [
    {
      "id": "mx63l8a",
      "author": "icecrusherbug",
      "body": "The hardest part of homeschooling was/is feeding everyone all the meals every day. Setting reasonable boundaries around the kitchen being open and available all the time was a thing to find balance with at the start.",
      "created_utc": 1749632578.0,
      "score": 24,
      "permalink": "/r/homeschool/comments/1l8m1ly/whats_the_hardest_part_of_homeschooling_for_you/mx63l8a/",
      "is_submitter": false,
      "edited": false,
      "stickied": false
    },
    {
      "id": "mx760af",
      "author": "Foraze_Lightbringer",
      "body": "I had four under four, so when we were in our first years, before they could do independent work, I had four kids who needed me beside them for almost 100% of their school day. That was incredibly challenging to schedule and to juggle. \n\nThese days, though, the challenge is balancing the schedule so we have enough time at home to do school in the midst of all their desperately loved activities that they couldn't possibly consider giving up.",
      "created_utc": 1749649400.0,
      "score": 7,
      "permalink": "/r/homeschool/comments/1l8m1ly/whats_the_hardest_part_of_homeschooling_for_you/mx760af/",
      "is_submitter": false,
      "edited": false,
      "stickied": false
    },
    {
      "id": "mx6gydf",
      "author": "No_Abroad_6306",
      "body": "Getting the timing sorted\u2014having a reasonable start time, not spending forever on assignments, when to plan for the next chunk.\u00a0",
      "created_utc": 1749639860.0,
      "score": 3,
      "permalink": "/r/homeschool/comments/1l8m1ly/whats_the_hardest_part_of_homeschooling_for_you/mx6gydf/",
      "is_submitter": false,
      "edited": false,
      "stickied": false
    },
    {
      "id": "mx6wymo",
      "author": "AutumnMama",
      "body": "I'm in the same boat! My kids are 10 years apart and I definitely feel like the baby doesn't get enough attention. Realistically, I'm with him all day long, but my attention is usually with the oldest because of homeschooling and extracurriculars. I just try to remember that if I worked outside the home, he would be in daycare and wouldn't be getting much one-on-one time there either. And I also think this is something people struggle with even if they don't homeschool. Birth order really does affect the way a child is raised. (People say the oldest child gets the most attention, the middle child is neglected, the youngest is treated like a baby for too long, etc.) I think as long as you don't let those differences get too extreme, you're doing ok. And remember that one day the older kids will get more independent and you'll be freed up to spend more quality time with the younger ones.",
      "created_utc": 1749646324.0,
      "score": 3,
      "permalink": "/r/homeschool/comments/1l8m1ly/whats_the_hardest_part_of_homeschooling_for_you/mx6wymo/",
      "is_submitter": false,
      "edited": false,
      "stickied": false
    },
    {
      "id": "mx79k2h",
      "author": "abercrombie_nation",
      "body": "Homeschooling became so much easier once my 3.5 broke the \"language barrier\" (lol). Now that he's talking in complete sentences and able to understand us, he can more easily join in with us, or express that he wants to do his own thing. Before that, it was very challenging for myself and my oldest.",
      "created_utc": 1749650532.0,
      "score": 4,
      "permalink": "/r/homeschool/comments/1l8m1ly/whats_the_hardest_part_of_homeschooling_for_you/mx79k2h/",
      "is_submitter": false,
      "edited": false,
      "stickied": false
    },
    {
      "id": "mx9ffdn",
      "author": "meowlater",
      "body": "Kinetic sand in a document box like this.... [https://www.walmart.com/ip/Sterilite-6-2-Qt-Modular-Latch-Box-Plastic-Titanium/204332749?wmlspartner=wlpa&selectedSellerId=102729317&selectedOfferId=C5C58E8FEA6132A79A4314561D8F3DA5&conditionGroupCode=1&gQT=1](https://www.walmart.com/ip/Sterilite-6-2-Qt-Modular-Latch-Box-Plastic-Titanium/204332749?wmlspartner=wlpa&selectedSellerId=102729317&selectedOfferId=C5C58E8FEA6132A79A4314561D8F3DA5&conditionGroupCode=1&gQT=1)\n\nIt takes a bit of effort to teach toddlers to keep the sand in the box, but it was my number one \"table toy\" for my kids.  Most of the time it was only aloud to be played with when the olders were doing their school creating a bit of scarcity.  I would add odds and ends from around the house that I would trade out as needed.  All of my kids loved this and would be content to sit at the table for 20-50 minutes several days a week.\n\nIf you are not familiar with kinetic sand, it is a non-Newtonian fluid, gets hard under pressure, and sticks to itself, but not other things.  It is shockingly un-messy especially with the box.",
      "created_utc": 1749672912.0,
      "score": 4,
      "permalink": "/r/homeschool/comments/1l8m1ly/whats_the_hardest_part_of_homeschooling_for_you/mx9ffdn/",
      "is_submitter": false,
      "edited": false,
      "stickied": false
    },
    {
      "id": "mx5sr1t",
      "author": "Striking-Amoeba-5563",
      "body": "Socialising. We\u2019ve finally made it work but it\u2019s not something you can EVER slack off on.\u00a0\n\nI actually wrote a long comment about this yesterday because another mum was asking about home ed and whether or not she should consider it, but the post it was on got deleted. This is what I wrote:\u00a0\n\n\u2018So one thing I would say has been our overwhelming experience and the reason for me pulling my hair out (figuratively. Most of the time) has been the social side. There\u2019s a prevailing mantra in home ed that \u201cisolation is a myth! Kids are busy ALL THE TIME doing social stuff\u201d and I\u2019ll be honest, I fell for it at first. Don\u2019t be me. It IS possible for your child to have a decent-ish social life. But it is\u00a0different. It is MUCH harder work for you (and later, for them, if they\u2019re still home ed).\u00a0\n\nYou basically have to conjure up a tonne of acquaintances/potential friends from the ether with whom they can socialise and from whom they can eventually form deeper friendships. And you have to do this whilst navigating the inherent flakiness of about 70% of home educating families and the fact you\u2019ll find at least half of them have polar opposite opinions to you and hold them deeply. (Conspiracy theories are a HUGE thing where I am - people banging on about chemtrails in particular.)\n\nI\u2019m not saying that to be a Debbie Downer - it\u2019s more that I wish I\u2019d known before I started home ed that actually, isolation IS a very real possibility and you have to work REALLY hard to ensure it doesn\u2019t happen. It\u2019s doable - but it\u2019s not simple and involves you basically becoming a social secretary and detective (to work out who is and isn\u2019t going to \u2018flake\u2019) rolled into one.\n\n\u00a0Again, I\u2019m not saying that to put you off - it\u2019s just that I wish I\u2019d known. I\u2019m only home educating one of my children, too, so we have to work *even harder* to ensure she has other kids in her life (my other kid is in sixth form college finishing his A Levels).\u2019",
      "created_utc": 1749626035.0,
      "score": 6,
      "permalink": "/r/homeschool/comments/1l8m1ly/whats_the_hardest_part_of_homeschooling_for_you/mx5sr1t/",
      "is_submitter": false,
      "edited": false,
      "stickied": false
    },
    {
      "id": "mxc09y5",
      "author": "Content_Usual9328",
      "body": "Don\u2019t feel your older child is missing out if you\u2019re staying home for a few days instead of the play dates and outings. \u00a0If you\u2019re feeling overwhelmed by it all it\u2019s okay\u00a0\nRome wasn\u2019t built in a day, and because you\u2019re homeschooling your child will learn this too (I\u2019m being cheeky)\u00a0",
      "created_utc": 1749706266.0,
      "score": 1,
      "permalink": "/r/homeschool/comments/1l8m1ly/whats_the_hardest_part_of_homeschooling_for_you/mxc09y5/",
      "is_submitter": false,
      "edited": false,
      "stickied": false
    },
    {
      "id": "mx6vhoh",
      "author": "AutumnMama",
      "body": "I struggle with this, too!! I swear I spend more time preparing meals and washing dishes than absolutely anything else.",
      "created_utc": 1749645805.0,
      "score": 10,
      "permalink": "/r/homeschool/comments/1l8m1ly/whats_the_hardest_part_of_homeschooling_for_you/mx6vhoh/",
      "is_submitter": false,
      "edited": false,
      "stickied": false
    },
    {
      "id": "mx7tib0",
      "author": "No-Emu3831",
      "body": "I honestly think this part is easier now than when we were doing public school. Having to force feed them something for breakfast before rushing out the door (neither of them wanted breakfast so early) and then packing a lunch I knew they\u2019d actually eat but was somewhat healthy took up so much brain space for me. Now they can figure out their own breakfast and lunch, I just make sure there are lots of microwaveable leftovers or things on hand.",
      "created_utc": 1749656376.0,
      "score": 4,
      "permalink": "/r/homeschool/comments/1l8m1ly/whats_the_hardest_part_of_homeschooling_for_you/mx7tib0/",
      "is_submitter": false,
      "edited": false,
      "stickied": false
    },
    {
      "id": "mxbcir3",
      "author": "Pristine-Solution295",
      "body": "I also had  four under four, I sit them all together at the table they have different stuff but they all need me right there so I walk around the dining room  table from child to child to help them as needed.  It is tough sometimes because they are so young and don\u2019t want to wait but I just remind them it\u2019s your siblings turn if you can\u2019t do anything until I come over you have to wait.  They are learning patience and the now 6 & 5 year olds are able to do things on their own for small chunks of time.  \nThe juggling of everything (housework, schooling, group meetups, extracurricular, and running a business, maintaining a garden) is very tough but if you get the kids involved it\u2019s easier.  The younger you involve them the quicker things become easier.",
      "created_utc": 1749695934.0,
      "score": 5,
      "permalink": "/r/homeschool/comments/1l8m1ly/whats_the_hardest_part_of_homeschooling_for_you/mxbcir3/",
      "is_submitter": false,
      "edited": false,
      "stickied": false
    },
    {
      "id": "mx6tk1q",
      "author": "MidnightCoffeeQueen",
      "body": "Same here.  Its a constant grind to find areas/events to make the initial connections, keep connections going, and continuously carve time for those friendships to build.\n\nThings are finally looking like they will line up this year to have a steady stream of social.  Now if we can just keep that going.\n\nThe goal is for both my kids to have at least 2 to 3 really good friends each.  It would be even better if those friend groups could mesh in a couple years, since my kids are close in age, but that is probably unrealistic.",
      "created_utc": 1749645096.0,
      "score": 4,
      "permalink": "/r/homeschool/comments/1l8m1ly/whats_the_hardest_part_of_homeschooling_for_you/mx6tk1q/",
      "is_submitter": false,
      "edited": false,
      "stickied": false
    },
    {
      "id": "mx7nfzo",
      "author": "motherofzinnias",
      "body": "Great point! We\u2019ve been pretty successful in the social department - I think it\u2019s a mixture of luck/consistency/casting a wide net. We know a few awesome homeschool families, and after being in the same sport for 2 years (1x weekly), we\u2019ve bonded with some awesome public school families too. But it definitely requires effort - especially if you\u2019re not naturally outgoing. Just to offer another perspective! I was probably most scared about the social aspect, but that has been less challenging than finding a good language arts curriculum lol",
      "created_utc": 1749654634.0,
      "score": 6,
      "permalink": "/r/homeschool/comments/1l8m1ly/whats_the_hardest_part_of_homeschooling_for_you/mx7nfzo/",
      "is_submitter": false,
      "edited": false,
      "stickied": false
    },
    {
      "id": "mx96tou",
      "author": "No-Emu3831",
      "body": "This is a really good point. I could honestly disagree with you if I looked at it through a rose colored lens, because we haven\u2019t struggled in the social aspect, but we did public school before and kind of already built our community around us before we started homeschooling. And we actually have a ton of friends in public and homeschool. \n\nBut the trial of \u201cfinding your people\u201d was so hard for another family in my area that the mom started her own non-profit co-op just to ensure her kids had that. It is amazing what she\u2019s done, but so much work! \n\nIf we didn\u2019t have the money to do sports, participate in after school music programs, and our church community, we would definitely be isolated.",
      "created_utc": 1749670412.0,
      "score": 4,
      "permalink": "/r/homeschool/comments/1l8m1ly/whats_the_hardest_part_of_homeschooling_for_you/mx96tou/",
      "is_submitter": false,
      "edited": false,
      "stickied": false
    },
    {
      "id": "mx5u8ss",
      "author": "Agreeable-Deer7526",
      "body": "This is very real. Every week I sit down and plan at least 3 days where we will be hanging out with a familiar group of kids. On top of that we have other educational and PE activities that we engage in. It truly is a full time job because you have to work school work around it. If you aren\u2019t committed to spending a lot time in the car you can easily end up isolating your kid. I\u2019m actually glad it\u2019s summer because it\u2019s less pressure to create a school level of activity every day.",
      "created_utc": 1749626913.0,
      "score": 5,
      "permalink": "/r/homeschool/comments/1l8m1ly/whats_the_hardest_part_of_homeschooling_for_you/mx5u8ss/",
      "is_submitter": true,
      "edited": false,
      "stickied": false
    },
    {
      "id": "mx7jw89",
      "author": "taseaclaiduaim",
      "body": "Oh gosh you put into words something I thought no one else in this sub experienced\u2026 anytime anyone brings up differing opinions between homeschoolers, I see folks say \u201cjust avoid them!\u201d But like\u2026 what do you do if almost EVERY homeschooling friend you\u2019ve met is into some very strongly opinionated things? One of our friends is just the sweetest little kid, and their mom seemed so nice too\u2026 until she started telling me about conspiracies about pedophiles and LGBTQ people. I actually have better luck with public school friends my kid meets at the park/pool/other activities. You\u2019re right, it is work.",
      "created_utc": 1749653610.0,
      "score": 4,
      "permalink": "/r/homeschool/comments/1l8m1ly/whats_the_hardest_part_of_homeschooling_for_you/mx7jw89/",
      "is_submitter": false,
      "edited": false,
      "stickied": false
    },
    {
      "id": "mxdkdgu",
      "author": "SirAbleoftheHH",
      "body": "You have to consider their social life to the same level you would consider choosing and implementing a curriculum. If not its just like skipping math.",
      "created_utc": 1749734383.0,
      "score": 1,
      "permalink": "/r/homeschool/comments/1l8m1ly/whats_the_hardest_part_of_homeschooling_for_you/mxdkdgu/",
      "is_submitter": false,
      "edited": false,
      "stickied": false
    },
    {
      "id": "mx97ypg",
      "author": "Striking-Amoeba-5563",
      "body": "Yeah I feel like it\u2019s one of those things you\u2019re not supposed to admit to in case someone uses it against you.\u00a0\n\nIt\u2019s definitely possible to ensure a home educated kid has a good group of friends and opportunities to make more but it IS work. Worthwhile work, but work.\u00a0",
      "created_utc": 1749670751.0,
      "score": 2,
      "permalink": "/r/homeschool/comments/1l8m1ly/whats_the_hardest_part_of_homeschooling_for_you/mx97ypg/",
      "is_submitter": false,
      "edited": false,
      "stickied": false
    },
    {
      "id": "mx637u0",
      "author": "icecrusherbug",
      "body": "Slow down a bit. You can, but you don't have to be out of your house trying to do so much each week.\n\nYou and your children are getting stressed out by the pace of trying to create a level of social activity that is very extreme. Remember to have time at home for learning how to enjoy being in your home and with your family.",
      "created_utc": 1749632350.0,
      "score": 3,
      "permalink": "/r/homeschool/comments/1l8m1ly/whats_the_hardest_part_of_homeschooling_for_you/mx637u0/",
      "is_submitter": false,
      "edited": false,
      "stickied": false
    },
    {
      "id": "mx7o4nl",
      "author": "Striking-Amoeba-5563",
      "body": "Quite! All the home ed social groups where I am have a high percentage of people who are absolute conspiracy nuts and you really don\u2019t know until they start banging on about the government using fluorine for mind control or whatever. The only way to avoid them entirely is not to go to groups and that wouldn\u2019t be fair on my daughter.\u00a0\n\nLuckily most of their kids \u2014 at this age anyway, primary school age \u2014 just want to play really rather than go on about how essential oils are all you need in a medicine cabinet or whatever. So I bite my tongue (or take a book) while the parents talk, and my kiddo plays.\u00a0\n\nBut I have found the non-crank families over the years and we\u2019ve got on pretty well with them.\u00a0\n\nI have to be careful because it\u2019s a balance isn\u2019t it. Just because I don\u2019t like a kid\u2019s mum / parent doesn\u2019t give me the right to keep my kid apart from their kid. BUT with home ed parents are so much more involved. I am ok with my daughter hanging out with the kids but if parents start pushing their woo-woo on my daughter that is a massive boundary they\u2019re crossing.\u00a0",
      "created_utc": 1749654830.0,
      "score": 4,
      "permalink": "/r/homeschool/comments/1l8m1ly/whats_the_hardest_part_of_homeschooling_for_you/mx7o4nl/",
      "is_submitter": false,
      "edited": false,
      "stickied": false
    },
    {
      "id": "mxds3hv",
      "author": "Striking-Amoeba-5563",
      "body": "Yep, agree (with the caveat that ready-made curricula are much less commonly used where I am). \u00a0Although that said I\u2019ve known some home educators who think it\u2019s enough to do maths through baking, and I have THOUGHTS about this, and I suspect some people do pay a similar level of attention to the social side. :/\u00a0",
      "created_utc": 1749736881.0,
      "score": 1,
      "permalink": "/r/homeschool/comments/1l8m1ly/whats_the_hardest_part_of_homeschooling_for_you/mxds3hv/",
      "is_submitter": false,
      "edited": false,
      "stickied": false
    },
    {
      "id": "mx990n4",
      "author": "No-Emu3831",
      "body": "Yeah I am learning there seem to be so many faucets to people\u2019s perspectives on homeschooling. Some call it laziness and others wonder why you\u2019re going to all that work when you have free education available to you.\n\nYou say socialization is extra work and then if the kids happen to have introvert personalities you get blamed for it. Then you say socializing comes naturally and the kids have any sort of weirdness that all kids exhibit then they think the homeschool community as a whole must be abnormal. You just can\u2019t win.",
      "created_utc": 1749671063.0,
      "score": 2,
      "permalink": "/r/homeschool/comments/1l8m1ly/whats_the_hardest_part_of_homeschooling_for_you/mx990n4/",
      "is_submitter": false,
      "edited": 1749671262.0,
      "stickied": false
    },
    {
      "id": "mx81dmm",
      "author": "taseaclaiduaim",
      "body": "Yes you\u2019re so right. It does feel like a balancing act. Home schooling sure attracts folks from all over every kind of spectrum. I have noticed that the kids start picking up some of their parents\u2019 mannerisms earlier than I had thought. It\u2019s still through a child\u2019s lens, but it does have me worried and pulling back at times",
      "created_utc": 1749658628.0,
      "score": 3,
      "permalink": "/r/homeschool/comments/1l8m1ly/whats_the_hardest_part_of_homeschooling_for_you/mx81dmm/",
      "is_submitter": false,
      "edited": false,
      "stickied": false
    }
  ],
  "relevance": {
    "score": 9.680000000000001,
    "user_type": "parent",
    "pain_points": [
      "these days, though, the challenge is balancing the schedule so we have enough time at home to do school in the midst of all their desperately loved activities that they couldn't possibly consider giving up",
      "if you\u2019re feeling overwhelmed by it all it\u2019s okay\u00a0\nrome wasn\u2019t built in a day, and because you\u2019re homeschooling your child will learn this too (i\u2019m being cheeky)\u00a0 i struggle with this, too!! i swear i spend more time preparing meals and washing dishes than absolutely anything else"
    ],
    "keywords_found": [
      "toddler",
      "homeschool"
    ],
    "sentiment_score": 0.9998,
    "age_relevance": true,
    "urgency_level": "medium",
    "competitive_mentions": [],
    "timestamp": "2025-06-12T14:48:31.401670"
  }
}