{
  "subreddit": "specialed",
  "post": {
    "id": "1l5iwqy",
    "title": "IEP for visual impairment",
    "author": "Affect9314",
    "created_utc": 1749296730.0,
    "score": 15,
    "num_comments": 68,
    "url": "https://www.reddit.com/r/specialed/comments/1l5iwqy/iep_for_visual_impairment/",
    "selftext": "Hi all, does anyone have examples of sure fire iep territory vs 504 for VI child who is thriving?\n\nmy child is entering kindergarten and is legally blind. She is in a small preschool now with teacher/student ratio 5:1. The district special ed supervisor has made a quick assumption she \u201cshe needs\u201d a 504. She won\u2019t need braille or a cane or such but I think a support teacher to teach her skills and help teacher with materials would be perfect. She does have a level two TVI but they are putting her as a consultant to fit into 504 which is crazy to me they can do that.\n\nI need help advocating for her as I am afraid they will try and tell me she is not eligible for an evaluation. I can\u2019t wrap my head around her only have a 504 and don\u2019t want to wait to she is falling behind. \n"
  },
  "comments": [
    {
      "id": "mwhelh2",
      "author": "Far_Violinist_1333",
      "body": "I\u2019m not a professional, just another parent with a vision impaired child who is on an Iep but I would request to have the TVI do a functional vision assessment to figure out what the needs are. It sounds like they\u2019re just making an assumption without any testing. Consult isn\u2019t out of the question (that\u2019s what my daughter currently has and it works with the other supports she has- assistive tech, TVI, and other providers work closely) but the TVI should be making that recommendation. \n\nI would also request an O&M evaluation even if your child doesn\u2019t use a cane. \n(From Google) O&M services are not limited to children who use canes; they focus on developing skills that help children navigate their environment safely and independently, regardless of their mobility status.",
      "created_utc": 1749301179.0,
      "score": 41,
      "permalink": "/r/specialed/comments/1l5iwqy/iep_for_visual_impairment/mwhelh2/",
      "is_submitter": false,
      "edited": 1749301554.0,
      "stickied": false
    },
    {
      "id": "mwhb42t",
      "author": "viola1356",
      "body": "The TVI will be really important as things become more academic. Consulting would be figuring out which accessibility tools work for your daughter and providing them to teachers. But kids don't just magically know how to use the tools just because they are provided. You need to advocate for an IEP where the TVI can actually provide instruction in using the tools and in self-advocacy strategies.  My student who was visually impaired in gen-ed had an hour weekly of 1:1 instruction with his vision teacher, and an hour weekly of her pushing into the classroom to support his application of the skills. In the 1:1, they worked on using an abacus for math, using screen mirroring on an iPad to zoom in on the screen, using a magnifying glass for reading, how to decide when to use each tool, etc. None of that would have been possible on a 504.",
      "created_utc": 1749299776.0,
      "score": 25,
      "permalink": "/r/specialed/comments/1l5iwqy/iep_for_visual_impairment/mwhb42t/",
      "is_submitter": false,
      "edited": false,
      "stickied": false
    },
    {
      "id": "mwhofzy",
      "author": "Husbands_Fault",
      "body": "Assessment should also include Expanded Core Curriculum and Learning Media Assessment, this doesn't have to happen right away hut should be part of the 3 year IEP process. And YES a legally blind student needs an IEP! If you have trouble contact your state services for the blind office as well\n\nhttps://www.perkins.org/understanding-the-expanded-core-curriculum/\n\nhttps://www.pathstoliteracy.org/overview-learning-media-assessment/",
      "created_utc": 1749304838.0,
      "score": 14,
      "permalink": "/r/specialed/comments/1l5iwqy/iep_for_visual_impairment/mwhofzy/",
      "is_submitter": false,
      "edited": false,
      "stickied": false
    },
    {
      "id": "mwhqspv",
      "author": "fossilfarmer123",
      "body": "Anytime you suspect eligibility for VI you're entitled to a referral. VI eligibility is driven through a functional vision assessment conducted by a teacher of students with visual impairments. This fva will document functional visual performance and present/recommended learning media. There should also be a screening of a student's skills within the expanded core curriculum (ECC) which are the skills and concepts a VI student may need explicit instruction in. All of those sections inform potential adverse educational impact due to VI. Depending on your state an eye report may or may not be required too but it's certainly helpful in case there is a known progressive condition. \n\nUltimately the fvlma recommends whether the student meets your state's eligibility criteria and the IEP should discuss those findings. No one person decides anything in the IEP process and they certainly cannot gatekeep evaluations when there are legitimate reasons for a referral.",
      "created_utc": 1749305647.0,
      "score": 8,
      "permalink": "/r/specialed/comments/1l5iwqy/iep_for_visual_impairment/mwhqspv/",
      "is_submitter": false,
      "edited": false,
      "stickied": false
    },
    {
      "id": "mwiag1u",
      "author": "Feeling_Wishbone_864",
      "body": "Consult may not necessarily be the wrong choice as I see that pretty commonly and appropriately. Little info has been given about her needs or specific impairment, but a 504 may not be inappropriate either. What is inappropriate is that she did not receive assessments from TVI or O&M. Both of those assessments are necessary to make sure she has the supports in place that she needs.",
      "created_utc": 1749311955.0,
      "score": 8,
      "permalink": "/r/specialed/comments/1l5iwqy/iep_for_visual_impairment/mwiag1u/",
      "is_submitter": false,
      "edited": false,
      "stickied": false
    },
    {
      "id": "mwhe8qr",
      "author": "bo0kmastermind",
      "body": "Just know the criteria for a visual impairment IEP is very specific (at least in my state) and many students who need accommodations don\u2019t qualify. Most students with a visual impairment have a 504 plan.",
      "created_utc": 1749301040.0,
      "score": 10,
      "permalink": "/r/specialed/comments/1l5iwqy/iep_for_visual_impairment/mwhe8qr/",
      "is_submitter": false,
      "edited": false,
      "stickied": false
    },
    {
      "id": "mwko08p",
      "author": "OneEyedTreeHugger",
      "body": "As a legally blind TVI who primarily uses print, please have an FVA and LMA done before completely ruling out braille and have an O&M and Expanded Core Curriculum evaluation done as well. As you mentioned an iPad vs. Chrome Bool, an Assistive Technology assessment maybe be helpful in identifying tech needs to access curriculum as well.\n\nWhile your child may never use braille as a primary reading medium, it can be very useful for individuals with low vision functionally! Think reading wall placards or elevator buttons in low light, labeling items, etc. And O&M is about so much more than using a cane. It will be very important when it comes time to learn how to cross streets independently. \n\nIf you already have a good working relationship with a TVI, they may be able to help you advocate for an IEP. There are so many things that kids learn incidentally just by watching others that must be directly taught to people with visual impairments. It will be important to make sure your child has access to the instruction necessary to learn those skills!",
      "created_utc": 1749340301.0,
      "score": 6,
      "permalink": "/r/specialed/comments/1l5iwqy/iep_for_visual_impairment/mwko08p/",
      "is_submitter": false,
      "edited": false,
      "stickied": false
    },
    {
      "id": "mwmcw0z",
      "author": "thecornerihaunt",
      "body": "I\u2019m legally blind and in MA. My IEP started at age 3(had early intervention prior to that), I\u2019m not sure how it worked but I was in a private catholic preschool from 2y9m-5y6m. I remember my TVI visiting me in preschool but not what we did. During my last year of preschool I started PT at the school that I would go to for K-8(the school deemed PT no longer necessary at some point in 1st). My IEP lasted until HS graduation. \n\nI met with my TVI regularly until I started HS. I don\u2019t remember a lot of what we did early on. I wasn\u2019t deemed blind enough for braille as I have good amount of usable vision and though I didn\u2019t have a diagnosis(we knew smaller things like nystagmus, astigmatism, foveal hypoplasia, etc not the cause) until I was an adult it wasn\u2019t thought to be progressive. My TVIs taught me Zoomtext, talking typer, helped me learn my CCTV(had one in 3th and 4th maybe had it at the start of middle school in 5th), helped me learn my acrobat(an arm with a camera connected to a laptop used for distance to see the board and up close as an alternative to a CCTV) 5th-9th. I had a thing in 4th grade that attached to one end of the whiteboard and was supposed to show was being written on the board on a computer screen it didn\u2019t work well but I enjoyed getting to sit at my teacher\u2019s desk. I remember at some point in middle school my TVI evaluating how many word per minute I was reading(50 less than same age peers). \n\nI had large print textbooks that were ridiculously large and unpractical for carrying around and pages easily came off the plastic thing that held them together. \n\nWhen younger my teachers were the ones responsible for copying worksheets into large print on huge paper. I hear it was not fun or easy especially when copiers were often not working or being used(the school was k-8 more 150 students per grade 6 teachers per grade). At about 28pt font that\u2019s a lot of extra copying.\n\nO&M started in 4th grade for me. In MA all visually impaired students are required to be provided with O&M. \n\nI learned how to listen to traffic(including best way to hold my head so my ears were the best place to hear a vehicle coming. Don\u2019t turn your head, look straight the road so each ear is facing where traffic from either direction is coming from. How to use a cane properly even though I don\u2019t now(never used it outside of O&M as a kid) and mostly only use it as identification now. Which side of the street to walk on. How to feel for the edge of steps with a cane. How listen to traffic patterns at intersections, how to cross a perpendicular(usually side street)  street using a car on the parallel street that is also \u201ccrossing\u201d that side street. How to use public transportation, how to ask for directions from a stranger, how to navigate new routes or place like how navigate their neighborhood, their new school or route between classes, learning their route to work. How to stand when you intend to cross the street. \n\nWhile it\u2019s illegal to hit any pedestrian in a crosswalk, if a visually impaired or blind person has their cane with them and they are still on sidewalk but are standing like they intend to cross a car is also supposed to stop(hint: where I live they don\u2019t. Cane or not they rarely stop and when they do be prepared for the person behind them to swerve around them and also hit you. Once a couple saw me with my cane try to cross a street(smallish 2 lane) for several minutes. The (very large tall)guy got fed  up with no one stopping stepped into the middle of the road stood with his arms and legs spread out and was like you can cross now ma\u2019am. \n\n\nOnce I started middle I had an aide(3:1 or 2:1 in middle school I shared with 2 kids who weren\u2019t visually impaired but had other disabilities. In high school I had a 1:1 9th and part of 10th but both were not good fits for me were too overbearing and hands on and shortly into 10th decided I couldn\u2019t go through another traumatic year like 9th was and said I wanted it off my IEP and warned if it didn\u2019t work and I decided I needed one again it would be very difficult to get the service back on my IEP. \n\nAs a side note I had a couple sessions with the school SLP when I was little but they didn\u2019t think I needed it enough. I assume getting that on an already existing IEP would have easier than trying to get on an IEP solely for ST if I need it I\u2019m not sure though.\n\nI had lots of other accommodations and and assistive devices but I think as far as an IEP vs 504. It was probably the TVI, O&M, aide, and maybe the PT.",
      "created_utc": 1749367540.0,
      "score": 6,
      "permalink": "/r/specialed/comments/1l5iwqy/iep_for_visual_impairment/mwmcw0z/",
      "is_submitter": false,
      "edited": false,
      "stickied": false
    },
    {
      "id": "mwh82e9",
      "author": "Sea_Economics128",
      "body": "Did they provide you a prior written notice (a form/document) explaining why they will not evaluate?",
      "created_utc": 1749298470.0,
      "score": 3,
      "permalink": "/r/specialed/comments/1l5iwqy/iep_for_visual_impairment/mwh82e9/",
      "is_submitter": false,
      "edited": false,
      "stickied": false
    },
    {
      "id": "mwhewc8",
      "author": "Own-Lingonberry-9454",
      "body": "A source for finding an advocate: https://www.parentcenterhub.org/",
      "created_utc": 1749301295.0,
      "score": 3,
      "permalink": "/r/specialed/comments/1l5iwqy/iep_for_visual_impairment/mwhewc8/",
      "is_submitter": false,
      "edited": false,
      "stickied": false
    },
    {
      "id": "mwj422n",
      "author": "TOBONation",
      "body": "It is alarming that the special ed supervisor is making assumptions without data from an evaluation. The evaluation is crucial to determining proper needs and supports for your kid. You have every right to request the evaluation because your child has a disability. If for some reason they are pushing back on doing the evaluation, you need an advocate to help you navigate how to enforce your rights and your child's rights.",
      "created_utc": 1749321258.0,
      "score": 3,
      "permalink": "/r/specialed/comments/1l5iwqy/iep_for_visual_impairment/mwj422n/",
      "is_submitter": false,
      "edited": false,
      "stickied": false
    },
    {
      "id": "mwl8wr2",
      "author": "Mysterious-Trade2872",
      "body": "As a high school (gen Ed)teacher who has taught students with severe VI, including being legally blind please consider that your child will be functioning in a world that isn't set on for vision impairments, even when we are trying to be accommodating, and this adds an extra layer of work on her and the teacher. I like the idea of including that the district needs to provide a support teacher to help your daughter with the skills she will need that her classmates won't and to help the teacher with materials. Even \u201ceasy\u201d materials to modify into large type could sometimes take the a lot of time. Doing that well is more than just increasing the font size. \n\nI would also suggest verifying that your child won't need Braille or a cane. Does that mean next year or ever? If those are projected needs for the future, I'd recommend trying to begin earlier rather than later. I had a student who only had those brought in later when they were necessary and it caused a lot of stress for them and led to disruptions with their other classes, which in turn created a loop of frustration and self esteem issues as student is pulled from a class they had been doing well in, misses a ton of instruction in it comes back behind and struggling, gets caught up, repeat, we all (teachers, the student, thestudent\u2019s parents) wanted to know why they couldn't give them a study hall period and do that instruction then or pull them from PE (student had other sources of physical activity). \n\nSummary: I'm not a Special Education expert, but as a teacher who has taught visually impaired students i\u2019m skeptical about the idea that a 504 plan could provide enough support.",
      "created_utc": 1749348445.0,
      "score": 3,
      "permalink": "/r/specialed/comments/1l5iwqy/iep_for_visual_impairment/mwl8wr2/",
      "is_submitter": false,
      "edited": false,
      "stickied": false
    },
    {
      "id": "mwl9m2g",
      "author": "IcyThorn98",
      "body": "I'm a SPED teacher in NY. I do not have a lot of experience with VI.. However, they do this a lot with speech&language kids entering kindergarten, too. They give the kids a 504, so they receive related services but no IEP. But then 2 yrs later, when the language impairment impacts their reading, they then qualify for an IEP. At what point do we say their disability will affect their learning? \nAs your kiddo is entering kindergarten, there isn't yet a learning gap.. however, I would push or at least inquire for an IEP. A visual Impairment is a classification under special education. Your child will likely require \"specially designed instruction\" to support the learning in the classroom. Yes a 504 can provide classroom mods and testing accommodation but it does not give a highly trained sped teacher working with your child during instruction or \"special designed instruction\" tailored to your child's needs.  \n\nUltimately advocate that you want your child in the least restrictive setting (a regular classroom) however provided with enough supports that your kiddo will not become overwhelmed but still can access the curriculum. Think about additional technology or training that your child may require. Also make sure you have a doctor's diagnosis and perhaps any school support  recommendations. Lastly,  you can call for a meeting to update your child plan at any time.  Put it in writing and send it to the CSE office.",
      "created_utc": 1749348719.0,
      "score": 3,
      "permalink": "/r/specialed/comments/1l5iwqy/iep_for_visual_impairment/mwl9m2g/",
      "is_submitter": false,
      "edited": false,
      "stickied": false
    },
    {
      "id": "mwh7wkp",
      "author": "420Middle",
      "body": "She needs an IEP and fight for that. She needs an individualized educational program with specific instruction and individualized gals directed at coping with her disability.\nFight that ASAP especially going into Kinder. There is NO WAY for them to fight that her disability does not have an educational impact that does not require specific teaching methods and tools. \nAHHHH.\nMaybe parent to parent or an advocate \nVisual impairment is a SPECIFIC IDEA category.",
      "created_utc": 1749298399.0,
      "score": 8,
      "permalink": "/r/specialed/comments/1l5iwqy/iep_for_visual_impairment/mwh7wkp/",
      "is_submitter": false,
      "edited": false,
      "stickied": false
    },
    {
      "id": "mwixwwj",
      "author": "cnidarian-atoll",
      "body": "You should get an IEP as that will allow you to receive services that are needed. While visual impairment is very specific, I do have a student who has a visual impairment with 20/20 vision. It is more about whether the student needs services in order to access fape.",
      "created_utc": 1749319308.0,
      "score": 2,
      "permalink": "/r/specialed/comments/1l5iwqy/iep_for_visual_impairment/mwixwwj/",
      "is_submitter": false,
      "edited": false,
      "stickied": false
    },
    {
      "id": "mwkkhkf",
      "author": "Living_Balance_1717",
      "body": "I've noticed that when districts reduce a child's services based on unreasonable claims, it's often due to budget constraints. This can result in the misuse of funds intended for children with disabilities, ultimately denying them the services they need. It's a concerning situation that can have serious implications for these children's well-being and education. To ensure your child's rights are protected, consider seeking the help of an advocate who can guide you through the process and advocate on your behalf. Given the district's potential biases, having an advocate can help level the playing field and ensure your child receives the services they're entitled to.",
      "created_utc": 1749339018.0,
      "score": 2,
      "permalink": "/r/specialed/comments/1l5iwqy/iep_for_visual_impairment/mwkkhkf/",
      "is_submitter": false,
      "edited": false,
      "stickied": false
    },
    {
      "id": "mwh8m5m",
      "author": "Haunting_Room4526",
      "body": "You need an IEP. SSDI is pretty easy to get while in school but at 18 you apply for and may easily obtain adult SSDI. What do you need? A long term record of accommodations. Keep every piece of paper from school regarding VI in a binder in date order. You can divide it by school/age year to make your claim easier to process. \n\nIt isn\u2019t the cash money that\u2019s is the greatest concern but the equipment. Talking books, assistive devices like reading monitors, speaking software (stupidly expensive) a service animal. That is where expenses rack up. \n\nWhy does school want you to get 504? Because their legal responsibility isn\u2019t backed by federal law but an IEP is.\n\nShe \u201cneeds/deserves an IEP. She instantly qualifies for because of an eye test. Dr writes a letter stating eye exam results and boom there is all the evidence needed to qualify. Absolutely no one needs or is entitled to the reason why she is legally blind just that she is. \n\nThe world is full of more than 5:1 and that alone means work needs to done regarding crowds.\n\nShe needs special transportation because you will NOT out live her. You won\u2019t always be able to drive her back and forth. \n\nThis is all about a successful confident adult in the post secondary world. Think way ahead. Learning is slow and time is short.",
      "created_utc": 1749298710.0,
      "score": 3,
      "permalink": "/r/specialed/comments/1l5iwqy/iep_for_visual_impairment/mwh8m5m/",
      "is_submitter": false,
      "edited": false,
      "stickied": false
    },
    {
      "id": "mwhpzgi",
      "author": "Haunting_Room4526",
      "body": "VI doesn\u2019t require observation, behavior rating scales, IQ test or achievement tests only vision results. So produce the statement from a medical professional as to the vision results and a statement of legally blind. Hold a referral for services meeting and produce the Dr statement. Now hold eligibility meeting-student is eligible because legally blind. Meetings can be held back to back with parent waiver to 10 day notice requirements and boom instant qualification due to being legally blind. Now 10 days to write the IEP.   Preschool teacher input is neither here nor there because legally blind. \n\nBecause education is all about teaching reading to obtain education-legally blind is easier than any other disability to qualify for services. \n\nA casual use of words does not negate the necessity for this student to have an IEP to facilitate learning and a successful life after 21.",
      "created_utc": 1749305370.0,
      "score": 2,
      "permalink": "/r/specialed/comments/1l5iwqy/iep_for_visual_impairment/mwhpzgi/",
      "is_submitter": false,
      "edited": false,
      "stickied": false
    },
    {
      "id": "mwhes3m",
      "author": "Haunting_Room4526",
      "body": "504 is an educational document that is now being questioned in school. Many districts at least in AL, FL and MS are writing them for 1 semester.  This puts the oneness of documentation on the parent. \n\nIn the past 504 has been used to obtain all but the label style accommodations. At one point it was intended for a short term physical impairment like you broke your arm or short term illness not as a life long impairment such as TBI for example. \n\nIn the sped world a 504 is everything IEP but the label and the money. 504 doesn\u2019t fund a para or expensive equipment or specialized training. \n\nIDEA bangs really hard in the courthouse and the vehicle of choice is an IEP. \n\nLooking towards post secondary education Social Security isn\u2019t impressed by a 504. \n\nMy statements are based on concerns about the absolute lack of support after 21. \n\nI watched a huge gap widen every year between after school and the rest of a students life. By the time the overwhelmed parent gets to graduation most supportive programs are unavailable. So the time to consider placement is now.  Getting the student into a supportive environment begins in 6th grade. Research, reflection and preparation all take so much time. \n\nThe IEP is a powerful legally binding document given great weight in the post secondary world in my experience.",
      "created_utc": 1749301250.0,
      "score": 2,
      "permalink": "/r/specialed/comments/1l5iwqy/iep_for_visual_impairment/mwhes3m/",
      "is_submitter": false,
      "edited": false,
      "stickied": false
    },
    {
      "id": "mwjd49a",
      "author": "Opposite_Corgi3457",
      "body": "Are you sure she won\u2019t need Braille if she\u2019s legally blind? In my district, Braille would happen.",
      "created_utc": 1749324201.0,
      "score": 1,
      "permalink": "/r/specialed/comments/1l5iwqy/iep_for_visual_impairment/mwjd49a/",
      "is_submitter": false,
      "edited": false,
      "stickied": false
    },
    {
      "id": "mwruze2",
      "author": "Capable_Penalty_6308",
      "body": "At the very least, your child should be receiving specialized instruction to address the expanded core curriculum. https://www.tsbvi.edu/programs/ecc",
      "created_utc": 1749441010.0,
      "score": 1,
      "permalink": "/r/specialed/comments/1l5iwqy/iep_for_visual_impairment/mwruze2/",
      "is_submitter": false,
      "edited": false,
      "stickied": false
    },
    {
      "id": "mx1mwvp",
      "author": "Necessary-Box4864",
      "body": "Hi, Assistive Tech Specialist and former high incidence Special Education Teacher here! I completely agree with those who suggested an Assistive Tech (AT) referral. I serve on both 504 and IEP teams, so you should be able to request this support regardless of the plan your kiddo has. Many districts use school staff as their AT team, it's not too common to have AT specialists anymore. :( Ideally, an AT Specialist and TVI would consider AT needs together and then help the school staff and family with implementation of any needed tools. \n\nHave you met with her kindergarten school staff? If not, I would suggest requesting this and ask for the TVI to attend. In my district, we meet the spring prior to ensure a smooth transition for the student. Sometimes we bring kids to the new building for a visit, too. She may need time to navigate the halls before school starts so that she's not disoriented on the first day. It's a reasonable request to ask to bring her to the school while teachers are preparing for the new year. \n\nOne more thing....whatever you wish to request (IEP evaluation, AT assessment, etc) be sure to put it in writing. I'd recommend doing so via email so that you have proof. For IEP evaluations, the school is required to respond to you within a certain number of days (10, in my state). I would do this right before school starts, when staff are back on contract. \n\nApologies for the lengthy response but I hope it helps. Please feel free to direct message me if I can help further!",
      "created_utc": 1749574123.0,
      "score": 1,
      "permalink": "/r/specialed/comments/1l5iwqy/iep_for_visual_impairment/mx1mwvp/",
      "is_submitter": false,
      "edited": false,
      "stickied": false
    },
    {
      "id": "mwicuv4",
      "author": "Wonderful-Ad2280",
      "body": "Get an advocate for this one",
      "created_utc": 1749312719.0,
      "score": 1,
      "permalink": "/r/specialed/comments/1l5iwqy/iep_for_visual_impairment/mwicuv4/",
      "is_submitter": false,
      "edited": false,
      "stickied": false
    },
    {
      "id": "mwk1l37",
      "author": "Money_Pomegranate_96",
      "body": "If you want a support teacher, 504 isn\u2019t the way to go. You\u2019ll need an IEP. I had a student with visual impairment on 504 but she was in high school and didn\u2019t need the extra level of support. If you like the smaller class sizes and want to keep that, IEP is also the way to go. But you\u2019d have to justify why she needs a modified curriculum for her to be placed in a resource class. \n\nIt\u2019s your right to have her evaluated. They can\u2019t deny an evaluation for SpEd and once you request one (do it in writing with a timestamp), the clock starts and the school has a time limit to get it done per the law.",
      "created_utc": 1749332292.0,
      "score": 1,
      "permalink": "/r/specialed/comments/1l5iwqy/iep_for_visual_impairment/mwk1l37/",
      "is_submitter": false,
      "edited": false,
      "stickied": false
    },
    {
      "id": "mwhgqwk",
      "author": "Affect9314",
      "body": "Thank you so much!",
      "created_utc": 1749302008.0,
      "score": 2,
      "permalink": "/r/specialed/comments/1l5iwqy/iep_for_visual_impairment/mwhgqwk/",
      "is_submitter": true,
      "edited": false,
      "stickied": false
    },
    {
      "id": "mwhhvtq",
      "author": "Susan4000",
      "body": "Plus, kids with VI don\u2019t have the benefit of watching their peers and learning from them, in the way that fully sighted kids do, so all that social and emotional learning can be delayed or missing",
      "created_utc": 1749302442.0,
      "score": 21,
      "permalink": "/r/specialed/comments/1l5iwqy/iep_for_visual_impairment/mwhhvtq/",
      "is_submitter": false,
      "edited": false,
      "stickied": false
    },
    {
      "id": "mwhgtr7",
      "author": "Affect9314",
      "body": "Thank you so much!!!",
      "created_utc": 1749302039.0,
      "score": 3,
      "permalink": "/r/specialed/comments/1l5iwqy/iep_for_visual_impairment/mwhgtr7/",
      "is_submitter": true,
      "edited": false,
      "stickied": false
    },
    {
      "id": "mwigpz5",
      "author": "Affect9314",
      "body": "Thank u this is so helpful!",
      "created_utc": 1749313961.0,
      "score": 2,
      "permalink": "/r/specialed/comments/1l5iwqy/iep_for_visual_impairment/mwigpz5/",
      "is_submitter": true,
      "edited": false,
      "stickied": false
    },
    {
      "id": "mwiexr9",
      "author": "dopeynme",
      "body": "Yes, yes, yes! Also, the functional vision assessment/learning media assessment must be updated annually.",
      "created_utc": 1749313387.0,
      "score": 3,
      "permalink": "/r/specialed/comments/1l5iwqy/iep_for_visual_impairment/mwiexr9/",
      "is_submitter": false,
      "edited": false,
      "stickied": false
    },
    {
      "id": "mwhgxwb",
      "author": "Affect9314",
      "body": "Thank you I will definitely look into this",
      "created_utc": 1749302083.0,
      "score": 1,
      "permalink": "/r/specialed/comments/1l5iwqy/iep_for_visual_impairment/mwhgxwb/",
      "is_submitter": true,
      "edited": false,
      "stickied": false
    },
    {
      "id": "mwy8qur",
      "author": "Husbands_Fault",
      "body": "I'm sorry you had that awful experience in 9th grade. Unless you had other things you were struggling with, I don't understand it when they give some VI kids an aide",
      "created_utc": 1749524045.0,
      "score": 1,
      "permalink": "/r/specialed/comments/1l5iwqy/iep_for_visual_impairment/mwy8qur/",
      "is_submitter": false,
      "edited": false,
      "stickied": false
    },
    {
      "id": "mwhaum1",
      "author": "Affect9314",
      "body": "Thank you so much for responding - they didn\u2019t reject evaluation yet\u2026.the supervisor made the statement about the 504 in an informal meeting when I first reached out to them to get things set up. She said she doesn\u2019t need special instruction just classroom and material modifications. I was so shocked. I have since followed up and formally requested the evaluation but since she is the supervisor I am on high alert. I need to make sure I word everything in a way that is under \u201cspecial instruction\u201d?",
      "created_utc": 1749299666.0,
      "score": 6,
      "permalink": "/r/specialed/comments/1l5iwqy/iep_for_visual_impairment/mwhaum1/",
      "is_submitter": true,
      "edited": false,
      "stickied": false
    },
    {
      "id": "mwhhon9",
      "author": "Affect9314",
      "body": "Thank you!!!",
      "created_utc": 1749302366.0,
      "score": 1,
      "permalink": "/r/specialed/comments/1l5iwqy/iep_for_visual_impairment/mwhhon9/",
      "is_submitter": true,
      "edited": false,
      "stickied": false
    },
    {
      "id": "mwh8rvo",
      "author": "Sea_Economics128",
      "body": "An IEP is not guaranteed. Even if the child has a VI, there must be evidence that it adversely affects the student\u2019s educational performance. At the least, however, it does absolutely sound like probing/an evaluation is needed.",
      "created_utc": 1749298779.0,
      "score": 25,
      "permalink": "/r/specialed/comments/1l5iwqy/iep_for_visual_impairment/mwh8rvo/",
      "is_submitter": false,
      "edited": false,
      "stickied": false
    },
    {
      "id": "mwhbrbl",
      "author": "Affect9314",
      "body": "Thank you so much! I am definitely learning that words are so important and love \u201cspecific teaching methods\u201d thank you! Do u have an example for a kindergarten kid by chance? Bc it seems like saying ie, large print, accessible materials, etc, they are trying to say just 504",
      "created_utc": 1749300047.0,
      "score": 3,
      "permalink": "/r/specialed/comments/1l5iwqy/iep_for_visual_impairment/mwhbrbl/",
      "is_submitter": true,
      "edited": false,
      "stickied": false
    },
    {
      "id": "mwhbdfm",
      "author": "Affect9314",
      "body": "\ud83d\udcaf\ud83d\udcafthank you! Yes use of word \u201cmethods\u201d will def use that - I am trying to find an advocate as well",
      "created_utc": 1749299885.0,
      "score": 1,
      "permalink": "/r/specialed/comments/1l5iwqy/iep_for_visual_impairment/mwhbdfm/",
      "is_submitter": true,
      "edited": false,
      "stickied": false
    },
    {
      "id": "mwhtogu",
      "author": "PurpleShift8546",
      "body": "Agreed, she absolutely needs an IEP. Who exactly would provide accommodations with a 504? The average 504 case manager is not equipped for this. They need a professional who is experienced with visual impairments. My district uses our local intermediate unit for students with visual and hearing impairments.",
      "created_utc": 1749306609.0,
      "score": 1,
      "permalink": "/r/specialed/comments/1l5iwqy/iep_for_visual_impairment/mwhtogu/",
      "is_submitter": false,
      "edited": false,
      "stickied": false
    },
    {
      "id": "mwhbo9u",
      "author": "achigurh25",
      "body": "Not saying an IEP isn\u2019t warranted but a 504 is a legally binding document that is enforceable. It\u2019s literally law.",
      "created_utc": 1749300012.0,
      "score": 17,
      "permalink": "/r/specialed/comments/1l5iwqy/iep_for_visual_impairment/mwhbo9u/",
      "is_submitter": false,
      "edited": false,
      "stickied": false
    },
    {
      "id": "mwho2c4",
      "author": "Budget_Computer_427",
      "body": "This is not good information. Nobody \"instantly\" qualifies for an IEP, and certainly not based solely on an eye test.",
      "created_utc": 1749304704.0,
      "score": 13,
      "permalink": "/r/specialed/comments/1l5iwqy/iep_for_visual_impairment/mwho2c4/",
      "is_submitter": false,
      "edited": false,
      "stickied": false
    },
    {
      "id": "mwi2f9s",
      "author": "Same_Profile_1396",
      "body": "> Why does school want you to get 504? Because their legal responsibility isn\u2019t backed by federal law but an IEP is.\n\nThis is inaccurate information. 504 plans are legal documents, backed by federal law. Since you're, for some reason, focused on the \"post secondary world\"--- 504 plans can carry into college where as IEPs are only K-12.\n\n\n> She \u201cneeds/deserves an IEP. She instantly qualifies for because of an eye test. Dr writes a letter stating eye exam results and boom there is all the evidence needed to qualify. Absolutely no one needs or is entitled to the reason why she is legally blind just that she is.\n\nAlso wildly inaccurate. Medical diagnoses alone don't drive eligibility. You don't bring in a letter from a Dr and automatically qualify for an IEP, ever. The visual impairment category, as all do, requires there to be an educational impact.",
      "created_utc": 1749309434.0,
      "score": 11,
      "permalink": "/r/specialed/comments/1l5iwqy/iep_for_visual_impairment/mwi2f9s/",
      "is_submitter": false,
      "edited": 1749325966.0,
      "stickied": false
    },
    {
      "id": "mwha3i0",
      "author": "Affect9314",
      "body": "Thank you this input is so valuable and I\u2019ll definitely use your last line, re: learning is slow but time is short \u2764\ufe0f\u2764\ufe0f\u2764\ufe0f",
      "created_utc": 1749299349.0,
      "score": 2,
      "permalink": "/r/specialed/comments/1l5iwqy/iep_for_visual_impairment/mwha3i0/",
      "is_submitter": true,
      "edited": 1749299717.0,
      "stickied": false
    },
    {
      "id": "mwihps0",
      "author": "Affect9314",
      "body": "Thank u so much! I did wrongly presume it would straightforward to start the evaluation process bc of her VI \ud83e\udee0\ud83e\udee0",
      "created_utc": 1749314278.0,
      "score": 1,
      "permalink": "/r/specialed/comments/1l5iwqy/iep_for_visual_impairment/mwihps0/",
      "is_submitter": true,
      "edited": false,
      "stickied": false
    },
    {
      "id": "mwi3vxq",
      "author": "Same_Profile_1396",
      "body": "> Many districts at least in AL, FL and MS are writing them for 1 semester. This puts the oneness of documentation on the parent.\n\nTeacher in a large district in FL here, again incorrect. Our 504s follow all federal laws. There is no such thing as writing a 504 for \"one semester.\" \nI believe you mean the \"onus is on the parents.\" Parents should always be informed and be involved, that won't ever change.\n\n\n> In the past 504 has been used to obtain all but the label style accommodations. At one point it was intended for a short term physical impairment like you broke your arm or short term illness not as a life long impairment such as TBI for example.\n\n> In the sped world a 504 is everything IEP but the label and the money. 504 doesn\u2019t fund a para or expensive equipment or specialized training.\n\nAgain, none of this is accurate information. Students with a 504 are general Ed students, they don't fall under the special education umbrella. The entire point of the Rehabilitation Act is to avoid discrimination.",
      "created_utc": 1749309898.0,
      "score": 6,
      "permalink": "/r/specialed/comments/1l5iwqy/iep_for_visual_impairment/mwi3vxq/",
      "is_submitter": false,
      "edited": 1749325810.0,
      "stickied": false
    },
    {
      "id": "mwhhnje",
      "author": "Affect9314",
      "body": "Thank you so much for all this info.  In the meeting there was a conversation about iPad vs Chromebook and the district was so sketchy - I pushed about iPad and it was said \u201cshe is going to need to learn the Chromebook at some point\u201d\u2026.in hindsight I\u2019m pretty sure that is literally why accommodations are in place (maybe my daughter will be able to use it, but the assumption in a simple informal meeting\u2026wow!)",
      "created_utc": 1749302354.0,
      "score": 1,
      "permalink": "/r/specialed/comments/1l5iwqy/iep_for_visual_impairment/mwhhnje/",
      "is_submitter": true,
      "edited": false,
      "stickied": false
    },
    {
      "id": "mwjhc5n",
      "author": "Same_Profile_1396",
      "body": "Legally blind (which is a government designation, not medical) has degrees, not all people considered legally blind have no vision at all-- the vast majority aren't completely blind.\u00a0\n\u00a0\u00a0\n\nSo, not all legally blind people need braille to access written text. I know of many people who are legally blind and read just fine and can ambulate just fine without assistance as well.",
      "created_utc": 1749325598.0,
      "score": 3,
      "permalink": "/r/specialed/comments/1l5iwqy/iep_for_visual_impairment/mwjhc5n/",
      "is_submitter": false,
      "edited": 1749352379.0,
      "stickied": false
    },
    {
      "id": "mwl6v2r",
      "author": "Old-General-4121",
      "body": "To clarify, a school does not have to complete an evaluation just because a parent asks.  Each state has their own specific laws, mine says they have 25 school days to make a decision and either initiate the evaluation process or provide an explanation in writing of why they are not initiating an evaluation.  In the case of a student who is legally blind it seems foolish to not initiate an evaluation to do a full assessment of the student's needs, including assistive technology and orientation and mobility.  They should also have the vision specialist do an assessment that will include things like the exact size of font that needs to be used when work is enlarged and how teachers will get enlarged work since it's usually more complex that hitting enlarge on the copier.  Whoever does the assistive tech eval can make recommendations for technology, such as an iPad that will take photos of work then can do text to speech or a chromebook with a larger screen or screen enlarger.  She will also need someone who can help with learning to use the accessibility settings and when to use them appropriately in the classroom. \n\nAn OT eval would also likely be useful to make recommendations for things like specialized paper with highlighting or raised texture, slant boards if helpful, etc.  While SDI may not be necessary to learn to write, there are specialized tools that may make it easier that they can recommend.",
      "created_utc": 1749347643.0,
      "score": 5,
      "permalink": "/r/specialed/comments/1l5iwqy/iep_for_visual_impairment/mwl6v2r/",
      "is_submitter": false,
      "edited": false,
      "stickied": false
    },
    {
      "id": "mwjpxxn",
      "author": "Far_Violinist_1333",
      "body": "You\u2019re welcome. If you\u2019re able, get a recommendation for FVA and O&M evals from your child\u2019s ophthalmologist. They\u2019re not supposed to do this but my district wouldn\u2019t start the evaluations until I gave them that documentation.",
      "created_utc": 1749328459.0,
      "score": 6,
      "permalink": "/r/specialed/comments/1l5iwqy/iep_for_visual_impairment/mwjpxxn/",
      "is_submitter": false,
      "edited": false,
      "stickied": false
    },
    {
      "id": "mwy7syc",
      "author": "Husbands_Fault",
      "body": "You're very welcome, it can be so hard to figure all this out especially if your district isn't 100% on board",
      "created_utc": 1749523709.0,
      "score": 1,
      "permalink": "/r/specialed/comments/1l5iwqy/iep_for_visual_impairment/mwy7syc/",
      "is_submitter": false,
      "edited": false,
      "stickied": false
    },
    {
      "id": "mwyh82a",
      "author": "thecornerihaunt",
      "body": "One reason was helping move my cart thing that had my laptop and acrobat on it from classroom to classroom. Not sure what else specifically was officially their role with me but they just generally helped me(or the other 2) when needed. I found it helpful in middle school when it was basically them sitting off at the back of the room(or wherever the classroom we were in had an empty area for them) and just helping when needed or asked. I wasn\u2019t followed to chorus in middle school, one of the boys took band they might\u2019ve been with him not sure. We weren\u2019t followed to lunch or recess usually. They might\u2019ve been tasked with helping me stay organized as I kept everything from old worksheets to keeping a collection of empty water bottles under the slant board I had from 1st - 3rd. That bootle collection drove my first TVI nuts. \n\nThe other 2 kids were also pretty independent. They were(unconfirmed because obviously teachers can\u2019t go around sharing kids\u2019 diagnoses with other students) autistic(probably level 1), which so was I but I wasn\u2019t diagnosed until I was an adult. We were all in gen Ed full time.",
      "created_utc": 1749527316.0,
      "score": 1,
      "permalink": "/r/specialed/comments/1l5iwqy/iep_for_visual_impairment/mwyh82a/",
      "is_submitter": false,
      "edited": false,
      "stickied": false
    },
    {
      "id": "mwhbhm3",
      "author": "Sea_Economics128",
      "body": "Yes, absolutely. Special education services is the verbiage to consistently use in your requests. There is a broad range of services your child can receive, not just braille instruction. Orientation/mobility, to start, social/emotional instruction is sometimes appropriate, etc. \n\nThe key thing (and the school district\u2019s responsibility) is to probe and rule out need for the IEP\u2014not predetermine. It\u2019s likely they will evaluate, you will need to advocate. Lots of low cost/no cost parent support services if you ever need someone with you at a meeting. There are also paid advocates. Good luck!",
      "created_utc": 1749299934.0,
      "score": 11,
      "permalink": "/r/specialed/comments/1l5iwqy/iep_for_visual_impairment/mwhbhm3/",
      "is_submitter": false,
      "edited": false,
      "stickied": false
    },
    {
      "id": "mwhnrri",
      "author": "Budget_Computer_427",
      "body": "I am also shocked, because this person isn't legally allowed to unilaterally make this decision. What you described is an example of predetermination. Most districts make a huge deal out of training their personnel to never, ever do this. It is possible this person is inexperienced, poorly trained, or both.\n\nThere should be a special education advocacy parent group in your state. Find them and join. They will be able to give you better advice tailored to your situation than anyone on Reddit can. You can also reach out to your state's school for the blind and see if they have a group you can join or if they know of any resources for parents of VI kids. \n\nThat said, a 504 may very well be appropriate for your child. An IEP may also be appropriate for your child. There is not enough information here to know for sure, and you wouldn't want to post the information that would be needed on the internet. \n\nI would jot that conversation down and keep copies of emails just in case they're needed later. \n\n[VI Resources](https://www.parentcenterhub.org/visualimpairment/#education)",
      "created_utc": 1749304600.0,
      "score": 4,
      "permalink": "/r/specialed/comments/1l5iwqy/iep_for_visual_impairment/mwhnrri/",
      "is_submitter": false,
      "edited": false,
      "stickied": false
    },
    {
      "id": "mwhbxmz",
      "author": "Affect9314",
      "body": "Yes I think bc she is on par with peers in terms of early academics and is social they are dismissive.",
      "created_utc": 1749300119.0,
      "score": 1,
      "permalink": "/r/specialed/comments/1l5iwqy/iep_for_visual_impairment/mwhbxmz/",
      "is_submitter": true,
      "edited": false,
      "stickied": false
    },
    {
      "id": "mwpls9e",
      "author": "420Middle",
      "body": "Um. How is a child with VI supposed to see thecwords letters number colors write etc etc withoyt specific, specialized teaching methods and supports. \nThe need a TVI ESPECIALLY in Kinder",
      "created_utc": 1749412505.0,
      "score": 1,
      "permalink": "/r/specialed/comments/1l5iwqy/iep_for_visual_impairment/mwpls9e/",
      "is_submitter": false,
      "edited": false,
      "stickied": false
    },
    {
      "id": "mwhptbt",
      "author": "Husbands_Fault",
      "body": "Another phrase is \"access to curriculum.\" For a student with VI, especially who is cognitively on grade level, the point of TVI services is to be sure that they can visually access materials at the same rate as other students",
      "created_utc": 1749305312.0,
      "score": 5,
      "permalink": "/r/specialed/comments/1l5iwqy/iep_for_visual_impairment/mwhptbt/",
      "is_submitter": false,
      "edited": false,
      "stickied": false
    },
    {
      "id": "mx1p4ef",
      "author": "Necessary-Box4864",
      "body": "Large print and accessible materials are accommodations, which can be added to both 504s and IEPs. :)  You probably already know this, but just in case: the key difference between a 504 and an IEP comes down to specialized instruction. A 504 is only accommodations,  an IEP is written when a student requires specialized instruction- the IEP includes both instructional goals and accommodations.",
      "created_utc": 1749574727.0,
      "score": 1,
      "permalink": "/r/specialed/comments/1l5iwqy/iep_for_visual_impairment/mx1p4ef/",
      "is_submitter": false,
      "edited": false,
      "stickied": false
    },
    {
      "id": "mx1pwh3",
      "author": "Necessary-Box4864",
      "body": "Not to mention that an entire school team determines the need, including the parent...not a doctor.",
      "created_utc": 1749574940.0,
      "score": 1,
      "permalink": "/r/specialed/comments/1l5iwqy/iep_for_visual_impairment/mx1pwh3/",
      "is_submitter": false,
      "edited": false,
      "stickied": false
    },
    {
      "id": "mwii8ry",
      "author": "Affect9314",
      "body": "The medical diagnosis is part of the 13 categories under IDEA that makes her eligible to be evaluated for IEP. The district person telling me she should get a 504 only, based on no data or evaluation is the issue I was asking help for",
      "created_utc": 1749314445.0,
      "score": 1,
      "permalink": "/r/specialed/comments/1l5iwqy/iep_for_visual_impairment/mwii8ry/",
      "is_submitter": true,
      "edited": false,
      "stickied": false
    },
    {
      "id": "mwhpqel",
      "author": "Haunting_Bottle7493",
      "body": "Why? Why is she going to need to use a Chromebook?  And not to be nosy, May I ask what VI impairment does your child have?   That can also really impact things. Furthermore, unless the director was a VI teacher who specialized in assessments in the past, she doesn\u2019t know what she may need to access her education academically or her school environment. \n\nI\u2019ve picked up enough tips from my OT, PT,  and Speech buddies to try things on my own with my kiddos in regards to their environment, language, etc. VI? I have nowhere enough knowledge.",
      "created_utc": 1749305284.0,
      "score": 4,
      "permalink": "/r/specialed/comments/1l5iwqy/iep_for_visual_impairment/mwhpqel/",
      "is_submitter": false,
      "edited": false,
      "stickied": false
    },
    {
      "id": "mx1r6yf",
      "author": "Necessary-Box4864",
      "body": "Ipad vs Chromebook is exactly the reason for an AT (assistive tech) assessment. The conversation should be about the tools and features your kiddo needs, not the actual device, if that makes sense. For younger kids, as an AT Specialist I completely understand your inquiry for an iPad- there are simply some great apps that aren't available on other platforms. She may even need both devices at some point. :)",
      "created_utc": 1749575294.0,
      "score": 1,
      "permalink": "/r/specialed/comments/1l5iwqy/iep_for_visual_impairment/mx1r6yf/",
      "is_submitter": false,
      "edited": false,
      "stickied": false
    },
    {
      "id": "mwk133y",
      "author": "Affect9314",
      "body": "She would fall under this category \u2764\ufe0f",
      "created_utc": 1749332122.0,
      "score": 2,
      "permalink": "/r/specialed/comments/1l5iwqy/iep_for_visual_impairment/mwk133y/",
      "is_submitter": true,
      "edited": false,
      "stickied": false
    },
    {
      "id": "mwla26s",
      "author": "Money_Pomegranate_96",
      "body": "You are correct that a school can choose not to initiate an evaluation, BUT they must provide an acceptable reason for refusal. They can\u2019t just decide not to evaluate. In my experience, not many schools will refuse to evaluate because of Child Find laws (it\u2019s the schools responsibility to identify all IDEA-eligible students). IDEA requires schools to conduct an evaluation if there is a suspicion of a disability. This is a federal mandate. The time to complete is state dependent, which is why I didn\u2019t give a specific timeframe. \n\nI should have been more clear in my comment that what I was stating pertained specifically to this child\u2019s situation given than there is more than suspicion of a disability. She is legally blind. She does have a right to evaluation per IDEA.",
      "created_utc": 1749348894.0,
      "score": 3,
      "permalink": "/r/specialed/comments/1l5iwqy/iep_for_visual_impairment/mwla26s/",
      "is_submitter": false,
      "edited": false,
      "stickied": false
    },
    {
      "id": "mxcyk8x",
      "author": "Husbands_Fault",
      "body": "If it helped you and didn't annoy or embarrass then that's good, I'm glad. Some VI kids get very babied by their 1-to-1s. I can only imagine the bottle battles! \ud83e\udd23",
      "created_utc": 1749725785.0,
      "score": 1,
      "permalink": "/r/specialed/comments/1l5iwqy/iep_for_visual_impairment/mxcyk8x/",
      "is_submitter": false,
      "edited": false,
      "stickied": false
    },
    {
      "id": "mwht7ue",
      "author": "Affect9314",
      "body": "Thank you so much!!!",
      "created_utc": 1749306454.0,
      "score": 1,
      "permalink": "/r/specialed/comments/1l5iwqy/iep_for_visual_impairment/mwht7ue/",
      "is_submitter": true,
      "edited": false,
      "stickied": false
    },
    {
      "id": "mwhhj4j",
      "author": "Susan4000",
      "body": "So my concern is that at kindergarten the print is larger and less text/crowding on a page, so she can keep up with her sighted peers. But as text gets smaller and more dense in the later grades, her visual fatigue can negatively impact her ability to keep up. I would consider braille if her condition is expected to deteriorate her vision, or for access to reading like her peers. Magnifiers and text to voice can be considered, but that\u2019s why a good TVI onboard is crucial. I\u2019m hesitant about the 504, but it\u2019s possible there\u2019s not a need for an IEP, AT THIS TIME. My concerns are about setting her up for future success.",
      "created_utc": 1749302307.0,
      "score": 16,
      "permalink": "/r/specialed/comments/1l5iwqy/iep_for_visual_impairment/mwhhj4j/",
      "is_submitter": false,
      "edited": false,
      "stickied": false
    },
    {
      "id": "mwj99wj",
      "author": "Same_Profile_1396",
      "body": "> The medical diagnosis is part of the 13 categories under IDEA that makes her eligible to be evaluated for IEP. \n\nThe keywords here are **eligible to be evaluated**. The medical diagnosis alone doesn't lead to eligibility. There has to be a, documented, educational impact. They have to show a need for SDI (specially designed instruction).\n\nWould she qualify for an IEP? Most likely. But, what I was replying to was the poster saying a Dr. note automatically qualifies a child for an IEP, this not true.\n\nAlso, having a 504 in place prior to being able to collect said data and evaluations could be a good place to start, as well.",
      "created_utc": 1749322936.0,
      "score": 6,
      "permalink": "/r/specialed/comments/1l5iwqy/iep_for_visual_impairment/mwj99wj/",
      "is_submitter": false,
      "edited": false,
      "stickied": false
    },
    {
      "id": "mwij1xa",
      "author": "Affect9314",
      "body": "Thank you!! Is there a DM function on Reddit? I do not want to get into specifics on the post but definitely I understand/agree the nuances of her diagnosis and how they impact her learning may a role",
      "created_utc": 1749314698.0,
      "score": 1,
      "permalink": "/r/specialed/comments/1l5iwqy/iep_for_visual_impairment/mwij1xa/",
      "is_submitter": true,
      "edited": false,
      "stickied": false
    },
    {
      "id": "mwhszj5",
      "author": "Affect9314",
      "body": "\ud83d\udcaf\ud83d\udcaf\ud83d\udcaf thank you for all the insight!!",
      "created_utc": 1749306379.0,
      "score": 5,
      "permalink": "/r/specialed/comments/1l5iwqy/iep_for_visual_impairment/mwhszj5/",
      "is_submitter": true,
      "edited": false,
      "stickied": false
    },
    {
      "id": "mwim4ng",
      "author": "Haunting_Bottle7493",
      "body": "I just sent you a message in chat",
      "created_utc": 1749315658.0,
      "score": 2,
      "permalink": "/r/specialed/comments/1l5iwqy/iep_for_visual_impairment/mwim4ng/",
      "is_submitter": false,
      "edited": false,
      "stickied": false
    }
  ],
  "relevance": {
    "score": 10,
    "user_type": "parent",
    "pain_points": [
      "unless you had other things you were struggling with, i don't understand it when they give some vi kids an aide thank you so much for responding - they didn\u2019t reject evaluation yet\u2026",
      "i need help advocating for her as i am afraid they will try and tell me she is not eligible for an evaluation",
      "also make sure you have a doctor's diagnosis and perhaps any school support  recommendations",
      "whoever does the assistive tech eval can make recommendations for technology, such as an ipad that will take photos of work then can do text to speech or a chromebook with a larger screen or screen enlarger",
      "an ot eval would also likely be useful to make recommendations for things like specialized paper with highlighting or raised texture, slant boards if helpful, etc",
      "ultimately advocate that you want your child in the least restrictive setting (a regular classroom) however provided with enough supports that your kiddo will not become overwhelmed but still can access the curriculum",
      "by the time the overwhelmed parent gets to graduation most supportive programs are unavailable"
    ],
    "keywords_found": [
      "504",
      "transition",
      "preschool",
      "kindergarten"
    ],
    "sentiment_score": 0.9999,
    "age_relevance": true,
    "urgency_level": "high",
    "competitive_mentions": [],
    "timestamp": "2025-06-12T14:55:12.480439"
  }
}