{
  "subreddit": "specialed",
  "post": {
    "id": "1l7uq93",
    "title": "What are we working towards? (not a great title, please read)",
    "author": "OptimalConnection367",
    "created_utc": 1749549294.0,
    "score": 23,
    "num_comments": 9,
    "url": "https://www.reddit.com/r/specialed/comments/1l7uq93/what_are_we_working_towards_not_a_great_title/",
    "selftext": "Hello. \n\nI am a special ed teacher currently working in a middle school (7th and 8th grade) setting in Massachusetts. I hold multiple licenses and have just returned to teaching special ed this year after being in general ed for several years. \n\nI am so confused! I think my confusion stems from my school not having very good procedures and processes in place BUT what I am experiencing could be the normal way of things. I am looking for feedback and information on how it works in places you have worked that do it well. I have read through IDEA (like, line by line, highlighter in hand) and that has not helped me answer the questions I have.\n\nIf the way I am articulating this is strange please forgive me. \n\n**1. What does testing at your school look like?**   \nMine uses an outside psych to conduct a WIAT or a Vanderbilt (the ones only psyches can administer). They do very few, usually only the two mentioned above, they do not consult with the general ed teachers, special ed teachers or families about areas of concern.   \n  \nAlthough it is helpful to know if a child is \"below average\" on pseudo word decoding or math fluency I do not find that information helpful in determining a baseline / present level nor do I find it helpful in writing a measurable goal. However, my sped department expects me to write baselines and goals on this information alone. Either I am missing something or I am being gas-lit.\n\n**2. Does your school do other academic testing and or baselining (as part of sped or not)?**  \nMine does not. This year we started to do iReady and we have a truly exceptional reading interventionist who then follows up and does more finely grained testing with students whose scores are concerning. We do not have a similar process for math.   \n  \nWe have NO baseline data on students. They do not come in the first few days and hand write essays (so we can look at their handwriting, conventions of grammar, punctation and spelling, ability to construct sentences, etc). They don't do a multi-step multiplication problem on paper by hand. They do not read a book unless they have an audiobook to support, Everything they do is with a Chromebook and a calculator so none of us truly know what they can do unassisted.    \n(and this is for ALL students)\n\nThis is shocking to me. How can we possibly get present levels like that? How can we measure progress?   \n(maybe I am missing something?)\n\n  \n**3. What should goals be like?**  \nThis is where I struggle the most to explain. Students where I work seem to have the kitchen sink thrown at them when it comes to goals. Without any evidence/data that shows they struggle to write (for example) they will get a writing goals. Additionally the goals they get are often not things being addressed in the general ed classroom. For example, I have a student whose goal is to write more complex sentences using conjunctions. However, there is never a time in the 8th general ed classroom where they are just working on sentence writing. If the student is in general ed ELA isn't that an indication that they can access and succeed in the grade-level curriculum with accommodations? If that is true they should not have a writing goal. ? \n\nAND, should goals be addressing grade level skills or remediation? (see below) I have another student in the general ed math class. They do not have an identified math related disability but struggle with various 5th grade skills. Should this student have math goals? Should they be grade level goals? Should they be remediation goals? What context should they be served in?\n\n**4. This isn't the final thing but in the interest of \"brevity\" I will stop here. When is a gap too big?**  \nEveryday I am in classes with students reading at a third grade level who are expected to do 8th grade social studies. Kids who can't do basic multiplication but are working on the Pythagorean theorem. Some of the kids may have IEPs, some not. The accommodations get the kids through but they are not learning and they are not getting the help they need to address the more fundamental problems. It seems like we adhere to the ideas of LRE and accessing grade level curriculum at the expense of actually helping remedy issues.  \n\nIs there anything in IDEA that helps us understand this better? Are questions like this addressed at a school level? A state level? I am looking for authoritative guidance. \n\n\n\n"
  },
  "comments": [
    {
      "id": "mwzpdoq",
      "author": "glassey",
      "body": "It sounds like this may be a district issue. What you\u2019ve described is not at all how assessment and data collection works where I am.\n\nWe have district school psychologists who do comprehensive evaluations including cognitive measures, rating scales, observations etc. The educational evals are done by Sped teachers and are typically the WIAT. We regularly assess all areas for initials and again if needed at their triennial. Their reports connect the scores to the impact and explain what it really means to be low in pseudoword decoding, for example. The school psych reports also offer recommendations as a starting point for goals.\n\nWe collect so much data to create baselines and to inform progress monitoring- CBMs, UFLI, state testing three times a year in reading and math and another round of state tests at the end of the year.",
      "created_utc": 1749550803.0,
      "score": 6,
      "permalink": "/r/specialed/comments/1l7uq93/what_are_we_working_towards_not_a_great_title/mwzpdoq/",
      "is_submitter": false,
      "edited": false,
      "stickied": false
    },
    {
      "id": "mx12t2e",
      "author": "Business_Loquat5658",
      "body": "Our school psychologist handles the WISC, Vanderbilt, etc. Social workers do mental health/behavioral testing. SPED teacher (me) does the academic testing (WIAT).\n\nPart of the evaluation process is to do interviews with gen ed teachers and parents (and student) to see what the concerns are, whether it is an initial evaluation or a reevaluation.\n\nBaseline data is often classroom assessments, iReady or state testing, grades, examples of student work. It isn't just ONE thing. \n\nWith goals, I struggle with elementary providers (I am in a middle school setting) writing multiple goals for multiple areas. It's too much! My philosophy is one to two really good, focused SMART goals for each area of deficit (reading, writing, math, communication, SEL, and/or SD). I've had kids come in with 15 goals, and it isn't realistic to work on and take data for that many.\n\nLastly, how much of a gap is too much? There really is no such thing, unless a student is scoring a full scale IQ under 70. Then, they are placed in a significant support setting instead of mild mod. We do the best we can.",
      "created_utc": 1749568436.0,
      "score": 3,
      "permalink": "/r/specialed/comments/1l7uq93/what_are_we_working_towards_not_a_great_title/mx12t2e/",
      "is_submitter": false,
      "edited": false,
      "stickied": false
    },
    {
      "id": "mx1apqh",
      "author": "InfamousCalendar3811",
      "body": "Also in Massachusetts and ours is so different.  For academic testing we use the WIAT typically for initials and then utilize the GORT, TORC C-MAT, Key-Math and others to delve deeper. \n\nGoals are not grade level curriculum based because they wouldn't need an IEP if they could do that work.  Skills not done in class are covered in a support class.  \n\nWe gather our own baseline data during pull out support classes at the beginning of each year. We utilize writing samples, IXL, and other work to gather more data.",
      "created_utc": 1749570671.0,
      "score": 5,
      "permalink": "/r/specialed/comments/1l7uq93/what_are_we_working_towards_not_a_great_title/mx1apqh/",
      "is_submitter": false,
      "edited": false,
      "stickied": false
    },
    {
      "id": "mx0i4jn",
      "author": "Ameliap27",
      "body": "2. Out school uses Brigance for testing reading and writing. We do it 3 times a year for all students in SPED (if they have a SPED ELA teacher, that teachers administers it. If they are in regular ELA, the case manager administers it). We use WRAT (wide range achievement test) for math. Again, administered by SPED math teachers or case managers. We also use iReady data, administered 3 times a year for the whole school.",
      "created_utc": 1749562285.0,
      "score": 3,
      "permalink": "/r/specialed/comments/1l7uq93/what_are_we_working_towards_not_a_great_title/mx0i4jn/",
      "is_submitter": false,
      "edited": false,
      "stickied": false
    },
    {
      "id": "mx0erlj",
      "author": "datanerdette",
      "body": "It's been a long time since I have been a teacher (and gened, not special ed), but if my memory serves me correctly, isn't there something in ESSA that requires having baseline and progress testing for all students?\n\nThere's also the Childfind mandate. I'm wondering how your district identifies students needing services with such limited testing. Seems like a lot would be missed without the cognitive, OT, and SLP evaluations. And it doesn't sound like students are being tested in all areas of suspected disability, which IDEA requires.",
      "created_utc": 1749561179.0,
      "score": 2,
      "permalink": "/r/specialed/comments/1l7uq93/what_are_we_working_towards_not_a_great_title/mx0erlj/",
      "is_submitter": false,
      "edited": false,
      "stickied": false
    },
    {
      "id": "mx2dujl",
      "author": "haley232323",
      "body": "Most of the testing/data/baseline things you're concerned about are the role of the sped teacher anywhere I've worked. I think it would be very unusual to expect a school psych to be doing most of that. I know there are some places where sped teachers don't have to do any formal testing, and the school psych may be doing the formal achievement tests, but the sped teacher is gathering all the informal data. You should be the one getting input from the gen ed teachers, doing screeners/informal assessments, looking at grades and other classroom data, etc. \n\nIn my current district, sped teachers give the formal academic achievement tests for initials/reevals. This testing can help provide evidence as to if the student qualifies or not, but IMO it generally doesn't provide anything super useful for my day to day teaching. I get the best information from just working with the kids and seeing how they respond. The trouble with assessments is that so many kids with LDs are consistently inconsistent- they may have it one day and not the next, so you can't just rely on assessment data alone. \n\nAs for goals, my state made a big stink about them being \"standards based\" years ago, and that's still the expectation. IMO, it's just semantics. Starting at the standard and working backwards to the next step the student needs to be able to do to access that standard will get you to the same place you'd be at if you just thought about next steps for that student in the first place. Sentence writing may not be an 8th grade standard, but if the student can't do simple sentences, they need to address that first before we can expect them to be doing whatever higher level skill the standard is. \n\nHow goals are written precisely is going to be influenced by state and district policy. Some places have strict regulations about goals only matching the disability category. Others follow a more \"needs based\" model where as long as you can identify a need for the goal, they can have it. I try to write fewer goals and keep them as simple as possible. The more time I spend on assessing goals, the less time I have to actually work with the students. \n\nYour point #4 is a big frustration for me in working in sped, but it is what it is. It's a huge systemic problem that is much bigger than any school or district can solve. I'm lucky to work in a pull out setting where I can better address needs, but that model isn't common in secondary. While my students in elementary are lucky to get that pull out time with me, they do spend a huge amount of their day in gen ed where the skills being taught are way above their level.",
      "created_utc": 1749581565.0,
      "score": 2,
      "permalink": "/r/specialed/comments/1l7uq93/what_are_we_working_towards_not_a_great_title/mx2dujl/",
      "is_submitter": false,
      "edited": false,
      "stickied": false
    },
    {
      "id": "mx6d1ou",
      "author": "SensationalSelkie",
      "body": "Welcome to special ed. I gotta say, everything described here has been normal for me as a teacher who's worked in two states. Not everything is the same bjt broadly having to work off of insufficient data, deal with inherited goals that aren't super feasible to track, and try to get kids 5+ grade levels behind to somehow do grade level work all souhds like my day to day wheb i was in inclusion lol. I get baseline data myself if the district doesn't use any kind of BOY assessments. Easy CBM is good to determine reading level, I have them write me a paragraph from a simple prompt for writing baseline data, and IXL or Khan Academy can be useful tools to figure out their math baseline. Then, for weird inherited goals, I just find a bunch of worksheets related to the thing, stick them in a folder, and have the kiddo like a worksheet a week to track the darn thing. Sometimes I have to pull the kid out of class to do that which is awful but you gotta do what you gotta do. A chill collaboration teacher may let you substitute that assignment for in class work though. Good luck!",
      "created_utc": 1749637944.0,
      "score": 1,
      "permalink": "/r/specialed/comments/1l7uq93/what_are_we_working_towards_not_a_great_title/mx6d1ou/",
      "is_submitter": false,
      "edited": false,
      "stickied": false
    },
    {
      "id": "mx0aqrm",
      "author": "OptimalConnection367",
      "body": "Thank you. This is certainly more in line with how I think it \u201cshould\u201d work but when I ask my questions/concerns are minimized which leaves me confused",
      "created_utc": 1749559802.0,
      "score": 3,
      "permalink": "/r/specialed/comments/1l7uq93/what_are_we_working_towards_not_a_great_title/mx0aqrm/",
      "is_submitter": true,
      "edited": false,
      "stickied": false
    },
    {
      "id": "mx957r4",
      "author": "onemorebiteplease",
      "body": "Agree with everything here! And want to add in response to OP\u2019s #3: \nDo you serve a specific \u201cpopulation\u201d of students in sped? We have sped teachers for different levels of support based on LRE: \n-Resource room students have goals more closely aligned to grade level skills, they come to the resource teacher for 1 class period (middle school) for specialized instruction on goals, and are mostly in gen-ed independently. \n-Semi- self contained students have ELA and/or math with a sped teacher in small group, and are typically 3 or more grade levels behind. Their goals are often based on basic skills such as writing complete sentences/paragraphs, phonics and spelling, \u201cwh\u201d questions, one step word problems or basic facts, etc\u2026 These students also often have social, adaptive, and/or behavioral challenges that make the gen-ed environment NOT the LRE. (I\u2019m supportive of inclusion with support, but sometimes a smaller/quieter class IS the best place for a student to learn)\n\nI\u2019m required to tie all academic goals to grade level state standards, but it\u2019s really just a box to check. I think of it as \u201cWhich standard does this skill allow the student to work toward?\u201d",
      "created_utc": 1749669931.0,
      "score": 1,
      "permalink": "/r/specialed/comments/1l7uq93/what_are_we_working_towards_not_a_great_title/mx957r4/",
      "is_submitter": false,
      "edited": false,
      "stickied": false
    }
  ],
  "relevance": {
    "score": 9,
    "user_type": "teacher",
    "pain_points": [
      "i am looking for feedback and information on how it works in places you have worked that do it well",
      "is there anything in idea that helps us understand this better? are questions like this addressed at a school level? a state level? i am looking for authoritative guidance",
      "the school psych reports also offer recommendations as a starting point for goals",
      "their goals are often based on basic skills such as writing complete sentences/paragraphs, phonics and spelling, \u201cwh\u201d questions, one step word problems or basic facts, etc\u2026 these students also often have social, adaptive, and/or behavioral challenges that make the gen-ed environment not the lre"
    ],
    "keywords_found": [],
    "sentiment_score": 0.9991,
    "age_relevance": false,
    "urgency_level": "low",
    "competitive_mentions": [],
    "timestamp": "2025-06-12T14:55:06.692039"
  }
}