{
  "subreddit": "toddlers",
  "post": {
    "id": "1l9h0sg",
    "title": "How does your toddler sleep, and how often do you have a rough night?",
    "author": "Minute-Pea783",
    "created_utc": 1749716128.0,
    "score": 11,
    "num_comments": 86,
    "url": "https://www.reddit.com/r/toddlers/comments/1l9h0sg/how_does_your_toddler_sleep_and_how_often_do_you/",
    "selftext": "Just curious - How does your 1, 2, 3-year-old (and beyond) toddler sleep? Are most nights good, or do you still have a really bad night every couple of weeks or so? Just wondering what to expect from the next few years, lol. \n\nMy 13 month old daughter sleeps 11-12h most nights without wake ups, but every 2 weeks or so, we have one really bad night where she either wakes up a bunch of times or just wakes up in the middle of the night and refuses to go back down. Last night was one of those nights. She woke up at 3am, and it took me TWO hours to get her back to sleep. So tired today. Only two weeks ago, the same happened, and I had to bring her into my bed because she would just keep screaming otherwise. None of those times has she been sick, and she acted completely normal the next morning. I feel lucky having a child that sleeps 11-12h most nights, but I do wish those rough nights were a little less frequent. \n\nThanks!"
  },
  "comments": [
    {
      "id": "mxcj2gp",
      "author": "shiftdown",
      "body": "Our 3.5yo wakes up 1-5 times a night.   Half the time crying from a bad dream.   So id say pretty much every night is a rough night.  Maybe once a week she'll wake up but go back to sleep herself without crying.",
      "created_utc": 1749717076.0,
      "score": 19,
      "permalink": "/r/toddlers/comments/1l9h0sg/how_does_your_toddler_sleep_and_how_often_do_you/mxcj2gp/",
      "is_submitter": false,
      "edited": 1749717899.0,
      "stickied": false
    },
    {
      "id": "mxcktgd",
      "author": "MomentInteresting957",
      "body": "2.5 year old sleeps 13+ hours overnight when able to sleep in, but typically sleeps 12 hours overnight as needs to get to child care. She doesn\u2019t nap. \n\n13 month old sleep 11.5 - 12 hours overnight and 1.5 - 2 hour single nap during the day. \n\nBoth my children are excellent sleepers since being sleep trained. There is the occasional night that a bit wobbly.",
      "created_utc": 1749718161.0,
      "score": 11,
      "permalink": "/r/toddlers/comments/1l9h0sg/how_does_your_toddler_sleep_and_how_often_do_you/mxcktgd/",
      "is_submitter": false,
      "edited": false,
      "stickied": false
    },
    {
      "id": "mxchwg2",
      "author": "learningFromUsers",
      "body": "Yes, it happens and for me it's mostly because of teething. It's the day where my lo is normally cranky through out the day.",
      "created_utc": 1749716354.0,
      "score": 7,
      "permalink": "/r/toddlers/comments/1l9h0sg/how_does_your_toddler_sleep_and_how_often_do_you/mxchwg2/",
      "is_submitter": false,
      "edited": false,
      "stickied": false
    },
    {
      "id": "mxchtbo",
      "author": "WorkLifeScience",
      "body": "I have a 2 y.o. and she's finally sleeping better, she usually wakes up 1x now (although very angry, no idea why \ud83d\ude05). It used to be way worse, she was a horrible sleeper (6+ wakeups most of the time, all test coming back normal) and I have almost lost my mind.",
      "created_utc": 1749716301.0,
      "score": 3,
      "permalink": "/r/toddlers/comments/1l9h0sg/how_does_your_toddler_sleep_and_how_often_do_you/mxchtbo/",
      "is_submitter": false,
      "edited": false,
      "stickied": false
    },
    {
      "id": "mxcm0wd",
      "author": "DroopyDrawers17",
      "body": "Almost 3 year old. Slept through the night from about 18months-2.5 most nights. Now he tends to end up in our bed every night at some point. Occasionally makes it the whole night in his without waking up. Horrendous sleep regression happened around 2.5 but now bedtime and middle of the night settling are quite easy. Will see where the next 6 months takes us.",
      "created_utc": 1749718895.0,
      "score": 3,
      "permalink": "/r/toddlers/comments/1l9h0sg/how_does_your_toddler_sleep_and_how_often_do_you/mxcm0wd/",
      "is_submitter": false,
      "edited": false,
      "stickied": false
    },
    {
      "id": "mxcrxmv",
      "author": "LWMWB",
      "body": "Can't remember the last time my 2 1/2 year old didn't sleep through the night. We're very lucky",
      "created_utc": 1749722371.0,
      "score": 3,
      "permalink": "/r/toddlers/comments/1l9h0sg/how_does_your_toddler_sleep_and_how_often_do_you/mxcrxmv/",
      "is_submitter": false,
      "edited": false,
      "stickied": false
    },
    {
      "id": "mxcixfx",
      "author": "Ok-Body-6899",
      "body": "Our son is 2.5, he goes down at 7.30 and wakes around 6.30,  he still gets up once or twice in the night sometimes for a drink or asking for a cuddle. The past few weeks hes started sleeping through more so hes only waking every other lightish,  I'm hoping we're turning a corner and he's going to start sleeping through consistently \ud83e\udd1e",
      "created_utc": 1749716988.0,
      "score": 2,
      "permalink": "/r/toddlers/comments/1l9h0sg/how_does_your_toddler_sleep_and_how_often_do_you/mxcixfx/",
      "is_submitter": false,
      "edited": false,
      "stickied": false
    },
    {
      "id": "mxciyc0",
      "author": "Ok-Needleworker-5657",
      "body": "Getting my 2.5 yr old to sleep is often a challenge but once she goes down she\u2019ll normally sleep for 11 hours. She might wake up once but goes right back down with head rubs.",
      "created_utc": 1749717003.0,
      "score": 2,
      "permalink": "/r/toddlers/comments/1l9h0sg/how_does_your_toddler_sleep_and_how_often_do_you/mxciyc0/",
      "is_submitter": false,
      "edited": false,
      "stickied": false
    },
    {
      "id": "mxcoap9",
      "author": "freckleface9287",
      "body": "It's like you wrote this for me to vent. My kiddo has been an INCREDIBLE sleeper. We got too cocky. He slept great from like 10 months to 2 years with an occasional bad night (1 or so wakeups) especially when he was coming down with something or if he was overtired.\n\nWe went on vacation and since coming back and trying to recover from jetlag (like a month ago) it's been rough. A wakeup most nights, and straight up refusal to let me leave (usually he's like \"byeeeee\" and goes right down).  So last night he slept great and I'm over here unable to sleep past like 2:30am bc my body is so primed to be sleep deprived. I did not miss this from the newborn stage. \n\n\nHonestly though, this is an outlier. We are getting back into our routine and it's helping a lot and we will resume our usual normal sleep soon.",
      "created_utc": 1749720280.0,
      "score": 2,
      "permalink": "/r/toddlers/comments/1l9h0sg/how_does_your_toddler_sleep_and_how_often_do_you/mxcoap9/",
      "is_submitter": false,
      "edited": false,
      "stickied": false
    },
    {
      "id": "mxcohna",
      "author": "heuristichuman",
      "body": "My 2 year old wakes up every 1.5-3 hours. A good night is if there is a 4-6 hour stretch, which happens about every other week.",
      "created_utc": 1749720397.0,
      "score": 2,
      "permalink": "/r/toddlers/comments/1l9h0sg/how_does_your_toddler_sleep_and_how_often_do_you/mxcohna/",
      "is_submitter": false,
      "edited": false,
      "stickied": false
    },
    {
      "id": "mxcqi7p",
      "author": "Able-Road-9264",
      "body": "3.5 and only rarely sleeps through the night. Fortunately we put a full bed in his room, so I just crawl in bed with him and normally he's out again in like 5 minutes. About once a month he'll be up and talking for closer to two hours.",
      "created_utc": 1749721580.0,
      "score": 2,
      "permalink": "/r/toddlers/comments/1l9h0sg/how_does_your_toddler_sleep_and_how_often_do_you/mxcqi7p/",
      "is_submitter": false,
      "edited": false,
      "stickied": false
    },
    {
      "id": "mxcqkdb",
      "author": "Narrow_Soft1489",
      "body": "12-24 months was up and down with teething. After she turned 2 a switch flipped and we very rarely ever have bad night with her. And a bad night means she wakes us up once to go potty lol. She\u2019s almost 4.",
      "created_utc": 1749721614.0,
      "score": 2,
      "permalink": "/r/toddlers/comments/1l9h0sg/how_does_your_toddler_sleep_and_how_often_do_you/mxcqkdb/",
      "is_submitter": false,
      "edited": false,
      "stickied": false
    },
    {
      "id": "mxcio90",
      "author": "espionage64",
      "body": "Mine started sleeping through more regularly from 13 months but had nights where she\u2019d have false starts or need a cuddle or sometimes join me in bed. Now at 18 months she sleeps through more consistently, generally 8.30pm to 8am.\n\nI have had the odd night where she struggles to settle, generally when ill or teething etc. I have her in with me then which helps her settle a bit better but it has been rough at times!",
      "created_utc": 1749716831.0,
      "score": 1,
      "permalink": "/r/toddlers/comments/1l9h0sg/how_does_your_toddler_sleep_and_how_often_do_you/mxcio90/",
      "is_submitter": false,
      "edited": false,
      "stickied": false
    },
    {
      "id": "mxcjt6v",
      "author": "bingumarmar",
      "body": "My son always went through phases of terrible sleep, then perfect sleep. He will be 3 in September and this has been his longest stretch of \"perfect sleep\" where he sleeps through the night for 10-11 hours, he's been doing so for like  4 months. Im praying its permanent!",
      "created_utc": 1749717541.0,
      "score": 1,
      "permalink": "/r/toddlers/comments/1l9h0sg/how_does_your_toddler_sleep_and_how_often_do_you/mxcjt6v/",
      "is_submitter": false,
      "edited": false,
      "stickied": false
    },
    {
      "id": "mxclvxk",
      "author": "annedroiid",
      "body": "Sounds similar to my son. He\u2019s been sleeping through the night for the last 2 1/2 months but  has still had a couple of awful nights. He was up for 3 hours in the night last night broken by a 15 minute nap \ud83e\udd72 I think in his case it was teething pain but who knows.",
      "created_utc": 1749718811.0,
      "score": 1,
      "permalink": "/r/toddlers/comments/1l9h0sg/how_does_your_toddler_sleep_and_how_often_do_you/mxclvxk/",
      "is_submitter": false,
      "edited": false,
      "stickied": false
    },
    {
      "id": "mxcoho8",
      "author": "Difficult_Carry_4918",
      "body": "16mo here and sleep is a total lottery for us. Every now and then, there'll be a few days where he'll sleep 7-6 no problem. Often he wakes up at least once, on the good nights I can put his dummy back in or quick cuddle and he goes straight back to sleep, sometimes we're up for an hour+ rocking him. Some days he'll wake up at 5am and come in our bed for an hour, other days he'll be ready to get up at 5am. \n\nWe literally never know what we're going to get \ud83d\ude02 but thankfully it's mostly manageable and I usually get 6-7 hours of sleep (even if interrupted). \n\nStarted nursery in Jan so I think it's been a real mix of illness, teething, developmental etc. I think this age is particularly bad for lots of changes so hoping we get more consistent as he gets a little older. \ud83e\udd1e",
      "created_utc": 1749720397.0,
      "score": 1,
      "permalink": "/r/toddlers/comments/1l9h0sg/how_does_your_toddler_sleep_and_how_often_do_you/mxcoho8/",
      "is_submitter": false,
      "edited": false,
      "stickied": false
    },
    {
      "id": "mxcorr8",
      "author": "Pocket_skirt",
      "body": "15mo. For two months sleeps in her own room, mostly all night. Exeptions are when she is sick-\n wakes up because of cough or other suprises. When teething, sometimes we hear her crying for few seconds but when we check, she didn't woke up. Though wake ups happen also and usually I sleep with her then. I think by the course of this two months (after adaptation to new place) I would count something like ten nights when she woke up.",
      "created_utc": 1749720566.0,
      "score": 1,
      "permalink": "/r/toddlers/comments/1l9h0sg/how_does_your_toddler_sleep_and_how_often_do_you/mxcorr8/",
      "is_submitter": false,
      "edited": false,
      "stickied": false
    },
    {
      "id": "mxcsfk4",
      "author": "MillerTime_9184",
      "body": "My 3 year old has slept over 10 hours exactly 3 times in his life. But he has also woke up crying about 6 times in his life (even as an infant) so I have that going for me. Some nights I\u2019ve seen on his camera tossing and turning a bit but not sure how often.",
      "created_utc": 1749722644.0,
      "score": 1,
      "permalink": "/r/toddlers/comments/1l9h0sg/how_does_your_toddler_sleep_and_how_often_do_you/mxcsfk4/",
      "is_submitter": false,
      "edited": false,
      "stickied": false
    },
    {
      "id": "mxcu1nn",
      "author": "minn0wing",
      "body": "My 26mo sleeps 11-11.5 hours overnight and naps about 90 minutes during the day. I'd say once a month or so he will wake up at some point in the night crying, but is very easy to cuddle and put back down.",
      "created_utc": 1749723515.0,
      "score": 1,
      "permalink": "/r/toddlers/comments/1l9h0sg/how_does_your_toddler_sleep_and_how_often_do_you/mxcu1nn/",
      "is_submitter": false,
      "edited": false,
      "stickied": false
    },
    {
      "id": "mxcv4zi",
      "author": "sosqueee",
      "body": "Will be 3 in August. Wakes at least once a night at the moment. \n\nBut, we\u2019ve been through all versions of sleep. Stretches where she sleeps through the night all the time. Stretches where she wakes up 5-6 times a night. Stuff in between that. She\u2019s been doing this waking once a night thing for awhile now though.",
      "created_utc": 1749724088.0,
      "score": 1,
      "permalink": "/r/toddlers/comments/1l9h0sg/how_does_your_toddler_sleep_and_how_often_do_you/mxcv4zi/",
      "is_submitter": false,
      "edited": false,
      "stickied": false
    },
    {
      "id": "mxcx7vo",
      "author": "masofon",
      "body": "2 years 9 months here.. twins so it's obviously double chances for a bad night.. but I'd say we only get bad nights now every few weeks and it's usually if they are poorly with something. We are definitely going through a phase where it's hard to put them to bed though, which is losing us our evenings.",
      "created_utc": 1749725139.0,
      "score": 1,
      "permalink": "/r/toddlers/comments/1l9h0sg/how_does_your_toddler_sleep_and_how_often_do_you/mxcx7vo/",
      "is_submitter": false,
      "edited": false,
      "stickied": false
    },
    {
      "id": "mxcycaj",
      "author": "maamaallaamaa",
      "body": "My 7 year old slept through starting at 14 months. Very very rare for him to wakeup at night. My 5 year old slept through from 11 months, briefly went through a period where she woke up to come to my room in the middle of the night for a hug or to just let me know she had to go potty at 2.5. Now she'll get up to go potty some nights but does it all on her own. My current 2 year old slept through from about 18 months.  It's like every other month he has a bad night but he tends to get sick more often than the other two ever did. Usually a quick back rub and saying goodnight again gets him back down. Every now and then he'll have a bad night where he wakes up crying like  every half hour and after like 2 or 3x of this I'll sit and rock him until he's drowsy and then he'll go back to sleep.",
      "created_utc": 1749725679.0,
      "score": 1,
      "permalink": "/r/toddlers/comments/1l9h0sg/how_does_your_toddler_sleep_and_how_often_do_you/mxcycaj/",
      "is_submitter": false,
      "edited": false,
      "stickied": false
    },
    {
      "id": "mxcyld5",
      "author": "jinxix2395",
      "body": "19 month old still wakes up 3-5 times a night without fail, sometimes more. Every night is a \u2018rough\u2019 night by the books but if he\u2019s easy to resettle without needing to bounce or sway then it\u2019s considered a good night. \n\nNever been a good sleeper, and now we have our big ouchy teeth coming in so it worse lol",
      "created_utc": 1749725800.0,
      "score": 1,
      "permalink": "/r/toddlers/comments/1l9h0sg/how_does_your_toddler_sleep_and_how_often_do_you/mxcyld5/",
      "is_submitter": false,
      "edited": false,
      "stickied": false
    },
    {
      "id": "mxcz6my",
      "author": "SocialStigma29",
      "body": "2 year old sleeps 11 hours overnight. Only has night wakes when really sick (fever), so maybe every 1-2 months or so during the cold/flu season. He hasn't had a night wake since I got pregnant with #2, so it's been since at least January.  We went through a 2 week period recently where he resisted bedtime (took 20-30 min to fall asleep) when his last molars were coming in.",
      "created_utc": 1749726076.0,
      "score": 1,
      "permalink": "/r/toddlers/comments/1l9h0sg/how_does_your_toddler_sleep_and_how_often_do_you/mxcz6my/",
      "is_submitter": false,
      "edited": 1749726400.0,
      "stickied": false
    },
    {
      "id": "mxcz7zg",
      "author": "Ready_Chemistry_1224",
      "body": "My boy was pretty much the worst sleeper ever and then he turned 2 and it all flipped. From exactly 2 to 3 years old he didn\u2019t wake once!! Not on vacation, not at home, not camping etc now at 3 I\u2019d say he has a bad week every few months (illness, bad dreams, too cold at the beginning of winter). But thankfully it\u2019s pretty easy to get him back into the routine of sleeping through the night.",
      "created_utc": 1749726093.0,
      "score": 1,
      "permalink": "/r/toddlers/comments/1l9h0sg/how_does_your_toddler_sleep_and_how_often_do_you/mxcz7zg/",
      "is_submitter": false,
      "edited": false,
      "stickied": false
    },
    {
      "id": "mxczrl8",
      "author": "JLMMM",
      "body": "My LO is 16 months and she regularly sleeps from 8:30pm to 6:30am without incident. But I\u2019d say once every couple of weeks she will wake up and need some assistance going back to sleep. And this usually takes an hour or so. She\u2019s normally fussy, she just wants to be help and doesn\u2019t fall back asleep for a while. Sometimes she wakes in her crib for a while and then goes back to sleep on her own.",
      "created_utc": 1749726349.0,
      "score": 1,
      "permalink": "/r/toddlers/comments/1l9h0sg/how_does_your_toddler_sleep_and_how_often_do_you/mxczrl8/",
      "is_submitter": false,
      "edited": false,
      "stickied": false
    },
    {
      "id": "mxd2c0v",
      "author": "Iheartthenhs",
      "body": "My 3.5yo sleeps through probably half the time or just over, but only recently become that consistent tbh. She was sleeping through most of the time when she was 2.5ish but then her brother was born and she woke every night for 9 months.",
      "created_utc": 1749727517.0,
      "score": 1,
      "permalink": "/r/toddlers/comments/1l9h0sg/how_does_your_toddler_sleep_and_how_often_do_you/mxd2c0v/",
      "is_submitter": false,
      "edited": false,
      "stickied": false
    },
    {
      "id": "mxd2cxn",
      "author": "Whiskeymuffins",
      "body": "Months 11-16 were rough due to teething and her sleep needs changing (we moved to 1 nap at 13 months).  My girl is also an incredibly slow teether as well. First all 4 molars started coming at 12 months, then as they finally were finishing up, all canines came in. We were teething for about 3 months non-stop. Then during the 1 nap transition we had a lot of split nights (awake for 1-3 hours at night). Sometimes now she\u2018ll wake up crying and upset, but seems to settle pretty quickly. When she doesn\u2018t, then it usually means she\u2018s getting sick. \n\nShe\u2018s nearly 19 months now and hasn\u2018t woken up at night (upset) in probably over 2 months. There are times she\u2018ll wake up, start going through her vocabulary and play around for a little bit, but pass out soon after.",
      "created_utc": 1749727529.0,
      "score": 1,
      "permalink": "/r/toddlers/comments/1l9h0sg/how_does_your_toddler_sleep_and_how_often_do_you/mxd2cxn/",
      "is_submitter": false,
      "edited": false,
      "stickied": false
    },
    {
      "id": "mxd36dk",
      "author": "flowerbean21",
      "body": "It happened for us up until our daughter turned 2ish. She would randomly wake up screaming, inconsolable - and then was totally fine the next day, as if it never happened. I never figured out what it was. I assume maybe it was teething, an upset belly, or just general anxiety from a dream or wondering what\u2019s going on when she wakes up in the dark. Now, she\u2019s 2.5 and she sleeps from 7:30pm-7:30am. She only wakes up if she has to go potty, which has only been one single time in the last couple of months.",
      "created_utc": 1749727893.0,
      "score": 1,
      "permalink": "/r/toddlers/comments/1l9h0sg/how_does_your_toddler_sleep_and_how_often_do_you/mxd36dk/",
      "is_submitter": false,
      "edited": false,
      "stickied": false
    },
    {
      "id": "mxd3qr6",
      "author": "foxyyoxy",
      "body": "We were in a similar boat as you until kiddo turned two. The split nights you describe were awful; it usually happened around needing a nap adjustment (like dropping a nap). Then they just stopped and everything got better. \n\nNow a \u201cbad night\u201d is her waking up and needing someone to come in at all, and now it\u2019s usually for less than 15 minutes. They happen more when we are traveling/she\u2019s out of her element, but at home I\u2019d say they\u2019re more like once every month, maybe.",
      "created_utc": 1749728135.0,
      "score": 1,
      "permalink": "/r/toddlers/comments/1l9h0sg/how_does_your_toddler_sleep_and_how_often_do_you/mxd3qr6/",
      "is_submitter": false,
      "edited": false,
      "stickied": false
    },
    {
      "id": "mxd3whl",
      "author": "ZucchiniSouffle21",
      "body": "2Y9M sleeps 10am-10pm. Naps around 3pm for an hour or two.",
      "created_utc": 1749728204.0,
      "score": 1,
      "permalink": "/r/toddlers/comments/1l9h0sg/how_does_your_toddler_sleep_and_how_often_do_you/mxd3whl/",
      "is_submitter": false,
      "edited": false,
      "stickied": false
    },
    {
      "id": "mxd4nvb",
      "author": "justhere4thiss",
      "body": "My 2 year old gets probably around 12 hours asleep at night give or take. Doesn\u2019t normally wake up ever and has been sleeping through the night since I moved her to her own room around 1 year old ish or a bit past 1. It\u2019s been ages since she had a bad nights sleep. she finished teething a while ago on the early side -so maybe that\u2019s why. Luckily getting sick has also never affected her sleeping too much but teething def did. If she does wake up during the night though it\u2019s usually before we go to bed around 10pm ish just once so not so bad.",
      "created_utc": 1749728526.0,
      "score": 1,
      "permalink": "/r/toddlers/comments/1l9h0sg/how_does_your_toddler_sleep_and_how_often_do_you/mxd4nvb/",
      "is_submitter": false,
      "edited": false,
      "stickied": false
    },
    {
      "id": "mxd5t4a",
      "author": "OGbasil78",
      "body": "My daughter is 19 months and has never slept well. She JUST got down to one wake up a night. During teething spells she wakes up 4+ times a night and is really tough to get to sleep. She\u2019s a low sleep need kiddo and sleeps about 10 hours at night and takes a 2 hour nap during the day.",
      "created_utc": 1749729004.0,
      "score": 1,
      "permalink": "/r/toddlers/comments/1l9h0sg/how_does_your_toddler_sleep_and_how_often_do_you/mxd5t4a/",
      "is_submitter": false,
      "edited": false,
      "stickied": false
    },
    {
      "id": "mxd7bkq",
      "author": "Substantial_Art3360",
      "body": "Nice mine was walking she routinely would wake up 3 hours in the middle of the night. It was terrible. Stopped around age 2. Survive it? No other choice. A little extra caffeine and prioritize key things needed and get as much sleep as possible. \n\nBoth my toddlers are in bed with me now most nights - 3 and 2. I\u2019m done getting out of bed 3-5 times a night and would rather just get the sleep and snuggles.",
      "created_utc": 1749729618.0,
      "score": 1,
      "permalink": "/r/toddlers/comments/1l9h0sg/how_does_your_toddler_sleep_and_how_often_do_you/mxd7bkq/",
      "is_submitter": false,
      "edited": false,
      "stickied": false
    },
    {
      "id": "mxd8b8p",
      "author": "Pollywanacracker",
      "body": "Every night nearly toddler and baby",
      "created_utc": 1749730014.0,
      "score": 1,
      "permalink": "/r/toddlers/comments/1l9h0sg/how_does_your_toddler_sleep_and_how_often_do_you/mxd8b8p/",
      "is_submitter": false,
      "edited": false,
      "stickied": false
    },
    {
      "id": "mxd9a7d",
      "author": "Dense_Stable1057",
      "body": "My baby turns 2 next month. She\u2019s always been a \u2018bad\u2019 sleeper. At 4 months old she was waking every 15 minutes (not an exaggeration) and her best period was approx 20 months old when she was waking 2-3 times a night. \n\nRight now we\u2019re approx 6 times a night, which is frustrating but not the worst we\u2019ve dealt with. \n\nOne day she will sleep right? \ud83d\ude05",
      "created_utc": 1749730393.0,
      "score": 1,
      "permalink": "/r/toddlers/comments/1l9h0sg/how_does_your_toddler_sleep_and_how_often_do_you/mxd9a7d/",
      "is_submitter": false,
      "edited": false,
      "stickied": false
    },
    {
      "id": "mxd9pne",
      "author": "Different-Base-3351",
      "body": "2.5 year old goes to bed between 8p-9p and wakes up any time from 6a-7:30a. She has always been a good sleeper and stopped waking up in the night at around 12 months old (breastfed) and then self weaned at 15 months and never woke overnight again.\u00a0",
      "created_utc": 1749730560.0,
      "score": 1,
      "permalink": "/r/toddlers/comments/1l9h0sg/how_does_your_toddler_sleep_and_how_often_do_you/mxd9pne/",
      "is_submitter": false,
      "edited": false,
      "stickied": false
    },
    {
      "id": "mxdbr3g",
      "author": "Significant_Aerie_70",
      "body": "My son is 17 months old and has about 3-4 bad days a night where he just wants to be with us. The rest of the time he sleeps through the night for 11-12 hours.",
      "created_utc": 1749731340.0,
      "score": 1,
      "permalink": "/r/toddlers/comments/1l9h0sg/how_does_your_toddler_sleep_and_how_often_do_you/mxdbr3g/",
      "is_submitter": false,
      "edited": false,
      "stickied": false
    },
    {
      "id": "mxdby5g",
      "author": "awcurlz",
      "body": "My now almost 5 year old was like that. She was good sleeper.\n\nMy 16 month old wakes up once a night ona GOOD night. She's up twice in an average night. She hasn't slept all the way through the night in about 4 months. Last night she was up somewhere between 3-5 times. Every couple of weeks we have a series of several days where she will only sleep if someone lays down in bed with her. It's some combo of teething or illness.",
      "created_utc": 1749731415.0,
      "score": 1,
      "permalink": "/r/toddlers/comments/1l9h0sg/how_does_your_toddler_sleep_and_how_often_do_you/mxdby5g/",
      "is_submitter": false,
      "edited": false,
      "stickied": false
    },
    {
      "id": "mxdc3ua",
      "author": "TheGalapagoats",
      "body": "1 year old - every night was bad with 3+ wakings.\n2 year old - frequently had nights with 2+ wakings.\n3 year old - bad nights mostly when sick, sleeps about 11 hours straight through. The nice thing with our kid is that it has never been an hour+ affair getting her back down. Usually it\u2019s under 15 minutes.",
      "created_utc": 1749731475.0,
      "score": 1,
      "permalink": "/r/toddlers/comments/1l9h0sg/how_does_your_toddler_sleep_and_how_often_do_you/mxdc3ua/",
      "is_submitter": false,
      "edited": 1749731658.0,
      "stickied": false
    },
    {
      "id": "mxdchwi",
      "author": "Realistic-Tension-98",
      "body": "At 13 months my son was up almost every night. He started sleeping consistently through the night around 2.",
      "created_utc": 1749731621.0,
      "score": 1,
      "permalink": "/r/toddlers/comments/1l9h0sg/how_does_your_toddler_sleep_and_how_often_do_you/mxdchwi/",
      "is_submitter": false,
      "edited": false,
      "stickied": false
    },
    {
      "id": "mxde1mo",
      "author": "coffee-sleep-plz-91",
      "body": "My 21 month old sleeps horribly. The rough night you had is our nights a few times a week. The longest he went sleeping through the night since he was born was 3 nights in a row. We\u2019re getting his iron levels checked, but that unfortunately entails getting a needle stick for him. My doctor recommended it only because of how horrible his sleep is and said toddlers can have restless leg syndrome. But I don\u2019t think your toddler is that bad of a sleeper. \n\nI think your LO is fine. Alot of developmental things occur after year 1 so that could be the issue. I try to tell myself this is a good thing because it means they\u2019re growing but the sleep deprivation is real! I also have to remind myself that with bad nights, this is only temporary (hopefully).",
      "created_utc": 1749732188.0,
      "score": 1,
      "permalink": "/r/toddlers/comments/1l9h0sg/how_does_your_toddler_sleep_and_how_often_do_you/mxde1mo/",
      "is_submitter": false,
      "edited": false,
      "stickied": false
    },
    {
      "id": "mxdea6v",
      "author": "Sea-Outlandishness87",
      "body": "My son will be 3 in September and a \u201cbad night\u201d for us is waking up one time getting out of bed, coming to our bed and wanting me to go sleep in his bed with him. He goes straight back to sleep once I\u2019m in bed with him lol. But he sleeps on average 12 hours a night.",
      "created_utc": 1749732273.0,
      "score": 1,
      "permalink": "/r/toddlers/comments/1l9h0sg/how_does_your_toddler_sleep_and_how_often_do_you/mxdea6v/",
      "is_submitter": false,
      "edited": false,
      "stickied": false
    },
    {
      "id": "mxdf8zr",
      "author": "subtleandunnatural",
      "body": "15mo and in something of a regression recently where she wakes in the middle of the night and is just awake for two hours, almost to the minute. There has been *one* night in the last month or more where she slept through the night...",
      "created_utc": 1749732618.0,
      "score": 1,
      "permalink": "/r/toddlers/comments/1l9h0sg/how_does_your_toddler_sleep_and_how_often_do_you/mxdf8zr/",
      "is_submitter": false,
      "edited": false,
      "stickied": false
    },
    {
      "id": "mxdflg3",
      "author": "harafnhoj",
      "body": "Always through the night since he was around 9 months.\nOnly wakes at night if he is sick.\nHe just turned 3 and I know I am an extremely lucky one!",
      "created_utc": 1749732740.0,
      "score": 1,
      "permalink": "/r/toddlers/comments/1l9h0sg/how_does_your_toddler_sleep_and_how_often_do_you/mxdflg3/",
      "is_submitter": false,
      "edited": false,
      "stickied": false
    },
    {
      "id": "mxdh174",
      "author": "rainstarz",
      "body": "My 3yo boy wakes up 1 time a night, he sleeps in his own room and own bed. He would almost always wake up at 5am ish, stand next to my bed like a ghost (a cute one). I don't like him playing with my toes when I am deep sleep so I always keep a tub of toys next to my bed. He can play quietly until I am fully awake or he would walk back to his own room if he needs more sleep",
      "created_utc": 1749733239.0,
      "score": 1,
      "permalink": "/r/toddlers/comments/1l9h0sg/how_does_your_toddler_sleep_and_how_often_do_you/mxdh174/",
      "is_submitter": false,
      "edited": false,
      "stickied": false
    },
    {
      "id": "mxdhofy",
      "author": "Huge_Statistician441",
      "body": "My 13 month old sleeps from 8 to 5.30 with no wake ups but he also gets hit by sleep regressions HARD.",
      "created_utc": 1749733465.0,
      "score": 1,
      "permalink": "/r/toddlers/comments/1l9h0sg/how_does_your_toddler_sleep_and_how_often_do_you/mxdhofy/",
      "is_submitter": false,
      "edited": false,
      "stickied": false
    },
    {
      "id": "mxdhz7b",
      "author": "lalalava",
      "body": "One thing I'm not sure I've seen mentioned - since potty training around 2.3 years old, my twins sometimes wake up in the middle of the night to go potty (like maybe half the nights). They were not interested in just peeing in an overnight diaper, which makes sense. They've also started having lots of nightmares / night terrors unfortunately, though mostly while we're still awake (like around 11pm).\u00a0",
      "created_utc": 1749733567.0,
      "score": 1,
      "permalink": "/r/toddlers/comments/1l9h0sg/how_does_your_toddler_sleep_and_how_often_do_you/mxdhz7b/",
      "is_submitter": false,
      "edited": false,
      "stickied": false
    },
    {
      "id": "mxdjr7x",
      "author": "kcardenasx0",
      "body": "my 20 month old sleeps around 12 hours every night and still naps for 2-3 hours every day. but this started after I sleep trained her at 15 months because before that she was a monster and woke up every hour or so to nurse back to sleep",
      "created_utc": 1749734174.0,
      "score": 1,
      "permalink": "/r/toddlers/comments/1l9h0sg/how_does_your_toddler_sleep_and_how_often_do_you/mxdjr7x/",
      "is_submitter": false,
      "edited": false,
      "stickied": false
    },
    {
      "id": "mxdjv5t",
      "author": "samflo_89",
      "body": "Slept great until he turned 3. And then for whatever reason he woke up every night for 5+ months.  Might finally be on the other side of it now though (fingers crossed).",
      "created_utc": 1749734211.0,
      "score": 1,
      "permalink": "/r/toddlers/comments/1l9h0sg/how_does_your_toddler_sleep_and_how_often_do_you/mxdjv5t/",
      "is_submitter": false,
      "edited": false,
      "stickied": false
    },
    {
      "id": "mxdkq1f",
      "author": "Swiftie-Swiss",
      "body": "15 months old, wakes up about 3 times per night. She normally settles down within 10 minutes so I consider this amazing. She would previously wake up around 1am and be awake for 2 hours.",
      "created_utc": 1749734499.0,
      "score": 1,
      "permalink": "/r/toddlers/comments/1l9h0sg/how_does_your_toddler_sleep_and_how_often_do_you/mxdkq1f/",
      "is_submitter": false,
      "edited": false,
      "stickied": false
    },
    {
      "id": "mxdm69q",
      "author": "snoobobbles",
      "body": "Honestly it sounds like you have the unicorn child.",
      "created_utc": 1749734985.0,
      "score": 1,
      "permalink": "/r/toddlers/comments/1l9h0sg/how_does_your_toddler_sleep_and_how_often_do_you/mxdm69q/",
      "is_submitter": false,
      "edited": false,
      "stickied": false
    },
    {
      "id": "mxdnoa9",
      "author": "Alarmed-Log-7064",
      "body": "My 2yo sleeps through about 95% of the time but will have the occasional bad dream that requires comfort. She started sleeping through about 20months. However bedtime takes foreverrrrrrr",
      "created_utc": 1749735484.0,
      "score": 1,
      "permalink": "/r/toddlers/comments/1l9h0sg/how_does_your_toddler_sleep_and_how_often_do_you/mxdnoa9/",
      "is_submitter": false,
      "edited": false,
      "stickied": false
    },
    {
      "id": "mxdqdc5",
      "author": "PurpleTurtle3721",
      "body": "I cosleep with my almost 18 month old, and I'd say we only have a rough night maybe once a month. That's not to say he doesn't wake up (usually 1-2 times) but we're also still breast feeding so he just comfort nurses for a couple minutes and falls back asleep. \n\nUsually our bad nights are if he's teething or if his nap went too long and he wakes up at 3 am wanting to play. All of this to say, I think all toddlers and different and some are needier. I do think cosleeping has cut down on how much his wake ups interrupt my sleep, however.",
      "created_utc": 1749736348.0,
      "score": 1,
      "permalink": "/r/toddlers/comments/1l9h0sg/how_does_your_toddler_sleep_and_how_often_do_you/mxdqdc5/",
      "is_submitter": false,
      "edited": false,
      "stickied": false
    },
    {
      "id": "mxdsx31",
      "author": "TSANDY818",
      "body": "My 3 year old (36 months) wakes up 1-2 times a night. He goes to sleep in his bed but always wakes up and comes in our room. He was a much better sleeper when he was younger.",
      "created_utc": 1749737134.0,
      "score": 1,
      "permalink": "/r/toddlers/comments/1l9h0sg/how_does_your_toddler_sleep_and_how_often_do_you/mxdsx31/",
      "is_submitter": false,
      "edited": false,
      "stickied": false
    },
    {
      "id": "mxduapu",
      "author": "PrincessKimmy420",
      "body": "My 15 month old is not at all sleeping through the night yet. She\u2019s usually in bed at sunset and I have to nurse her back to sleep around 11 and 4, sometimes more often throughout the night.",
      "created_utc": 1749737551.0,
      "score": 1,
      "permalink": "/r/toddlers/comments/1l9h0sg/how_does_your_toddler_sleep_and_how_often_do_you/mxduapu/",
      "is_submitter": false,
      "edited": false,
      "stickied": false
    },
    {
      "id": "mxduqrd",
      "author": "brownricegirafferye",
      "body": "My 3.5 yo sleeps 10.5 hours, pretty solidly. But if I\u2019m not in bed with him, he will wake up 4-5 times per night screaming for me. We tried for a couple months without seeing any improvement at all and I\u2019m back sleeping with him. He\u2019s promised to sleep independently before he\u2019s 32, so that\u2019s something.",
      "created_utc": 1749737682.0,
      "score": 1,
      "permalink": "/r/toddlers/comments/1l9h0sg/how_does_your_toddler_sleep_and_how_often_do_you/mxduqrd/",
      "is_submitter": false,
      "edited": false,
      "stickied": false
    },
    {
      "id": "mxdwc1t",
      "author": "Mrgndana",
      "body": "My 2.5 yo is a great sleeper without sleep training, we just got really lucky. 99% of nights he sleeps 10 hrs without any wake-up\u2019s, so it\u2019s not a long sleep but it\u2019s a consistent one. \n\nWe\u2019ve been seeing more of the odd night with crying and needing comfort, which could be bad dreams?",
      "created_utc": 1749738155.0,
      "score": 1,
      "permalink": "/r/toddlers/comments/1l9h0sg/how_does_your_toddler_sleep_and_how_often_do_you/mxdwc1t/",
      "is_submitter": false,
      "edited": false,
      "stickied": false
    },
    {
      "id": "mxdwgzx",
      "author": "ahava9",
      "body": "My son is 2. When he wakes up in the MOTN I will wait 5-10 minute to see if he settles. If he doesn\u2019t I\u2019ll try to pat him back to sleep. However what I\u2019ve been doing lately is just calming him down and sleeping in a sleeping bag in his room. Last time I was on the floor and had my hand on him through the crib bars. He was getting over being sick and teething. \n\nIt\u2019s not ideal but when he wakes up at 1-2 am and id rather settle him down for 30 minutes and get back to sleep asap. The alternative the is him taking 1-2 hrs to calm down and fall asleep, then waiting to sneak out of the room.",
      "created_utc": 1749738196.0,
      "score": 1,
      "permalink": "/r/toddlers/comments/1l9h0sg/how_does_your_toddler_sleep_and_how_often_do_you/mxdwgzx/",
      "is_submitter": false,
      "edited": false,
      "stickied": false
    },
    {
      "id": "mxdwnhr",
      "author": "queeniebee28",
      "body": "Almost 3yo, still sleeps in our bed\u2026unless he\u2019s sick, he\u2019s a good sleeper, and now that he\u2019s dropped his naps, sleep is 11-12 hrs. He has bad dreams a couple times a month, maybe. \n\nHe does sit up randomly sometimes and say something, but he\u2019s usually still asleep and as long as nothing disturbs him in those moments, he lays back down and continues to sleep.",
      "created_utc": 1749738248.0,
      "score": 1,
      "permalink": "/r/toddlers/comments/1l9h0sg/how_does_your_toddler_sleep_and_how_often_do_you/mxdwnhr/",
      "is_submitter": false,
      "edited": false,
      "stickied": false
    },
    {
      "id": "mxdy4x5",
      "author": "gainz4fun",
      "body": "My 2 year old sleeps great, she sleeps 7:30-7/8 generally. Takes an hour nap or quiet time around noon. She prefers laying in bed for a bit by herself before I go in and get her in the AM which is awesome because I\u2019m the same way, I need quiet time before talking lol. The first year was kinda rough, but I think it was more me than her - meaning I would wake up constantly because I was anxious. She mostly woke up if she was teething or if she got sick. She did wake up recently in the middle of the night and was sleep crying/yelling, I put her in our bed half asleep, and that was the last bad nights sleep we\u2019ve had which was over a month ago now. I know everyone says this but every kid is different! We love sleep and bedtime in this house and have had a routine surrounding it (for us and the toddler) and prioritizing it since she was born which I think positively influenced her and us because pre-motherhood I was a night owl - I sleep trained myself not her and she followed suit. Some will say I\u2019m lucky, and I\u2019m sure I am but she is also the most high-energy tornado when she\u2019s awake, has zero chill in her body so when she\u2019s awake it\u2019s insane and we all crash at bedtime \ud83e\udd23\ud83d\ude2d",
      "created_utc": 1749738684.0,
      "score": 1,
      "permalink": "/r/toddlers/comments/1l9h0sg/how_does_your_toddler_sleep_and_how_often_do_you/mxdy4x5/",
      "is_submitter": false,
      "edited": false,
      "stickied": false
    },
    {
      "id": "mxe0pip",
      "author": "Puffling2023",
      "body": "I have a 2 year old. She mostly sleeps through the night no issue, and it\u2019s gotten much better after transitioning to a floor bed from the crib about a month ago. We do have a few nights a month that are rough, but it seems to be when she is teething (last molars are coming in) or sick. What\u2019s helped me reframe my frustration on bad nights is remembering that I - a 41 year old adult - have about the same if not more nights where I have trouble sleeping, it\u2019s just human nature in our modern anxiety filled world. She\u2019s a little human, not a robot, so sometimes she just gonna have a rough night and want mom and/ or dad.",
      "created_utc": 1749739439.0,
      "score": 1,
      "permalink": "/r/toddlers/comments/1l9h0sg/how_does_your_toddler_sleep_and_how_often_do_you/mxe0pip/",
      "is_submitter": false,
      "edited": false,
      "stickied": false
    },
    {
      "id": "mxe0w5o",
      "author": "Different-Shop9203",
      "body": "12.5 mo old is a great sleeper and has always been a 10-12 hour sleeper but every few nights he wakes up at 5am and we give him a bottle and he goes back to sleep. I know it's a horrible habit but he usually wakes up 2 hours later at 7 and we brush his teeth and move onto breakfast but gosh sometimes I wish he'd just sleep until 7 haha. Also we are working on 1 nap a day but sometimes it's 2 we kind of go off his ques and what I have planned for the day. When he is teething he will wake up a few times but is easily soothed back to sleep (I don't offer bottle)",
      "created_utc": 1749739493.0,
      "score": 1,
      "permalink": "/r/toddlers/comments/1l9h0sg/how_does_your_toddler_sleep_and_how_often_do_you/mxe0w5o/",
      "is_submitter": false,
      "edited": false,
      "stickied": false
    },
    {
      "id": "mxe0z8t",
      "author": "TimotheusIV",
      "body": "Our daughter is 23 months and has been sleeping through the night since 5-6 months old. We sleep trained at that point, cut off the pacifier and it was honestly painless. Since then, I can probably count the amount of midnight wakeups or broken nights on two hands, tops. Usually only when she\u2019s sick.\n\nI am currently realizing I have a miracle child on my hands. Let\u2019s hope this sleep pattern lasts for a few years more.",
      "created_utc": 1749739517.0,
      "score": 1,
      "permalink": "/r/toddlers/comments/1l9h0sg/how_does_your_toddler_sleep_and_how_often_do_you/mxe0z8t/",
      "is_submitter": false,
      "edited": false,
      "stickied": false
    },
    {
      "id": "mxe1yvd",
      "author": "photobomber612",
      "body": "School night our 3y/o sleeps 10 hours, weekends she sleeps 11 or so (8pm-6 or 7am). Occasionally she\u2019ll wake up briefly when I walk in the room late at night (she\u2019s in our room), but she goes right back to sleep. She\u2019s only woken up in the middle of the night unprompted by me once or twice in the last year.",
      "created_utc": 1749739801.0,
      "score": 1,
      "permalink": "/r/toddlers/comments/1l9h0sg/how_does_your_toddler_sleep_and_how_often_do_you/mxe1yvd/",
      "is_submitter": false,
      "edited": false,
      "stickied": false
    },
    {
      "id": "mxe2ky0",
      "author": "PieComprehensive2284",
      "body": "My almost 4 year old just started sleeping through the night 90% of the time within the last month... prior to that, he was up 1-5 times a night his entire toddlerhood. I think a lot more toddlers wake up regularly than people talk about online!!",
      "created_utc": 1749739977.0,
      "score": 1,
      "permalink": "/r/toddlers/comments/1l9h0sg/how_does_your_toddler_sleep_and_how_often_do_you/mxe2ky0/",
      "is_submitter": false,
      "edited": false,
      "stickied": false
    },
    {
      "id": "mxclnuw",
      "author": "Liftinggal91",
      "body": "Almost 3yo - haven\u2019t had a rough night this whole year. Had one last year with a vomiting bug. Have the odd night (every few weeks) where he takes forever to go to sleep, maybe if he had a big sleep at daycare, otherwise once he\u2019s out for the count, he\u2019s golden",
      "created_utc": 1749718672.0,
      "score": 1,
      "permalink": "/r/toddlers/comments/1l9h0sg/how_does_your_toddler_sleep_and_how_often_do_you/mxclnuw/",
      "is_submitter": false,
      "edited": false,
      "stickied": false
    },
    {
      "id": "mxd6u6c",
      "author": "Squffles",
      "body": "Here in solidarity.\n\nOur just turned 3yo is exactly the same, lots of nightmares.  She recently dropped her nap so we were hoping that would extend the time she was in bed or improve her sleep but we got neither.  She's still only in bed for about 10 hours and wakes on average 3 times a night.",
      "created_utc": 1749729423.0,
      "score": 3,
      "permalink": "/r/toddlers/comments/1l9h0sg/how_does_your_toddler_sleep_and_how_often_do_you/mxd6u6c/",
      "is_submitter": false,
      "edited": false,
      "stickied": false
    },
    {
      "id": "mxcjmcy",
      "author": "Minute-Pea783",
      "body": "Man that sounds rough. Now I feel 'blessed' to only get a rough night every 2ish weeks. Crossing my fingers it will get better for you soon!",
      "created_utc": 1749717422.0,
      "score": 2,
      "permalink": "/r/toddlers/comments/1l9h0sg/how_does_your_toddler_sleep_and_how_often_do_you/mxcjmcy/",
      "is_submitter": true,
      "edited": false,
      "stickied": false
    },
    {
      "id": "mxdx8n9",
      "author": "EnchantedRose17",
      "body": "Ah something very similar is happening to us! My almost 3yo has never slept in our bed and suddenly won\u2019t sleep in his own room anymore because he\u2019s having nightmares every night \ud83d\ude15 hopefully this phase will pass quickly!",
      "created_utc": 1749738421.0,
      "score": 1,
      "permalink": "/r/toddlers/comments/1l9h0sg/how_does_your_toddler_sleep_and_how_often_do_you/mxdx8n9/",
      "is_submitter": false,
      "edited": false,
      "stickied": false
    },
    {
      "id": "mxcudfo",
      "author": "Frozenbeedog",
      "body": "I\u2019m so jealous of you. I sleep trained but I\u2019m lucky to get an 11 hour night now. The longer the nap is, the less nighttime sleep is.",
      "created_utc": 1749723689.0,
      "score": 3,
      "permalink": "/r/toddlers/comments/1l9h0sg/how_does_your_toddler_sleep_and_how_often_do_you/mxcudfo/",
      "is_submitter": false,
      "edited": false,
      "stickied": false
    },
    {
      "id": "mxciyq9",
      "author": "Minute-Pea783",
      "body": "I'm also assuming last night was from teething, but I feel like teething never ends? She has 6 teeth and I haven't seen a new tooth in a few months now, yet she's been drooling for two weeks and has been fussier and had two rough nights in two weeks",
      "created_utc": 1749717010.0,
      "score": 2,
      "permalink": "/r/toddlers/comments/1l9h0sg/how_does_your_toddler_sleep_and_how_often_do_you/mxciyq9/",
      "is_submitter": true,
      "edited": false,
      "stickied": false
    },
    {
      "id": "mxdjf9e",
      "author": "HotCardiologist1417",
      "body": "Yup same timeline with mine",
      "created_utc": 1749734062.0,
      "score": 1,
      "permalink": "/r/toddlers/comments/1l9h0sg/how_does_your_toddler_sleep_and_how_often_do_you/mxdjf9e/",
      "is_submitter": false,
      "edited": false,
      "stickied": false
    },
    {
      "id": "mxcu0iu",
      "author": "_jennred_",
      "body": "13 months - we are 12-13 hours with one wake up most nights. Once a week or so he\u2019ll randomly wake up in the middle of the night. He never really cries or tries to get out of the crib, but he\u2019ll lay there for two or three hours babbling to himself. We just end up leaving him since he doesn\u2019t seem to be in any sort of distress. Then he\u2019ll go back to sleep like it never happened. It\u2019s the strangest thing.",
      "created_utc": 1749723498.0,
      "score": 2,
      "permalink": "/r/toddlers/comments/1l9h0sg/how_does_your_toddler_sleep_and_how_often_do_you/mxcu0iu/",
      "is_submitter": false,
      "edited": false,
      "stickied": false
    },
    {
      "id": "mxcivh6",
      "author": "Minute-Pea783",
      "body": "How often do you have rough nights where she suddenly wakes up in the middle of the night and won't go back down, or wakes up multiple times crying?",
      "created_utc": 1749716955.0,
      "score": 3,
      "permalink": "/r/toddlers/comments/1l9h0sg/how_does_your_toddler_sleep_and_how_often_do_you/mxcivh6/",
      "is_submitter": true,
      "edited": false,
      "stickied": false
    },
    {
      "id": "mxdxux4",
      "author": "bleh321",
      "body": "Similar but naps at 4pm or even 5pm for 1-2 hours",
      "created_utc": 1749738602.0,
      "score": 1,
      "permalink": "/r/toddlers/comments/1l9h0sg/how_does_your_toddler_sleep_and_how_often_do_you/mxdxux4/",
      "is_submitter": false,
      "edited": false,
      "stickied": false
    },
    {
      "id": "mxdr62d",
      "author": "Minute-Pea783",
      "body": "Really? I thought most 1 year olds sleep through the night.",
      "created_utc": 1749736597.0,
      "score": 1,
      "permalink": "/r/toddlers/comments/1l9h0sg/how_does_your_toddler_sleep_and_how_often_do_you/mxdr62d/",
      "is_submitter": true,
      "edited": false,
      "stickied": false
    },
    {
      "id": "mxds38e",
      "author": "AllMuffinAllTheTime",
      "body": "I thought I was the only one. When does this get better?!",
      "created_utc": 1749736879.0,
      "score": 2,
      "permalink": "/r/toddlers/comments/1l9h0sg/how_does_your_toddler_sleep_and_how_often_do_you/mxds38e/",
      "is_submitter": false,
      "edited": false,
      "stickied": false
    },
    {
      "id": "mxckmqx",
      "author": "shiftdown",
      "body": "We have a 5 month old too that wakes up a few times a night to feed so i don't have much hope in a good night for a while.  \ud83d\ude06 here it is 145am and we've been up 4 times already between the 2 of them.",
      "created_utc": 1749718048.0,
      "score": 4,
      "permalink": "/r/toddlers/comments/1l9h0sg/how_does_your_toddler_sleep_and_how_often_do_you/mxckmqx/",
      "is_submitter": false,
      "edited": false,
      "stickied": false
    },
    {
      "id": "mxcxbnb",
      "author": "MomentInteresting957",
      "body": "All kids will have different sleep needs! \n\nMy kids are a bit unusual in that when they drop a nap they add that time + more to their overnight sleep and then gradually that reduces again until the next nap drop.",
      "created_utc": 1749725190.0,
      "score": 1,
      "permalink": "/r/toddlers/comments/1l9h0sg/how_does_your_toddler_sleep_and_how_often_do_you/mxcxbnb/",
      "is_submitter": false,
      "edited": false,
      "stickied": false
    },
    {
      "id": "mxcp3n3",
      "author": "missmaganda",
      "body": "I feel like sometimes teething really doesnt ever end... i feel like her teeth are slow moving(?? Haha) but theres a lot that seems to be happening under the gums. At least with mine... \n\n\ud83d\ude43 mine doesnt usually sleep thru the night to begin with but sometimes she does... but the really terrible nights are usually from teething :( ill notice her gums are swollen or a tooth has burst, or shes gnawing on her hands/toys more often then usual, etc.. \n\nKiddo is about 21m and has 12 teeth now",
      "created_utc": 1749720766.0,
      "score": 1,
      "permalink": "/r/toddlers/comments/1l9h0sg/how_does_your_toddler_sleep_and_how_often_do_you/mxcp3n3/",
      "is_submitter": false,
      "edited": false,
      "stickied": false
    },
    {
      "id": "mxdnnzp",
      "author": "mangobluetea",
      "body": "I could have written this my 13 month old is doing the same damn thing!",
      "created_utc": 1749735482.0,
      "score": 1,
      "permalink": "/r/toddlers/comments/1l9h0sg/how_does_your_toddler_sleep_and_how_often_do_you/mxdnnzp/",
      "is_submitter": false,
      "edited": false,
      "stickied": false
    },
    {
      "id": "mxcsa4m",
      "author": "espionage64",
      "body": "At 18 months very rarely! I think the last time was a month ago and she was ill, even in my bed she wouldn\u2019t settle so was quite sleepless. From 13 months when she didn\u2019t sleep through she\u2019d generally wake around 4/5am i think and i\u2019d just bring her into my bed.",
      "created_utc": 1749722561.0,
      "score": 1,
      "permalink": "/r/toddlers/comments/1l9h0sg/how_does_your_toddler_sleep_and_how_often_do_you/mxcsa4m/",
      "is_submitter": false,
      "edited": false,
      "stickied": false
    },
    {
      "id": "mxe465e",
      "author": "Squffles",
      "body": "I've been told 'soon' since she was 1!",
      "created_utc": 1749740430.0,
      "score": 1,
      "permalink": "/r/toddlers/comments/1l9h0sg/how_does_your_toddler_sleep_and_how_often_do_you/mxe465e/",
      "is_submitter": false,
      "edited": false,
      "stickied": false
    },
    {
      "id": "mxclbv4",
      "author": "1sundayinautumn",
      "body": "Are you me? My 3.5 year old and 5 month old are the exact same! Toddler will wake up usually once, sometimes 5 times or awake for several hours. 5 month old was waking up 1-3 times but now it's 5-7 times \ud83d\ude43 I also solo parent every second month so it's safe to say I am exhausted.",
      "created_utc": 1749718469.0,
      "score": 2,
      "permalink": "/r/toddlers/comments/1l9h0sg/how_does_your_toddler_sleep_and_how_often_do_you/mxclbv4/",
      "is_submitter": false,
      "edited": false,
      "stickied": false
    },
    {
      "id": "mxd2jdm",
      "author": "Frozenbeedog",
      "body": "Still very lucky. When mine drops a nap, that sleep is just gone.",
      "created_utc": 1749727610.0,
      "score": 2,
      "permalink": "/r/toddlers/comments/1l9h0sg/how_does_your_toddler_sleep_and_how_often_do_you/mxd2jdm/",
      "is_submitter": false,
      "edited": false,
      "stickied": false
    }
  ],
  "relevance": {
    "score": 10,
    "user_type": "parent",
    "pain_points": [
      "5 yr old to sleep is often a challenge but once she goes down she\u2019ll normally sleep for 11 hours"
    ],
    "keywords_found": [
      "transition",
      "routine",
      "toddler"
    ],
    "sentiment_score": 0.9513,
    "age_relevance": true,
    "urgency_level": "high",
    "competitive_mentions": [],
    "timestamp": "2025-06-12T15:04:13.802420"
  }
}