{
  "subreddit": "learningdisabilities",
  "post": {
    "id": "yxzmsy",
    "title": "I've been seriously considering going to school to become a teaching aide/special ed teacher. Should I do it?",
    "author": "imbriandead",
    "created_utc": 1668714522.0,
    "score": 6,
    "num_comments": 1,
    "url": "https://www.reddit.com/r/LearningDisabilities/comments/yxzmsy/ive_been_seriously_considering_going_to_school_to/",
    "selftext": "I'm 17, and I've been poring over what to major in in college. I'm decent at techy stuff, and I like music, so I was thinking about stuff like that, but then it hit me.   \n  \nI've always been closely tied with the learning disability community, whether it be friends or family. I've been tested for autism several times myself, but I didn't meet the criteria for a diagnosis. I have been diagnosed with ADHD, GAD, PTSD, and MDD, so I get the struggle and social alienation that mental illness and learning difficulties often bring. All of my friends are neurodivergent (if that's the correct term) as well.  \n  \nI've also always had a fascination with psychology and how the brain works. I've spend hours going down research rabbit holes on psychology related topics, genetic disorders, mental illness, learning difficulties/disabilities, etc in an attempt to better understand myself and what I've been diagnosed with as well as the struggles of the world around me.  \n  \nI've never expressed the desire to go down this career path to anyone before, but I feel like this may be the one I want to go with. I know it's hard, and I know it's not the best paying career path, but I'm sick of seeing my peers with learning disabilities getting stigmatized, laughed at, alienated, and stereotyped by the world around us. I'm sick of how often the learning disabled are infantilized by both the media and the people who are in charge of caring for them. I'm sick of people ignorantly looking for a \"cure\" (cough cough Autism Speaks) without even giving the intellectually disabled the time of day.  \n  \nI want to make a difference, but I don't know if this career is right for me. Do I sound like someone who would be a good fit? Feel free to ask me questions or anything. I'm currently a senior in high school trying to figure out who I am and what I should become."
  },
  "comments": [
    {
      "id": "iwryje6",
      "author": "Pohtija",
      "body": "Is there a possibility of working as a special needs assistant without education in your country? I'd suggest doing that, since it gives a good view on what the special education field looks and feels like. I worked as a special needs assistant for almost 4 years  (1 of them without education, 3 after practical nurse studies). After the first 2 years I knew I wanted to become a special needs teacher. I knew it wasn't gonna be the easiest job, but neither was being an assistant with no authority in the kids' eyes.\n\nI have dyslexia and I think I have PTSD.I started my studies on special pedagogy (special needs teacher) this autumn and I am loving it! I applied for extra time on the entrance exam, because of my dyslexia and I am gonna apply for extra time also in my studies. I can really notice that the dyslexia is taking a toll on me and my studies, mostly time-wise, but I am not aiming for top scores for all the courses (in Finland scores don't matter too much, the completed degree is more important) so that helps with my stress levels.\n\nI don't know, how the special education studies are in your country, but at least here in Finland, our teachers kinda warned us that we will have to step outside of our comfort zone and might have to \"deal with our possible pains\". It means that to understand our future students, we need to understand our own pains and where they came from, so we are better able to be there for our students. This might not mean sitting in a circle and \"Lets share our darkest secrets and pains\", but rather painful topics being brought up during group assignments or lectures. This might be hurtful with PTSD. I can talk about my past, but possibly crying in public is what I fear more \ud83d\ude05. All this being part of the studies makes sense to me, because psychology goes hand in hand with education and humans are complicated beings. Everything affects everything.\n\nI hope I answered your question in a useful way!\n\nOh and to add: I also aim to make a difference and truly help special needs students, so you also feeling that way is amazing and warms my heart \ud83d\ude0a I want to see the person behind the \"troubles\", get to know them, make them feel heard and seen and then help them work with their special needs. I saw during my practical nurse studies what a difference the feeling of being truly heard and seen can cause in a person. It was the most wonderful and yet the most simple thing ever. Thinking about that is my driving force every day.",
      "created_utc": 1668723133.0,
      "score": 3,
      "permalink": "/r/LearningDisabilities/comments/yxzmsy/ive_been_seriously_considering_going_to_school_to/iwryje6/",
      "is_submitter": false,
      "edited": 1668723945.0,
      "stickied": false
    }
  ],
  "relevance": {
    "score": 8,
    "user_type": "teacher",
    "pain_points": [
      "i'm sick of people ignorantly looking for a \"cure\" (cough cough autism speaks) without even giving the intellectually disabled the time of day"
    ],
    "keywords_found": [
      "autism",
      "special needs",
      "neurodivergent"
    ],
    "sentiment_score": 0.9978,
    "age_relevance": false,
    "urgency_level": "low",
    "competitive_mentions": [],
    "timestamp": "2025-06-12T15:07:23.026605"
  }
}