{
  "subreddit": "homeschool",
  "post": {
    "id": "1l8i74w",
    "title": "Advise for 12-year-old (about to be in 7th) on 4th grade LA and Math level",
    "author": "JustCurious7589",
    "created_utc": 1749611281.0,
    "score": 0,
    "num_comments": 48,
    "url": "https://www.reddit.com/r/homeschool/comments/1l8i74w/advise_for_12yearold_about_to_be_in_7th_on_4th/",
    "selftext": "Hello, \n\nI'm looking for some advice, curriculum, ideas or a plan, or a resource for my 12-year-old son going into 7th grade. He was diagnosed with autism young, but VERY high functioning. He doesn't LOVE school but will tolerate the things he doesn't enjoy to a degree. He has grown to love reading, but only if he's interested. (He's been making his way through each of Brandon Mull's series.) \n\nI've gone back and forth over the years on curriculum or no curriculum. No curriculum feels like its not quite enough, but I wonder if that's because we're not doing enough other right things. I think because of that more than any learning disability, he's \"behind\". Several months ago, we started level 4 math and language arts with The Good and the Beautiful. It's definitely exactly where he's at as far as ability and knowledge. \n\nI really want to make sure he's getting a good education. I think I have his heart. He's a good kid and has passions and interests. It's not hard to get him interested in history and such. He's been working on writing a few different books for the past few years, which has improved his spelling immensely but I'm worried is not enough. His writing has absolutely improved, but not in a formal way. \n\nOK, so here's the thing. We BOTH hate the 2+ hours of school work (math and language arts) each day and it feels like he'll never \"catch up\" in the curriculum.  (We're currently continuing through the summer to get through it.)\n\nI believe he's absolutely capable. I want him to have an excellent education.\n\nI'm very interested in the Well-Educated Heart. I've gone through Catch the Vision. I've never gone through the rotation, but I have several series. I want to do Belle Ame at Home this next school year. I'm worried it'll be too much with what we're doing now.\n\nDoes anyone have advice on how this can look different and be successful? Or words of encouragement? Is there a way to implement some of these things more naturally without it backfiring? Is BAAH enough or WEH academy, even if he's not on grade level?\n\nI've also wondered, is there a way to have a much higher amount of reading and writing (that the child chooses amongst high quality literature and less formal writing) but a way for them to learn grammar and spelling without it being so time intensive on a daily basis? Is there a better way to catch up in math? I just want more time to pursue what interests us without feeling bogged down. \n\nOR even alternatively, maybe I stick with this more formal curriculum but have more regular breaks. (We currently school year round with no planned breaks because we take so many unplanned breaks)\n\nI've been thinking about this for MONTHS and can't seem to find peace. \n\nThanks for any insights or advice!\n\n\n\n****edit: to clarify, we don't hate doing school for 2 hours and we actually are doing school 3-4 hours a day, 4 days a week right now. It's just the 2 hours we're working on TGATB for LA and Math. I think we're not enjoying it because it feels like we're SO behind and it's going to take SO long to catch up and I want a different option, like a program that doesn't take a full year per grade level. "
  },
  "comments": [
    {
      "id": "mx60e5k",
      "author": "eztulot",
      "body": "I hope my response doesn't come across as a criticism, because it isn't. My autistic son will be 12 next week and I know it's not easy to be both a parent *and* teacher when you have a child with special needs. \n\nWhen I have to make big decisions about my kids, I try to start with the big picture. What are your overall goals for your son? What do you envision his life like when he's an adult? Work backward. What types of jobs and higher education are reasonable goals for him? What are your options for high school? How long do you plan to continue homeschooling? When will it be time to turn his education over to someone else? \n\nOther big picture questions - Is he happy? Does he enjoy homeschooling? How is your relationship? \n\nThese aren't questions you have to answer here, but they should be part of how you think through this decision. \n\nDepending on the answers to all these questions and lots of other considerations, \"catching up\" to grade level might be extremely important, or it might not be. It wouldn't be that unusual for a boy with autism to graduate from high school at 19 or 20 years old instead of 18. It might work out really well for him. If he isn't interested in going to college and has other career plans, graduating him at 18 with 10th grade math skills instead wouldn't be the end of the world. \n\nIf catching up is important to you or him, it sounds like it would be very possible, as long as you're both ready to commit to that as a goal. Because you haven't been using a curriculum consistently, especially for writing and math, it doesn't seem unusual that he is behind and I don't think that's any indication of his actual learning potential. If you do have concerns about his ability to learn, an assessment with a psychologist could put your mind at ease or help you address any specific learning needs. \n\nEither way, he will need to do formal schooling consistently in order to prevent him from falling further behind. In the middle school years, I think it's typical for students to spend 4-5 hours on homeschooling each day.   \n  \nIn order to figure out a plan for teaching him, I think you need to know what is it that you \"hate\" about teaching your child? Do you dislike teaching in general? Are you frustrated by his progress? Are there behavioral issues that make teaching him especially difficult?  What would make you enjoy teaching him? What are your options for hiring a tutor or enrolling him in a class for some subjects?  \n  \nIf you really dislike teaching him and can't commit to teaching him consistently and/or outsourcing some teaching, I think you will need to ask yourself (and discuss with his other parent, if he has one) whether homeschooling is still the right decision for this child. Think through other educational options and decide what you want to do. \n\nAlso think now about whether you're capable of and committed to homeschooling for high school. It is a big commitment, and quitting in the middle isn't an option - most high schools don't accept homeschool credits, so if you decide when he's 16 or 17 to send him to school, he'd start in 9th grade.   \n  \nIf you know that your goal is to get him ready for 9th grade, it might motivate both of you and help you stay on track. \n\nIn terms of a strategy for catching up, I think your options are to work longer hours, or use materials that allow you to move more quickly. I don't have any personal experience with The Good and the Beautiful, but the reviews I've read are that it has a lot of busywork. It also seems to be one that's scheduled to last a full year, rather than being something you can go through at the student's pace. I'd use materials that are designed to be used at the student's pace and that allow him to move on when he's mastered a topic.\n\nWriting Skills is a set of workbooks designed to teach sentence, paragraph, and essay writing skills to struggling learners. It starts out easy and includes some basic grammar. IEW is another writing program that seems to work well for kids who struggle with writing and need a lot of structure. \n\nThere's an old spelling program called The Spell of Words that teaches essential spelling rules/skills in one year (rather than using a 4th grade spelling program, then 5th, etc). \n\nMath-U-See is a great program that allows you to move at the student's pace. Math Mammoth is a more rigorous option that you can also go through more quickly if the student is capable. Both can be used semi-independently, so you could teach the lesson and then let him complete the practice problems on his own unless he's having trouble.   \n\n\nHope this helps a bit :)",
      "created_utc": 1749630627.0,
      "score": 17,
      "permalink": "/r/homeschool/comments/1l8i74w/advise_for_12yearold_about_to_be_in_7th_on_4th/mx60e5k/",
      "is_submitter": false,
      "edited": false,
      "stickied": false
    },
    {
      "id": "mx6vsvd",
      "author": "AnonTrueSeeker",
      "body": "This is not meant as criticism, just another parent's perspective on homeschooling.\n\nHe's about to start Grade 7, but he works at around Grade 4 levels in math and language arts and only completes two hours of schoolwork a day. Most kids need closer to four hours by seventh grade, so bridging that gap will probably mean longer or more focused school days, since high school is only two years away.\n\nHomeschooling offers tremendous freedom, but that freedom also makes us the primary gatekeepers of our children's education. Consider exploring other options, such as a different curriculum, outside classes, or even a tutor, if you're feeling overwhelmed. There is mixed feedback on The Good and the Beautiful; most parents find it fine up to Grade 3, but there is less positive feedback at the upper-elementary and middle-school levels.\n\nThe stress you are experiencing is understandable, and I do not underestimate the difficulties of homeschooling an autistic child. As parents, we want the best for our children, which is why structure is so crucial. I've read too many accounts of teens who fell through the cracks because no one kept an eye on scope and sequence. That struck me hard as a mother. Stay hands-on, feed curiosity, and keep an eye on benchmarks so high-school work (or a future return to school) doesn't seem foreign.\n\nIn most cases, that means a solid math and language-arts program. Providing it's rigorous enough to prepare him for high-school labs, science can be more interest-driven. In homeschooling, deliberate planning and consistent follow-up will always be required, whether you use new curricula, online courses, co-ops, or tutors.\n\nI see how much care you have for this, and your willingness to ask the tough questions already demonstrates that. Cheering you on from afar.\n\nHere are some curriculum options that may work for you:\n\nIn math:\n\nHands-on / mastery of Math-U-See (Gamma, Zeta, Pre-Algebra).\n\nTextbooks 4.0 or 5.0 in CTC Math.\n\nA faith-based, multisensory approach: Apologia Exploring Creation through Mathematics\n\n-It is best to start Level 5 now, Level 6 in January, and then a mainstream pre-algebra course.\n\n-A gentle bridge: Math-with-Confidence Grade 4 over the summer, then Apologia Math 6 in January.\n\nA love of books and formal skills in Language Arts:\n\nWriting & Grammar\nEssentials in Writing (EIW) Level 6 this fall then Level 7 when ready.\n\nLiterature & Analysis\nEssentials in Literature Level 7 (after EIW 6 gives him essay skills).\n\nLow-pressure option: run a parent-led book club\u2014ask:\n\t1.\tWhat did you like?\n\t2.\tWhat was confusing?\n\t3.\tAny patterns or themes?\n\nScience \u2013 faith-friendly, three times per week:\n\nChoose one Apologia Young Explorer title that sparks interest:\n\nZoology 3 - Land Animals: Animals & Nature Walks\nFocus on the human body: Human Anatomy & Physiology\nThe big-picture of the earth: Earth Science (newest) or \nChemistry/Physics or Astrology",
      "created_utc": 1749645915.0,
      "score": 4,
      "permalink": "/r/homeschool/comments/1l8i74w/advise_for_12yearold_about_to_be_in_7th_on_4th/mx6vsvd/",
      "is_submitter": false,
      "edited": 1749646135.0,
      "stickied": false
    },
    {
      "id": "mx4yz72",
      "author": "Agreeable-Deer7526",
      "body": "I would try math with confidence.",
      "created_utc": 1749611533.0,
      "score": 6,
      "permalink": "/r/homeschool/comments/1l8i74w/advise_for_12yearold_about_to_be_in_7th_on_4th/mx4yz72/",
      "is_submitter": false,
      "edited": false,
      "stickied": false
    },
    {
      "id": "mx53ys2",
      "author": "philosophyofblonde",
      "body": "You say autism but specify \u201cvery\u201d high functioning. It\u2019s not clear to me if there is some intellectual disability here or not. \n\nFor a bracket of \u201con grade\u201d a child his age should be doing more like 4 hours of schoolwork. In whatever sense you mean high functioning, I have to assume you expect him to carry on a relatively normal life and have a job. He will be 18 in 6 years. High school with essays and significant demands will be here in 2. To what extent will he *actually* be able to acclimate to being expected to perform a task for an 8 hour workday? When do you expect that to happen? \n\nNow I\u2019ve not heard of either of these programs, but just from glancing at the website\u2026this doesn\u2019t scream \u201cacademics.\u201d They have one sentence describing their chemistry course and that\u2019s not\u2026encouraging. Folk dancing is nice, but it\u2019s probably not going to serve him all that well if you and your spouse get squashed on the highway. \n\nThere isn\u2019t an easy or \u201cbetter\u201d way. You get better at things you practice, and that requires putting in the man hours. If you think he\u2019s capable, get the curriculum that furthers that.",
      "created_utc": 1749613584.0,
      "score": 10,
      "permalink": "/r/homeschool/comments/1l8i74w/advise_for_12yearold_about_to_be_in_7th_on_4th/mx53ys2/",
      "is_submitter": false,
      "edited": false,
      "stickied": false
    },
    {
      "id": "mx5dxit",
      "author": "FImom",
      "body": "Books like Beyonders and Fablehaven by Brandon Mull are at a fifth grade reading level. \n\nIf you want to get him to grade level, you need to consider that you both need to continue working hard to where he needs to be. \n\nI don't know what to tell you about doing 2+ hours of work, especially for you, the parent. I don't love doing long school days with my kids, but you know what? Not only do I have to but I also need to encourage my kids to power through it. You're the adult here so you need to do right by your kid. If you want him to have a good education like you say, you need put in the work. \n\nYou can do it!",
      "created_utc": 1749618082.0,
      "score": 7,
      "permalink": "/r/homeschool/comments/1l8i74w/advise_for_12yearold_about_to_be_in_7th_on_4th/mx5dxit/",
      "is_submitter": false,
      "edited": false,
      "stickied": false
    },
    {
      "id": "mx5qp0u",
      "author": "kittywyeth",
      "body": "two hours of work a day is not much of anything. if you and your son can\u2019t manage this then you might have to consider that home may not be the best option for school. \n\nthere is a huge skill gap between where he is and where he should be by now and if you aren\u2019t up for two hours of work every day i can only see this widening.",
      "created_utc": 1749624858.0,
      "score": 7,
      "permalink": "/r/homeschool/comments/1l8i74w/advise_for_12yearold_about_to_be_in_7th_on_4th/mx5qp0u/",
      "is_submitter": false,
      "edited": false,
      "stickied": false
    },
    {
      "id": "mx6l4tv",
      "author": "EducatorMoti",
      "body": "First, I just want to say how beautifully you\u2019re showing up for your son. You\u2019re paying attention to his needs, his strengths, and his future, and that is already more than enough. \n\nPlease don\u2019t let anyone pressure you with talk about \u201ccatching up.\u201d Catching up to *what*, exactly? A system that was never designed with your amazing son in mind?\n\nYou\u2019re not behind. You\u2019re building something different, something better. And at age 12, he\u2019s in the *perfect* window to keep growing at his pace, not someone else\u2019s. \n\nYou don\u2019t need to replicate school at home. You get to *custom build* an education around his interests, his energy, and his brain.\n\nSince you mentioned language arts, I highly recommend **WriteShop* I and JI*. It's a really supportive program that helps students work step by step, and best of all, it guides *you*, the parent, in giving helpful and gentle feedback. \n\nThere's a fantastic teacher's manual with encouraging comments you can use, and it gives your child structure without pressure. I\u2019ve seen students who used to dread writing gain confidence and even *enjoy* expressing themselves.\n\nAs for math, here are a few great options that work well for different kinds of learners, especially neurodivergent kids:\n\n* **CTC Math** \u2013 Great for visual learners and very flexible. Short video lessons and self-paced progress.\n\n* **Teaching Textbooks** \u2013 Very popular among homeschoolers because it\u2019s fun and interactive. The lessons are done on screen, and many kids love the independence it offers.\n\n* **Beast Academy** \u2013 Perfect if your son enjoys stories, puzzles, or thinking outside the box. It\u2019s a comic-book style program that teaches deep math thinking in a creative way.\n\nIf he\u2019s struggling with concepts, you can slow down. If he\u2019s curious, let him fly ahead. There\u2019s no race.\n\nI\u2019d also encourage you to lean into his interests. Real books, documentaries, quality shows, podcasts, even YouTube science explainers can all be part of a rich education. \n\nIf he likes history, let him explore through *real* movies or shows from PBS, the History Channel, or well-made YouTube series.\n\nIf science excites him, check out channels like SciShow, Crash Course, or PBS Space Time. These aren\u2019t screen time fillers. They\u2019re full of layered information, big ideas, and natural learning.\n\nAnd about those people saying \u201cwhat\u2019s he going to do when he has 8 hours of high school work?\u201d That mindset is part of the problem. \n\nYou\u2019re not raising your child to survive a system. You\u2019re raising him to live a *life*, a meaningful, happy, productive life built around *his* strengths. \n\nHomeschooling gives us the freedom to do just that. High school doesn't have to be 8 hours of grind. That\u2019s a misunderstanding of what home education is about.\n\nSome days, you might work for 2 hours. Other days, you might spend 5 hours deep in a discussion or watching a science documentary together. \n\nBut learning is happening *all day long* n conversations, in shared experiences, and in every question he asks. \n\nYou\u2019re not \u201cfalling behind.\u201d You\u2019re moving forward on *his* timeline, and that\u2019s the one that matters most.\n\nYou're doing great. Keep trusting yourself and your son. You don\u2019t have to fit the mold when you\u2019re busy crafting something extraordinary.",
      "created_utc": 1749641738.0,
      "score": 4,
      "permalink": "/r/homeschool/comments/1l8i74w/advise_for_12yearold_about_to_be_in_7th_on_4th/mx6l4tv/",
      "is_submitter": false,
      "edited": 1749642387.0,
      "stickied": false
    },
    {
      "id": "mx6ova9",
      "author": "mirh577",
      "body": "I have a 12 year old son with dyslexia, dysgraphia, and dyscalculia. So his learning differences really effect every aspect of his education. We worked really hard in the beginning with tutoring to catch him up in reading. We are still behind in math(on a fourth grade level) and his handwriting is slowing coming along. He has many challenges, but improvement and mastery are what is key to me. My husband is a nuclear physicist and when I stress about how far behind he is in math, he reminds me that a firm foundation in the basics of math is most important. Just to keep going. We use Christian Light Education because it is a spiral curriculum. He will forget what he learns if he doesn\u2019t review. It also boosts his confidence that he doesn\u2019t struggle with 3/4 of the lesson because it is review of past skills. I also am planning ahead and will use Dennison Math in 8th grade. They have a pre-algebra that is made for children with learning differences. He will go back and review all the basic math that is needed for each course in high school while he is teaching. \n\nHere is what I do for LA and he is doing amazing. We use Miacademy because they are videos and he learns well that way, but to me it is not a complete curriculum. We add in IEW for formal writing skills and it is unbelievable. My child has grown to love writing non-fiction and even writes books now(not so much the narrative writing but we make it through). We complete IEW with Fix-It grammar. It is a short 10 minute workbook that teaches grammar through proofreading and this has been most effective for us. Then I let him read books that interest him. \n\nI just want to encourage you that it is ok for your child to be behind as long as he is improving. Children with learning differences are a different kind of homeschooler. We have to have high expectations but also face reality. However it does sound like you are worried your curriculum is not providing everything. Trust your gut on that one. I would find something else. \n\nYou are doing great focusing on those things he is excelling in. This will keep his love of learning. My son loves history and science. We try to incorporate as much of that as possible into every other subject and then deep dive into his interest in those two subjects. That way he has something to look forward to every day. Hope this helps some.",
      "created_utc": 1749643288.0,
      "score": 2,
      "permalink": "/r/homeschool/comments/1l8i74w/advise_for_12yearold_about_to_be_in_7th_on_4th/mx6ova9/",
      "is_submitter": false,
      "edited": false,
      "stickied": false
    },
    {
      "id": "mx87d7w",
      "author": "JustCurious7589",
      "body": "To clarify, we don't hate doing school for 2 hours and we actually are doing school 3-4 hours a day, 4 days a week right now. It's just the 2 hours we're working on TGATB for LA and Math. I think we're not enjoying it because it feels like we're SO behind and it's going to take SO long to catch up and I want a different option, like a program that doesn't take a full year per grade level.\u00a0\n\n\nThank you all so far for your responses, by the way. It's been VERY helpful already.\u00a0",
      "created_utc": 1749660349.0,
      "score": 1,
      "permalink": "/r/homeschool/comments/1l8i74w/advise_for_12yearold_about_to_be_in_7th_on_4th/mx87d7w/",
      "is_submitter": true,
      "edited": false,
      "stickied": false
    },
    {
      "id": "mx6k1y5",
      "author": "ResidentFew6785",
      "body": "Have him read as much as he wants to. Focus on grammar and writing 30 minute essays. Add research and try to get through algebra by graduation. If you're able to do that he'll thrive in college. Of course add science and SS but do that with books. that will lead him into college ( not ivy league but a great state school). Once in college he can learn until he's a post doctoral if he wants. Remember college (after the first year and a half) is highly specialized.",
      "created_utc": 1749641264.0,
      "score": 1,
      "permalink": "/r/homeschool/comments/1l8i74w/advise_for_12yearold_about_to_be_in_7th_on_4th/mx6k1y5/",
      "is_submitter": false,
      "edited": false,
      "stickied": false
    },
    {
      "id": "mx8sa02",
      "author": "JustCurious7589",
      "body": "Thank you so much for taking the time to respond. This is extremely helpful. I'll definitely look into these programs you've mentioned!",
      "created_utc": 1749666171.0,
      "score": 0,
      "permalink": "/r/homeschool/comments/1l8i74w/advise_for_12yearold_about_to_be_in_7th_on_4th/mx8sa02/",
      "is_submitter": true,
      "edited": false,
      "stickied": false
    },
    {
      "id": "mx8rsvq",
      "author": "JustCurious7589",
      "body": "Thank you so much for your thoughtful response. I will look more in depth at these programs!!\u00a0",
      "created_utc": 1749666035.0,
      "score": 1,
      "permalink": "/r/homeschool/comments/1l8i74w/advise_for_12yearold_about_to_be_in_7th_on_4th/mx8rsvq/",
      "is_submitter": true,
      "edited": false,
      "stickied": false
    },
    {
      "id": "mx55yz8",
      "author": "L_Avion_Rose",
      "body": "I second MWC!",
      "created_utc": 1749614431.0,
      "score": 1,
      "permalink": "/r/homeschool/comments/1l8i74w/advise_for_12yearold_about_to_be_in_7th_on_4th/mx55yz8/",
      "is_submitter": false,
      "edited": false,
      "stickied": false
    },
    {
      "id": "mx6mvat",
      "author": "EducatorMoti",
      "body": "Homeschooling isn't about recreating 8-hour school days at home. It's about building a life of learning, not just grinding through assignments. \n\nWe get to live, explore, and grow without turning our homes into classrooms.",
      "created_utc": 1749642473.0,
      "score": -4,
      "permalink": "/r/homeschool/comments/1l8i74w/advise_for_12yearold_about_to_be_in_7th_on_4th/mx6mvat/",
      "is_submitter": false,
      "edited": false,
      "stickied": false
    },
    {
      "id": "mx8rga1",
      "author": "JustCurious7589",
      "body": "Thank you for your response. These are the exact things I keep thinking about. We currently do about 3-4 hours of school a day. We're just not enjoying the 2+ with the curriculum we've chosen because it feels like we're behind and never really going to catch up. I think a lot of comments so far have shared resources that I think will help alleviate that!",
      "created_utc": 1749665935.0,
      "score": 0,
      "permalink": "/r/homeschool/comments/1l8i74w/advise_for_12yearold_about_to_be_in_7th_on_4th/mx8rga1/",
      "is_submitter": true,
      "edited": false,
      "stickied": false
    },
    {
      "id": "mx8slr1",
      "author": "JustCurious7589",
      "body": "I wasn't very clear on that. We are actually doing 3-4 hours of school a day and we love the other things we're doing, we just don't love how things are going in LA and Math!",
      "created_utc": 1749666264.0,
      "score": 1,
      "permalink": "/r/homeschool/comments/1l8i74w/advise_for_12yearold_about_to_be_in_7th_on_4th/mx8slr1/",
      "is_submitter": true,
      "edited": false,
      "stickied": false
    },
    {
      "id": "mx8tepr",
      "author": "JustCurious7589",
      "body": "I wasn't very clear on the hours we're putting in. We're actually doing 3-4 hours of school. He even actually reads 2+ hours a day outside of that voluntarily. We're just not enjoying the 2 hours we're working on LA and Math. I want different options that don't feel impossible to ever get \"caught up\".",
      "created_utc": 1749666495.0,
      "score": 1,
      "permalink": "/r/homeschool/comments/1l8i74w/advise_for_12yearold_about_to_be_in_7th_on_4th/mx8tepr/",
      "is_submitter": true,
      "edited": false,
      "stickied": false
    },
    {
      "id": "mx6n6ny",
      "author": "EducatorMoti",
      "body": "Homeschooling isn't about recreating a school at home. It's about building a life of learning, not just grinding through assignments.\n\n We get to live, explore, and grow without turning our homes into classrooms.",
      "created_utc": 1749642602.0,
      "score": 0,
      "permalink": "/r/homeschool/comments/1l8i74w/advise_for_12yearold_about_to_be_in_7th_on_4th/mx6n6ny/",
      "is_submitter": false,
      "edited": false,
      "stickied": false
    },
    {
      "id": "mx8qxdn",
      "author": "JustCurious7589",
      "body": "Thank you for your thoughtful response. This approach is the one I've most towards and I think is the reason he's even doing as well as he is. I get worried I'm not enough for him though and start feeling so much pressure to get him further along. Which I can tell that there is something off. But I keep wondering, is that because it's wrong or we're just not used to it?\n\n\nBut anyway, thank you again. I needed to hear this perspective.\u00a0",
      "created_utc": 1749665784.0,
      "score": 1,
      "permalink": "/r/homeschool/comments/1l8i74w/advise_for_12yearold_about_to_be_in_7th_on_4th/mx8qxdn/",
      "is_submitter": true,
      "edited": false,
      "stickied": false
    },
    {
      "id": "mx8ku9m",
      "author": "Lurker_Not_Commenter",
      "body": "EXACTLY this. The system you are comparing your son to is for children who fit neatly in the \"box\" of all children learning the same thing at the same age.  Your son does not fit in that box and that does not make him behind. It just makes him different. Please do not pressure him into having to speed up to fit into someone else\u2019s expectations or time line  - that will only teach him that he is not enough just as he is. I have two special-needs sons and we have gone at our own pace since we started homeschooling.  If I were to compare them to the traditional school system, they are one to two years behind and I have absolutely no problem with that. They are confident, strong teens with extraordinary passions and interests they never would\u2019ve had time to pursue if they were in the traditional school system.   They will graduate in their own time.  If there is something they want to do that I have not adequately prepared them for than it is much easier to for them to \"catch up\" in that specific subject at a later date when it is something they want to do for a future goal versus something I am trying to force them to do because they are \u201cbehind\u201d.",
      "created_utc": 1749664080.0,
      "score": 0,
      "permalink": "/r/homeschool/comments/1l8i74w/advise_for_12yearold_about_to_be_in_7th_on_4th/mx8ku9m/",
      "is_submitter": false,
      "edited": false,
      "stickied": false
    },
    {
      "id": "mx8uqmb",
      "author": "JustCurious7589",
      "body": "Thank you! This is a fantastic response. Thanks for taking the time to include the details of what you're doing with your son. I'll look into these other programs as well!",
      "created_utc": 1749666885.0,
      "score": 2,
      "permalink": "/r/homeschool/comments/1l8i74w/advise_for_12yearold_about_to_be_in_7th_on_4th/mx8uqmb/",
      "is_submitter": true,
      "edited": false,
      "stickied": false
    },
    {
      "id": "mx8ufs8",
      "author": "JustCurious7589",
      "body": "Thank you! This is great overall perspective and advice that I needed.",
      "created_utc": 1749666796.0,
      "score": 1,
      "permalink": "/r/homeschool/comments/1l8i74w/advise_for_12yearold_about_to_be_in_7th_on_4th/mx8ufs8/",
      "is_submitter": true,
      "edited": false,
      "stickied": false
    },
    {
      "id": "mx6tt3q",
      "author": "philosophyofblonde",
      "body": "Literally no one said you have to grind through 8 hours of paper assignments or recreate a classroom. \n\nBut what you *do* have to do, as a *parent,* is prepare your child for eventually living without you. It doesn\u2019t matter if you\u2019re educating at home or not. Education is about learning to navigate the world around you.",
      "created_utc": 1749645191.0,
      "score": 6,
      "permalink": "/r/homeschool/comments/1l8i74w/advise_for_12yearold_about_to_be_in_7th_on_4th/mx6tt3q/",
      "is_submitter": false,
      "edited": false,
      "stickied": false
    },
    {
      "id": "mx97enu",
      "author": "FImom",
      "body": "I saw your edit. Just so you know, you can increase the pace of the curriculum so you finish faster. You don't need to take a whole year if you do 2 or 3 lessons a day. Another thing you can consider is doing a 6 or 7 day school week.",
      "created_utc": 1749670584.0,
      "score": 1,
      "permalink": "/r/homeschool/comments/1l8i74w/advise_for_12yearold_about_to_be_in_7th_on_4th/mx97enu/",
      "is_submitter": false,
      "edited": false,
      "stickied": false
    },
    {
      "id": "mx8trlv",
      "author": "kittywyeth",
      "body": "your child is very behind and i genuinely don\u2019t believe it is possible to ever get caught up without putting the time in. even the most clever of curriculum can\u2019t bring a child up to speed over multiple grade levels in less time. i\u2019m sorry. it just isn\u2019t realistic. you most likely need to be spending that entire four hours on core skills.",
      "created_utc": 1749666599.0,
      "score": 3,
      "permalink": "/r/homeschool/comments/1l8i74w/advise_for_12yearold_about_to_be_in_7th_on_4th/mx8trlv/",
      "is_submitter": false,
      "edited": false,
      "stickied": false
    },
    {
      "id": "mx6x17t",
      "author": "AnonTrueSeeker",
      "body": "I totally get what you\u2019re saying. One of the best parts of homeschooling is not having to recreate a brick-and-mortar classroom in the living room. My own kid spends plenty of time chasing rabbit trails, building forts, and learning in the wild. \n\nBut in this particular situation we\u2019re talking about a 12-year-old who\u2019s two-plus grade levels behind in math and language arts with high school only two years away. Interest-led learning alone isn\u2019t going to close that gap fast enough to keep transcript options open or make sure he can handle algebra, lab science, and essay writing down the road\u2014especially when he\u2019s also navigating autism.\n\nA short, focused block each day (say 45 min of math + 60 min of structured LA) still leaves plenty of hours for the \u201clife of learning\u201d stuff we all love. It\u2019s not about grinding for grinding\u2019s sake; it\u2019s about giving this kid the tools he\u2019ll need to pursue his passions independently later on\u2014whether that\u2019s coding video games, apprenticing with a mechanic, or diving deep into Tolkien lore.\n\nSo yeah, let\u2019s keep the wonder alive. But let\u2019s also make sure he can balance a checkbook, write a clear email, and read a lab manual without melting down. The freedom of homeschooling comes with the responsibility to spot big skill gaps and address them before they turn into roadblocks. In his case, a season of intentional, structured catch-up is an act of love, not busywork.",
      "created_utc": 1749646349.0,
      "score": 8,
      "permalink": "/r/homeschool/comments/1l8i74w/advise_for_12yearold_about_to_be_in_7th_on_4th/mx6x17t/",
      "is_submitter": false,
      "edited": false,
      "stickied": false
    },
    {
      "id": "mx72mjb",
      "author": "Imperburbable",
      "body": "yes, we can live, explore, and grow. But we also owe our kids an education. If they're not learning math, we're not providing that. If they're not learning to write and spell, we're not providing that. If they don't understand the scientific method, we're not providing that. You can find a way to teach those things experimentally, or outside, or while traveling the world, but you owe it to your kids to make them educated adults.",
      "created_utc": 1749648274.0,
      "score": 5,
      "permalink": "/r/homeschool/comments/1l8i74w/advise_for_12yearold_about_to_be_in_7th_on_4th/mx72mjb/",
      "is_submitter": false,
      "edited": false,
      "stickied": false
    },
    {
      "id": "mx82csk",
      "author": "kittywyeth",
      "body": "kids can live, explore, and grow once they\u2019re up to grade level expectations in *reading* and *math*.",
      "created_utc": 1749658908.0,
      "score": 0,
      "permalink": "/r/homeschool/comments/1l8i74w/advise_for_12yearold_about_to_be_in_7th_on_4th/mx82csk/",
      "is_submitter": false,
      "edited": false,
      "stickied": false
    },
    {
      "id": "mxa0v13",
      "author": "EducatorMoti",
      "body": "You're doing great! Our kids have a whole lifetime to learn things. \n\nMy son is grown now, graduated from college, and working in a career he loves. Sure, there are things we missed or that didn\u2019t stick at the time, but that\u2019s just life. \n\nOne of the best surprises was how the advanced math he hated and never really learned with me became essential for one of his hobbies later on. Because it finally made sense in a real setting, he taught himself and now explains those concepts to others who need to learn it!\n\nThere\u2019s no need to rush. No need to push. Your son is learning all the time. He\u2019s absorbing way more than you think. \n\nStepping back and letting mine explore what he loved was one of the best choices I ever made. He dove into areas I never would have thought to teach and now holds deep knowledge and excitement about things I could never have planned. \n\nIt\u2019s such a joy to watch, and that kind of learning sticks because *he* loves it. You're on the right track.",
      "created_utc": 1749679306.0,
      "score": 1,
      "permalink": "/r/homeschool/comments/1l8i74w/advise_for_12yearold_about_to_be_in_7th_on_4th/mxa0v13/",
      "is_submitter": false,
      "edited": false,
      "stickied": false
    },
    {
      "id": "mx8r0m8",
      "author": "JustCurious7589",
      "body": "Thank you for this input!!\u00a0",
      "created_utc": 1749665810.0,
      "score": 0,
      "permalink": "/r/homeschool/comments/1l8i74w/advise_for_12yearold_about_to_be_in_7th_on_4th/mx8r0m8/",
      "is_submitter": true,
      "edited": false,
      "stickied": false
    },
    {
      "id": "mx8wydt",
      "author": "ResidentFew6785",
      "body": "I used daily grams for grammar and writing. I let her type her research because pencils hurt her hand. She always had a book when younger. She breezed through her undergrad which was choose your own adventure bachelor's. She's looking into becoming a librarian now but has tons of tech skills and entrepreneurship skills from her bachelor's and associates degree. It can work out even if they don't like school.",
      "created_utc": 1749667529.0,
      "score": 1,
      "permalink": "/r/homeschool/comments/1l8i74w/advise_for_12yearold_about_to_be_in_7th_on_4th/mx8wydt/",
      "is_submitter": false,
      "edited": false,
      "stickied": false
    },
    {
      "id": "mxc64i8",
      "author": "AnonTrueSeeker",
      "body": "Honestly, Algebra is prob the doable goal. Maybe financial math too in HS. I am Canadian so we label it differently or you cover all math topics spread out over three years of high school. (HS is 10-12 here). Then it depends on the student's goals. Workplace Math for Community college or trades, Academic math for post-secondary that doesn't require pre-cal or calculus, and advanced stream for those who need it. I did Academic math and got into university or college with no problem. I hate math too lol. Sorry for all the comments lol. I have ADHD which was only just diagnosed in my 30s but makes my school career make so much more sense now lol (my kid too) so sometimes things pop up later on lol \ud83d\ude06.",
      "created_utc": 1749709398.0,
      "score": 1,
      "permalink": "/r/homeschool/comments/1l8i74w/advise_for_12yearold_about_to_be_in_7th_on_4th/mxc64i8/",
      "is_submitter": false,
      "edited": false,
      "stickied": false
    },
    {
      "id": "mx6uvrh",
      "author": "EducatorMoti",
      "body": "You're the one who mentioned preparing for an future mandatory 8-hour work day.",
      "created_utc": 1749645585.0,
      "score": -2,
      "permalink": "/r/homeschool/comments/1l8i74w/advise_for_12yearold_about_to_be_in_7th_on_4th/mx6uvrh/",
      "is_submitter": false,
      "edited": false,
      "stickied": false
    },
    {
      "id": "mx8tx1m",
      "author": "JustCurious7589",
      "body": "This is exactly the kind of perspective I have. I'm just frustrated with what we're doing. We do about 1 hr of math, 1 hr of LA and another hour or two for the other things. I think it's the curriculum I've started that feels impossible to ever get \"caught up\" in, since they're full year programs.\u00a0",
      "created_utc": 1749666644.0,
      "score": 2,
      "permalink": "/r/homeschool/comments/1l8i74w/advise_for_12yearold_about_to_be_in_7th_on_4th/mx8tx1m/",
      "is_submitter": true,
      "edited": false,
      "stickied": false
    },
    {
      "id": "mxa43xb",
      "author": "EducatorMoti",
      "body": "Why is grade level your goal? Kids aren\u2019t machines rolling off an assembly line. \n\nThey do deep dives into things that they are interested in. Would you want to hold him back to meet your arbitrary grade level?\n\nReal life doesn\u2019t run by grade level. People can live full, meaningful lives without being \u201ccaught up\u201d to some arbitrary standard. Especially since he is very likely far ahead in other areas.\n\nWhat matters is whether they\u2019re learning, growing, and developing skills that serve them in the real world. \n\nFor many homeschoolers, that comes through interest, exploration, and living life, not matching a school timeline.",
      "created_utc": 1749680354.0,
      "score": -1,
      "permalink": "/r/homeschool/comments/1l8i74w/advise_for_12yearold_about_to_be_in_7th_on_4th/mxa43xb/",
      "is_submitter": false,
      "edited": false,
      "stickied": false
    },
    {
      "id": "mxc5m0i",
      "author": "AnonTrueSeeker",
      "body": "PS don\u2019t even manage to cover everything and if they do it's rushed and the kids don't retain it. She is doing the right thing for sure look at options.",
      "created_utc": 1749709111.0,
      "score": 2,
      "permalink": "/r/homeschool/comments/1l8i74w/advise_for_12yearold_about_to_be_in_7th_on_4th/mxc5m0i/",
      "is_submitter": false,
      "edited": false,
      "stickied": false
    },
    {
      "id": "mxcnp4r",
      "author": "JustCurious7589",
      "body": "Haha I'm glad for all of your comments! They've been really helpful. \ud83d\ude0a I don't know if they do much real world math in public school here. Maybe they do in some school systems but I don't recall it from when I went to school. But I absolutely plan to teach all of my kids how to budget, file taxes, business finances and economics!",
      "created_utc": 1749719919.0,
      "score": 1,
      "permalink": "/r/homeschool/comments/1l8i74w/advise_for_12yearold_about_to_be_in_7th_on_4th/mxcnp4r/",
      "is_submitter": true,
      "edited": false,
      "stickied": false
    },
    {
      "id": "mx6vo2d",
      "author": "philosophyofblonde",
      "body": "I asked about acclimating to that eventual expectation, which absolutely exists. \n\nIf you\u2019re off just picking daisies all of k12, that\u2019s going to be a rude transition. That still doesn\u2019t translate to \u201crecreate a classroom.\u201d",
      "created_utc": 1749645869.0,
      "score": 8,
      "permalink": "/r/homeschool/comments/1l8i74w/advise_for_12yearold_about_to_be_in_7th_on_4th/mx6vo2d/",
      "is_submitter": false,
      "edited": false,
      "stickied": false
    },
    {
      "id": "mx9ua5l",
      "author": "AnonTrueSeeker",
      "body": "Look into Essentials of Writing, OP. Work is done in such a way that it won't take an hour to complete it. I would recommend starting at level 5 or 6. Grammar and composition are covered. Each lesson is accompanied by a short video lesson. That's very helpful for Mom. You should do Grade Five Math with Confidence this year with him, then Grade Six Math with Confidence next year. Math will come if you get him caught up in LA. Time is on your side. A math assessment could give you a better idea of what areas you need to concentrate on and how to help him catch up. Currently, what math curriculum do you use? Compared to public school, homeschool curriculums tend to be quite advanced, so he may not be as far behind as you think. I would recommend picking books that he is interested in and either finding interesting unit/literature studies to do with him or making your own. Etsy and TpT have tons of them. Do you know what he likes? This is an area in which I am quite knowledgeable. Feel free to contact me if you need help making a literature study that would be suitable for him. I create my own.",
      "created_utc": 1749677259.0,
      "score": 2,
      "permalink": "/r/homeschool/comments/1l8i74w/advise_for_12yearold_about_to_be_in_7th_on_4th/mx9ua5l/",
      "is_submitter": false,
      "edited": false,
      "stickied": false
    },
    {
      "id": "mxa5h5r",
      "author": "kittywyeth",
      "body": "basic skills like reading and writing and math come first. all the rest of it is great but if you don\u2019t have the tool set to contextualize your experiences and aren\u2019t able to get by in the daily functions of real life then you\u2019re going to struggle. core skills actually matter a lot. every child should be equipped with them in order to explore the world and pursue their interests.",
      "created_utc": 1749680802.0,
      "score": 2,
      "permalink": "/r/homeschool/comments/1l8i74w/advise_for_12yearold_about_to_be_in_7th_on_4th/mxa5h5r/",
      "is_submitter": false,
      "edited": false,
      "stickied": false
    },
    {
      "id": "mxdmd49",
      "author": "AnonTrueSeeker",
      "body": "Honestly, so beneficial. Trades are where it us at these days. I know we have a shortage here and it pays so well when they are young adults. Those adults are thriving. I wish my high school would have talked about trades as an option more!",
      "created_utc": 1749735047.0,
      "score": 1,
      "permalink": "/r/homeschool/comments/1l8i74w/advise_for_12yearold_about_to_be_in_7th_on_4th/mxdmd49/",
      "is_submitter": false,
      "edited": false,
      "stickied": false
    },
    {
      "id": "mxabkww",
      "author": "AnonTrueSeeker",
      "body": "Also, I wouldn\u2019t worry if you have to have him graduate a year later it\u2019s not the end of the world and honestly could be very beneficial to him. But prepping him for high school is very important. I think you are better off to say he is in grade 6 this year instead of 7 but that\u2019s my opinion. You know him best :). It just might take some of the pressure off especially if he is reading at a grade 5 level (but if it\u2019s well at that level great). He also might benefit from spellings and vocabulary that are focused on what he is reading. He might actually learn it that way. Another idea if he enjoys creative writing is have him write it by hand without doing any edits. Then you could teach him about revision, proofreading and grammar that way. Then have him type it with spell check and grammar check off. Do more revisions. It sounds like he needs curriculum that surrounds his interests. This maybe the best solution gentle solution for now. Honestly, LA should be taught together as one at this age. It\u2019s more beneficial. You could use a curriculum as a spine and incorporate the ideas and lessons into your novel studies. Same can be said for essay writing etc. Actually, this is probably the way to start him with then you can go into different components of formal writing. Seriously though feel free to dm me I would love to help!",
      "created_utc": 1749682846.0,
      "score": 1,
      "permalink": "/r/homeschool/comments/1l8i74w/advise_for_12yearold_about_to_be_in_7th_on_4th/mxabkww/",
      "is_submitter": false,
      "edited": 1749683263.0,
      "stickied": false
    },
    {
      "id": "mxa6fib",
      "author": "EducatorMoti",
      "body": "Yes and she says all of that in her post. That's her goal to strengthen his core skills. She's doing great!",
      "created_utc": 1749681123.0,
      "score": -1,
      "permalink": "/r/homeschool/comments/1l8i74w/advise_for_12yearold_about_to_be_in_7th_on_4th/mxa6fib/",
      "is_submitter": false,
      "edited": false,
      "stickied": false
    },
    {
      "id": "mxblqrz",
      "author": "JustCurious7589",
      "body": "Thank you so much! Your replies are SUPER helpful and I'm grateful. I'm going to think through some of your suggestions for sure. I'll also absolutely consider \"holding him back a grade\", and give him an extra year before starting high school. I'll talk to him and my husband about it to see what they think.\u00a0\n\n\nWe're using TGATB for math and LA. I think their LA is a bit advanced, but their math is more in line with the public school system. But I think I'm going to stop pushing so hard in math and be at peace with it if he only gets to algebra by graduation and if he needs more for college or whatever career he chooses, he can study more after or push himself more by that point. We may switch curriculums, but I'm not as worried about that now.\u00a0\n\n\nAs far as Language Arts, that's definitely going to require some more thinking. He definitely has a lot of interests, and the more I do that interests him, the better. I've considered creating a curriculum where I require certain books. He doesn't LOVE to read what he hasn't chosen himself, but he might be happier knowing we're reading books instead of an hour of \"bookwork.\" He would write down words he doesn't know the meaning of for vocabulary. For grammar, I have thought I could have him write his books he's already working on, teach him grammar and then have him apply that when he edits (He's been editing on his own the more he learns, so he's naturally inclined to do this already.) But I would want a resource to make sure I don't miss any grammar concepts, and I'm not sure what that resource would be. For spelling, we could pick out words he's spelling incorrectly and have him practice 10 or 15 words a week. His spelling is already naturally improving because he writes for 30+ minutes a day on a tablet that autocorrects, plus he usually reads 1-3 hours daily on his own. I was considering the creative writing books from TGATB as well, as a more interesting way to improve writing, but I'm worried about getting to the technical stuff too late. Can that be covered sufficiently in high school?\n\n\nHe's doing a lot voluntarily, and I've been wondering if I can use that as a strength and maybe move along faster and more happily for him. I'm just afraid of letting go of the formal curriculum as he's supposed to be going into middle school and missing stuff or not doing enough before high school.\u00a0\n\n\nAt this point, he's very interested in entrepreneurship, building and anything outdoors and active. I've definitely leaned into those interests with him and I don't want to hold him back by not doing enough of the right things, but I also don't want to hold him back by doing all these things that a typical education would have and not having enough time for this other stuff.\n\n\nAnyway, thank you for your help!\u00a0",
      "created_utc": 1749699470.0,
      "score": 1,
      "permalink": "/r/homeschool/comments/1l8i74w/advise_for_12yearold_about_to_be_in_7th_on_4th/mxblqrz/",
      "is_submitter": true,
      "edited": false,
      "stickied": false
    },
    {
      "id": "mxa6rax",
      "author": "kittywyeth",
      "body": "she\u2019s struggling and doing very badly and that is the purpose of this post. it is dishonest and unproductive to say otherwise.",
      "created_utc": 1749681232.0,
      "score": 2,
      "permalink": "/r/homeschool/comments/1l8i74w/advise_for_12yearold_about_to_be_in_7th_on_4th/mxa6rax/",
      "is_submitter": false,
      "edited": false,
      "stickied": false
    },
    {
      "id": "mxc4v9l",
      "author": "AnonTrueSeeker",
      "body": "Essentials in Writing would cover grammar and writing for you. They have a free assessment to see what level he should start at. Math with Confidence is awesome. Look up reviews on YouTube. If you want a level-appropriate novel that would hit elements of fantasy he likes while having good literature elements for a deep dive I cannot recommend Tuck Everlasting enough. It was one of my favourite books we read in school (grade 6) and it\u2019s still a favourite. The Blue Sword by Robin McKinley as well is right there in the fantasy books he seems to enjoy. The Hobbit could be done in a couple of years and honestly if you go on teachers pay teachers there are high school level unit plans on all three books of The Lord of the Rings. I dunno what your thoughts are on Harry Potter but that is also age-appropriate and for a kid not enjoying school yeah it\u2019s a lifesaver. It got me into a love of reading back when it was released. I grew up with them lol. There is an amazing unit study done for the first three books on Etsy I found on a YouTube review. It covers different areas too.",
      "created_utc": 1749708703.0,
      "score": 1,
      "permalink": "/r/homeschool/comments/1l8i74w/advise_for_12yearold_about_to_be_in_7th_on_4th/mxc4v9l/",
      "is_submitter": false,
      "edited": 1749708887.0,
      "stickied": false
    },
    {
      "id": "mxazxv6",
      "author": "EducatorMoti",
      "body": "You have your view, and I have mine. We all have the right to speak honestly, and there\u2019s nothing dishonest or unproductive about what I said.\n\nThe OP is working hard, she's trying, and she's adjusting. That deserves support, not criticism. If you feel she's not adjusting fast enough, that's your opinion, but I see real progress. \n\nI don\u2019t believe there's any urgent need to chase some grade level. He\u2019s learning, improving, and that\u2019s what matters. \n\nGrade levels are just arbitrary labels. Real growth looks different for every child.",
      "created_utc": 1749691413.0,
      "score": -1,
      "permalink": "/r/homeschool/comments/1l8i74w/advise_for_12yearold_about_to_be_in_7th_on_4th/mxazxv6/",
      "is_submitter": false,
      "edited": false,
      "stickied": false
    },
    {
      "id": "mxco2kb",
      "author": "JustCurious7589",
      "body": "Awesome, I will definitely check out these two resources. They were both mentioned by several people, so I look forward to it. We love Harry Potter and The Hobbit/Lord of the Rings. I'll look into the unit studies you mentioned. :)",
      "created_utc": 1749720141.0,
      "score": 1,
      "permalink": "/r/homeschool/comments/1l8i74w/advise_for_12yearold_about_to_be_in_7th_on_4th/mxco2kb/",
      "is_submitter": true,
      "edited": false,
      "stickied": false
    }
  ],
  "relevance": {
    "score": 10,
    "user_type": "parent",
    "pain_points": [
      "if he\u2019s struggling with concepts, you can slow down",
      "feel free to contact me if you need help making a literature study that would be suitable for him",
      "hello, \n\ni'm looking for some advice, curriculum, ideas or a plan, or a resource for my 12-year-old son going into 7th grade",
      "he has many challenges, but improvement and mastery are what is key to me",
      "in order to figure out a plan for teaching him, i think you need to know what is it that you \"hate\" about teaching your child? do you dislike teaching in general? are you frustrated by his progress? are there behavioral issues that make teaching him especially difficult?  what would make you enjoy teaching him? what are your options for hiring a tutor or enrolling him in a class for some subjects?  \n  \nif you really dislike teaching him and can't commit to teaching him consistently and/or outsourcing some teaching, i think you will need to ask yourself (and discuss with his other parent, if he has one) whether homeschooling is still the right decision for this child",
      "i'm just frustrated with what we're doing",
      "consider exploring other options, such as a different curriculum, outside classes, or even a tutor, if you're feeling overwhelmed"
    ],
    "keywords_found": [
      "autism",
      "special needs",
      "screen time",
      "transition",
      "learning differences",
      "homeschool",
      "neurodivergent"
    ],
    "sentiment_score": 1.0,
    "age_relevance": false,
    "urgency_level": "high",
    "competitive_mentions": [],
    "timestamp": "2025-06-12T15:02:18.875061"
  }
}