{
  "subreddit": "preschool",
  "post": {
    "id": "1kp927s",
    "title": "Summer homeschool?",
    "author": "AfternoonLower3298",
    "created_utc": 1747533433.0,
    "score": 1,
    "num_comments": 7,
    "url": "https://www.reddit.com/r/preschool/comments/1kp927s/summer_homeschool/",
    "selftext": "Hey there! I am wondering if anyone has any ideas for a summer pre-pre k curriculum? I am a high school teacher and my son will start pre k in the fall. I would like to do something with him this summer to prep him for the transition into a classroom and I'm kind of at a loss on where to look or what to do. What skills should I focus on? Any ideas? I did look at TPT for activities but I'm open to any and all advice"
  },
  "comments": [
    {
      "id": "mszx7sg",
      "author": "kmarce1986",
      "body": "Best thing you can do is read with him,  set a schedule for snacks (so he's not blind sided by a 1 morning snack rule) work with him on opening his lunch containers and managing his meal times.  \n\nProvide opportunities for him to practice sharing high demand materials (favorite toys,  etc). \n\nIf you wanted to go the academic route as well,  helping him learn to recognize his name is a good start!",
      "created_utc": 1747594244.0,
      "score": 2,
      "permalink": "/r/preschool/comments/1kp927s/summer_homeschool/mszx7sg/",
      "is_submitter": false,
      "edited": false,
      "stickied": false
    },
    {
      "id": "msyh0hy",
      "author": "Sugar_Cube1216",
      "body": "Places -\n\u2022 Millie Moose\n\u2022 Crayola Experience \n\u2022 Orlando Science Center\n\u2022 Plays (theater)\n\nFocus -\n\u2022 see how he interacts with others\n\u2022 how his manners are\n\u2022 social \n\nHope that helps \ud83d\ude42",
      "created_utc": 1747577688.0,
      "score": 1,
      "permalink": "/r/preschool/comments/1kp927s/summer_homeschool/msyh0hy/",
      "is_submitter": false,
      "edited": false,
      "stickied": false
    },
    {
      "id": "mtrhsmk",
      "author": "Hey2all84",
      "body": "I teach kindergarten and I suggest having him attend a summer reading program at the library so that he can get motivated to want to look at books more. He can keep a drawing Journal, where every day he just draws a picture of his day or something from his day and you can help him label it. Starfall.com is really good. Khan Academy is also free and good. Lots of reading, some writing, lots of counting by ones and that will prepare him immensely.",
      "created_utc": 1747965239.0,
      "score": 1,
      "permalink": "/r/preschool/comments/1kp927s/summer_homeschool/mtrhsmk/",
      "is_submitter": false,
      "edited": false,
      "stickied": false
    },
    {
      "id": "mtyqwll",
      "author": "Uncharted_Apple",
      "body": "Busy Toddler has a fun curriculum called Playing Preschool. I didn\u2019t follow it exactly but gave great structured activities, book suggestions that helped guide the weeks! \n\nhttps://shop.busytoddler.com/product/playing-preschool-complete-program/",
      "created_utc": 1748065267.0,
      "score": 1,
      "permalink": "/r/preschool/comments/1kp927s/summer_homeschool/mtyqwll/",
      "is_submitter": false,
      "edited": false,
      "stickied": false
    },
    {
      "id": "mu1nnqx",
      "author": "maestra612",
      "body": "A playgroup is a great idea to get him used to taking turns and navigating social situations. Self help skills are huge! Practice unpacking a backpack, taking off and putting on shoes and coat, buttoning and zipping jackets and sweaters. Work on recognizing his name and if he's interested you can teach him to write the first letter. If he doesn't already, start making sure he's cleaning up his things. Teach him to open containers and packs of things like cookies and apple slices. I wouldn't do worksheets or anything like that, but fine motor skills work like peeling off and sticking stickers, playing with Play-Doh and cutting skills are great for stretching fine motor skills. \nI assume if you're a teacher you're already reading to him often. You might want to try reading to him face to face ( like a teacher reading to a group in a classroom) instead of shoulder to shoulder to get him used to looking at books and focusing on that direction.",
      "created_utc": 1748110088.0,
      "score": 1,
      "permalink": "/r/preschool/comments/1kp927s/summer_homeschool/mu1nnqx/",
      "is_submitter": false,
      "edited": false,
      "stickied": false
    },
    {
      "id": "mtuor3r",
      "author": "cupcakes_and_crayons",
      "body": "This! There\u2019s honestly no need for structured academic work, though letter and number recognition and counting are a big plus. \n\nIn addition to the things mentioned, start teaching how to correctly grip a crayon and give opportunities to practice how to pack and unpack his backpack. And make sure he\u2019s comfortable dressing himself.\n\nYou can do backpack practice almost any time you have to leave the house\u2014have him pick something to bring with you, open the bag, put it in, close the bag. You\u2019d be surprised at how kids who can do zippers in other things struggle with backpack zippers! \n\nIf he\u2019s struggling with pincer grip, you can break a crayon so it\u2019s only about an inch long\u2014this means the *must* pinch it in order to hold it. \n\nPlaydoh is a great hand strength building activity, which is also super important going into pre-k because they will likely be doing way more fine motor activities than normal.",
      "created_utc": 1748014608.0,
      "score": 3,
      "permalink": "/r/preschool/comments/1kp927s/summer_homeschool/mtuor3r/",
      "is_submitter": false,
      "edited": 1748014907.0,
      "stickied": false
    }
  ],
  "relevance": {
    "score": 9.680000000000001,
    "user_type": "teacher",
    "pain_points": [
      "you\u2019d be surprised at how kids who can do zippers in other things struggle with backpack zippers! \n\nif he\u2019s struggling with pincer grip, you can break a crayon so it\u2019s only about an inch long\u2014this means the *must* pinch it in order to hold it"
    ],
    "keywords_found": [
      "transition",
      "preschool",
      "kindergarten",
      "toddler"
    ],
    "sentiment_score": 0.9993,
    "age_relevance": true,
    "urgency_level": "medium",
    "competitive_mentions": [],
    "timestamp": "2025-06-12T15:04:26.334081"
  }
}