{
  "subreddit": "Parenting",
  "post": {
    "id": "1l9d94a",
    "title": "She\u2019s 3 in 3 weeks and not potty trained.",
    "author": "Imustknowy",
    "created_utc": 1749701811.0,
    "score": 0,
    "num_comments": 59,
    "url": "https://www.reddit.com/r/Parenting/comments/1l9d94a/shes_3_in_3_weeks_and_not_potty_trained/",
    "selftext": "To preface first time mom with a very strong willed toddler. Back at 2 years 3 months we tried, my MIL had an awful technique forcing her to sit on the potty against my wishes when she babysat once. Since that we have had a few positive bouts where she has peed a few times or 2 poops here and there but it always is so much effort and crying for a small result. Now we are just approaching three, she will hid when she poops, then say mommy I pooped. \u201cChange my dirty diaper it\u2019s stinky. \u201cObviously she\u2019s more than ready to be trained. But everytime we bring up the potty now to her it\u2019s a cry and full on tantrum. I work 9-5 and my husbands hours are even worse so it\u2019s all on me. When we get home from daycare she\u2019s so hungry and moody needs a bit to have a snack play with toys and watch tv while I prepare dinner. After dinner she does bath and it\u2019s time for bed. We try on the weekends but then our weekend was shot. No park. No playing. What am I missing? Do I have to take a week off from work for this? Why is it so hard for us? "
  },
  "comments": [
    {
      "id": "mxbr579",
      "author": "AutoModerator",
      "body": "Welcome to r/Parenting!\n\nThis is a reminder to please be civil and behave respectfully to one another. We are a diverse community gathered to discuss parenting, and it's important to remember that differences in opinion are common in this regard.\n\nPlease review our rules before participating: [r/Parenting Subreddit Rules](https://www.reddit.com/r/Parenting/wiki/parenting_subreddit_rules/)\n\nThank you for being a part of our community!\n\n\n*I am a bot, and this action was performed automatically. Please [contact the moderators of this subreddit](/message/compose/?to=/r/Parenting) if you have any questions or concerns.*",
      "created_utc": 1749701811.0,
      "score": 1,
      "permalink": "/r/Parenting/comments/1l9d94a/shes_3_in_3_weeks_and_not_potty_trained/mxbr579/",
      "is_submitter": false,
      "edited": false,
      "stickied": true
    },
    {
      "id": "mxbs2c2",
      "author": "MrYamaTani",
      "body": "Mine was tough and even at 5 he still has some accidents. We found that taking a 4 day weekend and then getting his daycare on board was the best strategy. \n\nWe started with just doing a potty break every 45 minutes and using simple positive reinforcement choices and every 3 successful breaks we added 5 minutes. Soon we were up to 90 minutes between. \n\nThere have been the occasional accident, normally when having too much fun, but we have only a handful a week now.",
      "created_utc": 1749702238.0,
      "score": 11,
      "permalink": "/r/Parenting/comments/1l9d94a/shes_3_in_3_weeks_and_not_potty_trained/mxbs2c2/",
      "is_submitter": false,
      "edited": false,
      "stickied": false
    },
    {
      "id": "mxbs3h7",
      "author": "Nearby_Willow_1699",
      "body": "Take away the diapers completely. Pack extra clothes for daycare let them know she is training. Pee pads in the carseat and on the bed. Peeing and pooing yourself is not fun. Have her be involved in the clean ups, stripping sheets and loading the washer etc taking the soaked pads to the garbage. Also do all of this very calmly and try not to show frustration.. oops accidents happen let's clean up and remember to listen to our bodies.. she will get it I promise. Take her pee every time you do as well",
      "created_utc": 1749702253.0,
      "score": 16,
      "permalink": "/r/Parenting/comments/1l9d94a/shes_3_in_3_weeks_and_not_potty_trained/mxbs3h7/",
      "is_submitter": false,
      "edited": false,
      "stickied": false
    },
    {
      "id": "mxbsjt6",
      "author": "weirdismatic",
      "body": "I have a 3 year old daughter and she is ALMOST potty trained. It\u2019s just hard. My pediatrician said it\u2019s like inception \u2014 you have to make it their idea. My pediatrician also said most kids will \u201cjust get it\u201d by 3 years and 4 months. So I\u2019m doing my best to encourage and not push.\n\nIn our experience, though I\u2019m clearly no expert, we\u2019ve put her in panties over the weekends and just have to constantly check-in with her. She\u2019s getting the hang of it, but it takes a lot of consistency on our part along with partnering with daycare. Daycare is encouraging us to send her in panties next week so I\u2019m crossing my fingers that it\u2019ll stick this time.",
      "created_utc": 1749702466.0,
      "score": 4,
      "permalink": "/r/Parenting/comments/1l9d94a/shes_3_in_3_weeks_and_not_potty_trained/mxbsjt6/",
      "is_submitter": false,
      "edited": false,
      "stickied": false
    },
    {
      "id": "mxbrroc",
      "author": "LA2208",
      "body": "Mine is 3 1/2 and I am having a heck of a hard time:(",
      "created_utc": 1749702102.0,
      "score": 10,
      "permalink": "/r/Parenting/comments/1l9d94a/shes_3_in_3_weeks_and_not_potty_trained/mxbrroc/",
      "is_submitter": false,
      "edited": false,
      "stickied": false
    },
    {
      "id": "mxbrvpy",
      "author": "lil_puddles",
      "body": "This is the best toilet training advice I read. We cannot control their toileting. We just can't. Punishments are useless, bribes are ridiculous. They'll do it when they're ready. Stress less.\n\nhttps://share.google/aBp1LMhtthnHZNziT",
      "created_utc": 1749702154.0,
      "score": 14,
      "permalink": "/r/Parenting/comments/1l9d94a/shes_3_in_3_weeks_and_not_potty_trained/mxbrvpy/",
      "is_submitter": false,
      "edited": false,
      "stickied": false
    },
    {
      "id": "mxbvbxc",
      "author": "omegaxx19",
      "body": "What do the daycare teachers say? Can they help?\n\nOur son is in daycare and we leaned on his teachers. They were fantastic, taking him to the potty every 1.5-2 hours, encouraging him, praising him, and changing him with accidents. When they saw that he was close they asked us to go diaper-less at home as well. We had a lot of accidents initially (especially with poop) but just stayed patient and continued to encourage him and give him positive reinforcement. We still left the house on weekends (we just put him back in a diaper). Eventually it clicked. The whole process took 4 months or so but was fairly painless other than the laundry.",
      "created_utc": 1749703781.0,
      "score": 2,
      "permalink": "/r/Parenting/comments/1l9d94a/shes_3_in_3_weeks_and_not_potty_trained/mxbvbxc/",
      "is_submitter": false,
      "edited": false,
      "stickied": false
    },
    {
      "id": "mxc3hxb",
      "author": "Grouchywhennhungry",
      "body": "Skip the potty.\nYou can get an adapted seat for the toilet- there's a huge variety out there.\u00a0\nShe's a big girl not a baby so she can use the toilet like mummy and daddy and not a potty like a baby.\n\n\nGet a stack of fun books like wheres wally and have them in the loo.\u00a0 Go regularly,sit on the loo read.\u00a0 Reward. It doesn't matter if she doesn't do anything on the loo - just reward her sitting there.\u00a0\u00a0\nOnce she happy on the loo I suspect everything will come together quickly.\n\n\nDo not allow mil to babysit ever again. She will not respect your boundaries.",
      "created_utc": 1749707953.0,
      "score": 2,
      "permalink": "/r/Parenting/comments/1l9d94a/shes_3_in_3_weeks_and_not_potty_trained/mxc3hxb/",
      "is_submitter": false,
      "edited": false,
      "stickied": false
    },
    {
      "id": "mxc6hdr",
      "author": "ay2deet",
      "body": "If MIL has created negative associations with a potty, can you skip straight to the toilet with an insert and footstool to help them climb up.",
      "created_utc": 1749709598.0,
      "score": 2,
      "permalink": "/r/Parenting/comments/1l9d94a/shes_3_in_3_weeks_and_not_potty_trained/mxc6hdr/",
      "is_submitter": false,
      "edited": false,
      "stickied": false
    },
    {
      "id": "mxch52t",
      "author": "WestSilver5554",
      "body": "Have you tried getting rid of the potty? Let her sit in the toilet like you! Tell her she can be like mommy and daddy. They sell toilet seats with a magnetic small seat attached. At 2 my daughter started the whole change me thing and I knew she was ready at that point.  Also books about using the toilet helped she can look at when she sits and even water wow coloring books while she sits.",
      "created_utc": 1749715886.0,
      "score": 2,
      "permalink": "/r/Parenting/comments/1l9d94a/shes_3_in_3_weeks_and_not_potty_trained/mxch52t/",
      "is_submitter": false,
      "edited": false,
      "stickied": false
    },
    {
      "id": "mxcowxr",
      "author": "Frequent-Bug5658",
      "body": "We tried and tried and tried with our daughter but didn\u2019t have any kind of success until 3.5 years old when she told us one day \u201cI\u2019m going to a do a wee on the toilet\u201d\u2026. Zero nappies there after.\nClearly just needed to decide on her own",
      "created_utc": 1749720653.0,
      "score": 2,
      "permalink": "/r/Parenting/comments/1l9d94a/shes_3_in_3_weeks_and_not_potty_trained/mxcowxr/",
      "is_submitter": false,
      "edited": false,
      "stickied": false
    },
    {
      "id": "mxctvwt",
      "author": "ellahare",
      "body": "Girl, relax. I used to say mine hardest hurdle to jump was potty train, and it was borderline traumatic for my kid. Even though my 3 year old was clearly able to go to the toilet, she didn't want to go and part with the diapers. We took a step back. A literal step back. We stop even talking about it. The toilet was prepared. The potty was there. The undies were there. By the time she turned 4, naturally and traumatic free, she was diaper free, accident free, both for day and night. Is nobody business.",
      "created_utc": 1749723429.0,
      "score": 2,
      "permalink": "/r/Parenting/comments/1l9d94a/shes_3_in_3_weeks_and_not_potty_trained/mxctvwt/",
      "is_submitter": false,
      "edited": false,
      "stickied": false
    },
    {
      "id": "mxbswo8",
      "author": "SailorGone",
      "body": "This is normal",
      "created_utc": 1749702634.0,
      "score": 2,
      "permalink": "/r/Parenting/comments/1l9d94a/shes_3_in_3_weeks_and_not_potty_trained/mxbswo8/",
      "is_submitter": false,
      "edited": false,
      "stickied": false
    },
    {
      "id": "mxbt7hs",
      "author": "SituationMindless561",
      "body": "My kid is 3,5 and not potty trained. I will never stress him to potty train. He will do it on his own time",
      "created_utc": 1749702773.0,
      "score": 1,
      "permalink": "/r/Parenting/comments/1l9d94a/shes_3_in_3_weeks_and_not_potty_trained/mxbt7hs/",
      "is_submitter": false,
      "edited": false,
      "stickied": false
    },
    {
      "id": "mxbt26i",
      "author": "Starrynight118",
      "body": "I had similar vibes with my oldest when she was the a few months away from 3 and I pretty quickly realized she wasn\u2019t ready and put it on hold. I tried again when she was 3years and 3 months old and it went super easy. I ended up waiting until the exact same age for my second (they are spring babies so we waited until after summer cabin time, but before preschool. \n\nI would recommend taking a few days off if you can. Taking that diaper off is super helpful to make it consistent",
      "created_utc": 1749702704.0,
      "score": 1,
      "permalink": "/r/Parenting/comments/1l9d94a/shes_3_in_3_weeks_and_not_potty_trained/mxbt26i/",
      "is_submitter": false,
      "edited": false,
      "stickied": false
    },
    {
      "id": "mxbu9fx",
      "author": "MajorMajor101516",
      "body": "My youngest daughter is just over 3 1/2 and just recently potty trained in the last 2 months or so. I was getting really upset...her sister was fully trained at 2. I kept trying with the potty and panties or no panties and this little redheaded stubborn child just did not care. She did not care one bit to get pee on her, had zero warning before peeing, just overall not getting it. I tried pretty much every other month after she turned 2 to get her in underwear and it was so so so frustrating. \n\nWhen she turned 3 1/2 officially in April, I decided to try the underwear again after failing again post holidays. She just totally got it this time and was potty trained from that day on. I really think she was physically/mentally not ready to connect the feeling of a full bladder to the pee coming out before this time.\n\nI did elimination communication heavily with my 1st. With my 2nd I didn't really take the time to do that. And that's the only thing I did differently. I taught my oldest from a tiny baby to pat her diaper when she had to go. So she associated the pee feeling with the act of being put on the potty and peeing OR the sensation of a wet diaper. And she preferred to not be wet. My 2nd didn't have that training to make that connection and also didn't care if she was wet. So maybe part personality and part different parenting.\n\nYour baby will get it. Dont force it, if it's getting frustrating for you or the toddler, just take a break. It was more important to me to not make the experience negative in any way than it was important for her to be trained ASAP. And once she was ready, it was done. No accidents. You're doing fine and it's going to be OK \ud83d\ude42",
      "created_utc": 1749703270.0,
      "score": 1,
      "permalink": "/r/Parenting/comments/1l9d94a/shes_3_in_3_weeks_and_not_potty_trained/mxbu9fx/",
      "is_submitter": false,
      "edited": false,
      "stickied": false
    },
    {
      "id": "mxbud1v",
      "author": "Medium-Anxiety-2003",
      "body": "It\u2019s all about consistency. Take a way the diaper. Do bottom less completely for a few days. (We did it over a long weekend) set a timer for every 30 min and have her go. Create a sticker chart system, where she gets a prize after so many times being successful. Find a system that will work for her. Try them all if you need to. Be consistent. My son wasn\u2019t on board at the beginning, but was fully trained by 2.5. If you remove the diaper or pull up, she will eventually get tired of being wet from peeing her pants. She is old enough to figure it out at this point, if she is telling you to change her dirty diaper, she is ready.",
      "created_utc": 1749703317.0,
      "score": 1,
      "permalink": "/r/Parenting/comments/1l9d94a/shes_3_in_3_weeks_and_not_potty_trained/mxbud1v/",
      "is_submitter": false,
      "edited": false,
      "stickied": false
    },
    {
      "id": "mxbv8qw",
      "author": "Current-Strategy-826",
      "body": "Mine is 3 and almost fully potty trained. He only wears pull ups during the day and a nighttime diaper at night. He just learned how to pull them down by himself so it makes him more eager to use the potty. Keep practicing with your little one. Leave the potty near by when you\u2019re home so she can get use to seeing it and being comfortable to try it on her own.",
      "created_utc": 1749703738.0,
      "score": 1,
      "permalink": "/r/Parenting/comments/1l9d94a/shes_3_in_3_weeks_and_not_potty_trained/mxbv8qw/",
      "is_submitter": false,
      "edited": false,
      "stickied": false
    },
    {
      "id": "mxbwvo8",
      "author": "BreadPuddding",
      "body": "How many of the kids at daycare are potty trained? My older child took a while to really buy in, but at 3 he started going to preschool 3 days a week instead of one, and within a week was telling his teacher he wanted to wear underwear. So we put him in underwear and that was pretty much that. Had to bribe him with Spider-Man underwear to get him to poop in the potty and to get up and pee in the potty in the morning instead of in the diaper (we didn\u2019t have to night train, he\u2019d been dry at night for ages), but mostly it was that all his peers were wearing underpants.",
      "created_utc": 1749704538.0,
      "score": 1,
      "permalink": "/r/Parenting/comments/1l9d94a/shes_3_in_3_weeks_and_not_potty_trained/mxbwvo8/",
      "is_submitter": false,
      "edited": false,
      "stickied": false
    },
    {
      "id": "mxbxsmk",
      "author": "Conscious_Apricot123",
      "body": "Some great ideas. We just finished potty training our 2 year old (still in progress). Have you tried even starting with just having her \u201cparticipate\u201d in changing her own diaper? I sometimes have my girl fetch me her own diaper and would have her pull down her diaper and then throw it away. Poop of course is messy but even tried occasionally to have her wipe her own bum \ud83d\ude05 \n\nI imagine your girl may have a negative association with potty training now but maybe empowering her in small ways can get her excited again!\n\nPS: we followed the \u201cOh Crap!\u201d method of no diapers for three straight days and it\u2019s working well for us!",
      "created_utc": 1749704996.0,
      "score": 1,
      "permalink": "/r/Parenting/comments/1l9d94a/shes_3_in_3_weeks_and_not_potty_trained/mxbxsmk/",
      "is_submitter": false,
      "edited": false,
      "stickied": false
    },
    {
      "id": "mxc1bns",
      "author": "South-Nectarine3050",
      "body": "I have had several friends take annual leave for 1-2 weeks to potty train their child and then go the no-nappy route. So, it is definitely a thing that people do.",
      "created_utc": 1749706819.0,
      "score": 1,
      "permalink": "/r/Parenting/comments/1l9d94a/shes_3_in_3_weeks_and_not_potty_trained/mxc1bns/",
      "is_submitter": false,
      "edited": false,
      "stickied": false
    },
    {
      "id": "mxc4vtq",
      "author": "Moo_cow_1993",
      "body": "Mine is 3 1/2 and only goes toilet at childcare haha. Refuses to try at home",
      "created_utc": 1749708712.0,
      "score": 1,
      "permalink": "/r/Parenting/comments/1l9d94a/shes_3_in_3_weeks_and_not_potty_trained/mxc4vtq/",
      "is_submitter": false,
      "edited": false,
      "stickied": false
    },
    {
      "id": "mxchn4q",
      "author": "LegitimateSparrow744",
      "body": "My older child learned when he was 2.5 years. My younger one is 3 years and 1 month and has just recently \u201cgotten it\u201d after about 6 months of frequent accidents. My advice based on what worked for my younger:\n\n1. Find something she LOVES. Is it the chance to watch a Bluey episode? Is it a chocolate cookie? Choose one incentive and make a big deal about how she will have that when she poops on the potty. When she goes in her diaper, remind her that it\u2019s ok because she\u2019s still learning, but you hope next time she will go in the potty so she can have [reward]. Daycare needs to know this too so they can encourage her at school. If she poops in the potty at school, she gets the reward at home, and a big celebration at both places!\n\n2. After she\u2019s reliably pooping in the potty, which in my experience happened pretty quickly after we figured out the correct incentive, stop the incentive for pooping in the potty and move to peeing in the potty. What worked for our daughter is having her sit on the toilet every ~30 minutes (or whatever frequency feels right to you). If she kept her undies dry all day (nap excluded - she wears a pull up for nap), she gets a big treat at the end of the day. She often didn\u2019t get this, and we would be encouraging but firm - she has to keep her undies dry to get the treat. Our kids rarely have sugar and so offering a cookie as a reward was very motivating. \n\nShe now never has poo accidents and has a pee accident maybe 3 times a week. It\u2019s massively better than it was and she\u2019s going at her own pace. \n\nIn sum: encourage, don\u2019t shame, offer incentives. I disagree with those who call them bribes.",
      "created_utc": 1749716193.0,
      "score": 1,
      "permalink": "/r/Parenting/comments/1l9d94a/shes_3_in_3_weeks_and_not_potty_trained/mxchn4q/",
      "is_submitter": false,
      "edited": false,
      "stickied": false
    },
    {
      "id": "mxcmv8h",
      "author": "TreeProfessional9019",
      "body": "Why are you rushing it? Mine both quit the diaper at 3,5 years old and it was super easy because they were beyond ready. You say obviously she is ready but it looks like she needs more time. Just give it to her (and to you!). Really when they are really ready is not a struggle like what you are describing",
      "created_utc": 1749719414.0,
      "score": 1,
      "permalink": "/r/Parenting/comments/1l9d94a/shes_3_in_3_weeks_and_not_potty_trained/mxcmv8h/",
      "is_submitter": false,
      "edited": false,
      "stickied": false
    },
    {
      "id": "mxcoycu",
      "author": "Devil_Mon",
      "body": "My stepson was still in diapers at five. When he moved in with us when we got full custody, he was potty trained in under two months and rarely had accidents after that, and accidents seemed to coincide with not having an accessible bathroom and him not alerting us (he also has a severe speech delay). He would pee standing up at the toilet pretty regularly, but had never once pooped in a potty.\n\nHe also tantrumed about the potty. Badly. Even getting him to go into a public restroom was awful, he would scream like we were murdering him, cling to doorframes, throw himself on the ground. The only thing that worked for him was forcing him to sit and physically describing to him what he needed to do. Also making him look at the wipes, he would shut his eyes SO hard and refuse to look, it was obvious his birth mother gave him a lot of shame about these things. But we just stayed calm and collected and made him do it, no matter how much he protested. We told him he was brave, strong, that we knew it was scary but we also knew he could do hard things. A lot of validating his emotions while staying steadfast that he *had* to do it and there was no other option. And then one day he got it and he was great about it. Six months later during the holidays my mother even commented on how clean and dutiful he was when she babysat for the first time (we live cross-country from her).\n\nYour daughter might be a little young yet for such a heavy-handed approach, but it\u2019s something to keep in mind if she is particularly willful. My stepson is described by his teachers as the sweetest yet most willful child they have ever met, and these are women who have been teachers for decades. When he sets his mind to something, he\u2019s going to do it, and in my experience with him, you cannot give him an inch or an inch or an \u201cout\u201d because he will take it every single time. Trying to trick him with rewards won\u2019t work, he\u2019ll just say he doesn\u2019t want it, etc. He had a huge need to control everything when we got full custody (likely a trauma-based thing) and he became so much happier and less anxious when we stopped letting him run the show. The tantrums stopped too, and he used to scream for hours if he didn\u2019t get his way. Now he cries a bit (he knows crying is ok!) and composes himself and accepts it. This huge change all in a matter of months. \n\nSorry this was a lot - but I hope it gives you some hope that things WILL and can get better. My kiddo had such bad luck the first few years of his life and he has bounced back. Your child already has a great mom looking for answers - she has what she needs to succeed, she just needs some more time and consistency.",
      "created_utc": 1749720677.0,
      "score": 1,
      "permalink": "/r/Parenting/comments/1l9d94a/shes_3_in_3_weeks_and_not_potty_trained/mxcoycu/",
      "is_submitter": false,
      "edited": false,
      "stickied": false
    },
    {
      "id": "mxcss5n",
      "author": "Alternative_Post1809",
      "body": "Just to start off and say this is totally normal and you are not alone I know heaps of kids that are still not potty trained at this age, don't be hard on yourself.\nI started potty training my son just before he turned 3, that was about 6 months ago now and we are just about there, not for sleeps yet, he still wears a nappy to bed or if he takes a nap...and he often wakes up with a poo still \ud83e\udee0 it's a marathon not a sprint!!!!\nI let him pick out a potty, he chose a cool dinosaur potty which he was thrilled about. \nI also used a magnetic reward jar, once it's filled with stars he gets to pick a small toy (a matchbox car)\nI just took away the nappies all together, we started over a long weekend to give him a few days of transition then sent him to daycare without nappies (3 days a week) \nDaycare was on board and I teamed up with a couple other mum's, so we did potty training all together. Daycare reminded him and I bought him a dinosaur 'potty watch' that reminds you to go to the toilet, we set it for every half an hour to start with then slowly built up the time. He now doesn't need this at all. Send lots of spare clothes because there were a lot of accidents the first couple months...we had good weeks and bad weeks.\n\n\nHe still has the occasional accident but is getting very good at taking himself off to the potty now, just hang in there and don't stress too much, all kids are different and there's no wrong or right way \ud83d\ude0a\nGood luck!",
      "created_utc": 1749722833.0,
      "score": 1,
      "permalink": "/r/Parenting/comments/1l9d94a/shes_3_in_3_weeks_and_not_potty_trained/mxcss5n/",
      "is_submitter": false,
      "edited": false,
      "stickied": false
    },
    {
      "id": "mxcyldb",
      "author": "Content-Pace9821",
      "body": "We did potty training pretty slow and at her pace with 0 pressure. We had a little potty in all the bathrooms for when she wanted to sit on it. Eventually it just clicked for her at around 3, and she never has accidents- no pull ups at night, went her whole year at preschool at age 3 with 0 accidents. I think we can put way too much pressure on getting it done in a weekend etc and it can be stressful for kids. I\u2019d check out @nurturedfirst potty training plan on instagram if you want something concrete - she\u2019s a child psychologist and approaches things very developmentally appropriately, rather than the rewards/bribes/pressure route.",
      "created_utc": 1749725800.0,
      "score": 1,
      "permalink": "/r/Parenting/comments/1l9d94a/shes_3_in_3_weeks_and_not_potty_trained/mxcyldb/",
      "is_submitter": false,
      "edited": false,
      "stickied": false
    },
    {
      "id": "mxd5w1o",
      "author": "ActualPersonExisting",
      "body": "Lol it\u2019s obvious when people come straight to reddit without having done even a basic google search on the problem. \u201cWeve tried nothing and we\u2019re all out of ideas man!\u201d\n\nCheck put Little Big Feelings potty training course. It will solve your problem. 3 days, you can do it over a holiday weekend (juky 4th coming up if you\u2019re in the US). It worked great with both my kids and they are not laidback. It\u2019s not literally perfect but will get you over the hump.",
      "created_utc": 1749729037.0,
      "score": 1,
      "permalink": "/r/Parenting/comments/1l9d94a/shes_3_in_3_weeks_and_not_potty_trained/mxd5w1o/",
      "is_submitter": false,
      "edited": false,
      "stickied": false
    },
    {
      "id": "mxd9h9a",
      "author": "Beginning-Mark67",
      "body": "Mine is just over 3 and just potty trained. We had daycare just sit her on the potty when they changed diapers. I know she wasn't going to pee but it was about getting her comfortable with the toilet. She just decided one day to tell us she needed to potty and we went from there. Forcing doesn't work, you need to just foster the curiosity of going on the potty. There is also no \"right\" age for being potty trained. Every kid is different.",
      "created_utc": 1749730470.0,
      "score": 1,
      "permalink": "/r/Parenting/comments/1l9d94a/shes_3_in_3_weeks_and_not_potty_trained/mxd9h9a/",
      "is_submitter": false,
      "edited": false,
      "stickied": false
    },
    {
      "id": "mxbrul7",
      "author": "Important-Poem-9747",
      "body": "My kids weren\u2019t potty trained until 4. The daycare helped us a ton with my son. Have you talked to them?",
      "created_utc": 1749702140.0,
      "score": 1,
      "permalink": "/r/Parenting/comments/1l9d94a/shes_3_in_3_weeks_and_not_potty_trained/mxbrul7/",
      "is_submitter": false,
      "edited": false,
      "stickied": false
    },
    {
      "id": "mxc2wu9",
      "author": "imthrownaway93",
      "body": "Both of my sons weren\u2019t fully potty trained until almost 4 years old. So many people told me this was abnormal. Some even mocked my CHILDREN. Meanwhile, their kids were peeing and pooping themselves in kindergarten. IMHO forcing a kid to potty trained before they\u2019re ready is pointless and can even be damaging to them. i.e. anxiety and stress, creating control issues.",
      "created_utc": 1749707647.0,
      "score": 1,
      "permalink": "/r/Parenting/comments/1l9d94a/shes_3_in_3_weeks_and_not_potty_trained/mxc2wu9/",
      "is_submitter": false,
      "edited": false,
      "stickied": false
    },
    {
      "id": "mxbszjc",
      "author": "Wise_Yoghurt_2212",
      "body": "If she is in daycare, they usually have a program they can begin potty training her with positive behavior reinforcement. Your mother in law was not completely wrong- one of the best ways to train young children is to do so in increments. An example would be taking the child to the bathroom every 25 minutes with a 2 minute block of positive reinforcement for sitting on the toilet. Even just sitting on the potty is a good thing and should be praised. \n\nThen if they use the potty, they can get a greater reward. This is just an example. The idea is to have the child understand what the potty is for and the proper language utilized when using the bathroom. When they go to the bathroom during one of these breaks then you give them a little reward. Most children are trained around 3-4 years old. I believe if they train to young it can be more difficult since they are not ready.",
      "created_utc": 1749702671.0,
      "score": 1,
      "permalink": "/r/Parenting/comments/1l9d94a/shes_3_in_3_weeks_and_not_potty_trained/mxbszjc/",
      "is_submitter": false,
      "edited": false,
      "stickied": false
    },
    {
      "id": "mxbsshf",
      "author": "Mmswhook",
      "body": "My youngest wouldn\u2019t potty train until he was like 4.5 it\u2019s gonna be okay. And don\u2019t worry about when she does or doesn\u2019t. Some kids need more time, some kids don\u2019t. Some kids also need that\u2026 social aspect of it. Like some kids pick up better when they see more kids do it. Daycare should help, especially if other kids are currently potty training. And as more and more kids do it, I promise you she will want to as well.",
      "created_utc": 1749702579.0,
      "score": 0,
      "permalink": "/r/Parenting/comments/1l9d94a/shes_3_in_3_weeks_and_not_potty_trained/mxbsshf/",
      "is_submitter": false,
      "edited": false,
      "stickied": false
    },
    {
      "id": "mxbw2qn",
      "author": "Hommelbytjie",
      "body": "I read the book \"Potty Training in 3 Days\" by Brandi Brucks to prepare to pottytrain our daughter, who had just turned 2.\n\nI dedicated a week to it over the Christmas holidays, but she was trained by the end of day 2. I had bought her a selection of underwear and showed them to her in the days leading up to the week I had set aside, and told her that big girls wear panties, and that we don't pee or poo in our panties, but in the toilet. I also had a jar of sweets in the bathroom for positive reinforcement.\n\nThat first day I had her in underwear, offered her a lot of fluids, and took her to the toilet every 15 min. It was very frustrating because she kept on having accidents, so much so that I let her run around without underwear or pants. By the end of the day she would cry when we got to the bathroom, but I asked her if she wanted to pee in the bath instead of the toilet. She did, and I praised her for it, and that's when it finally clicked for her. I put her in a diaper when she went to bed, and the next day I was fully prepared to have to remind her every 15min again, but she ran to the bathroom herself.\n\nWe used possitive reinforcement to get her to poo on the potty as well. This time she got a star every time she went. We also had a little blue potty in the living room for a month or so.\n\nYou are going to have to find a method that works for you, and you are definitely going to have to take a few days off",
      "created_utc": 1749704142.0,
      "score": 0,
      "permalink": "/r/Parenting/comments/1l9d94a/shes_3_in_3_weeks_and_not_potty_trained/mxbw2qn/",
      "is_submitter": false,
      "edited": false,
      "stickied": false
    },
    {
      "id": "mxcj83f",
      "author": "Grim_Reaper_199",
      "body": "Next month I'm going to get a potty training toilet when my daughter is 7 months and let her sit on it little by little without a nappy as to introduce her to the feeling. As she gets gets older the time she is on there I'll increase. That way hopefully there will be no fuss. I'll also say to her oh mummy needs the toilet and have her sit in front of me because babies learn by seeing.\n\nYou can try positive reinforcements with and reward her when she uses the toilet. Maybe do something that will hype her to get to use the toilet.",
      "created_utc": 1749717174.0,
      "score": 0,
      "permalink": "/r/Parenting/comments/1l9d94a/shes_3_in_3_weeks_and_not_potty_trained/mxcj83f/",
      "is_submitter": false,
      "edited": false,
      "stickied": false
    },
    {
      "id": "mxbst8t",
      "author": "Prestigious-Horse397",
      "body": "Mine was 11. She has severe anxiety and so her therapist said this was a pretty normal thing for them to have control over something. And eventually the social pressure made her just stop one day on her own. My other daughter was about 3 and same thing, just decided one day to start using the potty. Don\u2019t stress too much about it they will do it. They also make bed wetting alarms you can buy for night time.",
      "created_utc": 1749702589.0,
      "score": -7,
      "permalink": "/r/Parenting/comments/1l9d94a/shes_3_in_3_weeks_and_not_potty_trained/mxbst8t/",
      "is_submitter": false,
      "edited": false,
      "stickied": false
    },
    {
      "id": "mxbtegt",
      "author": "Future_Ad7623",
      "body": "I agree completely!  I also found that having a double mattress protector helps.  It\u2019s soft and doesn\u2019t have the plastic feel.  When my kid peed in the night, I stripped the bed and mattress protector.  Took off the wet clothes.  The bed had an extra mattress protector pad underneath that I left in place and I would grab a fresh blanket.  It makes a quick cleanup during the night.  Sometimes I would start the wash and sometimes I would leave it for the morning.",
      "created_utc": 1749702864.0,
      "score": 4,
      "permalink": "/r/Parenting/comments/1l9d94a/shes_3_in_3_weeks_and_not_potty_trained/mxbtegt/",
      "is_submitter": false,
      "edited": false,
      "stickied": false
    },
    {
      "id": "mxbuqab",
      "author": "BruceBannerer",
      "body": "Really like this advice \ud83d\udc4f",
      "created_utc": 1749703490.0,
      "score": 1,
      "permalink": "/r/Parenting/comments/1l9d94a/shes_3_in_3_weeks_and_not_potty_trained/mxbuqab/",
      "is_submitter": false,
      "edited": false,
      "stickied": false
    },
    {
      "id": "mxbsq8t",
      "author": "dasgame420",
      "body": "You know most daycares won't accept the child if they're not potty trained",
      "created_utc": 1749702550.0,
      "score": -5,
      "permalink": "/r/Parenting/comments/1l9d94a/shes_3_in_3_weeks_and_not_potty_trained/mxbsq8t/",
      "is_submitter": false,
      "edited": false,
      "stickied": false
    },
    {
      "id": "mxbtk32",
      "author": "Mid_Em1924",
      "body": "Same!",
      "created_utc": 1749702937.0,
      "score": 2,
      "permalink": "/r/Parenting/comments/1l9d94a/shes_3_in_3_weeks_and_not_potty_trained/mxbtk32/",
      "is_submitter": false,
      "edited": false,
      "stickied": false
    },
    {
      "id": "mxc17e9",
      "author": "FishGoBlubb",
      "body": "Meh. The people who easily potty train their kids at two are the same as the people whose kids started sleeping through the night at one month. They\u2019re not parenting savants, they just got lucky.\u00a0\n\nMany many kids are not potty trained at 3 or 4 and many more are not night trained well beyond those ages. Yeah, you can influence the process but ultimately it\u2019s dependent on your kid\u2019s readiness, not yours.\u00a0",
      "created_utc": 1749706757.0,
      "score": 1,
      "permalink": "/r/Parenting/comments/1l9d94a/shes_3_in_3_weeks_and_not_potty_trained/mxc17e9/",
      "is_submitter": false,
      "edited": false,
      "stickied": false
    },
    {
      "id": "mxbsomv",
      "author": "Imustknowy",
      "body": "Reading that was so relatable. Thank you for that. \ud83d\udc97",
      "created_utc": 1749702529.0,
      "score": 2,
      "permalink": "/r/Parenting/comments/1l9d94a/shes_3_in_3_weeks_and_not_potty_trained/mxbsomv/",
      "is_submitter": true,
      "edited": false,
      "stickied": false
    },
    {
      "id": "mxbwlv5",
      "author": "twinkkyy",
      "body": "This is what we did. Basically all we did was to go on the toilet with doors open usually and when our kids were 2,5yo they showed interest and wanted to do it just like mom/dad. Both took a week going from diapers to being completely diaperfree and doing the deed on the toilet.\n\nI\u2019ve read so much about potty training and it seems like it\u2019s quite common in America from at least this subreddit, but where I am from potty training in the sense where you basically force liters of water and put your kids on to the toilet on a schedule is not a thing and it\u2019s rarely I meet families who has a kid still with diapers at ~4yo and it\u2019s 9/10 times just coming naturally.",
      "created_utc": 1749704405.0,
      "score": 1,
      "permalink": "/r/Parenting/comments/1l9d94a/shes_3_in_3_weeks_and_not_potty_trained/mxbwlv5/",
      "is_submitter": false,
      "edited": false,
      "stickied": false
    },
    {
      "id": "mxbsmby",
      "author": "Imustknowy",
      "body": "They said they got so frustrated I came to pick her up she was wearing a diaper with undies over it.",
      "created_utc": 1749702498.0,
      "score": 2,
      "permalink": "/r/Parenting/comments/1l9d94a/shes_3_in_3_weeks_and_not_potty_trained/mxbsmby/",
      "is_submitter": true,
      "edited": false,
      "stickied": false
    },
    {
      "id": "mxcmxtp",
      "author": "TreeProfessional9019",
      "body": "Really? What is wrong with people :(",
      "created_utc": 1749719458.0,
      "score": 1,
      "permalink": "/r/Parenting/comments/1l9d94a/shes_3_in_3_weeks_and_not_potty_trained/mxcmxtp/",
      "is_submitter": false,
      "edited": false,
      "stickied": false
    },
    {
      "id": "mxcpd0p",
      "author": "Dad_jokester",
      "body": "No not being potty trained till your 11 is not a pretty normal thing. How did she even go to school",
      "created_utc": 1749720921.0,
      "score": 1,
      "permalink": "/r/Parenting/comments/1l9d94a/shes_3_in_3_weeks_and_not_potty_trained/mxcpd0p/",
      "is_submitter": false,
      "edited": false,
      "stickied": false
    },
    {
      "id": "mxbvl06",
      "author": "DuePomegranate",
      "body": "Then that's preschool, not daycare. How else would there be daycares that accept babies and 1 yos?",
      "created_utc": 1749703902.0,
      "score": 6,
      "permalink": "/r/Parenting/comments/1l9d94a/shes_3_in_3_weeks_and_not_potty_trained/mxbvl06/",
      "is_submitter": false,
      "edited": false,
      "stickied": false
    },
    {
      "id": "mxbt32b",
      "author": "Imustknowy",
      "body": "My daycare doesn\u2019t have that rule",
      "created_utc": 1749702715.0,
      "score": 5,
      "permalink": "/r/Parenting/comments/1l9d94a/shes_3_in_3_weeks_and_not_potty_trained/mxbt32b/",
      "is_submitter": true,
      "edited": false,
      "stickied": false
    },
    {
      "id": "mxc30ze",
      "author": "Wyrmicorn",
      "body": "How does that work? Kids can start daycare at like 6 weeks old.",
      "created_utc": 1749707707.0,
      "score": 4,
      "permalink": "/r/Parenting/comments/1l9d94a/shes_3_in_3_weeks_and_not_potty_trained/mxc30ze/",
      "is_submitter": false,
      "edited": false,
      "stickied": false
    },
    {
      "id": "mxcoyun",
      "author": "Dad_jokester",
      "body": "Well that\u2019s simply not true",
      "created_utc": 1749720685.0,
      "score": 1,
      "permalink": "/r/Parenting/comments/1l9d94a/shes_3_in_3_weeks_and_not_potty_trained/mxcoyun/",
      "is_submitter": false,
      "edited": false,
      "stickied": false
    },
    {
      "id": "mxbv68a",
      "author": "daydreamingofsleep",
      "body": "Same here. They have to be trained before they can go to daycare/preschool without a pull up.\n\nEdit: Nowhere will accept a 3 year old that isn\u2019t potty trained. It\u2019s a firm deadline.",
      "created_utc": 1749703704.0,
      "score": 1,
      "permalink": "/r/Parenting/comments/1l9d94a/shes_3_in_3_weeks_and_not_potty_trained/mxbv68a/",
      "is_submitter": false,
      "edited": 1749740276.0,
      "stickied": false
    },
    {
      "id": "mxbwtgd",
      "author": "seabrooksr",
      "body": "To be honest, I could have written your post just five months ago. I tried everything and nothing was working and she was turning three! We had such limited time to work on it as a household with two working parents. She mostly liked to sneak away and pee on the hardwood so she could splash in it. Two weeks ago, she decided she wanted to use the potty for treats and that was it.",
      "created_utc": 1749704507.0,
      "score": 1,
      "permalink": "/r/Parenting/comments/1l9d94a/shes_3_in_3_weeks_and_not_potty_trained/mxbwtgd/",
      "is_submitter": false,
      "edited": false,
      "stickied": false
    },
    {
      "id": "mxbssu4",
      "author": "lil_puddles",
      "body": "Very welcome :) we've never had a regression and i can count the number of accidents our eldest had on 1 hand. Worked for us \ud83e\udd37\u200d\u2640\ufe0f completely stress free.",
      "created_utc": 1749702584.0,
      "score": 0,
      "permalink": "/r/Parenting/comments/1l9d94a/shes_3_in_3_weeks_and_not_potty_trained/mxbssu4/",
      "is_submitter": false,
      "edited": false,
      "stickied": false
    },
    {
      "id": "mxcp8uv",
      "author": "Dad_jokester",
      "body": "I\u2019m going to second the suggestion of \u201coh crap\u201d potty training book. It\u2019s the method we used and it worked well.  Just turned 3 and still in pull-ups over night but daytime is good.",
      "created_utc": 1749720853.0,
      "score": 2,
      "permalink": "/r/Parenting/comments/1l9d94a/shes_3_in_3_weeks_and_not_potty_trained/mxcp8uv/",
      "is_submitter": false,
      "edited": false,
      "stickied": false
    },
    {
      "id": "mxbx811",
      "author": "DuePomegranate",
      "body": "Sorry, you seem to have a kid who was/is physically ready (e.g. is aware of going in her diaper), but is now psychologically resistant and not ready. \n\nThe Oh Crap authors says that the golden window for potty training is 20-30 months, and after that, the kid becomes used to using the diaper and is psychologically resistant.\n\nI do think it's kind of true. Parents face different problems when they train early vs late. For early, the kid pees without noticing, that's why you keep them bottomless and you point out to them that they are peeing. You're catching them as they become aware of the feeling of needing to go and of actively \"releasing\". \n\nBut if you train late, you get kids who will hold their pee and poo and refuse to go until they are given a diaper. They want to do it their way. \n\nThe way it usually goes is that you just have to be patient with the psychologically resistant kid. When most other kids their age are trained, or maybe they are the last one left in diapers, then they decide they want to be the same. The good news is, once they decide, it might be almost no work. Like an overnight change with barely any accidents. Whereas early potty training tends to drag on for weeks and months of accidents. The bad news is, it could be age 4 when they stop being resistant. \n\nI don't know what happened when potty training was started earlier, maybe your MIL made it unpleasant, or it's just your kid's personality. But realistically you could be in a no man's land between the early and late potty trainers, and you'll be frustrated if you keep pushing.",
      "created_utc": 1749704708.0,
      "score": 1,
      "permalink": "/r/Parenting/comments/1l9d94a/shes_3_in_3_weeks_and_not_potty_trained/mxbx811/",
      "is_submitter": false,
      "edited": false,
      "stickied": false
    },
    {
      "id": "mxbt5x4",
      "author": "dasgame420",
      "body": "Awesome!",
      "created_utc": 1749702752.0,
      "score": 1,
      "permalink": "/r/Parenting/comments/1l9d94a/shes_3_in_3_weeks_and_not_potty_trained/mxbt5x4/",
      "is_submitter": false,
      "edited": false,
      "stickied": false
    },
    {
      "id": "mxcp0ov",
      "author": "Dad_jokester",
      "body": "That\u2019s preschool not daycare",
      "created_utc": 1749720716.0,
      "score": 2,
      "permalink": "/r/Parenting/comments/1l9d94a/shes_3_in_3_weeks_and_not_potty_trained/mxcp0ov/",
      "is_submitter": false,
      "edited": false,
      "stickied": false
    },
    {
      "id": "mxe3k4l",
      "author": "daydreamingofsleep",
      "body": "Nowhere here will accept a 3 year old that isn\u2019t potty trained. It\u2019s a firm deadline.",
      "created_utc": 1749740255.0,
      "score": 1,
      "permalink": "/r/Parenting/comments/1l9d94a/shes_3_in_3_weeks_and_not_potty_trained/mxe3k4l/",
      "is_submitter": false,
      "edited": false,
      "stickied": false
    }
  ],
  "relevance": {
    "score": 10,
    "user_type": "parent",
    "pain_points": [
      "your child already has a great mom looking for answers - she has what she needs to succeed, she just needs some more time and consistency",
      "they said they got so frustrated i came to pick her up she was wearing a diaper with undies over it",
      "but realistically you could be in a no man's land between the early and late potty trainers, and you'll be frustrated if you keep pushing"
    ],
    "keywords_found": [
      "transition",
      "preschool",
      "kindergarten",
      "toddler"
    ],
    "sentiment_score": 0.9999,
    "age_relevance": true,
    "urgency_level": "high",
    "competitive_mentions": [],
    "timestamp": "2025-06-12T15:03:22.268711"
  }
}