{
  "subreddit": "Parenting",
  "post": {
    "id": "1l9fujt",
    "title": "AuDHD and vocal stimming advice",
    "author": "pillizzle",
    "created_utc": 1749711372.0,
    "score": 1,
    "num_comments": 1,
    "url": "https://www.reddit.com/r/Parenting/comments/1l9fujt/audhd_and_vocal_stimming_advice/",
    "selftext": "I\u2019m looking for some advice on how to help my 7yo son who has autism and ADHD with his vocal stimming. When he started medication (stimulants) the pediatrician did warn us that his vocal noises and other tics might get worse with the medication. We actually found that it toned down his tics and noises a lot. We thought that at 6-7pm, the medication was wearing off because his noises (he makes ooo and oh sounds in a sing song pitch) would get worse. He couldn\u2019t eat dinner without the noises, and he has difficulty following simple tasks at this time. However, something I noticed two nights ago, is that he was still doing fine by dinner time. The difference was that my husband (his dad) was staying late at work and wasn\u2019t home. When dad got home today, sure enough, the noises started and dinner was difficult to get through. I think he is becoming so excited that daddy is home, that he makes the noises to release the excitement he feels? I told my husband my theory so he went into the bedroom and sure enough, our son calmed down and stopped the noises. How can we help him with these feelings of excitement and to still be in control of his body (physically and vocally)?"
  },
  "comments": [
    {
      "id": "mxc9mv4",
      "author": "AutoModerator",
      "body": "Welcome to r/Parenting!\n\nThis is a reminder to please be civil and behave respectfully to one another. We are a diverse community gathered to discuss parenting, and it's important to remember that differences in opinion are common in this regard.\n\nPlease review our rules before participating: [r/Parenting Subreddit Rules](https://www.reddit.com/r/Parenting/wiki/parenting_subreddit_rules/)\n\nThank you for being a part of our community!\n\n\n*I am a bot, and this action was performed automatically. Please [contact the moderators of this subreddit](/message/compose/?to=/r/Parenting) if you have any questions or concerns.*",
      "created_utc": 1749711373.0,
      "score": 1,
      "permalink": "/r/Parenting/comments/1l9fujt/audhd_and_vocal_stimming_advice/mxc9mv4/",
      "is_submitter": false,
      "edited": false,
      "stickied": true
    }
  ],
  "relevance": {
    "score": 8,
    "user_type": "parent",
    "pain_points": [
      "i\u2019m looking for some advice on how to help my 7yo son who has autism and adhd with his vocal stimming",
      "he couldn\u2019t eat dinner without the noises, and he has difficulty following simple tasks at this time"
    ],
    "keywords_found": [
      "autism"
    ],
    "sentiment_score": 0.9765,
    "age_relevance": false,
    "urgency_level": "low",
    "competitive_mentions": [],
    "timestamp": "2025-06-12T15:03:20.611281"
  }
}