{
  "subreddit": "autism",
  "post": {
    "id": "1l9k6bk",
    "title": "How to clean my room",
    "author": "Glass_Sheepherder544",
    "created_utc": 1749728102.0,
    "score": 1,
    "num_comments": 3,
    "url": "https://www.reddit.com/r/autism/comments/1l9k6bk/how_to_clean_my_room/",
    "selftext": "Hey! I was wondering if anyone has any tips on how to clean a very messy room. When I look at it I get so overwhelmed and I lose all motivation to clean. I\u2019ve decided today is the day I\u2019m gonna clean but I need help doing a step by step plan.\n\nIt would be amazing if I can get some help! "
  },
  "comments": [
    {
      "id": "mxd3o19",
      "author": "AutoModerator",
      "body": "Hey /u/Glass_Sheepherder544, thank you for your post at /r/autism. Our rules can be found **[here](https://www.reddit.com/r/autism/wiki/index/rules-and-guidelines)**. All approved posts get this message. \n\n\nThanks!        \n\n\n*I am a bot, and this action was performed automatically. Please [contact the moderators of this subreddit](/message/compose/?to=/r/autism) if you have any questions or concerns.*",
      "created_utc": 1749728103.0,
      "score": 1,
      "permalink": "/r/autism/comments/1l9k6bk/how_to_clean_my_room/mxd3o19/",
      "is_submitter": false,
      "edited": false,
      "stickied": true
    },
    {
      "id": "mxd53ft",
      "author": "xeripen",
      "body": "Sort things in piles. Then sort those piles in smaller piles and trash bags then sort things in boxes. Do laundry in between and trow things away in trash bags. After you sort you wipe and or sanitize surfaces and objects. The next step would be to vaccum and then to wet wipe the floor if it's not carpet. There are carpet cleaner and devices to clean mattresses and sofas if needed. And do laundry a lot over the days and keep vaccuming every other day. If you struggle with cleaning something, ask chatgpt",
      "created_utc": 1749728708.0,
      "score": 1,
      "permalink": "/r/autism/comments/1l9k6bk/how_to_clean_my_room/mxd53ft/",
      "is_submitter": false,
      "edited": false,
      "stickied": false
    },
    {
      "id": "mxduhmx",
      "author": "Jaffico",
      "body": "https://goblin.tools/\n\nThis website allows you to pop in the name of a task and then select how well you'd like the steps to complete it broken down (It's the button with the hot peppers next to the text input).",
      "created_utc": 1749737606.0,
      "score": 1,
      "permalink": "/r/autism/comments/1l9k6bk/how_to_clean_my_room/mxduhmx/",
      "is_submitter": false,
      "edited": false,
      "stickied": false
    }
  ],
  "relevance": {
    "score": 8,
    "user_type": "other",
    "pain_points": [
      "i\u2019ve decided today is the day i\u2019m gonna clean but i need help doing a step by step plan",
      "when i look at it i get so overwhelmed and i lose all motivation to clean"
    ],
    "keywords_found": [
      "autism"
    ],
    "sentiment_score": 0.9872,
    "age_relevance": false,
    "urgency_level": "low",
    "competitive_mentions": [],
    "timestamp": "2025-06-12T14:59:15.797554"
  }
}