{
  "subreddit": "occupationaltherapy",
  "post": {
    "id": "1l89azy",
    "title": "Can\u2019t find Full-Time",
    "author": "blue_french_horn__",
    "created_utc": 1749586964.0,
    "score": 5,
    "num_comments": 22,
    "url": "https://www.reddit.com/r/OccupationalTherapy/comments/1l89azy/cant_find_fulltime/",
    "selftext": "I am a new grad looking for full time positions in the Chicagoland area. I got licensed a couple months ago and I have a couple PRN jobs (SNF, Independent Living). However, I am not able to find many full time OT jobs outside of Peds and Home Health. I\u2019ve been looking for months and it\u2019s the same trend. Is this typical? I expected to have more options upon graduation between Acute/Inpatient/SNF, as adults/older adults are my preferred population. I don\u2019t feel comfortable working in home health as a new grad. \n\nMy loan payments are hefty and soon I won\u2019t be able to afford them if I don\u2019t find full time employment. Has anyone else had this experience with lack of full time opportunities?? Is it the times we are living in right now?? \n\n"
  },
  "comments": [
    {
      "id": "mx31hit",
      "author": "lulubrum",
      "body": "Unfortunately that\u2019s a major downside of OT- it can be very hard to find full time employment with benefits. I know schools in Chicago are always hiring, but if that\u2019s not your thing, I would try acute or inpatient hospital settings.",
      "created_utc": 1749588262.0,
      "score": 6,
      "permalink": "/r/OccupationalTherapy/comments/1l89azy/cant_find_fulltime/mx31hit/",
      "is_submitter": false,
      "edited": false,
      "stickied": false
    },
    {
      "id": "mx9t9yx",
      "author": "Crushjunky",
      "body": "I live in semi rural Florida and we have a hard time finding full-time people. There\u2019s not a lot of talent out here in the country. Your job will come don\u2019t give up.",
      "created_utc": 1749676954.0,
      "score": 2,
      "permalink": "/r/OccupationalTherapy/comments/1l89azy/cant_find_fulltime/mx9t9yx/",
      "is_submitter": false,
      "edited": false,
      "stickied": false
    },
    {
      "id": "mx2wueu",
      "author": "AutoModerator",
      "body": "Welcome to r/OccupationalTherapy! This is an automatic comment on every post. \n\nIf this is your first time posting, please read the sub rules. If you are asking a question, don't forget to check the sub [FAQs](https://www.reddit.com/r/OccupationalTherapy/wiki/index/faqs), or do a search of the sub to see if your question has been answered already. **Please note that we are not able to give specific treatment advice or exercises to do at home.**\n\nFailure to follow rules may result in your post being removed, or a ban. Thank you! \n\n*I am a bot, and this action was performed automatically. Please [contact the moderators of this subreddit](/message/compose/?to=/r/OccupationalTherapy) if you have any questions or concerns.*",
      "created_utc": 1749586964.0,
      "score": 1,
      "permalink": "/r/OccupationalTherapy/comments/1l89azy/cant_find_fulltime/mx2wueu/",
      "is_submitter": false,
      "edited": false,
      "stickied": false
    },
    {
      "id": "mx731v0",
      "author": "Agitated_Tough7852",
      "body": "Same in los Angeles. I think its because companies know they have to give full time employees benefits. Trying to change things with this groupchat:\n\n\nhttps://chat.whatsapp.com/FhMFts9TaNe29B9bKExdPV",
      "created_utc": 1749648418.0,
      "score": 1,
      "permalink": "/r/OccupationalTherapy/comments/1l89azy/cant_find_fulltime/mx731v0/",
      "is_submitter": false,
      "edited": 1749649837.0,
      "stickied": false
    },
    {
      "id": "mx81aa8",
      "author": "VortexFalls-",
      "body": "Can u do travel ?",
      "created_utc": 1749658600.0,
      "score": 1,
      "permalink": "/r/OccupationalTherapy/comments/1l89azy/cant_find_fulltime/mx81aa8/",
      "is_submitter": false,
      "edited": false,
      "stickied": false
    },
    {
      "id": "mx8nqbg",
      "author": "Sea_Campaign102",
      "body": "A lot of hospitals have hiring freezes right now. You can always do a travel contract while you get more experience and continue to apply. Unless you did your level 2 at a hospital people don\u2019t want to hire new grad full time as they want someone with 1-3 years of experience",
      "created_utc": 1749664877.0,
      "score": 1,
      "permalink": "/r/OccupationalTherapy/comments/1l89azy/cant_find_fulltime/mx8nqbg/",
      "is_submitter": false,
      "edited": false,
      "stickied": false
    },
    {
      "id": "mx9ti6d",
      "author": "issinmaine",
      "body": "Have you looked outside of Chicago, surrounding towns?",
      "created_utc": 1749677023.0,
      "score": 1,
      "permalink": "/r/OccupationalTherapy/comments/1l89azy/cant_find_fulltime/mx9ti6d/",
      "is_submitter": false,
      "edited": false,
      "stickied": false
    },
    {
      "id": "mxaq7ux",
      "author": "Ikki_juniper",
      "body": "I\u2019m in Chicagoland and it does seem that OP peds and school based are the main FT positions out there- when I graduated I was interested in Acute care after doing my level 2 in it and there was like nothing (this was 5 years ago)- and I ended up going to peds because it was what I was hearing back from!",
      "created_utc": 1749687895.0,
      "score": 1,
      "permalink": "/r/OccupationalTherapy/comments/1l89azy/cant_find_fulltime/mxaq7ux/",
      "is_submitter": false,
      "edited": false,
      "stickied": false
    },
    {
      "id": "mxatx9g",
      "author": "kaitie_cakes",
      "body": "You may need to start with 2 PRN positions. Then when full time opens at those locations, they give preference to you. It won't have benefits, but the pay is higher. I was able to pay off my loans in under a year by working 2 PRN jobs out of school.",
      "created_utc": 1749689250.0,
      "score": 1,
      "permalink": "/r/OccupationalTherapy/comments/1l89azy/cant_find_fulltime/mxatx9g/",
      "is_submitter": false,
      "edited": false,
      "stickied": false
    },
    {
      "id": "mxb2zpq",
      "author": "KatarawithQuads",
      "body": "It took me 5 years after graduation to find a full time position. I feel you.",
      "created_utc": 1749692526.0,
      "score": 1,
      "permalink": "/r/OccupationalTherapy/comments/1l89azy/cant_find_fulltime/mxb2zpq/",
      "is_submitter": false,
      "edited": false,
      "stickied": false
    },
    {
      "id": "mx40dfk",
      "author": "Philosophicalterms",
      "body": "thats weird, east coast full time is everywhere. what's your mile radius? that might limit alot of good potential paying jobs if you don't want to drive more then 20 minutes, which is understandable, but sometimes you need to drive farther to get what you want and also the pay that you want.",
      "created_utc": 1749599204.0,
      "score": 1,
      "permalink": "/r/OccupationalTherapy/comments/1l89azy/cant_find_fulltime/mx40dfk/",
      "is_submitter": false,
      "edited": false,
      "stickied": false
    },
    {
      "id": "mx3lkjc",
      "author": "blue_french_horn__",
      "body": "I would be happy to get a job in acute or inpatient, I\u2019m just finding very few. I am surprised by this because of my proximity to such a large city. I didn\u2019t think it would be this hard to find a job in a traditional OT setting.",
      "created_utc": 1749594321.0,
      "score": 2,
      "permalink": "/r/OccupationalTherapy/comments/1l89azy/cant_find_fulltime/mx3lkjc/",
      "is_submitter": true,
      "edited": false,
      "stickied": false
    },
    {
      "id": "mx8inuj",
      "author": "blue_french_horn__",
      "body": "I am open to it in the future, but I don\u2019t have the money to get a car (my current one is old and will not tolerate cross country travel) and I know I will need some money to get started. I do like the idea of the pay though",
      "created_utc": 1749663481.0,
      "score": 1,
      "permalink": "/r/OccupationalTherapy/comments/1l89azy/cant_find_fulltime/mx8inuj/",
      "is_submitter": true,
      "edited": false,
      "stickied": false
    },
    {
      "id": "mxavmce",
      "author": "blue_french_horn__",
      "body": "Yes I am in the suburbs and I\u2019ve mostly been looking in surrounding areas recently because I looked in the city for so long with no luck",
      "created_utc": 1749689856.0,
      "score": 1,
      "permalink": "/r/OccupationalTherapy/comments/1l89azy/cant_find_fulltime/mxavmce/",
      "is_submitter": true,
      "edited": false,
      "stickied": false
    },
    {
      "id": "mxaw269",
      "author": "blue_french_horn__",
      "body": "Ugh that\u2019s a little scary that it was like that even 5 years ago. I also did a level 2 in acute care so it wouldn\u2019t be a bad transition into full time but I\u2019m just not finding those jobs",
      "created_utc": 1749690014.0,
      "score": 1,
      "permalink": "/r/OccupationalTherapy/comments/1l89azy/cant_find_fulltime/mxaw269/",
      "is_submitter": true,
      "edited": false,
      "stickied": false
    },
    {
      "id": "mxaxley",
      "author": "blue_french_horn__",
      "body": "Unfortunately I have two PRN jobs but I don\u2019t see either of them becoming full time anytime soon.  I really don\u2019t want to go through the training process for another job that is only prn. I really can\u2019t afford to wait months and months for benefits either, as I just lost my health insurance. I\u2019m honestly just frustrated that it\u2019s this difficult to get a full time job in a profession that boasts how many job opportunities there are.",
      "created_utc": 1749690570.0,
      "score": 1,
      "permalink": "/r/OccupationalTherapy/comments/1l89azy/cant_find_fulltime/mxaxley/",
      "is_submitter": true,
      "edited": false,
      "stickied": false
    },
    {
      "id": "mx4blw0",
      "author": "blue_french_horn__",
      "body": "I have it set to a 25 mile radius, which finds jobs that are up to an hour drive away. Right now I\u2019m driving 40 minutes each way to my part time job and it\u2019s fine but I wouldn\u2019t want to go much farther \ud83d\ude05 I live in a populated area so I wouldn\u2019t expect there to be so few jobs near me",
      "created_utc": 1749603102.0,
      "score": 1,
      "permalink": "/r/OccupationalTherapy/comments/1l89azy/cant_find_fulltime/mx4blw0/",
      "is_submitter": true,
      "edited": false,
      "stickied": false
    },
    {
      "id": "mx3ngfe",
      "author": "lulubrum",
      "body": "Have you looked into contract companies?",
      "created_utc": 1749594943.0,
      "score": 2,
      "permalink": "/r/OccupationalTherapy/comments/1l89azy/cant_find_fulltime/mx3ngfe/",
      "is_submitter": false,
      "edited": false,
      "stickied": false
    },
    {
      "id": "mxb9pux",
      "author": "kaitie_cakes",
      "body": "Oh sorry, I missed that part of your post! \nIt's very interesting to me that in some metro areas, they are scrounging for OT, whereas others it's desolate. \nI saw someone mention contract agencies prior. I'd just caution that these agencies will often send you to the least desirable hospitals that are difficult to staff for various reasons, or to remote locations, and may not be the best experiences. \nIf you can find a recruiter, they are extremely helpful in getting your application past the mess of others and to the top of the pile.\n\nNW Central Dupage is hiring a full time OT and a full time fellowship position, fyi.",
      "created_utc": 1749694921.0,
      "score": 1,
      "permalink": "/r/OccupationalTherapy/comments/1l89azy/cant_find_fulltime/mxb9pux/",
      "is_submitter": false,
      "edited": 1749695181.0,
      "stickied": false
    },
    {
      "id": "mx4f3f1",
      "author": "Philosophicalterms",
      "body": "You could do 50 miles just to see what bites ! Also contacting buisinesses directly can be helpful or going to their instagram/ facebook. Some dont want to pay for job adds!",
      "created_utc": 1749604321.0,
      "score": 1,
      "permalink": "/r/OccupationalTherapy/comments/1l89azy/cant_find_fulltime/mx4f3f1/",
      "is_submitter": false,
      "edited": false,
      "stickied": false
    },
    {
      "id": "mx3ujvk",
      "author": "blue_french_horn__",
      "body": "How would I do that? Are those listed somewhere other than Indeed/LinkedIn and other job sites?",
      "created_utc": 1749597282.0,
      "score": 1,
      "permalink": "/r/OccupationalTherapy/comments/1l89azy/cant_find_fulltime/mx3ujvk/",
      "is_submitter": true,
      "edited": false,
      "stickied": false
    },
    {
      "id": "mx44vnx",
      "author": "lulubrum",
      "body": "There are tons of staffing agencies in Chicago. I\u2019d just do a google search. My friend is an OT in Chicago and she works for AHS Staffing and recommends them. I\u2019ll message you the contact info for her recruiter.",
      "created_utc": 1749600744.0,
      "score": 1,
      "permalink": "/r/OccupationalTherapy/comments/1l89azy/cant_find_fulltime/mx44vnx/",
      "is_submitter": false,
      "edited": false,
      "stickied": false
    }
  ],
  "relevance": {
    "score": 8,
    "user_type": "therapist",
    "pain_points": [
      "i am a new grad looking for full time positions in the chicagoland area",
      "i\u2019ve been looking for months and it\u2019s the same trend",
      "i\u2019m honestly just frustrated that it\u2019s this difficult to get a full time job in a profession that boasts how many job opportunities there are"
    ],
    "keywords_found": [
      "transition"
    ],
    "sentiment_score": 0.9897,
    "age_relevance": false,
    "urgency_level": "low",
    "competitive_mentions": [],
    "timestamp": "2025-06-12T14:47:34.079882"
  }
}