{
  "subreddit": "Montessori",
  "post": {
    "id": "1krxuxj",
    "title": "Public school vs Montesorri for kindergarten",
    "author": "Greedy_Squidge",
    "created_utc": 1747834160.0,
    "score": 2,
    "num_comments": 15,
    "url": "https://www.reddit.com/r/Montessori/comments/1krxuxj/public_school_vs_montesorri_for_kindergarten/",
    "selftext": "Hello! I hope this is the right place to post this - if not, please let me know. I'm also going to post it in the kindergarten sub. \n\nSo my child turned 5 in the spring and will start some kind of kindergarten in the fall. Our options are an English speaking public school, a dual language public school, or a private Montesorri school. \n\nThey've been at a play based preschool for 2 years. 9 hours a week while they were 3/4yo and 12 hours a week at 4/5yo. \n\nThey're a pretty usual kid I think. ASD/ADHD is on our minds a lot due to family history, but they don't show overt signs of either. Separation anxiety is the biggest thing we deal with and that can be non-existent to strong depending on the situation. \n\nSo I think my biggest question is this: will one option or another serve him best if he ends up switching later? i.e. we start at Montesorri and switch to public school later or vice versa. Will he be at a disadvantage if he starts in Montesorri and then moves to public school for 1st or 2nd grade? Is the Montesorri kindergarten going to prepare him for 1st or 2nd grade in public school? \n\nObviously these are highly dependent on the schools and the child, but I just wanted to get some ideas. I was homeschooled so I have a limited understanding of the school system and I have found that my local school officials are quick to reassure without actually seeming to hear and listen to my questions or concerns. Which does the opposite of reassuring me lol! \n\nThank you so much! And if there is anything else I have missed in this decision making, please let me know - it feels like such a big decision. This child is our first to hit kindergarten so it's rough. "
  },
  "comments": [
    {
      "id": "mth6ukz",
      "author": "Appropriate_Ice_2433",
      "body": "If your child is just going to attend the final year of primary, then switch to a public school, I don\u2019t think it is worth it. Have your child attend the school they will go into for 1st.\n\nThese are 3 year programs. The majority of the kids in primary have been there since they were 3, \u201ckindergarten\u201d being their final year of the primary cycle.",
      "created_utc": 1747837018.0,
      "score": 18,
      "permalink": "/r/Montessori/comments/1krxuxj/public_school_vs_montesorri_for_kindergarten/mth6ukz/",
      "is_submitter": false,
      "edited": false,
      "stickied": false
    },
    {
      "id": "mthg9ei",
      "author": "More-Mail-3575",
      "body": "Going to private Montessori 3-6 for only one year is not worth it. It is a very different approach than traditional public schools. And for your five year old to be introduced to \u201cthis is what school is like\u201d, get comfortable and understand the curriculum and rules there and a year later be moved into a very different setting and have to re-learn all the rules and curriculum. It can be jarring and confusing to your child. Just enroll in your local public school and have one transition instead of multiple.",
      "created_utc": 1747839797.0,
      "score": 10,
      "permalink": "/r/Montessori/comments/1krxuxj/public_school_vs_montesorri_for_kindergarten/mthg9ei/",
      "is_submitter": false,
      "edited": false,
      "stickied": false
    },
    {
      "id": "mthjgph",
      "author": "Relevant-Emu5782",
      "body": "Don't enroll in Montessori for K. It's the end of a three-year cycle and your kid will feel very behind and out of place. For this reason, our school actually doesn't accept new students for K. They must start at age 3 or wait until grade 1.\n\nSo if you want Montessori education now, wait and enroll in grade 1. Do public K.",
      "created_utc": 1747840715.0,
      "score": 8,
      "permalink": "/r/Montessori/comments/1krxuxj/public_school_vs_montesorri_for_kindergarten/mthjgph/",
      "is_submitter": false,
      "edited": false,
      "stickied": false
    },
    {
      "id": "mthkkez",
      "author": "mamamietze",
      "body": "I have been staff at a montessori school for about 5 years now, so I've observed many kindergarteners starting the program as a 5 year old or kindergartener (our school goes beyond kindergarten  so that is one factor why a parent might start new in K vs just transferring to a new school from another montessori program, because we always have more than a few kindergarteners.)\n\nWhat is it about montessori pedagogy that you genuinely believe is a good fit for your child vs continuing in the same environment that he is?  Does your child adapt quickly and well to very different environments (the classroom will look different and sound different and there may be more children than he's accustomed to?)  How are his independence skills?  Can he dress himself even after getting wet or having an accident?  Is he completely, truthfully toileting independent (no assistance with wiping, doesn't need reminders, capable of changing his clothes and cleaning himself up after an accident?) Is he demand avoidant (this is one of the most reliable indicators I've observed that especially an older child may struggle with because there are a lot of expectations in a montessori class.  It's one thing to come in as a 3 year old and have 3 years to get used to the routine and expectations so it feels more of a habit and less of a demand imposed).  But he will ve expected (with lessons on how to do this as necessary) to pick up and put away all materials he uses before moving to the next activity and not just tossing them but returning them ready to use by the next student.  He will be expected to wash his table and sweep the floor after lunch and snack.  He will be expected to keep his cubby neat and orderly.  For some children this is more of an ask/demand than others.  Again, lessons and support is provided but you should be realistic in your assessment of how he will cope, especially if he isn't accustomed by now to helping at home (this is an excellent way to prepare him over the summer though!)\n\nA lot of parents see montessori by influence or hearing them or successful people talking about it.  I think most children can benefit from the environment  if in the hands of an experienced and awesome guide (that's what the lead teachers are called).  There's a lot of misconceptions out there too. So I would just examine why you want montessori in particular, take a tour, ask lots of questions about the methodology, meet with the supervisor to ask specifically about how they integrate new kindergarteners.  Most of the time at our school it's a success and the children really enjoy the independence and leadership!  The only times I've seen it not work was when there was undisclosed behavioral issues or severe enough ones that a safe environment could not be maintained, or it was a family mismatch where the environment itself was not something the parents liked.\n\nMontessori is expensive usually, unfortunately (and irritatingly).  I would just take the time to really examine your reasons for wanting to move to this school now, take an honest assessment of whether your child would be happy there (once they get over the annoyance of having to clean up after themselves because let's face it, that is almost never the most fun thing in the world), what it has to offer them as an individual.  If it's just a nebulous thing I personally probably would save the money for the college/postsecondary fund.",
      "created_utc": 1747841030.0,
      "score": 3,
      "permalink": "/r/Montessori/comments/1krxuxj/public_school_vs_montesorri_for_kindergarten/mthkkez/",
      "is_submitter": false,
      "edited": false,
      "stickied": false
    },
    {
      "id": "mti5y9w",
      "author": "EducationalHat5018",
      "body": "Montessori is a three year cycle (I\u2019ve taught montessori for 21 years). It will actually be harder for him to adjust as the materials grow with the children in the class. Unless he will stay in a montessori elementary program, I\u2019d suggest starting in public school.",
      "created_utc": 1747847160.0,
      "score": 3,
      "permalink": "/r/Montessori/comments/1krxuxj/public_school_vs_montesorri_for_kindergarten/mti5y9w/",
      "is_submitter": false,
      "edited": false,
      "stickied": false
    },
    {
      "id": "mthza8d",
      "author": "Direct_Bad459",
      "body": "Public School -- Montessori is better for all three years 3-6. it would be a lot to ask your 5 year old to adjust to montessori and then adjust to public school a year later",
      "created_utc": 1747845270.0,
      "score": 2,
      "permalink": "/r/Montessori/comments/1krxuxj/public_school_vs_montesorri_for_kindergarten/mthza8d/",
      "is_submitter": false,
      "edited": false,
      "stickied": false
    },
    {
      "id": "mwerwr7",
      "author": "playwithcarevy",
      "body": "Choosing between public school and Montessori for kindergarten is such an important decision, and I totally understand the stress you're feeling, especially with this being your first child to hit kindergarten age. It\u2019s a huge milestone!  \n  \nthere are definitely pros and cons to both options, and it really depends on your child\u2019s needs and personality. Montessori is fantastic for kids who benefit from more individualized learning and hands-on, self-directed activities. The Montessori approach helps kids develop independence, creativity, and problem-solving skills, which can be really beneficial, especially if your child has a strong sense of curiosity and enjoys learning at their own pace. It also places a big emphasis on social and emotional development, which can be great for kids with separation anxiety because the environment tends to be nurturing and supportive.  \n  \nThat being said, transitioning from Montessori to a more traditional public school setting could have some challenges. Montessori focuses more on independent learning, and public schools, while they have some play-based learning, tend to be more structured with a set curriculum. Your child might need to adjust to this shift in how the day is organized, especially if they\u2019re used to a more free-flowing schedule. But many kids make the transition just fine\u2014it can depend on how they adjust to change in general.  \n  \nOn the other hand, public schools\u2014whether English-speaking or dual language\u2014can offer a broader social experience with a larger peer group, which might help your child with social skills. If you\u2019re concerned about future transitions, starting with public school might make it easier to stick with that path for the long term, as they will be more used to a traditional school environment.  \n  \nOne thing I\u2019ve seen work well is getting your child involved in any school tours or introductory sessions the schools might offer. That way, they can get a feel for the environment and start to understand what to expect, which can help with any separation anxiety. Also, getting a clear understanding from the school about their approach to supporting kids with potential learning differences or developmental concerns could give you more insight into what might be the best fit.  \n  \nAt the end of the day, there\u2019s no \u201cone size fits all.\u201d Some kids thrive in a Montessori setting and do just as well, if not better, in public school later on, while others might struggle with the adjustment. It\u2019s more about what will help your child feel supported and confident in their learning journey. And it\u2019s totally okay to switch later if one option doesn\u2019t feel like the right fit!",
      "created_utc": 1749255297.0,
      "score": 2,
      "permalink": "/r/Montessori/comments/1krxuxj/public_school_vs_montesorri_for_kindergarten/mwerwr7/",
      "is_submitter": false,
      "edited": false,
      "stickied": false
    },
    {
      "id": "mtkry1h",
      "author": "Sardinesarethebest",
      "body": "Thank you for saying this. We have so many parents who will not accept that is a 3 year cycle program. We've even had people try to lie about what thier plans are school wise for their kids vs talk about options. Only to take a spot, pull their kid out part way.",
      "created_utc": 1747875809.0,
      "score": 3,
      "permalink": "/r/Montessori/comments/1krxuxj/public_school_vs_montesorri_for_kindergarten/mtkry1h/",
      "is_submitter": false,
      "edited": false,
      "stickied": false
    },
    {
      "id": "mtity3r",
      "author": "Greedy_Squidge",
      "body": "Thank you so much! That makes a lot of sense and this discussion is clarifying a lot for me.\u00a0",
      "created_utc": 1747853982.0,
      "score": 3,
      "permalink": "/r/Montessori/comments/1krxuxj/public_school_vs_montesorri_for_kindergarten/mtity3r/",
      "is_submitter": true,
      "edited": false,
      "stickied": false
    },
    {
      "id": "mthcj2g",
      "author": "Usual-Suggestion6975",
      "body": "Can I ask what you did with your kids(s)? Obviously I have some time since my child is only ~2, but we\u2019re trying to figure out when to switch to either a non-Montessori private school or public school.",
      "created_utc": 1747838709.0,
      "score": 2,
      "permalink": "/r/Montessori/comments/1krxuxj/public_school_vs_montesorri_for_kindergarten/mthcj2g/",
      "is_submitter": false,
      "edited": false,
      "stickied": false
    },
    {
      "id": "mtiwiml",
      "author": "Appropriate_Ice_2433",
      "body": "I honestly wish our school didn\u2019t accept kids the final year. It is a bit hard for those kids to come in not knowing the materials. It takes quite some time to bring them up to speed. Every child I\u2019ve seen who enrolled just the final year was behind the others who had spent 2 years prior working with the materials.",
      "created_utc": 1747854737.0,
      "score": 3,
      "permalink": "/r/Montessori/comments/1krxuxj/public_school_vs_montesorri_for_kindergarten/mtiwiml/",
      "is_submitter": false,
      "edited": false,
      "stickied": false
    },
    {
      "id": "mtmqr0v",
      "author": "Pinkmongoose",
      "body": "Would going 2-5 work? Or 3-5? We want to do a language immersion program and that starts in Kindergarten but we\u2019re planning on doing Montessori for pre-school. If we did 2-5 that\u2019s three years but it would be mixing 3 year cycles. Thanks for your thoughts on this!",
      "created_utc": 1747909760.0,
      "score": 1,
      "permalink": "/r/Montessori/comments/1krxuxj/public_school_vs_montesorri_for_kindergarten/mtmqr0v/",
      "is_submitter": false,
      "edited": false,
      "stickied": false
    },
    {
      "id": "mtivwha",
      "author": "Appropriate_Ice_2433",
      "body": "I\u2019ve known a few kids who just went their kindergarten year, they met some great friends and did well, but they were struggling because they were not used to the materials\n\nAll but one of those kids went off to other private schools or public schools after the year.",
      "created_utc": 1747854558.0,
      "score": 2,
      "permalink": "/r/Montessori/comments/1krxuxj/public_school_vs_montesorri_for_kindergarten/mtivwha/",
      "is_submitter": false,
      "edited": false,
      "stickied": false
    },
    {
      "id": "mthl63b",
      "author": "Appropriate_Ice_2433",
      "body": "We did the 3 years of primary, they are in the lower elementary program now. They will stay at their Montessori school until it no longer serves them. I\u2019m thinking through middle school, they might want to switch to a traditional high school. They might not. \n\nIf they went from primary to 1st at a traditional school, they would have been ahead of their peers academic wise.",
      "created_utc": 1747841204.0,
      "score": 3,
      "permalink": "/r/Montessori/comments/1krxuxj/public_school_vs_montesorri_for_kindergarten/mthl63b/",
      "is_submitter": false,
      "edited": false,
      "stickied": false
    },
    {
      "id": "mulmfsc",
      "author": "North-Ad828",
      "body": "Be active! I went to tour a montisorri school during the winter and their 2025-2026 spots were picked last March.",
      "created_utc": 1748385903.0,
      "score": 1,
      "permalink": "/r/Montessori/comments/1krxuxj/public_school_vs_montesorri_for_kindergarten/mulmfsc/",
      "is_submitter": false,
      "edited": false,
      "stickied": false
    }
  ],
  "relevance": {
    "score": 10,
    "user_type": "parent",
    "pain_points": [
      "that being said, transitioning from montessori to a more traditional public school setting could have some challenges"
    ],
    "keywords_found": [
      "transition",
      "routine",
      "preschool",
      "kindergarten",
      "learning differences",
      "homeschool"
    ],
    "sentiment_score": 0.9997,
    "age_relevance": true,
    "urgency_level": "medium",
    "competitive_mentions": [],
    "timestamp": "2025-06-12T15:08:21.645382"
  }
}