{
  "subreddit": "speechtherapy",
  "post": {
    "id": "1h84ypb",
    "title": "Motor speech therapy and language based speech therapy seem to have some conflicting recommendations of things to do/not do.",
    "author": "tebibr",
    "created_utc": 1733501720.0,
    "score": 3,
    "num_comments": 3,
    "url": "https://www.reddit.com/r/SpeechTherapy/comments/1h84ypb/motor_speech_therapy_and_language_based_speech/",
    "selftext": "My 2 year old son recently started motor speech therapy at a pretty highly regarded institute. He was on the waitlist to get in it for a while and was doing standard language based speech therapy before that.\n\nThe first session of the motor speech therapy involved a lot of repetition and prompting him to say words by telling him 'say this', say that', 'tell me what animal this is', etc.\n\nAll the other therapy sessions we've received before that (from several different therapists) have drilled it into us that we should avoid anything that comes across as testing him. So don't say things like 'say this word' or ask a lot of question like 'what animal is that'. Instead, we should model speech by saying the word as we're playing with him and taking pauses to get him to say it too.\n\nMy biggest question/concern is if we go down the motor speech route, is it possible that while my son's pronunciation might improve, it'll come with the side effect of him feeling anxious while speaking because it might feel like he's constantly being tested. And are there actual conflicting recommendations between the two therapies or am I just not understanding what we've been told? He usually loves his therapy sessions because they're all very free form and play based. He enjoyed the motor speech one too, but was getting frustrated at parts because it was a lot more structured, he had to stay seated at the table, and toys were withheld from him until he said the word.\n\nOverall, I think we'll most likely switch over to motor speech therapy, but I just wanted to see what everyone thinks here of the seemingly conflicting things we've been told. Maybe I'm not understanding the context of it properly.\n\nI'll also say that while my son is still pretty young (27 months), several therapists that have seen him have thought he could have some motor speech issues. The one at the motor speech institute said he definitely has several signs of a motor speech disorder and was a great candidate for motor speech therapy since he was so willing to imitate her. He was even able to make some improvements to his pronunciation in that one session alone. And he's made almost zero progress in the standard speech therapy sessions he's been in over the past year."
  },
  "comments": [
    {
      "id": "m0q7tw9",
      "author": "ToddlerSLP",
      "body": "So in general yes motor speech sessions tend to be more structured as we are focused on getting repetitions of motor speech movements- however it is absolutely possible to do more play-based motor speech sessions - you may need to \"shop\" around for a better fit or have an open conversation with his therapist. We absolutely do not want to be pushing a child to frustration- this can lead to them shutting down.  It is important to know that what you are referring to as \"standard language based speech therapy\" will produce very limited results for children who purely have a motor speech disorder. \n\nHere are a few good sites to look at:\n\n[https://www.apraxia-kids.org](https://www.apraxia-kids.org)\n\n[https://www.instagram.com/drmoorespeech/](https://www.instagram.com/drmoorespeech/)",
      "created_utc": 1733502545.0,
      "score": 2,
      "permalink": "/r/SpeechTherapy/comments/1h84ypb/motor_speech_therapy_and_language_based_speech/m0q7tw9/",
      "is_submitter": false,
      "edited": false,
      "stickied": false
    },
    {
      "id": "m0qju3v",
      "author": "tebibr",
      "body": "Thank you for your replying. So similarly to how language based speech therapy produces limited results in those with a motor speech disorder, is the reverse also true? Basically, if it ends up being the case where there isn't a motor speech disorder, will motor speech therapy have limited results or possibly even harmful results?\n\nJust trying to feel a bit more confident in our decision to switch over to motor speech therapy, but I know there's no way to know for sure until he's done it for a while.\n\nIn terms of shopping around for an SLP, I think we'll likely just try to make it work with this one. She's really nice, but just seems to lack a little patience or experience with kids his age perhaps. We've tried to shop around before and even when we found SLPs trained in PROMPT and who have worked with kids with apraxia, none of them did any motor speech therapy with my son. It was all language based and honestly veryyy frustrating because that really doesn't seem to be his issue. This SLP's technique was completely different than anything else we've done. She works at the Speech and Stuttering Institute, which I think is considered a highly regarded institute for motor speech disorders.",
      "created_utc": 1733506284.0,
      "score": 1,
      "permalink": "/r/SpeechTherapy/comments/1h84ypb/motor_speech_therapy_and_language_based_speech/m0qju3v/",
      "is_submitter": true,
      "edited": 1733506573.0,
      "stickied": false
    },
    {
      "id": "m0qstk5",
      "author": "ToddlerSLP",
      "body": "I obviously don't know your son, but at this point it seems as though it has been suggested that his lack of verbal speech is more than just a speech delay (language based)- which then they could be looking at types of speech sound disorder-  articulation delays/disorders or motor speech disorders- the treatment for these also matter- if a motor speech disorder is treated with traditional articulation therapy, limited progress will be made. If an articulation disorder is treated with traditional articulation approach or motor speech approach- progress will be seen. Speech in general is oral motor, which is why you would see progress from both. \n\nUnfortunately, speech therapy is rarely ever \"black & white\". There will be trial and error to see what will work. The main goals is always functional communication- this could also look like incorporating sign language, an AAC device, oral motor therapy, etc. Continue to advocate for your child- you are with him the most and know him the best.",
      "created_utc": 1733509088.0,
      "score": 1,
      "permalink": "/r/SpeechTherapy/comments/1h84ypb/motor_speech_therapy_and_language_based_speech/m0qstk5/",
      "is_submitter": false,
      "edited": false,
      "stickied": false
    }
  ],
  "relevance": {
    "score": 8.8,
    "user_type": "therapist",
    "pain_points": [
      "and are there actual conflicting recommendations between the two therapies or am i just not understanding what we've been told? he usually loves his therapy sessions because they're all very free form and play based",
      "he enjoyed the motor speech one too, but was getting frustrated at parts because it was a lot more structured, he had to stay seated at the table, and toys were withheld from him until he said the word"
    ],
    "keywords_found": [
      "speech therapy"
    ],
    "sentiment_score": 0.8633,
    "age_relevance": true,
    "urgency_level": "low",
    "competitive_mentions": [],
    "timestamp": "2025-06-12T15:00:21.160730"
  }
}