{
  "subreddit": "teachers",
  "post": {
    "id": "1l9abs9",
    "title": "\"It all went to sh*t once we started protecting kid's egos\"",
    "author": "redditorsass9802",
    "created_utc": 1749692651.0,
    "score": 1323,
    "num_comments": 105,
    "url": "https://www.reddit.com/r/Teachers/comments/1l9abs9/it_all_went_to_sht_once_we_started_protecting/",
    "selftext": "\"It all went to sh\\*t once we started protecting kid's egos\" This was said to me by an experienced teacher of 25 years. And I just haven't been able to stop thinking about it. \n\nIn my second year of teaching, I had an incredibly disruptive student who would knock things over, throw things, swear, all that stuff. He'd bounce a volleyball around, then exclaim \"You can't take it, this is my stress toy\" once I took it away. Any every time I called for support, he would get taken out of the class and sit with the social worker. The social worker would get out his behavior plan and ask questions like \"are you feeling happy, sad, or mad today?\" all while he got to color on a paper and skip class for a bit.\n\nI know teachers who don't have any seating plans. Either because the students get too angry about not being able to sit with their friends, or because the teacher wants to give the kids the freedom to do so. And the class will end up in chaos because of the lack of seating plan. (To be fair, I used to be guilty of this but have since began implementing seating plans)\n\nThere are of course countless other examples of teachers/admin/parents prioritizing a student's ego over their learning. I'm not saying that it's unimportant to value a student's feelings & emotions. But it feels like it gets taken overboard too often. \n\nWhat's your take on this?"
  },
  "comments": [
    {
      "id": "mxb5mg3",
      "author": "ebeth_the_mighty",
      "body": "Protecting kids feelings is fine\u2014to an extent. \n\nKids who are genuinely anxious or terrified NEED protection. I am willing to do a LOT to keep my classroom a safe learning space. \n\nHowever, protecting them from any feeling of discomfort is preventing students from learning how to manage their feelings. Everyone feels uncomfortable sometimes, or dreads giving a presentation, or doesn\u2019t want to stop playing and start working\u2014but we have to learn how to get past those feelings. When we started _pandering to kids\u2019 every minor discomfort instead of teaching them how to cope_, it all went to shit. \n\nAnd that doesn\u2019t start or end at school. It starts at home with parents who let toddlers run all over restaurants, who give in to every little demand, who never tell their children \u201cnot yet; you need to wait\u201d for whatever gratification they are insisting on in the moment.\n\nI have seating plans. They change every two weeks and are (mostly) random. I shut down kids who mock others attempts to answer questions. I send kids who bring phones and AirPods to class down to the office to drop them off with admin. I deliver uniform violation forms to kids. I require them to follow the rules I\u2019m told to enforce. And you know what? They do a lot less of that crap in my classes than in others\u2019.",
      "created_utc": 1749693451.0,
      "score": 752,
      "permalink": "/r/Teachers/comments/1l9abs9/it_all_went_to_sht_once_we_started_protecting/mxb5mg3/",
      "is_submitter": false,
      "edited": 1749693754.0,
      "stickied": false
    },
    {
      "id": "mxbm0dc",
      "author": "bminutes",
      "body": "It all went to shit when we pretended \"anxiety\" is an acceptable excuse to not do literally anything.",
      "created_utc": 1749699582.0,
      "score": 240,
      "permalink": "/r/Teachers/comments/1l9abs9/it_all_went_to_sht_once_we_started_protecting/mxbm0dc/",
      "is_submitter": false,
      "edited": false,
      "stickied": false
    },
    {
      "id": "mxbrvtg",
      "author": "JustGreenGuy7",
      "body": "Failure is one of the best teachers, and we took away their certification.",
      "created_utc": 1749702155.0,
      "score": 36,
      "permalink": "/r/Teachers/comments/1l9abs9/it_all_went_to_sht_once_we_started_protecting/mxbrvtg/",
      "is_submitter": false,
      "edited": false,
      "stickied": false
    },
    {
      "id": "mxc4z48",
      "author": "Exact-Truck-5248",
      "body": "My parents were ashamed when I got into trouble at school. I'd get punished for the infraction AND for the reflection it put on my parents.  When the teacher called home, they apologized to her.  When I call a parent, more times than not, their main concern is what punishments the OTHER boys got",
      "created_utc": 1749708762.0,
      "score": 33,
      "permalink": "/r/Teachers/comments/1l9abs9/it_all_went_to_sht_once_we_started_protecting/mxc4z48/",
      "is_submitter": false,
      "edited": false,
      "stickied": false
    },
    {
      "id": "mxb6t95",
      "author": "Expert_Will8682",
      "body": "Everyone should look up the Buddhist concept of \u201cIdiot Compassion\u201d and you\u2019ll understand what\u2019s going on in this society and how it has changed our classrooms.",
      "created_utc": 1749693875.0,
      "score": 84,
      "permalink": "/r/Teachers/comments/1l9abs9/it_all_went_to_sht_once_we_started_protecting/mxb6t95/",
      "is_submitter": false,
      "edited": false,
      "stickied": false
    },
    {
      "id": "mxc1nok",
      "author": "misterkleener",
      "body": "Our culture treats school like a service being sold to consumers. If students are not getting catered to like customers, there are complaints from parents to management aka administrators.",
      "created_utc": 1749706991.0,
      "score": 27,
      "permalink": "/r/Teachers/comments/1l9abs9/it_all_went_to_sht_once_we_started_protecting/mxc1nok/",
      "is_submitter": false,
      "edited": false,
      "stickied": false
    },
    {
      "id": "mxb4j53",
      "author": "StKilda20",
      "body": "I don\u2019t know if \u201cego\u201d is the right word for this as there can be a few differing definitions.\n\nBut to answer your question- there are many reasons (some larger than others) for why things went to shit. If it was just one aspect it would be much easier to correct. Certainly one aspect is no consequences for students anymore. \n\nI personally think there is a balance, back in the day might be a little too tough on students but as it is right now, it\u2019s on the other end of the spectrum that there is too much. I think there is a balance somewhere.",
      "created_utc": 1749693068.0,
      "score": 81,
      "permalink": "/r/Teachers/comments/1l9abs9/it_all_went_to_sht_once_we_started_protecting/mxb4j53/",
      "is_submitter": false,
      "edited": false,
      "stickied": false
    },
    {
      "id": "mxb7k62",
      "author": "Sharp_Style_8500",
      "body": "Actively all teachers should be trying to remind kids they are not shit and they are not the main character. It\u2019s good for them. Hell it\u2019s good for some of your annoying coworkers as well.",
      "created_utc": 1749694140.0,
      "score": 57,
      "permalink": "/r/Teachers/comments/1l9abs9/it_all_went_to_sht_once_we_started_protecting/mxb7k62/",
      "is_submitter": false,
      "edited": false,
      "stickied": false
    },
    {
      "id": "mxbepmt",
      "author": "Doodlebottom",
      "body": "Ego = Preferences\ud83d\udc48\n\nThe system agrees to students and parents preferences \n\nOver professional judgement and a smooth efficient school system with integrity as one of its core pillars\n\nPlease prove me wrong",
      "created_utc": 1749696741.0,
      "score": 12,
      "permalink": "/r/Teachers/comments/1l9abs9/it_all_went_to_sht_once_we_started_protecting/mxbepmt/",
      "is_submitter": false,
      "edited": false,
      "stickied": false
    },
    {
      "id": "mxbikxf",
      "author": "Ok_Apartment7190",
      "body": "No seating chart because students would be mad about not sitting next to their friends? Yikes lol, couldn\u2019t be me!\u00a0",
      "created_utc": 1749698198.0,
      "score": 13,
      "permalink": "/r/Teachers/comments/1l9abs9/it_all_went_to_sht_once_we_started_protecting/mxbikxf/",
      "is_submitter": false,
      "edited": false,
      "stickied": false
    },
    {
      "id": "mxbcb2o",
      "author": "Petporgsforsale",
      "body": "The districts replacing 0s with 50s because kids get discouraged when they are in a hole doesn\u2019t logically make sense to me. Like, just make it up\u2026 they don\u2019t have to have any feelings about it but just because they do doesn\u2019t mean we should show 0% evidence of knowledge as 50%",
      "created_utc": 1749695856.0,
      "score": 27,
      "permalink": "/r/Teachers/comments/1l9abs9/it_all_went_to_sht_once_we_started_protecting/mxbcb2o/",
      "is_submitter": false,
      "edited": false,
      "stickied": false
    },
    {
      "id": "mxbi3vh",
      "author": "DazzlerPlus",
      "body": "It\u2019s about protecting the parents ego. To have a kid fail is to be a bad parent in the eyes of others",
      "created_utc": 1749698017.0,
      "score": 28,
      "permalink": "/r/Teachers/comments/1l9abs9/it_all_went_to_sht_once_we_started_protecting/mxbi3vh/",
      "is_submitter": false,
      "edited": false,
      "stickied": false
    },
    {
      "id": "mxba3r9",
      "author": "probabilitydoughnut",
      "body": "I just got the book \"The Coddling of the American Mind\". I don't know if I'll get answers, but maybe I can expect some illumination on why we've chosen this way of raising kids.",
      "created_utc": 1749695061.0,
      "score": 22,
      "permalink": "/r/Teachers/comments/1l9abs9/it_all_went_to_sht_once_we_started_protecting/mxba3r9/",
      "is_submitter": false,
      "edited": false,
      "stickied": false
    },
    {
      "id": "mxcjglg",
      "author": "Accomplished_Pop529",
      "body": "\u201cThe needs of the many outweigh the needs of the few\u201d.  I\u2019m there to teach not babysit. An individual student or students don\u2019t have the right to interrupt the learning of others or keep me from doing my job.  I\u2019m secondary so have the luxury of focusing on curriculum vs having to teach good citizenship behaviors. There are always a few chuckleheads who behave like middle schoolers well int their sophomore year but they find themselves slowly ostracized from their maturing peers.  In Gen X speak: I\u2019m teaching you ro function in the real world so knock off your shit and learn some freaking skills.",
      "created_utc": 1749717323.0,
      "score": 8,
      "permalink": "/r/Teachers/comments/1l9abs9/it_all_went_to_sht_once_we_started_protecting/mxcjglg/",
      "is_submitter": false,
      "edited": false,
      "stickied": false
    },
    {
      "id": "mxcveao",
      "author": "Inevitable_Geometry",
      "body": "Its accurate. Go back further though.\n\nParents, a lot of them, want to be their kids friend. That is not your job mate. Parents indulge and let shit slide that builds up over time.\n\nWe step in and go discipline - kid freaks/melts down/collapses out - parents come gunning for us.\n\nOur top schools down here - its strict and discipline is traditional. Parents and kids who can't or won't cope with it? Door is over there mate.\n\nThe rest? The behavior is crashing now. A lot of schools are afraid of parents, afraid of hard conversations. We are drowning in 'restorative conversations' which are utter dogshit and useless.\n\nAnd so it goes.",
      "created_utc": 1749724222.0,
      "score": 9,
      "permalink": "/r/Teachers/comments/1l9abs9/it_all_went_to_sht_once_we_started_protecting/mxcveao/",
      "is_submitter": false,
      "edited": false,
      "stickied": false
    },
    {
      "id": "mxb9vvg",
      "author": "RebelBearMan",
      "body": "Oh trust me, I'm working on big egos on a day to day basis. Kids need a lot more honesty in their lives I've noticed. They live in a virtual phone world catered to them. We need to show them the reality beyond screens and their mommy's cooking. I'm not mean, but I am brutally honest. \n\nThey tend to not like it at first, but by the end of the year they usually appreciate it.",
      "created_utc": 1749694980.0,
      "score": 22,
      "permalink": "/r/Teachers/comments/1l9abs9/it_all_went_to_sht_once_we_started_protecting/mxb9vvg/",
      "is_submitter": false,
      "edited": false,
      "stickied": false
    },
    {
      "id": "mxcwwi7",
      "author": "Ok_Tomorrow_8301",
      "body": "Finishing my 15th year in a middle class school in New England. Only classroom experience (and parenting) can teach you that kids need boundaries, rules, and consistent enforcement. Their little, neuroplastic brains crave structure and routine as they attempt to discover their place in the hierarchy of life.\n\nThis year was the first year I kicked a student off the track team for repeated, disruptive behavior. We have a massive track team, and it's not a babysitting service. I use those exact words when addressing the team. Guess how the rest of the season went after this student was released from the team? Outstanding. Behavior improved across the board and athletes were better able to focus on their training and development. I don't think this is because the kids were \"living in fear\" of their coach. I am not an intimidating man nor do I use intimidation tactics in my classroom or as a coach. The kids felt safer to perform in an environment where their coach actually enforced clear rules and provided stability.",
      "created_utc": 1749724986.0,
      "score": 8,
      "permalink": "/r/Teachers/comments/1l9abs9/it_all_went_to_sht_once_we_started_protecting/mxcwwi7/",
      "is_submitter": false,
      "edited": false,
      "stickied": false
    },
    {
      "id": "mxbnph5",
      "author": "cooldudeonreddit1",
      "body": "I would agree, but I disagree since I believe it all went to shit when they were allowed to use cell phones. Like what the hell was that and whose idea was it? \ud83d\ude44",
      "created_utc": 1749700298.0,
      "score": 6,
      "permalink": "/r/Teachers/comments/1l9abs9/it_all_went_to_sht_once_we_started_protecting/mxbnph5/",
      "is_submitter": false,
      "edited": false,
      "stickied": false
    },
    {
      "id": "mxclu8g",
      "author": "unemployedMusketeer",
      "body": "I tell my students/parents 3 things at the beginning of the school year...\n\n1. It is ok to fail. in fact they should fail because ultimately they learn as much about themselves as they do academics.I often cite the story of steve jobs with this one.\n\n2. our job as teachers/parents and ultimately the goal in life, is not to shelter our kids or keep them in a bubble and avoid the problems in life, but to teach then how to deal with the adversity that will eventually come in life.  this also tells me alot about the parents and their situation by their reaction. you can tell who's seen some shit.\n\n3. My mom always said you have 2 choices...don't do it or don't get caught, but if you do get caught, own up to it and take responsibility for your actions. . If you don't do it then your thinking (hopefully) about consequences and such. If you don't get caught, your thinking how to stay out of trouble or circumvent the situation. either way critical thinking is happening in some capacity and this will follow you where ever you go.\n\nIs this ideal? no. but it gets both thinking and generally has made my life easier.\n\n  \n(there are a few other things, but these are the big 3 for me)",
      "created_utc": 1749718782.0,
      "score": 6,
      "permalink": "/r/Teachers/comments/1l9abs9/it_all_went_to_sht_once_we_started_protecting/mxclu8g/",
      "is_submitter": false,
      "edited": false,
      "stickied": false
    },
    {
      "id": "mxb4tx0",
      "author": "Eadgstring",
      "body": "I\u2019m starting to hate co-teaching because I immediately became the bad guy if I try to get any classroom management consistency. Inevitably the sped teacher, who is used to much smaller class sizes, either ignores or excuses any behavior issues.\u00a0\n\nObviously this does not apply to all sped teachers. I\u2019m just dreading this again next year.",
      "created_utc": 1749693173.0,
      "score": 18,
      "permalink": "/r/Teachers/comments/1l9abs9/it_all_went_to_sht_once_we_started_protecting/mxb4tx0/",
      "is_submitter": false,
      "edited": false,
      "stickied": false
    },
    {
      "id": "mxbd3cl",
      "author": "theanchorman05",
      "body": "Things went to crap because of parents not caring about their children.  Most parents I know worry way more about their social media than their kids.  Kids are just a annoyance to them who get the screen.",
      "created_utc": 1749696145.0,
      "score": 3,
      "permalink": "/r/Teachers/comments/1l9abs9/it_all_went_to_sht_once_we_started_protecting/mxbd3cl/",
      "is_submitter": false,
      "edited": false,
      "stickied": false
    },
    {
      "id": "mxbtd5w",
      "author": "Boss_of_Space",
      "body": "I think, just like everything else in the world, it's not all or nothing, not black and white. We need to have reasonable, high expectations for growth (academically, behaviorally, and mentally) and hold kids accountable, but also not let them suffer, flounder without support, or traumatize them. There is a happy middle ground, but some people think only in absolutes.",
      "created_utc": 1749702847.0,
      "score": 3,
      "permalink": "/r/Teachers/comments/1l9abs9/it_all_went_to_sht_once_we_started_protecting/mxbtd5w/",
      "is_submitter": false,
      "edited": false,
      "stickied": false
    },
    {
      "id": "mxbxzq3",
      "author": "DPSharkB8",
      "body": "\"Every piece of this is [Ed PhD Admin's] bullshit. They call this [chaos] a cloud over the [school], but they made the weather and then they stand in the rain and say, \"Shit! It's rainin'!\". Ruby Thewes\n\nI have spoken with parents, especially of teenage girls, and been gobsmacked at how vociferously they are against things such as uniforms in public schools. They state their precious \"should be free to express themselves\". \n\nY'all reap what y'all have sown over the past 30 years.\n\nFortunately, I went to an all boys Catholic high school.  They did not, and still do not, put up with any crap.",
      "created_utc": 1749705095.0,
      "score": 7,
      "permalink": "/r/Teachers/comments/1l9abs9/it_all_went_to_sht_once_we_started_protecting/mxbxzq3/",
      "is_submitter": false,
      "edited": false,
      "stickied": false
    },
    {
      "id": "mxbzqul",
      "author": "Born_Resolution1404",
      "body": "I don\u2019t have seating charts anymore and the kids pick new seats weekly. We have a whole contract and extensive behavior work I do before I unleash the ultimate choice. It works for me only because I work hard to teach them to make smart choices and there\u2019s lots of caveats (IEPs, 504s, honoring choices for kids who find one particular spot better for them, and so on\u2026) and the kids know if they abuse it it\u2019s my right to move them to places where they can learn better. It cut down on parent complaints as well as kept me from unintentionally punishing my better behaved kids by using them as \u201cexamples\u201d. It also works for me because I HATE making seating charts ugh.",
      "created_utc": 1749705989.0,
      "score": 2,
      "permalink": "/r/Teachers/comments/1l9abs9/it_all_went_to_sht_once_we_started_protecting/mxbzqul/",
      "is_submitter": false,
      "edited": false,
      "stickied": false
    },
    {
      "id": "mxcudu7",
      "author": "michaelincognito",
      "body": "He can play with his stress toy at the house for three days.",
      "created_utc": 1749723695.0,
      "score": 2,
      "permalink": "/r/Teachers/comments/1l9abs9/it_all_went_to_sht_once_we_started_protecting/mxcudu7/",
      "is_submitter": false,
      "edited": false,
      "stickied": false
    },
    {
      "id": "mxd5mo3",
      "author": "Acceptable-Story3741",
      "body": "Sometimes I wonder if it's the kids, or the parents that given into. What I mean by that is, the indignant parents who swear up.and down that their perfect little angel would never do anything wrong, can't fail cause they are geniuses, let them still turn in stuff that was due last quarter and should change that qusrters grade, they turned in the assignment why are they still failing parents? \n\nIt seems some schools,  and I can only speak for the ones I've dealt with in my life have walked back on anything that would prepare these students for real life. \nDeadlines-- get this done by due date\nPartial credit for late assignments \nResponsibility \nRespect for authority",
      "created_utc": 1749728929.0,
      "score": 2,
      "permalink": "/r/Teachers/comments/1l9abs9/it_all_went_to_sht_once_we_started_protecting/mxd5mo3/",
      "is_submitter": false,
      "edited": false,
      "stickied": false
    },
    {
      "id": "mxdaqpd",
      "author": "southcookexplore",
      "body": "Yeah, that\u2019s fair. My mouth definitely humbled quite a few over the years. \n\nTake some of these kids down a notch and make them focus on the task at hand for more than five seconds",
      "created_utc": 1749730957.0,
      "score": 2,
      "permalink": "/r/Teachers/comments/1l9abs9/it_all_went_to_sht_once_we_started_protecting/mxdaqpd/",
      "is_submitter": false,
      "edited": false,
      "stickied": false
    },
    {
      "id": "mxdeb3h",
      "author": "Md-718",
      "body": "My dad told me a long time ago, \"I am not responsible for YOUR self esteem.\"",
      "created_utc": 1749732282.0,
      "score": 2,
      "permalink": "/r/Teachers/comments/1l9abs9/it_all_went_to_sht_once_we_started_protecting/mxdeb3h/",
      "is_submitter": false,
      "edited": false,
      "stickied": false
    },
    {
      "id": "mxb5ans",
      "author": "knighthawk0811",
      "body": "everybody has an answer to why they think things are worse. all the answers are different though",
      "created_utc": 1749693335.0,
      "score": 3,
      "permalink": "/r/Teachers/comments/1l9abs9/it_all_went_to_sht_once_we_started_protecting/mxb5ans/",
      "is_submitter": false,
      "edited": false,
      "stickied": false
    },
    {
      "id": "mxc1ekr",
      "author": "That-Ad-7509",
      "body": "*Respecting the adults they will become",
      "created_utc": 1749706859.0,
      "score": 2,
      "permalink": "/r/Teachers/comments/1l9abs9/it_all_went_to_sht_once_we_started_protecting/mxc1ekr/",
      "is_submitter": false,
      "edited": false,
      "stickied": false
    },
    {
      "id": "mxcwkfb",
      "author": "VeryMuchSoItsGotToGo",
      "body": "My take is this: youth is the time to learn, grow, and mature. Part of growing is being able to mentally and emotionally handle stress and other emotions. I condone the use of \"stress toys\" I myself have a fidget cube. The stress toy should be non-disruptive, and whoever gave that kid a volleyball is delusional. \n\nI don't think kids should be torn down, but they should be kept humble. That means being able to emotionally handle being humbled. I think that may have been the evolutionary reasoning behind bullying.",
      "created_utc": 1749724816.0,
      "score": 2,
      "permalink": "/r/Teachers/comments/1l9abs9/it_all_went_to_sht_once_we_started_protecting/mxcwkfb/",
      "is_submitter": false,
      "edited": false,
      "stickied": false
    },
    {
      "id": "mxbpw6s",
      "author": "InfernalMentor",
      "body": "In the 1980s, every kid playing sports received a trophy, with the first-place team receiving larger trophies. By the 1990s, all participants received trophies of the same size, regardless of where their team placed. In the early 2000s, No Child Left Behind came along, and schools had to teach at the rate of the least capable student in the class. By 2010, it was bad form to separate the \"gifted\" students from the average or below average students.\n\nThat is not a recipe for creating the country's future leaders or titans of industry. That is a plan to develop robots or automatons. Are students starting to feel depersonalized, so they act out to show individualism? Are we creating bored students who will disrupt class to break up the monotony?\n\nIn working with youth organizations, I approach things differently. While I still teach in group settings, I set expectations for groups with similar abilities. Then I encourage those with stronger skills to help the others. The funny thing is, within a few months, the ones who needed help are now helping others. If only a way to use that concept in a classroom setting existed.",
      "created_utc": 1749701251.0,
      "score": 2,
      "permalink": "/r/Teachers/comments/1l9abs9/it_all_went_to_sht_once_we_started_protecting/mxbpw6s/",
      "is_submitter": false,
      "edited": false,
      "stickied": false
    },
    {
      "id": "mxbqp8i",
      "author": "Squiddyboy427",
      "body": "This is like some dumb shit from Facebook memes. If your critique of \u201ckids these days\u201d doesn\u2019t begin with the effects of standardized testing, technology, and larger economic factors you\u2019ve lost the plot totally.",
      "created_utc": 1749701612.0,
      "score": 0,
      "permalink": "/r/Teachers/comments/1l9abs9/it_all_went_to_sht_once_we_started_protecting/mxbqp8i/",
      "is_submitter": false,
      "edited": false,
      "stickied": false
    },
    {
      "id": "mxcdtro",
      "author": "jfisk101",
      "body": "Parents stopped parenting, and y'all teachers stopped enforcing consequences and punishments on kids because it's too much effort. \ud83d\ude12",
      "created_utc": 1749713850.0,
      "score": 2,
      "permalink": "/r/Teachers/comments/1l9abs9/it_all_went_to_sht_once_we_started_protecting/mxcdtro/",
      "is_submitter": false,
      "edited": false,
      "stickied": false
    },
    {
      "id": "mxbpsxf",
      "author": "D4ddyREMIX",
      "body": "/r/apostrophegore",
      "created_utc": 1749701211.0,
      "score": 1,
      "permalink": "/r/Teachers/comments/1l9abs9/it_all_went_to_sht_once_we_started_protecting/mxbpsxf/",
      "is_submitter": false,
      "edited": false,
      "stickied": false
    },
    {
      "id": "mxdkpau",
      "author": "Nearby-Poetry-5060",
      "body": "Children are being reinforced into the highest spot on the social hierarchy: no expectations or consequences. They call the shots! It's a disaster. Kids need to learn self control, patience, social skills, how to concentrate, how to remember an learn. Instead they are reinforced when they are disruptive and encouraged to be vacuous.\u00a0",
      "created_utc": 1749734492.0,
      "score": 1,
      "permalink": "/r/Teachers/comments/1l9abs9/it_all_went_to_sht_once_we_started_protecting/mxdkpau/",
      "is_submitter": false,
      "edited": false,
      "stickied": false
    },
    {
      "id": "mxdl1jm",
      "author": "davesnotonreddit",
      "body": "There are fine lines between confidence, ego, and entitlement. And there is definitely too much entitlement.",
      "created_utc": 1749734606.0,
      "score": 1,
      "permalink": "/r/Teachers/comments/1l9abs9/it_all_went_to_sht_once_we_started_protecting/mxdl1jm/",
      "is_submitter": false,
      "edited": false,
      "stickied": false
    },
    {
      "id": "mxdq5gp",
      "author": "ocashmanbrown",
      "body": "The idea that schools used to be better because we didn't care about kids' feelings is historical fantasy. Kids weren't magically better-behaved in the past because their egos were ignored. They were often just punished into silence. And let's not forget who those systems worked for: mostly white, neurotypical, able-bodied, middle-class kids. Everyone else was either excluded or broken by the system.\n\nSecond, the volleyball kid isn't a case of too much empathy. It's a case of poor behavior management combined with ineffective support. There\u2019s a difference between trauma-informed care and being gamed by a kid who knows how to manipulate weak systems. That's on the adults in the room not being on the same page. \n\nAnd the seating plan thing? That's about authority. If you're afraid to assign seats because students might push back, you don't have a classroom management philosophy. You have a crisis of confidence.\n\nThis whole line of thinking collapses under scrutiny. No one's saying feelings over learning. What good educators say is if a student feels unsafe, unseen, or unregulated, they will not learn. It's not softness, it's neuroscience. And conflating emotional support with indulgence is just another way of avoiding the hard work of real teaching: relationship-building, consistency, boundaries, and yes, consequences that are meaningful but humane.\n\nThe real issue is adults who want control without connection, obedience without understanding, and results without doing the work.",
      "created_utc": 1749736278.0,
      "score": 1,
      "permalink": "/r/Teachers/comments/1l9abs9/it_all_went_to_sht_once_we_started_protecting/mxdq5gp/",
      "is_submitter": false,
      "edited": false,
      "stickied": false
    },
    {
      "id": "mxdrmnq",
      "author": "Bloorajah",
      "body": "Idk, when I was a student my teachers didn\u2019t give a fuck about me at all and it lead to some really messed up mental health stuff later and definitely didn\u2019t help my learning or \u201cego\u201d \n\nI think there\u2019s a happy medium between coddling and treating kids like they aren\u2019t even human beings. unfortunately a lot of teachers go with the latter.",
      "created_utc": 1749736739.0,
      "score": 1,
      "permalink": "/r/Teachers/comments/1l9abs9/it_all_went_to_sht_once_we_started_protecting/mxdrmnq/",
      "is_submitter": false,
      "edited": false,
      "stickied": false
    },
    {
      "id": "mxduvnw",
      "author": "beauzero",
      "body": "One child's ego should never be more valuable than the future of the other 30 in the room.",
      "created_utc": 1749737722.0,
      "score": 1,
      "permalink": "/r/Teachers/comments/1l9abs9/it_all_went_to_sht_once_we_started_protecting/mxduvnw/",
      "is_submitter": false,
      "edited": false,
      "stickied": false
    },
    {
      "id": "mxdw031",
      "author": "Due-Assistant9269",
      "body": "I totally agree 200%. What is the point of feeling great about yourself when it\u2019s all based on lies. At some point you will have to produce and good enough won\u2019t be enough.  I\u2019m not saying destroy a kids self confidence but let\u2019s build it on real accomplishments that slowly get harder and harder to achieve.  \nThese kids are hitting college and jobs and are overwhelmed and they are losing it.",
      "created_utc": 1749738056.0,
      "score": 1,
      "permalink": "/r/Teachers/comments/1l9abs9/it_all_went_to_sht_once_we_started_protecting/mxdw031/",
      "is_submitter": false,
      "edited": false,
      "stickied": false
    },
    {
      "id": "mxe1xdu",
      "author": "Mediocre-Meaning-283",
      "body": "A reasonable, commendable idea has been taken way too far in order to justify adults being lazy (administrators and counselors mainly). It\u2019s not well-intentioned. It\u2019s self-serving and lazy.",
      "created_utc": 1749739790.0,
      "score": 1,
      "permalink": "/r/Teachers/comments/1l9abs9/it_all_went_to_sht_once_we_started_protecting/mxe1xdu/",
      "is_submitter": false,
      "edited": false,
      "stickied": false
    },
    {
      "id": "mxe3csc",
      "author": "zestychickenbowl2024",
      "body": "If y\u2019all wanna deal w adults so bad, go teach adults.",
      "created_utc": 1749740197.0,
      "score": 1,
      "permalink": "/r/Teachers/comments/1l9abs9/it_all_went_to_sht_once_we_started_protecting/mxe3csc/",
      "is_submitter": false,
      "edited": false,
      "stickied": false
    },
    {
      "id": "mxddsku",
      "author": "FoundWords",
      "body": "Yes, let's stop protecting kids who need it bc of a handful of bad actors who take advantage. \n\n/s",
      "created_utc": 1749732097.0,
      "score": 1,
      "permalink": "/r/Teachers/comments/1l9abs9/it_all_went_to_sht_once_we_started_protecting/mxddsku/",
      "is_submitter": false,
      "edited": false,
      "stickied": false
    },
    {
      "id": "mxbgfww",
      "author": "blaise11",
      "body": "I no longer believe in seating charts because getting rid of them literally cut behavior issues in my classes by at least half.  Any teacher whose classes erupted into chaos due to a lack of a seating chart is just not doing their job managing their classroom.",
      "created_utc": 1749697390.0,
      "score": -8,
      "permalink": "/r/Teachers/comments/1l9abs9/it_all_went_to_sht_once_we_started_protecting/mxbgfww/",
      "is_submitter": false,
      "edited": false,
      "stickied": false
    },
    {
      "id": "mxbsx4c",
      "author": "AzureMushroom",
      "body": "I've been working for five years so call me new. But I've never had to write a referral or send someone out and I think it's honestly because I have the advantage of being a young teacher. This is the only time in my career I'll be teaching students the same generation as me. We have the same trends on our TikTok feeds. We watched the same shows, and grew up with the Same tech. So honestly I can relate to, and banter with the kids. That is to say they like me and believe that I care about their well being. Research shows that a good teacher student relationship results in higher gains than any refined standard or school policy. I have a problem usually only once if at all. I'm the teacher students who skip all their other classes show up to. And they come and work. It's not a free for all and I don't have a seating chart. You don't have to tell me your mileage may vary trust me I know that.\n\nBut I listen to my other teachers talk about their problems or lack there of, and the common thread has always been popularity. I hear and see when the teachers with behavior problems refuse to \"drink the cool aid\" for lack of a better term. The best advice I got in my teacher prep program has been to become the champion of whatever your kids like. If they mention a show, watch it. A book ? Read it. Right now it's easy because I'm the Same generation, it's natural. I can see why an older teacher may not want to start doing deep dives on brainrot and skibidi toilet. But it works.",
      "created_utc": 1749702639.0,
      "score": -6,
      "permalink": "/r/Teachers/comments/1l9abs9/it_all_went_to_sht_once_we_started_protecting/mxbsx4c/",
      "is_submitter": false,
      "edited": false,
      "stickied": false
    },
    {
      "id": "mxbciuo",
      "author": "TooMuchButtHair",
      "body": "You are correct, it is all fine, *to an extent*. The part I agree with the most needs to be echoed:\n\n>When we started\u00a0*pandering to kids\u2019 every minor discomfort instead of teaching them how to cope*, it all went to shit.\n\nWith that, you deserve an award. We have stopped teaching kids to cope, and have instead taught them for the last 15 years that the world around them needs to bend to their needs.",
      "created_utc": 1749695935.0,
      "score": 249,
      "permalink": "/r/Teachers/comments/1l9abs9/it_all_went_to_sht_once_we_started_protecting/mxbciuo/",
      "is_submitter": false,
      "edited": false,
      "stickied": false
    },
    {
      "id": "mxc0b5b",
      "author": "petered79",
      "body": "\"It starts at home with parents \\[...\\] who never tell their children \u201cnot yet; you need to wait\u201d  \n\nThinking about how often students, even in high school, are not capable of recognizing the boundaries of you talking with another person and interrupt you with their needs....",
      "created_utc": 1749706283.0,
      "score": 66,
      "permalink": "/r/Teachers/comments/1l9abs9/it_all_went_to_sht_once_we_started_protecting/mxc0b5b/",
      "is_submitter": false,
      "edited": false,
      "stickied": false
    },
    {
      "id": "mxd8xap",
      "author": "imperialblastah",
      "body": "I could have written this myself - my approach is *exactly* the same, right down to the 2-week duration for searing plans and the sense that students who never have to endure a moment's discomfort (or defer gratification)  will never build resilience in any capacity. I also find that I experience a lot less crap in my classroom. I'm still redirecting some kids constantly, which can be exhausting, but i see that as a hangover from their other years and classes. \n\nTo be clear, I'm not mean or inconsiderate, and I'm not a \"yelly\" teacher. I have genuine empathy for my students.  If a kid can't present in front of the class then I don't make them, but they have to come at lunch with a trusted peer, then next time with a few, then next time with another group of presenters, etc. The idea is to build capacity in learners - that inherently means doing difficult things. Without facing difficulty, kids are not learning or growing. They need support and structure in order to meet those challenges - that includes behavioral expectations and socioemotional challenges, too.",
      "created_utc": 1749730254.0,
      "score": 5,
      "permalink": "/r/Teachers/comments/1l9abs9/it_all_went_to_sht_once_we_started_protecting/mxd8xap/",
      "is_submitter": false,
      "edited": false,
      "stickied": false
    },
    {
      "id": "mxdjmjq",
      "author": "thismorningscoffee",
      "body": "Raising young to completely avoid discomfort is the way ranchers raise calves to make veal\n\nI tell my students they\u2019re welcome to seek that path, but to know they\u2019re only preparing for the slaughter",
      "created_utc": 1749734130.0,
      "score": 6,
      "permalink": "/r/Teachers/comments/1l9abs9/it_all_went_to_sht_once_we_started_protecting/mxdjmjq/",
      "is_submitter": false,
      "edited": false,
      "stickied": false
    },
    {
      "id": "mxca67r",
      "author": "My_useless_alt",
      "body": "As a student who is/was raised and schooled like this, I want to say that I completely agree with this.\n\nThere have occasionally been days where I genuinely couldn't deal with life, where I started crying twice before the first lesson. In those situations you are right that having either some sort of safe space or calling it a sick day is good.\n\nThat does not, however, make up for the fact that I've never been told no. Since I was about 6 or so when I started being a problem, I have been catered to in exactly the way you describe, with people actively pandering to me at every opportunity and punishing me at none. And whenever I manage to extract any justification, it's again as you said, no-one (my parents or my schools) can bear to make me (or any child, or tbh anyone) the slightest bit uncomfortable in the moment, and they utterly refuse to consider the longer-term impacts of refusing the concept of punishment.\n\nAnd let me tell you, it has driven me insane. Throughout school I've put as much if not more effort into trying to hold myself together and try to bend my mind into a compliant shape. And yet, despite still actively wanting to be there, I've basically gone insane. I am literally the most violent, petulant, and all round horrible person I've ever met. And to be clear I'm not blaming that entirely on everyone else, but I do think that my parents and schools could easily have trained me out of it by making there be consequences for doing bad things, and they completely refused. \n\nAll that is to say, I am a living example of what you're saying, and you're entirely right.\n\n(My only criticism is, new seating plans every 2 weeks feels harsh, I always took me longer than that just to remember a new seating plan so I'd constantly be asking. Some constancy/familiarity in the people around them is good for kids)",
      "created_utc": 1749711676.0,
      "score": 12,
      "permalink": "/r/Teachers/comments/1l9abs9/it_all_went_to_sht_once_we_started_protecting/mxca67r/",
      "is_submitter": false,
      "edited": false,
      "stickied": false
    },
    {
      "id": "mxc12zz",
      "author": "emsuperstar",
      "body": "The em dash (\u2014) usage turns on my AI alarms every time I see it, but I\u2019m guessing you just used it to punch up your writing?",
      "created_utc": 1749706693.0,
      "score": 5,
      "permalink": "/r/Teachers/comments/1l9abs9/it_all_went_to_sht_once_we_started_protecting/mxc12zz/",
      "is_submitter": false,
      "edited": false,
      "stickied": false
    },
    {
      "id": "mxd67oz",
      "author": "TeacherTonks13",
      "body": "This! Exactly this! Helping students who have severe anxiety absolutely need help. However, so many students don\u2019t know how to cope or have any form of perseverance.",
      "created_utc": 1749729172.0,
      "score": 1,
      "permalink": "/r/Teachers/comments/1l9abs9/it_all_went_to_sht_once_we_started_protecting/mxd67oz/",
      "is_submitter": false,
      "edited": false,
      "stickied": false
    },
    {
      "id": "mxdz7in",
      "author": "turtleneck360",
      "body": "Everyone needs structure including adults.",
      "created_utc": 1749739001.0,
      "score": 1,
      "permalink": "/r/Teachers/comments/1l9abs9/it_all_went_to_sht_once_we_started_protecting/mxdz7in/",
      "is_submitter": false,
      "edited": false,
      "stickied": false
    },
    {
      "id": "mxcek8d",
      "author": "elegy_statue",
      "body": "mannnnn I have an anxiety disorder but I still *do things.* Sometimes badly, sometimes slow, but I always try to get things done, and usually I find that I can do way more than I think I can.\n\nI get that anxiety makes that stuff super hard at times. But it's still possible to at least *try.* Measures can be put into place to make things easier. But using it as an excuse to avoid any and all effort? Yeah, no.",
      "created_utc": 1749714306.0,
      "score": 50,
      "permalink": "/r/Teachers/comments/1l9abs9/it_all_went_to_sht_once_we_started_protecting/mxcek8d/",
      "is_submitter": false,
      "edited": false,
      "stickied": false
    },
    {
      "id": "mxch8mc",
      "author": "lifeis_random",
      "body": "As someone whose anxiety caused him to sometimes perform poorly academically, I would rather had learned to do things while dealing with anxiety.",
      "created_utc": 1749715947.0,
      "score": 24,
      "permalink": "/r/Teachers/comments/1l9abs9/it_all_went_to_sht_once_we_started_protecting/mxch8mc/",
      "is_submitter": false,
      "edited": false,
      "stickied": false
    },
    {
      "id": "mxc80ev",
      "author": "Face-palmJedi",
      "body": "If we all did that, nothing would ever get done.  Where\u2019s dinner?  Anxiety.\n\nEdit.  Punctuation.",
      "created_utc": 1749710462.0,
      "score": 42,
      "permalink": "/r/Teachers/comments/1l9abs9/it_all_went_to_sht_once_we_started_protecting/mxc80ev/",
      "is_submitter": false,
      "edited": 1749721088.0,
      "stickied": false
    },
    {
      "id": "mxcyzij",
      "author": "NoChart8072",
      "body": "I was a very anxious child, but at the time I didn\u2019t even know that what it was. My parents were very supportive, but at the time going to therapy just wasn\u2019t very common. I definitely struggled to keep it together at times, but not doing something was just never a thought that crossed my mind. In college I received a very scary health diagnosis (not cancer) that left me debilitated and sick with anxiety. My mom actually came and stayed with me for a week and went to classes with me so I wouldn\u2019t get behind. I was too academically driven (parents actually recommended taking a break from school). All this to say that anxiety can be so hard to navigate- and therapy has helped me so much (I wish I had access to it at earlier ages). But as a former SPED teacher, I have to say that except for one student, every student I had with anxiety would use this diagnosis to get out of doing literally anything and everything. No coping, no trying. These were elementary kids who spent so much of their day in the ABSS room, getting treats, taking walks. As someone who worked closely with them I often felt that these were children that didn\u2019t have appropriate limits and who now knew to come to me or any of their other providers and say \u2018my anxiety is acting up\u2019 and that this would mean a break. I\u2019m not saying this is always the case or always true.",
      "created_utc": 1749725982.0,
      "score": 5,
      "permalink": "/r/Teachers/comments/1l9abs9/it_all_went_to_sht_once_we_started_protecting/mxcyzij/",
      "is_submitter": false,
      "edited": false,
      "stickied": false
    },
    {
      "id": "mxe01fm",
      "author": "Mo523",
      "body": "My kid has diagnosed anxiety.  When he was little and I didn't know that was what was going on, I let him avoid some things he was anxious about that weren't important to me.  It made his anxiety significantly worse.  Making him do things (WITH proper support) he wants to do but he is anxious about has had a positive effect on his anxiety equal to starting medication.  (I'm not suggesting \"just do it\" instead of medication.  I'm saying for him that it had an equal impact and he needs both.)  Instead of continuing to freak out about certain things indefinitely, he learned how to work through his fears of failure and they no longer cause anxiety for him.",
      "created_utc": 1749739245.0,
      "score": 1,
      "permalink": "/r/Teachers/comments/1l9abs9/it_all_went_to_sht_once_we_started_protecting/mxe01fm/",
      "is_submitter": false,
      "edited": false,
      "stickied": false
    },
    {
      "id": "mxbb3v8",
      "author": "Asleep-Technology-92",
      "body": "Just googled and yup. That\u2019s 99% of what is wrong with society and in retrospect, our classrooms (since they are a microcosm of society at large.)",
      "created_utc": 1749695424.0,
      "score": 23,
      "permalink": "/r/Teachers/comments/1l9abs9/it_all_went_to_sht_once_we_started_protecting/mxbb3v8/",
      "is_submitter": false,
      "edited": false,
      "stickied": false
    },
    {
      "id": "mxcbvi4",
      "author": "Angry_Citizen_CoH",
      "body": "You might look up the Christian concept of \"cheap grace\" as well. Essentially, it is permissiveness without a requirement for change.",
      "created_utc": 1749712669.0,
      "score": 16,
      "permalink": "/r/Teachers/comments/1l9abs9/it_all_went_to_sht_once_we_started_protecting/mxcbvi4/",
      "is_submitter": false,
      "edited": false,
      "stickied": false
    },
    {
      "id": "mxcmcjy",
      "author": "UnavailableBrain404",
      "body": "To be fair, it IS a service. But the students are not the customer. And the parents are only one of the customers. Society is the other customer. We mostly just need to stop catering to students. The goal should be the best way to educate them, not the way they like best.",
      "created_utc": 1749719097.0,
      "score": 15,
      "permalink": "/r/Teachers/comments/1l9abs9/it_all_went_to_sht_once_we_started_protecting/mxcmcjy/",
      "is_submitter": false,
      "edited": false,
      "stickied": false
    },
    {
      "id": "mxcz5lt",
      "author": "CivilStrawberry",
      "body": "I rarely see the point in your last paragraph brought up, but I think it\u2019s an excellent point. \n\nI can remember a time when (some) teachers got violently angry. Throwing chairs, upending desks, etc. they had absolutely no emotional regulation yet expected it of students. I had teachers with active substance abuse problems teaching. I can remember a time when missing a single citation in a paper meant an automatic fail of the class. It was absolutely agonizing to be a student then, and it was way too much and actually lead to legitimate anxiety. Miss one citation on an otherwise perfect research paper? That\u2019s an automatic 0 on a report that counts for 25% on your grade in the class. You could literally not graduate over a typo, and it was a bit much and was treated as intentional plagiarism. You were told if you weren\u2019t in AP everything you could kiss your future goodbye. Trade schools were looked down upon.\n\nAnd then it was like a switch flipped and we *way* over corrected. Now a student could have AI write a whole research paper and teachers are told to pass them along. This problem is very multi faceted as you and others have said, but I rarely see this particular piece of the puzzle brought up and I think it\u2019s very much a part of it.",
      "created_utc": 1749726062.0,
      "score": 10,
      "permalink": "/r/Teachers/comments/1l9abs9/it_all_went_to_sht_once_we_started_protecting/mxcz5lt/",
      "is_submitter": false,
      "edited": false,
      "stickied": false
    },
    {
      "id": "mxbbynw",
      "author": "Warm-Ice12",
      "body": "So many of our staff have main character syndrome it\u2019s honestly pathetic.",
      "created_utc": 1749695731.0,
      "score": 19,
      "permalink": "/r/Teachers/comments/1l9abs9/it_all_went_to_sht_once_we_started_protecting/mxbbynw/",
      "is_submitter": false,
      "edited": false,
      "stickied": false
    },
    {
      "id": "mxc1fy7",
      "author": "TravelingAlia",
      "body": "I'm of the belief this should include high achievers too. I had a lot of lovely teachers heap praise on me and it had the unintended consequence of holding me back from growth due to perfectionism.",
      "created_utc": 1749706879.0,
      "score": 9,
      "permalink": "/r/Teachers/comments/1l9abs9/it_all_went_to_sht_once_we_started_protecting/mxc1fy7/",
      "is_submitter": false,
      "edited": false,
      "stickied": false
    },
    {
      "id": "mxbshlg",
      "author": "AdhesiveSeaMonkey",
      "body": "What I'll never understand is when (and how quickly) the consequences of a failing student came to rest on the shoulders of everyone but the student.",
      "created_utc": 1749702436.0,
      "score": 22,
      "permalink": "/r/Teachers/comments/1l9abs9/it_all_went_to_sht_once_we_started_protecting/mxbshlg/",
      "is_submitter": false,
      "edited": false,
      "stickied": false
    },
    {
      "id": "mxe0tzn",
      "author": "Mo523",
      "body": "I'm guessing that I have younger kids than you.  (Second grade.)  Sometimes I tell kids things really bluntly.  Kids aren't mini-adults.  Most adults would be offended, but the majority of kids that age are just like, \"Oh, I never knew that.\"",
      "created_utc": 1749739475.0,
      "score": 1,
      "permalink": "/r/Teachers/comments/1l9abs9/it_all_went_to_sht_once_we_started_protecting/mxe0tzn/",
      "is_submitter": false,
      "edited": false,
      "stickied": false
    },
    {
      "id": "mxe1ym0",
      "author": "Careless-Dark-1324",
      "body": "It\u2019s also not even about whether they appreciate it, so much as whether it impacts their actions and thoughts later to be more civil and mature (or whatever specific words we wanna use for the outcome)",
      "created_utc": 1749739799.0,
      "score": 1,
      "permalink": "/r/Teachers/comments/1l9abs9/it_all_went_to_sht_once_we_started_protecting/mxe1ym0/",
      "is_submitter": false,
      "edited": false,
      "stickied": false
    },
    {
      "id": "mxd7fcd",
      "author": "fourth_and_long",
      "body": "Co-teaching is the worst. It is the hardest thing to do well even under the best of circumstances. The most successful experience I had with it is when we both collectively acknowledged it was a disaster and not going to happen. We had great respect for one another and supported each other, but I 100% did the main instruction (I was the English teacher in an English class after all), she walked around and monitored and supported all (better than any para, to be honest), and pulled her small group as appropriate. But yeah, it almost always sucks for everyone.",
      "created_utc": 1749729659.0,
      "score": 2,
      "permalink": "/r/Teachers/comments/1l9abs9/it_all_went_to_sht_once_we_started_protecting/mxd7fcd/",
      "is_submitter": false,
      "edited": false,
      "stickied": false
    },
    {
      "id": "mxcvsbi",
      "author": "Public-Net-4143",
      "body": "I was just thinking about that quote, the other day, in reference to education, etc.!!!",
      "created_utc": 1749724422.0,
      "score": 1,
      "permalink": "/r/Teachers/comments/1l9abs9/it_all_went_to_sht_once_we_started_protecting/mxcvsbi/",
      "is_submitter": false,
      "edited": false,
      "stickied": false
    },
    {
      "id": "mxd44f2",
      "author": "Futurama_Nerd",
      "body": ">I have spoken with parents, especially of teenage girls, and been gobsmacked at how vociferously they are against things such as uniforms in public schools. They state their precious \"should be free to express themselves\".\n\n>...  \nY'all reap what y'all have sown over the past 30 years.\n\nWere school uniforms common even 40 years ago?",
      "created_utc": 1749728297.0,
      "score": 1,
      "permalink": "/r/Teachers/comments/1l9abs9/it_all_went_to_sht_once_we_started_protecting/mxd44f2/",
      "is_submitter": false,
      "edited": false,
      "stickied": false
    },
    {
      "id": "mxbuemf",
      "author": "MontiBurns",
      "body": ">By the 1990s, all participants received trophies of the same size, regardless of where their team placed.\n\nThis is false.  I was a kid in the 90s and played sports.  I received participation trophies, but there were also merit based trophies. Up to 8 or 9 years old nobody keeps score anyway, let alone league standings.   It's really not about winning or losing, just playing and improving. \n\nWe absolutely did have a few tournaments throughout the season where winning teams got trophies and everyone else got a dumb medal.",
      "created_utc": 1749703338.0,
      "score": 6,
      "permalink": "/r/Teachers/comments/1l9abs9/it_all_went_to_sht_once_we_started_protecting/mxbuemf/",
      "is_submitter": false,
      "edited": false,
      "stickied": false
    },
    {
      "id": "mxd44ma",
      "author": "Susancupcakes",
      "body": "We enforce consequences, our admin doesn't back us up. There is a difference.",
      "created_utc": 1749728299.0,
      "score": 6,
      "permalink": "/r/Teachers/comments/1l9abs9/it_all_went_to_sht_once_we_started_protecting/mxd44ma/",
      "is_submitter": false,
      "edited": false,
      "stickied": false
    },
    {
      "id": "mxclgao",
      "author": "Significant_Wait_356",
      "body": "ikr  \nat school, teachers were changed because \"the students were uncomfortable\" because of a bad grade for homework. it happened 3 times in a row and then I realized that it was time to get out  \nthe problem is with parents who don't raise their children.",
      "created_utc": 1749718545.0,
      "score": 4,
      "permalink": "/r/Teachers/comments/1l9abs9/it_all_went_to_sht_once_we_started_protecting/mxclgao/",
      "is_submitter": false,
      "edited": false,
      "stickied": false
    },
    {
      "id": "mxbpsrc",
      "author": "StopblamingTeachers",
      "body": "I cut my behavior issues down by 99% by switching sites. Any teacher whose class erupted into chaos is just not doing their job managing their classroom.\n\nThat\u2019s how I read that.",
      "created_utc": 1749701209.0,
      "score": 7,
      "permalink": "/r/Teachers/comments/1l9abs9/it_all_went_to_sht_once_we_started_protecting/mxbpsrc/",
      "is_submitter": false,
      "edited": false,
      "stickied": false
    },
    {
      "id": "mxc94go",
      "author": "maliciouslazuli",
      "body": "I really like that thought \u201cthis is the only time in my life I will be teaching students the same generation as me\u201d. Not that I\u2019m teaching kids of my generation but it\u2019s an interesting thought",
      "created_utc": 1749711084.0,
      "score": 2,
      "permalink": "/r/Teachers/comments/1l9abs9/it_all_went_to_sht_once_we_started_protecting/mxc94go/",
      "is_submitter": false,
      "edited": false,
      "stickied": false
    },
    {
      "id": "mxcn0nv",
      "author": "Former-Yesterday8248",
      "body": "You sound like a teacher who will make an impact on the students who need you the most.   Keep up the great work!",
      "created_utc": 1749719508.0,
      "score": 0,
      "permalink": "/r/Teachers/comments/1l9abs9/it_all_went_to_sht_once_we_started_protecting/mxcn0nv/",
      "is_submitter": false,
      "edited": false,
      "stickied": false
    },
    {
      "id": "mxda579",
      "author": "AncientAngle0",
      "body": "The problem is that when you start discussing the need to teach kids how to cope, you get the teachers coming out of the woodwork, \u201cthis is ridiculous. I\u2019m a teacher, not a therapist. Blah, blah, blah.\u201d But for most general ed students, coping and emotional regulation are acquired skills that can improve with practice and modeling. \n\nIt can be a simple as standing in front of the class before changing the seating chart and saying, \u201cSome of you are going to be happy with this change and some of you aren\u2019t. A big part of life is learning to adapt in situations where things don\u2019t go the way you\u2019d like. But let\u2019s all imagine for a minute that you get a seat you don\u2019t like. How  might you feel about it? Sad, angry, annoyed. Yes, those are all valid emotions someone might feel in this situation. Who has suggestions for what they do to cope when they\u2019re sad, mad, etc.\u201d \n\nYes, there are kids that this won\u2019t be enough and yes, it will take a few extra minutes. But you don\u2019t need to be a therapist to do this. And many kids can benefit from modeling, practice and reinforcement. \n\n And I think the problem is bigger than just protecting kid\u2019s egos. We (society) have also eliminated many of the ways children used to get exposed to needing and practicing these skills. Children now get very little unstructured, unsupervised play and instead have adults jumping in to intervene. Some of this adult intervention might be to protect egos, but a lot of it is just adults witnessing interactions that they wouldn\u2019t have in the past because the kids would be out playing somewhere unsupervised. Then they intervene before the kids have a chance to work through it themselves. Kids from prior generations had basically 3 options: sit around and cry about it, go home and cry about it, or figure out a way to deal with it.",
      "created_utc": 1749730728.0,
      "score": 14,
      "permalink": "/r/Teachers/comments/1l9abs9/it_all_went_to_sht_once_we_started_protecting/mxda579/",
      "is_submitter": false,
      "edited": false,
      "stickied": false
    },
    {
      "id": "mxcopx8",
      "author": "ToesocksandFlipflops",
      "body": "You say 15 years I think it really all stated with the self esteem movement in the mid 1980's.\n\nI clearly remember having self esteem lessons and how your special and what you do is special, which in a broad view isn't a negative right?  But the problem with it is like many educational movements it showing so far, if a little is good for kids  MORE would be better. Shockingly its not better.\n\nThe other thing that has led to this is the idea of trauma informed teaching, again on the surface great idea, kids have trauma and we need to be aware of how trauma impacts behavior and students.  However we in the educational community have swung so far that everything we do is to support students with trauma, and everything is trauma.   I have a student who sees social work twice a month (during English class) because his dog died in December, I mean its sad, and I still tear up when thinking of my former pooches but, like I dont miss work because of it.   On the flip side I have two foster kids who are so damn resilient I just want to give them a medal.\n\nAnyway I'm sure people will think I'm horrid.  I'm probably not articulating well,  I'm tired..",
      "created_utc": 1749720537.0,
      "score": 33,
      "permalink": "/r/Teachers/comments/1l9abs9/it_all_went_to_sht_once_we_started_protecting/mxcopx8/",
      "is_submitter": false,
      "edited": false,
      "stickied": false
    },
    {
      "id": "mxdq7je",
      "author": "discussatron",
      "body": "We're setting them up for a difficult transition to adult life. Ain't no IEPs for paying rent.",
      "created_utc": 1749736297.0,
      "score": 4,
      "permalink": "/r/Teachers/comments/1l9abs9/it_all_went_to_sht_once_we_started_protecting/mxdq7je/",
      "is_submitter": false,
      "edited": false,
      "stickied": false
    },
    {
      "id": "mxcdblt",
      "author": "cheekynihlist",
      "body": "I work in a school and I cannot tell you how many times I\u2019ve found myself having conversations with parents and their kids come over and just interrupt and keep at the \u201cmom!mom!mom!\u201d until their parent responds. And most of the time the parent will completely abandon the conversation with me to tend to whatever the kid is asking for (usually something that is definitely not life or death.) It\u2019s such rude behavior from both the kid and the parent.\n\nIf I had behaved like that as a kid I\u2019d be six feet under right now because my mother would have put me there herself, but the concept of \u201cI\u2019m talking and you need to wait\u201d is completely gone.",
      "created_utc": 1749713536.0,
      "score": 38,
      "permalink": "/r/Teachers/comments/1l9abs9/it_all_went_to_sht_once_we_started_protecting/mxcdblt/",
      "is_submitter": false,
      "edited": false,
      "stickied": false
    },
    {
      "id": "mxcfaim",
      "author": "signaltrapper",
      "body": "This has already been spilling into their lives past school. Not a teacher, but my coworkers under 30 have no sense of boundaries, and don\u2019t seem to have an idea of what discretion is or volume control of their voice.",
      "created_utc": 1749714761.0,
      "score": 15,
      "permalink": "/r/Teachers/comments/1l9abs9/it_all_went_to_sht_once_we_started_protecting/mxcfaim/",
      "is_submitter": false,
      "edited": false,
      "stickied": false
    },
    {
      "id": "mxcsa0n",
      "author": "ebeth_the_mighty",
      "body": "It\u2019s at the end of each unit. I teach hs language classes, and the students need to talk to new people. Plus, I wouldn\u2019t do it so often, but students requested it and it\u2019s literally \u201cpress two buttons\u201d to make a new chart.",
      "created_utc": 1749722559.0,
      "score": 9,
      "permalink": "/r/Teachers/comments/1l9abs9/it_all_went_to_sht_once_we_started_protecting/mxcsa0n/",
      "is_submitter": false,
      "edited": false,
      "stickied": false
    },
    {
      "id": "mxcovzb",
      "author": "ebeth_the_mighty",
      "body": "I use em dashes as appropriate.",
      "created_utc": 1749720637.0,
      "score": 14,
      "permalink": "/r/Teachers/comments/1l9abs9/it_all_went_to_sht_once_we_started_protecting/mxcovzb/",
      "is_submitter": false,
      "edited": false,
      "stickied": false
    },
    {
      "id": "mxciobz",
      "author": "Grateful_Tiger",
      "body": "Using AI to rout out AI content and \n\nin the process routing out personal quality \n\nhas got to be the ultimate irony",
      "created_utc": 1749716832.0,
      "score": 11,
      "permalink": "/r/Teachers/comments/1l9abs9/it_all_went_to_sht_once_we_started_protecting/mxciobz/",
      "is_submitter": false,
      "edited": false,
      "stickied": false
    },
    {
      "id": "mxcahbu",
      "author": "Mrs_HAZ3",
      "body": "Same.  And then I go back to the beginning and reread it in my Chat's voice, and it always sounds like something it would write. I'm not implying that this means it was definitively written by ChatGpt; I just mean that I can literally (figuratively) hear the voice of my ChatGpt. It's wild how loudly I can imagine the voice of AI like it's an old friend. Actually,  I don't even imagine my closest friends' voices as clearly and loudly as I do ChatGpt voice. I'm done.",
      "created_utc": 1749711856.0,
      "score": 1,
      "permalink": "/r/Teachers/comments/1l9abs9/it_all_went_to_sht_once_we_started_protecting/mxcahbu/",
      "is_submitter": false,
      "edited": false,
      "stickied": false
    },
    {
      "id": "mxdd82h",
      "author": "catherinetrask",
      "body": "very wise i love this frame",
      "created_utc": 1749731889.0,
      "score": 2,
      "permalink": "/r/Teachers/comments/1l9abs9/it_all_went_to_sht_once_we_started_protecting/mxdd82h/",
      "is_submitter": false,
      "edited": false,
      "stickied": false
    },
    {
      "id": "mxd917b",
      "author": "ELLRobot",
      "body": "That sounds like a combination of co-teaching models 1 and 4 by the way.",
      "created_utc": 1749730296.0,
      "score": 1,
      "permalink": "/r/Teachers/comments/1l9abs9/it_all_went_to_sht_once_we_started_protecting/mxd917b/",
      "is_submitter": false,
      "edited": false,
      "stickied": false
    },
    {
      "id": "mxbvswh",
      "author": "InfernalMentor",
      "body": "Not in the states where I was involved. I only remember medals at swim meets. Baseball, football, and basketball were trophies for everyone.",
      "created_utc": 1749704009.0,
      "score": 1,
      "permalink": "/r/Teachers/comments/1l9abs9/it_all_went_to_sht_once_we_started_protecting/mxbvswh/",
      "is_submitter": false,
      "edited": false,
      "stickied": false
    },
    {
      "id": "mxbs2yw",
      "author": "blaise11",
      "body": "99% is a pretty extreme exaggeration but sure?  OP said classes erupt into chaos without seating charts.  I'm saying that my experience over the past decade or so of removing them has been literally the opposite.",
      "created_utc": 1749702246.0,
      "score": 1,
      "permalink": "/r/Teachers/comments/1l9abs9/it_all_went_to_sht_once_we_started_protecting/mxbs2yw/",
      "is_submitter": false,
      "edited": 1749702770.0,
      "stickied": false
    },
    {
      "id": "mxdfmwf",
      "author": "ebeth_the_mighty",
      "body": "Yes, that conversation \u201cit\u2019s going to happen. How might you feel? What can you do about it?\u201d is the SEL I incorporate into my classes. \n\nI\u2019m a giant \u201cI\u2019m not a therapist\u201d advocate, and I firmly believe my students should know this stuff before they get to high school, but it is what it is. \n\nIn past years, I\u2019ve had several \u201cI can\u2019t present in front of the class\u201d kids (who don\u2019t have anxiety IEPs). This year, I\u2019m trying something different. I told kids they\u2019d be doing a final presentation. I explained that it\u2019s ok to be nervous about this\u2014in fact, it\u2019s completely normal. However, in almost every career, you have to talk to/in front of people. School is a relatively safe place to practice this, and the more you practice, the easier it gets. I then put some things in place to make them more comfortable: students can bring a friend to stand with them and hold their poster (and act as their emotional support human); they also get to kick one student out of the room for the duration of their presentation, no questions asked. \u201cWorried that making eye contact with your best friend will make you laugh? Kick her out! Concerned someone will give you a hard time afterward? They can wait in the hall. Somebody farted and you don\u2019t want to deal with their smell? Out he goes!  Don\u2019t need a reason\u2014just let me know that Joe needs to wait in the hall. We\u2019re good. One condition: you can\u2019t kick ME out, because I have to grade the presentation.\u201d\n\nSeveral students have told me that they feel much better about final oral exams (next week, thank the dear and fluffy L-rd!) after that chat.",
      "created_utc": 1749732754.0,
      "score": 10,
      "permalink": "/r/Teachers/comments/1l9abs9/it_all_went_to_sht_once_we_started_protecting/mxdfmwf/",
      "is_submitter": false,
      "edited": false,
      "stickied": false
    },
    {
      "id": "mxd9b3u",
      "author": "MiaWhereas846",
      "body": "Not \"horrid\" at all. Students leave core courses like English all the time with and without an appointment simply bc they want to \"talk\" with someone about feelings that they should learn to manage, not trauma. I get trauma. I had horrible trauma as a teen. I was of the 'keep it to yourself era,' but that doesn't make me hardened to our kids' needs. I speak with any kid who looks out of sorts/off from their usual, and send them to guidance if it seems untenable. However, many kids go to the guidance office to hang out or get out of their core classes, esp high school students who've learned to glitch the system.",
      "created_utc": 1749730403.0,
      "score": 7,
      "permalink": "/r/Teachers/comments/1l9abs9/it_all_went_to_sht_once_we_started_protecting/mxd9b3u/",
      "is_submitter": false,
      "edited": false,
      "stickied": false
    },
    {
      "id": "mxd7k7s",
      "author": "rigbysgirl13",
      "body": "My psychology professor for Developmental used the mommommom as a specific example of what *not* to do as parents. You teach them to wait.",
      "created_utc": 1749729714.0,
      "score": 5,
      "permalink": "/r/Teachers/comments/1l9abs9/it_all_went_to_sht_once_we_started_protecting/mxd7k7s/",
      "is_submitter": false,
      "edited": false,
      "stickied": false
    },
    {
      "id": "mxdlbwk",
      "author": "Nearby-Poetry-5060",
      "body": "It's because parents are lower ranking than their children on the primate social hierarchy. They've totally dominated their parents. We've lost the plot.\u00a0",
      "created_utc": 1749734701.0,
      "score": 5,
      "permalink": "/r/Teachers/comments/1l9abs9/it_all_went_to_sht_once_we_started_protecting/mxdlbwk/",
      "is_submitter": false,
      "edited": false,
      "stickied": false
    },
    {
      "id": "mxdygwt",
      "author": "Careless-Dark-1324",
      "body": "Of course not, they were raised on social media being the norm, where you broadcast every internal thought and moment of your day/life. Everything they do is like there\u2019s a camera on them and they\u2019re the main star at all times lol.",
      "created_utc": 1749738782.0,
      "score": 2,
      "permalink": "/r/Teachers/comments/1l9abs9/it_all_went_to_sht_once_we_started_protecting/mxdygwt/",
      "is_submitter": false,
      "edited": false,
      "stickied": false
    },
    {
      "id": "mxcpnx9",
      "author": "Norm_Standart",
      "body": "\"turns on my AI alarms\" shouldn't be taken literally, lmao.",
      "created_utc": 1749721098.0,
      "score": 10,
      "permalink": "/r/Teachers/comments/1l9abs9/it_all_went_to_sht_once_we_started_protecting/mxcpnx9/",
      "is_submitter": false,
      "edited": false,
      "stickied": false
    },
    {
      "id": "mxdfwey",
      "author": "fourth_and_long",
      "body": "I\u2019m not familiar with the co-teaching models. I\u2019m going to have to look this up as clearly my training was non-existent before any time I co-taught.",
      "created_utc": 1749732845.0,
      "score": 2,
      "permalink": "/r/Teachers/comments/1l9abs9/it_all_went_to_sht_once_we_started_protecting/mxdfwey/",
      "is_submitter": false,
      "edited": false,
      "stickied": false
    },
    {
      "id": "mxdj0dx",
      "author": "cheesyblasta",
      "body": "This is amazing! Thanks, I'm going to borrow this!",
      "created_utc": 1749733921.0,
      "score": 1,
      "permalink": "/r/Teachers/comments/1l9abs9/it_all_went_to_sht_once_we_started_protecting/mxdj0dx/",
      "is_submitter": false,
      "edited": false,
      "stickied": false
    },
    {
      "id": "mxd8nha",
      "author": "Grateful_Tiger",
      "body": "I know there was a certain humor in stating it.  But, in fact, this really does happen routinely\n\nThe only true AI indicator is asking the purported author about vocabulary, attributed sources, short thematic description in own words, and so forth. Also is there a record of this work coming into existence, or did it suddenly appear in its perfection\n\nBut doing this is so stressful and embarrassing to the student that admin sometimes even scolds the teacher for being too hard on the \"poor baby\".  And hardly ever fails them, or lets them reap the consequences of plagiarized submissions",
      "created_utc": 1749730148.0,
      "score": 1,
      "permalink": "/r/Teachers/comments/1l9abs9/it_all_went_to_sht_once_we_started_protecting/mxd8nha/",
      "is_submitter": false,
      "edited": false,
      "stickied": false
    }
  ],
  "relevance": {
    "score": 10,
    "user_type": "parent",
    "pain_points": [
      "some constancy/familiarity in the people around them is good for kids) the em dash (\u2014) usage turns on my ai alarms every time i see it, but i\u2019m guessing you just used it to punch up your writing? this! exactly this! helping students who have severe anxiety absolutely need help",
      "without facing difficulty, kids are not learning or growing",
      "they need support and structure in order to meet those challenges - that includes behavioral expectations and socioemotional challenges, too",
      "these kids are hitting college and jobs and are overwhelmed and they are losing it"
    ],
    "keywords_found": [
      "504",
      "emotional regulation",
      "transition",
      "routine",
      "toddler",
      "behavior management"
    ],
    "sentiment_score": -0.981,
    "age_relevance": false,
    "urgency_level": "high",
    "competitive_mentions": [],
    "timestamp": "2025-06-12T15:01:54.656057"
  }
}