{
  "subreddit": "Montessori",
  "post": {
    "id": "1kzd09e",
    "title": "Mixed ages in classroom",
    "author": "NightOwlLia",
    "created_utc": 1748633029.0,
    "score": 3,
    "num_comments": 20,
    "url": "https://www.reddit.com/r/Montessori/comments/1kzd09e/mixed_ages_in_classroom/",
    "selftext": "Hi everyone, I\u2019m a new mom to an  11 month old and we are about to enroll her in daycare. Of course we fell in love with our local Montessori school and even though it\u2019s out of our price range, we are considering it. The one thing I\u2019m hesitant around is the Montessori approach to mixed ages in the classrooms. In the school, she would be in a class with kids up to around 2 1/2. I think this will be great for her development now so that she can learn and observe from the older kids, but I\u2019m wondering how this will be as she ages and she\u2019s the oldest in her class. Can anyone speak to how this played out for your child? Did being in a class with younger students have any negative impacts down the line?"
  },
  "comments": [
    {
      "id": "mv4k44b",
      "author": "m1e1o1w",
      "body": "The benefit of being oldest in the class is that they gain pride and confidence from being a leader. They also can give lessons to students instead of a teacher.",
      "created_utc": 1748634668.0,
      "score": 57,
      "permalink": "/r/Montessori/comments/1kzd09e/mixed_ages_in_classroom/mv4k44b/",
      "is_submitter": false,
      "edited": 1748636267.0,
      "stickied": false
    },
    {
      "id": "mv4whco",
      "author": "SignNew1421",
      "body": "Authentic Montessori has to be mixed ages. If the children are separated by age group it\u2019s not Montessori.",
      "created_utc": 1748638321.0,
      "score": 31,
      "permalink": "/r/Montessori/comments/1kzd09e/mixed_ages_in_classroom/mv4whco/",
      "is_submitter": false,
      "edited": false,
      "stickied": false
    },
    {
      "id": "mv5a1uf",
      "author": "DMJen1987",
      "body": "Montessori infant and toddler teacher of 12 years here :)\n\nThe oldest in the class are the role models and they take their role seriousssssly. They also refine and master their skills by helping their younger classmates/modeling things for them. It is a beautiful symbiotic relationship :)",
      "created_utc": 1748642540.0,
      "score": 27,
      "permalink": "/r/Montessori/comments/1kzd09e/mixed_ages_in_classroom/mv5a1uf/",
      "is_submitter": false,
      "edited": false,
      "stickied": false
    },
    {
      "id": "mv4p0do",
      "author": "kiddothedog2016",
      "body": "In a mixed age classroom the students do learn from each other, but it\u2019s more by observation and through the power of the absorbent mind, rather than older students giving formal lessons to younger students, in an infant/toddler community.\u00a0\n\nI do think there is a sense of pride and\u00a0fulfillment\u00a0older students may gain \u00a0from assisting younger students. Being in a mixed age group can also help children learn gross and fine motor skills, etiquette, and a broad range of social-emotional skills etc etc.\u00a0\n\nI am curious about this school though, do you intend to start your child at 11 months? This is a different age range than I have seen before. In my experience the Nido (or baby community) is 6 weeks - 18 months, while the toddler classroom is 18 months - around 3 years. What is the full age range of the classroom you\u2019re referring to?\u00a0",
      "created_utc": 1748636141.0,
      "score": 11,
      "permalink": "/r/Montessori/comments/1kzd09e/mixed_ages_in_classroom/mv4p0do/",
      "is_submitter": false,
      "edited": false,
      "stickied": false
    },
    {
      "id": "mv5hb5b",
      "author": "Mbluish",
      "body": "You have a lot of good answers here, but I just want to add, the mixed age classroom mimics real life. In your life, you have older ones that are your mentors and younger ones to guide. This is how the classroom works as well.",
      "created_utc": 1748644971.0,
      "score": 8,
      "permalink": "/r/Montessori/comments/1kzd09e/mixed_ages_in_classroom/mv5hb5b/",
      "is_submitter": false,
      "edited": false,
      "stickied": false
    },
    {
      "id": "mv4q8ko",
      "author": "happy_bluebird",
      "body": "Here are the terms to google:\n\nMontessori mixed-age environment\n\nMontessori three-year cycle\n\nMontessori importance of the third year",
      "created_utc": 1748636503.0,
      "score": 9,
      "permalink": "/r/Montessori/comments/1kzd09e/mixed_ages_in_classroom/mv4q8ko/",
      "is_submitter": false,
      "edited": false,
      "stickied": false
    },
    {
      "id": "mv5qn5h",
      "author": "mamamietze",
      "body": "I am an early childhood educator who loves multiage classrooms (even if they are not montessori) and who put her own 4 kids through a non montessori but multi-grade classroom elementary school environment. I love it.  While many parents assume especially in preschool it is the younger children that benefit the most in fact its the older children who blossom the most when it is their turn to be the eldest in the classroom.",
      "created_utc": 1748648133.0,
      "score": 6,
      "permalink": "/r/Montessori/comments/1kzd09e/mixed_ages_in_classroom/mv5qn5h/",
      "is_submitter": false,
      "edited": false,
      "stickied": false
    },
    {
      "id": "mv4s3dk",
      "author": "Wisdumb42",
      "body": "Our three kids had Montessori from preschool through 8th grade.  Loved it.  \n\nGenerally, the mixed ages was great \u2014 giving each child countless opportunities to mimic and learn from older more advanced peers, and also to teach/tutor/mentor their younger peers thereby deepening their own understanding of the task or behavior.  They\u2019ll often readily recall some tricky aspect to a task that they may have struggled with and overcome, and now get to share such discoveries with others.\n\nAlso, sticking with a teacher over multiple years allows for deeper bonds, and allows teachers to better know your child and their development arc.\n\n\u201cMontessori \u2014 The Science Behind the Genius\u201d by Angeline Still Lillard has a chapter, \u201cLearning from Peers\u201d, that covers this aspect and includes studies showing advantages of alternatively being the youngest/middle/oldest.",
      "created_utc": 1748637043.0,
      "score": 3,
      "permalink": "/r/Montessori/comments/1kzd09e/mixed_ages_in_classroom/mv4s3dk/",
      "is_submitter": false,
      "edited": 1748648553.0,
      "stickied": false
    },
    {
      "id": "mv67gys",
      "author": "ccasinnature",
      "body": "To me, the mixed ages has been one of the best parts about our girls going to a Montessori school. They are always motivated and excited to learn new things just from seeing other children master them, and they understand that everyone is at a different place in their \u201clessons\u201d which I think is less pressure than single grade classes. They learn to take care of the spaces around them, as well as be mindful of and helpful to the younger children.\n\nThis wasn\u2019t what you asked, but we had a concern about the price of the school we selected as well. We were able to get tuition assistance 1 out of the 3 years that we have been there, which was great and I would check if your school offers. And I would never suggest anyone do something that is truly outside of their budget but for us, it has been worth it especially for the Nido/Toddler and Primary levels.",
      "created_utc": 1748654242.0,
      "score": 3,
      "permalink": "/r/Montessori/comments/1kzd09e/mixed_ages_in_classroom/mv67gys/",
      "is_submitter": false,
      "edited": false,
      "stickied": false
    },
    {
      "id": "mv7ia0v",
      "author": "angelaimes",
      "body": "So many great answers here. I can also share my personal experience as a Mom of four kids who all spent their EC and Elementary years in an accredited Montessori school. To me the mixed age philosophy is one of my favorite things about Montessori. I watched my kids repeat the cycle of receiving support from their older peers to give support to their older peers over and over again and watched them learn so much from it. Some of the things I observed from this:\n\n- Sometimes it's easier or faster to learn something  another child shows you than from an adult. \n- Teaching others is a powerful way to solidify your own knowledge. \n- My middle and younger children have strong leadership and advocacy skill less commonly seen in younger siblings. \n- Kids don't all learn at the same pace/ timing and the mutli-age environment makes it more natural for kids to have a range of years to work on developmentally appropriate skills as the are ready instead expecting the exact same skills at the exact same age.",
      "created_utc": 1748675540.0,
      "score": 3,
      "permalink": "/r/Montessori/comments/1kzd09e/mixed_ages_in_classroom/mv7ia0v/",
      "is_submitter": false,
      "edited": false,
      "stickied": false
    },
    {
      "id": "mv4xsp8",
      "author": "amusiafuschia",
      "body": "It\u2019s unlikely that it would have any negative effect if it\u2019s a quality program! My daughter did have a bit of a tough time being the oldest in her group, but there was also a weird age gap in her class where she was the youngest of a big group all born in a 6 week span and then the next oldest kid was two months younger\u2026when you\u2019re only 2 that\u2019s a big difference! She was sad that her friends moved on without her but otherwise fine and enjoyed being a big kid/leader!",
      "created_utc": 1748638710.0,
      "score": 1,
      "permalink": "/r/Montessori/comments/1kzd09e/mixed_ages_in_classroom/mv4xsp8/",
      "is_submitter": false,
      "edited": false,
      "stickied": false
    },
    {
      "id": "mv85x2o",
      "author": "AccurateComfort2975",
      "body": "I think this is one of the best things - everytime you get a new position in a group, where sometimes you are the youngest and newest and you get to learn and mimic, but then you progress to being the oldest and are the more experienced, more confident one who can show and help others. And you'll cycle through those relative positions a few times. (Where in a normal family but also single age based classes you will always hold the same position.)",
      "created_utc": 1748689530.0,
      "score": 1,
      "permalink": "/r/Montessori/comments/1kzd09e/mixed_ages_in_classroom/mv85x2o/",
      "is_submitter": false,
      "edited": false,
      "stickied": false
    },
    {
      "id": "mvb0dun",
      "author": "Snoo-88741",
      "body": "Studies on social skills by birth order have shown that *both* older and younger siblings outperform only children and children who have a twin but no other sibling.\n\n\nInteracting with older children pushes the kid to try things that are just slightly beyond their developmental level, while relating to someone who isn't as good at scaffolding as an adult is.\n\n\nInteracting with younger children pushes the kid to accurately gauge others' abilities and level of understanding and learn how to explain things at a simpler level to someone who doesn't already understand them.\n\n\nBoth are valuable learning experiences.\u00a0",
      "created_utc": 1748724318.0,
      "score": 1,
      "permalink": "/r/Montessori/comments/1kzd09e/mixed_ages_in_classroom/mvb0dun/",
      "is_submitter": false,
      "edited": false,
      "stickied": false
    },
    {
      "id": "mvd27h0",
      "author": "iheartunibrows",
      "body": "My son was the youngest when we enrolled him in Montessori (18 months at the time). And the older kids LOVED helping him. And they were so gentle and understanding that he was still little and that sometimes he grabs things and sometimes he doesn\u2019t want to share. And now my son is 22 months and already seeing him behave in similar ways.",
      "created_utc": 1748751588.0,
      "score": 1,
      "permalink": "/r/Montessori/comments/1kzd09e/mixed_ages_in_classroom/mvd27h0/",
      "is_submitter": false,
      "edited": false,
      "stickied": false
    },
    {
      "id": "mveu8vo",
      "author": "kyamh",
      "body": "We aren't in a Montessori group but in a small at home daycare where all kids are together. My kids have taken turns being the youngest and the oldest and I think it is wonderful. They learn to play with kids across age ranges, be gentle with littles, stay away from big kid projects when they need to, etc.",
      "created_utc": 1748784702.0,
      "score": 1,
      "permalink": "/r/Montessori/comments/1kzd09e/mixed_ages_in_classroom/mveu8vo/",
      "is_submitter": false,
      "edited": false,
      "stickied": false
    },
    {
      "id": "mvpz456",
      "author": "happy_bluebird",
      "body": "Do some reading on Montessori mixed age environments and the planes of development\u00a0",
      "created_utc": 1748928275.0,
      "score": 1,
      "permalink": "/r/Montessori/comments/1kzd09e/mixed_ages_in_classroom/mvpz456/",
      "is_submitter": false,
      "edited": false,
      "stickied": false
    },
    {
      "id": "mw4qc41",
      "author": "Fluffernutterpie",
      "body": "In addition to the leadership and confidence that being the oldest has given her, my daughter is also far more willing to push herself when she is helping a younger friend.\n\n\nWhen reading to an adult my kid will get overwhelmed and feel frustrated and want to give up by the third challenging word.\u00a0 But when the youngest friend in the class brings her a book and silently holds it out asking her to read it, my kid will sit and keep trying.\u00a0\u00a0\n\n\nShe is a strong reader for her age in large part because her youngest peers are sitting at attention with wide, unhurried, non judgemental eyes.\u00a0 They don't even know what \"thorough\" means and they have no idea when she reads it as \"frogs\" that she didn't read it right.\u00a0 So she keeps trying.",
      "created_utc": 1749129873.0,
      "score": 1,
      "permalink": "/r/Montessori/comments/1kzd09e/mixed_ages_in_classroom/mw4qc41/",
      "is_submitter": false,
      "edited": false,
      "stickied": false
    },
    {
      "id": "mv8v92t",
      "author": "daniwhizbang",
      "body": "I\u2019ve been subbing at a HGE Montessori, and the oldest in CH is very confrontational and mean to almost everyone unless she actively chooses for them to be in her space \ud83e\udd72  \nGranted there\u2019s been a lot of change, as her family welcomed a new baby in the last several months, but she is constantly picking fights with the second oldest in the class, and she says she \u201chates being around a bunch of babies.\u201d   \nAny advice that could help the day go smoother? I know she wants to have positive validation but she consistently chooses the negative attention, no matter what we do.",
      "created_utc": 1748700035.0,
      "score": 0,
      "permalink": "/r/Montessori/comments/1kzd09e/mixed_ages_in_classroom/mv8v92t/",
      "is_submitter": false,
      "edited": false,
      "stickied": false
    },
    {
      "id": "mv9c479",
      "author": "AccurateComfort2975",
      "body": "If possible: perhaps she can go visit to groups with older children? I also don't think that it's 'no matter what we do' so I think there's more to observe.\n\nIt's also interesting to consider what she's asking with her statement about not being around 'a bunch of babies' because I think it can be about 2 different emotional needs: the one where she is feeling held back, and has to adjust too much to baby-things in the house where she is ready to move on. But the other is the exact opposite, where she feels she's pushed out of the emotional comfort too fast, being asked to be the oldest too much, and she actually needs to be seen and comforted more.\n\nBut to be the younger one in a generally older group would probably give both. (And it seems so fitting - when the home situation changes, it seems that she wants to balance it out.)\n\nI don't know what's possible of course, but perhaps any of this could lead you somewhere.",
      "created_utc": 1748705413.0,
      "score": 5,
      "permalink": "/r/Montessori/comments/1kzd09e/mixed_ages_in_classroom/mv9c479/",
      "is_submitter": false,
      "edited": false,
      "stickied": false
    },
    {
      "id": "mva8q4c",
      "author": "daniwhizbang",
      "body": "I would love that for her, and fortunately she is starting Kindergarten in August. Unfortunately, Children\u2019s House is as far as my school goes (we don\u2019t have a Montessori elementary program where I am) so she is THE oldest in the school and outside of having her shadow the adults all the time, she\u2019s the one who is \u201csetting the examples\u201d and it\u2019s having a ripple effect on those coming up behind her.  \nI do see where you\u2019re coming from on her perspective on emotional needs. This is a trying time for her so I\u2019ve been trying to approach it with mindfulness when I am assisting in the classroom.",
      "created_utc": 1748715569.0,
      "score": 1,
      "permalink": "/r/Montessori/comments/1kzd09e/mixed_ages_in_classroom/mva8q4c/",
      "is_submitter": false,
      "edited": false,
      "stickied": false
    }
  ],
  "relevance": {
    "score": 10,
    "user_type": "parent",
    "pain_points": [
      "when reading to an adult my kid will get overwhelmed and feel frustrated and want to give up by the third challenging word",
      "when reading to an adult my kid will get overwhelmed and feel frustrated and want to give up by the third challenging word"
    ],
    "keywords_found": [
      "social-emotional",
      "preschool",
      "kindergarten",
      "early childhood",
      "toddler"
    ],
    "sentiment_score": 0.9998,
    "age_relevance": true,
    "urgency_level": "low",
    "competitive_mentions": [],
    "timestamp": "2025-06-12T15:08:15.977694"
  }
}