{
  "subreddit": "learningdisabilities",
  "post": {
    "id": "10lpw14",
    "title": "Looking for students with dyslexia to participate in a research study - can you help?",
    "author": "None",
    "created_utc": 1674733234.0,
    "score": 9,
    "num_comments": 3,
    "url": "https://www.reddit.com/r/LearningDisabilities/comments/10lpw14/looking_for_students_with_dyslexia_to_participate/",
    "selftext": "Hi everyone, \n\nI am looking for participants for a dyslexia study looking at what it\u2019s like to study at university with dyslexia in the UK. I am interested in talking to anyone with a diagnosis of dyslexia who is currently studying full-time, or has graduated in the past five years. The research will involve me interviewing you online at a convenient time for you and is a chance for you to talk about what has worked for you? or not worked? and anything else that you think is important. \n\nPlease contact me here or by email at [brookc2@coventry.ac.uk](mailto:brookc2@coventry.ac.uk) if you are interested and for more details. This research has been approved by Coventry University Ethics Committee, reference P139935. \n\nI would love to hear from you. Thank you.\n\nThere will be different sections to the interview. Initially I will ask you about any learning challenges you have experienced and any impact this has had on academic participation. Secondly, I will ask you what your strengths and coping mechanisms for accessing learning are. Thirdly I will ask what learning support was available to you through university and how you accessed it, before a fourth section asking you which curricular adjustments you view as most beneficial. Lastly, I will ask you for your ideas or recommendations for how your learning environment could be improved. I will finish by  checking whether there is anything that you want to discuss or talk about in more detail."
  },
  "comments": [
    {
      "id": "j78lw9j",
      "author": "randomwords2003",
      "body": "I'm interested in helping",
      "created_utc": 1675549756.0,
      "score": 1,
      "permalink": "/r/LearningDisabilities/comments/10lpw14/looking_for_students_with_dyslexia_to_participate/j78lw9j/",
      "is_submitter": false,
      "edited": false,
      "stickied": false
    },
    {
      "id": "jft9dzn",
      "author": "None",
      "body": "Sure I'm in",
      "created_utc": 1681210881.0,
      "score": 1,
      "permalink": "/r/LearningDisabilities/comments/10lpw14/looking_for_students_with_dyslexia_to_participate/jft9dzn/",
      "is_submitter": false,
      "edited": false,
      "stickied": false
    }
  ],
  "relevance": {
    "score": 9,
    "user_type": "other",
    "pain_points": [
      "hi everyone, \n\ni am looking for participants for a dyslexia study looking at what it\u2019s like to study at university with dyslexia in the uk",
      "lastly, i will ask you for your ideas or recommendations for how your learning environment could be improved",
      "initially i will ask you about any learning challenges you have experienced and any impact this has had on academic participation"
    ],
    "keywords_found": [],
    "sentiment_score": 0.9901,
    "age_relevance": false,
    "urgency_level": "low",
    "competitive_mentions": [],
    "timestamp": "2025-06-12T15:07:14.940283"
  }
}