{
  "subreddit": "specialed",
  "post": {
    "id": "1l5aaip",
    "title": "Guidelines for when school funding and staffing can't be overcome",
    "author": "throwfarfaraway1818",
    "created_utc": 1749263654.0,
    "score": 55,
    "num_comments": 33,
    "url": "https://www.reddit.com/r/specialed/comments/1l5aaip/guidelines_for_when_school_funding_and_staffing/",
    "selftext": "Hey all. Cards on the table, I'm not a professional in the special ed sphere OR a parent, but one thing I see in this group leaves me with one burning unanswered question. \n\nI'm aware that courts have ruled that funding and staffing cannot be reasons to not fulfill an IEP. However, what are the practical applications of this?\n\nIf a school, perhaps in a rural area or for other reasons, cannot find adequate staffing or afford to assign more resources to an individual student (as we all know schools in the US are funded at abysmally low rates), what is a reasonable expectation for the school in helping a child with high needs? \n\nA few examples:\n\n-a school cannot hire a 1:1 aide due to being in a rural area. They assign more funding and increase the wage, but still fail to draw qualified applicants \n\n-a school has an unexpectedly high volume of special education students one year, and can't afford specialized services for all of them\n\n-high need children requiring 1:1 aide can be violent in some situations. If a child continously harms their support individual to the extent all members of staff refuse to work with that child\n\nThese are just examples that I've thought of that could cause complications. I know these are not considered excuses for failing to meet requirements, but what can a school do, realistically? If referring the child out to a specialized education program they typically have to pay for travel and possibly the program, no? If funding was already a large issue, how do they make this work without cutting necessary funding in other areas? Is there a mechanism where a public school can require the government to better fund them in order to offer necessary services, or something similar?\n\n"
  },
  "comments": [
    {
      "id": "mwfhi64",
      "author": "RampPistou",
      "body": "I\u2019m a former special educator.  We\u2019d write the IEP in a way that was acceptable to admin, and then tell parents to complain.  If we complained, we\u2019d be considered insubordinate and admin would hate us.  If parents complained, they were being good advocates for their child and just wanted what was best for them.  Don\u2019t even get me started about specialized programs being \u201cfull.\u201d  FAPE much?  It felt like a complex charade, with lots of meetings and a ton of wasted time.",
      "created_utc": 1749265055.0,
      "score": 85,
      "permalink": "/r/specialed/comments/1l5aaip/guidelines_for_when_school_funding_and_staffing/mwfhi64/",
      "is_submitter": false,
      "edited": false,
      "stickied": false
    },
    {
      "id": "mwfi9bd",
      "author": "ButtonholePhotophile",
      "body": "The law is very idealized. In truth, schools exist in the same world as everyone else. Programs are designed with certain limits. Outside those limits, either the program needs to be changed or an outside service needs to come in. I have seen both.\u00a0\n\nIf it\u2019s really bad in the accounting side, I suppose a district has to close. I haven\u2019t seen that.\u00a0",
      "created_utc": 1749265366.0,
      "score": 39,
      "permalink": "/r/specialed/comments/1l5aaip/guidelines_for_when_school_funding_and_staffing/mwfi9bd/",
      "is_submitter": false,
      "edited": false,
      "stickied": false
    },
    {
      "id": "mwfo0n8",
      "author": "daydreamingofsleep",
      "body": "I live in a metro area, one of the area districts had their SPED contained classes shut down for continued negligence. They now pay a neighboring district to take their students. I believe that was a combo DoE and state decision.",
      "created_utc": 1749267802.0,
      "score": 15,
      "permalink": "/r/specialed/comments/1l5aaip/guidelines_for_when_school_funding_and_staffing/mwfo0n8/",
      "is_submitter": false,
      "edited": false,
      "stickied": false
    },
    {
      "id": "mwful03",
      "author": "HiddenJon",
      "body": "The first thing to understand is that only items that are available are offered.   The only time it is an issue is when the parents push for something that the school can not provide.   The school has at least five people against the parent.   It is hard to battle against five people who represent the school. \n\nIf the school fails to deliver the program that the school wrote, the parent have to find out.  The school did not call up the parent and say,  Johnny did not get his speech minutes cause our Speech Language Patholigist was on maternity leave for 16 weeks.  \n\nOnce the parent finds out,  they then have to file a grievance (state complaint or due process request or just an IEP meeting).  The cure is compensatory minutes to make up for what was missed.   The district pays for private services or just forces the provider to do it over the summer. \n\nMost items go unnoticed by the parent and get washed under the table.",
      "created_utc": 1749270786.0,
      "score": 27,
      "permalink": "/r/specialed/comments/1l5aaip/guidelines_for_when_school_funding_and_staffing/mwful03/",
      "is_submitter": false,
      "edited": false,
      "stickied": false
    },
    {
      "id": "mwfmgkf",
      "author": "bsiekie",
      "body": "Offer compensatory services",
      "created_utc": 1749267120.0,
      "score": 8,
      "permalink": "/r/specialed/comments/1l5aaip/guidelines_for_when_school_funding_and_staffing/mwfmgkf/",
      "is_submitter": false,
      "edited": false,
      "stickied": false
    },
    {
      "id": "mwftggc",
      "author": "stay_curious_-",
      "body": ">a school cannot hire a 1:1 aide due to being in a rural area. They assign more funding and increase the wage, but still fail to draw qualified applicants \n\nIf a rural area can find teachers and nurses, it's difficult to say they can't find aides. The difference is the pay. On an emergency basis (like when court ordered), a school can hire an RN through a staffing agency who will be there tomorrow and more than happy to make $40/hr as a 1:1 aide.\n\nThe root problem is that special education is federally mandated but not federally funded, and schools are left to find a way to make it work, even if the money just isn't there.",
      "created_utc": 1749270260.0,
      "score": 24,
      "permalink": "/r/specialed/comments/1l5aaip/guidelines_for_when_school_funding_and_staffing/mwftggc/",
      "is_submitter": false,
      "edited": false,
      "stickied": false
    },
    {
      "id": "mwixo2t",
      "author": "Patient-Virus-1873",
      "body": "The short answer is that there are no real guidelines. What usually happens is that the IEP is written as though there is plenty of staffing and funding, then it just gets violated all over the place.\n\nFor example, last year we were a SPED teacher short and all the lower grade GENED teachers were new and their classroom management ranged from amateurish to non-existent. So the whole K-3 side of the school was basically a zoo. To combat this, admin decided that all behavior issues for SPED kids were due to frustration with the difficulty of the material, and more-or-less mandated they be pulled out of reading, English, and math entirely, plus social studies and science if they could find any way to justify it. Overnight, almost every kid in K-3 with an IEP went from being in resource 60-90m every day, to being in resource 140-210m every day. \n\nThe IEPs all talked about how this \"intensive specially designed, small group instruction\" would help with behavior and academics, but the reality was 20-25 kids sitting in resource half the day with one first year SPED teacher expected to plan and teach all GENED subjects plus IEP goals across four grades and five different subjects. It basically turned the special education setting into a glorified daycare. Most of those kids would have been better off if their parents had just revoked services and left them in GENED, which is the case with a lot of students, TBH. SPED done right is a godsend for kids with disabilities of all kinds, but SPED done badly doesn't help anybody and tends to actually be detrimental for kids with milder disabilities.",
      "created_utc": 1749319230.0,
      "score": 5,
      "permalink": "/r/specialed/comments/1l5aaip/guidelines_for_when_school_funding_and_staffing/mwixo2t/",
      "is_submitter": false,
      "edited": false,
      "stickied": false
    },
    {
      "id": "mwfkzxq",
      "author": "Cloud13181",
      "body": "They take the money from somewhere else and either hire or pay to send the student somewhere else where they can get the requirements in their IEP met. There is no other option unless you can't run the school anymore due to lack of funding and close up shop. The states also usually have some grants to help fund alternative placement if necessary. \n\nIf you do not do what you're supposed to for the kids with IEPs, you can lose all your federal funding so you would be in a worse place financially than before.",
      "created_utc": 1749266486.0,
      "score": 13,
      "permalink": "/r/specialed/comments/1l5aaip/guidelines_for_when_school_funding_and_staffing/mwfkzxq/",
      "is_submitter": false,
      "edited": 1749266698.0,
      "stickied": false
    },
    {
      "id": "mwfp9w7",
      "author": "Haunting_Turnover_82",
      "body": "1:1 ratio is not an acceptable request. I only know of 1 student who had that level of support and he was in a group home and no longer in school (he had completed his education at 22). I worked at a center-based school where every student had a disability. We had enough support to meet all the needs for the students. I dealt with runners, students who were aggressive, feeding kids, diapering, toilet training, and the list goes on. Even it\u2019s all the needs each student had, no one was given 1:1 on their IEP. We had over 200 students and our parr\u2019s were given subs.",
      "created_utc": 1749268357.0,
      "score": 9,
      "permalink": "/r/specialed/comments/1l5aaip/guidelines_for_when_school_funding_and_staffing/mwfp9w7/",
      "is_submitter": false,
      "edited": false,
      "stickied": false
    },
    {
      "id": "mwh3f1u",
      "author": "newsnewsnews111",
      "body": "Just wanted to point out that while the vast majority of states under-fund their schools, several states do not. In my state we pay very high property taxes and most of it goes to the schools.",
      "created_utc": 1749296318.0,
      "score": 6,
      "permalink": "/r/specialed/comments/1l5aaip/guidelines_for_when_school_funding_and_staffing/mwh3f1u/",
      "is_submitter": false,
      "edited": false,
      "stickied": false
    },
    {
      "id": "mwjicgd",
      "author": "SecondCreek",
      "body": "Our district in a relatively affluent suburban area is a magnet for parents with kids with special needs given the extensive services and programs that are offered. \n\nHowever the district struggles to hire enough social workers and aides to keep up with the growth in the SPED population from parents with special needs children moving into the district. The pay is relatively poor for the aides, and it is hard to hire enough drivers for the SPED buses. \n\nProperty taxes are already quite high and the bulk of them go to the local school district so there is pushback on raising them even higher. \n\nYes, the district has to pay the costs for not only the tuition to an alternative school for a child who is placed out but also the transportation. It is a last resort. One of the schools finally placed out a boy who had severe behavioral issues and was extremely distruptive including threatening others but it took a year of careful documentation before it occured. \n\nIt's a dilemma.",
      "created_utc": 1749325935.0,
      "score": 4,
      "permalink": "/r/specialed/comments/1l5aaip/guidelines_for_when_school_funding_and_staffing/mwjicgd/",
      "is_submitter": false,
      "edited": false,
      "stickied": false
    },
    {
      "id": "mwfhtq4",
      "author": "BaconEggAndCheeseSPK",
      "body": "They get sued, they lose, and they find the money.",
      "created_utc": 1749265188.0,
      "score": 8,
      "permalink": "/r/specialed/comments/1l5aaip/guidelines_for_when_school_funding_and_staffing/mwfhtq4/",
      "is_submitter": false,
      "edited": false,
      "stickied": false
    },
    {
      "id": "mwhv8c3",
      "author": "TictacTyler",
      "body": "The IEP is written in a way that works for the district. Placement is determined by what the staffing has. \n\nThere was a shift from co-teaching social studies as in having a social studies teacher with a special ed teacher (who typically but not always was social studies certified), to now just having a social studies teacher with a classroom para.",
      "created_utc": 1749307117.0,
      "score": 2,
      "permalink": "/r/specialed/comments/1l5aaip/guidelines_for_when_school_funding_and_staffing/mwhv8c3/",
      "is_submitter": false,
      "edited": false,
      "stickied": false
    },
    {
      "id": "mx0ewxz",
      "author": "ispyx",
      "body": "The laws are made without care if they are unsustainable, because for the most part, if the programming is inappropriate then only those with privilege can do anything about. Ya know just like everything else in our country - capitalism baby",
      "created_utc": 1749561229.0,
      "score": 2,
      "permalink": "/r/specialed/comments/1l5aaip/guidelines_for_when_school_funding_and_staffing/mx0ewxz/",
      "is_submitter": false,
      "edited": false,
      "stickied": false
    },
    {
      "id": "mwpya47",
      "author": "Zappagrrl02",
      "body": "If the district doesn\u2019t have the resources to meet the student\u2019s needs they are required to pay for placement somewhere that will.  Parents will probably have to file due process or sue to get that fulfilled.\n\nIn my experience, most districts aren\u2019t willing to be creative in the way they solve their issues.  As soon as a student shows any challenges, they try to get them removed, often through illegal disciplinary tactics.",
      "created_utc": 1749416371.0,
      "score": 1,
      "permalink": "/r/specialed/comments/1l5aaip/guidelines_for_when_school_funding_and_staffing/mwpya47/",
      "is_submitter": false,
      "edited": false,
      "stickied": false
    },
    {
      "id": "mwr3vjv",
      "author": "Trayse",
      "body": "In reality the district will refuse to add things to the IEP that are too expensive and try to get as many kids off IEPs as they can without trying to conform to the law. It is extremely time/energy intensive for parents to do a complaint and 99% of the time the state will find for the school. If they are found to have done wrong they just need to do some training and comp ed which costs less than doing the right thing and they get away with most of it because parents aren't experts and dont know its wrong or what they can do about it. If they dont put it on the IEP they dont have to do it. Who has the last say if there is a disagreement (unless courts get involved)? The district. The one who doesn't want to do it because money and they dont have any interactions with kids. \n\nSo to answer your question... the kids suffer if the district wont give funding.",
      "created_utc": 1749430671.0,
      "score": 1,
      "permalink": "/r/specialed/comments/1l5aaip/guidelines_for_when_school_funding_and_staffing/mwr3vjv/",
      "is_submitter": false,
      "edited": false,
      "stickied": false
    },
    {
      "id": "mwnu9uf",
      "author": "Curious_Spirit_8780",
      "body": "I agree 100%! I would get called out by my APEIS during the IEP meeting. Parents have to be the ones to advocate for their child. I teach in a special education preschool program. The district packed my classroom, then told me to move kids out to other classrooms at a different school, which, of course, were full as well! It\u2019s a mess!",
      "created_utc": 1749393150.0,
      "score": 4,
      "permalink": "/r/specialed/comments/1l5aaip/guidelines_for_when_school_funding_and_staffing/mwnu9uf/",
      "is_submitter": false,
      "edited": false,
      "stickied": false
    },
    {
      "id": "mwfit3y",
      "author": "99Smiles",
      "body": "My district has been on nationwide news for budget cuts and like superintendent and 3 other board members have resigned and are being investigated for fraud so......\nBut my city of 80,000 isn't gonna close a district down",
      "created_utc": 1749265587.0,
      "score": 17,
      "permalink": "/r/specialed/comments/1l5aaip/guidelines_for_when_school_funding_and_staffing/mwfit3y/",
      "is_submitter": false,
      "edited": 1749265835.0,
      "stickied": false
    },
    {
      "id": "mwh8dbl",
      "author": "nkdeck07",
      "body": "There's been instances of families being essentially run out of town in small districts in NH",
      "created_utc": 1749298605.0,
      "score": 6,
      "permalink": "/r/specialed/comments/1l5aaip/guidelines_for_when_school_funding_and_staffing/mwh8dbl/",
      "is_submitter": false,
      "edited": false,
      "stickied": false
    },
    {
      "id": "mwhe0mv",
      "author": "Deep-Exercise-3460",
      "body": "Reminds me of a teacher who constantly had UTIs because she had no paras and was routinely on her own in a rural school. She eventually left- even took a pay cut",
      "created_utc": 1749300951.0,
      "score": 7,
      "permalink": "/r/specialed/comments/1l5aaip/guidelines_for_when_school_funding_and_staffing/mwhe0mv/",
      "is_submitter": false,
      "edited": false,
      "stickied": false
    },
    {
      "id": "mwhdrh2",
      "author": "Medphysma",
      "body": "Special education IS federally funded. The feds gave $13 billion to states in FY 2021 for special education.",
      "created_utc": 1749300851.0,
      "score": 8,
      "permalink": "/r/specialed/comments/1l5aaip/guidelines_for_when_school_funding_and_staffing/mwhdrh2/",
      "is_submitter": false,
      "edited": false,
      "stickied": false
    },
    {
      "id": "mwlj11z",
      "author": "solomons-mom",
      "body": "Many rural areas do not need to find nurses because there are no hospitals or clinics. \n \nHave you ever been to the non-tourist parts of New Mexico, Nevada, West Texas, or the western end of the Great Plains?  How about the north woods of Maine, the UP or Minnesota north of Lake Superior?   Not even staffing agencies will find many qualified people willing to get paid $40/hr for a 7.5 hour day when it is a two-hour drive each way in the winter.  Sure some people will do a few days here or there, but only when there is nothing else available.  Even then if the student has difficult behaviors, it would be a one-day-only job.",
      "created_utc": 1749352559.0,
      "score": 2,
      "permalink": "/r/specialed/comments/1l5aaip/guidelines_for_when_school_funding_and_staffing/mwlj11z/",
      "is_submitter": false,
      "edited": false,
      "stickied": false
    },
    {
      "id": "mwg4qyi",
      "author": "NYY15TM",
      "body": "Federal funding isn't all that impressive",
      "created_utc": 1749276037.0,
      "score": 9,
      "permalink": "/r/specialed/comments/1l5aaip/guidelines_for_when_school_funding_and_staffing/mwg4qyi/",
      "is_submitter": false,
      "edited": false,
      "stickied": false
    },
    {
      "id": "mwge6yf",
      "author": "Littlelungss",
      "body": "It\u2019s really crazy how some districts hand out 1:1 as soon as advocate gets involved. I\u2019m always like that\u2019s the most restrictive you can get ! Like you said most of these students aren\u2019t extremely violent or anything. Just for mild attention/ behavioral issues. Yikes. Some parents think that their child getting a 1:1 automatically means their child will be better off because they will have more attention.  No matter how much we try to explain LRE to them.",
      "created_utc": 1749281561.0,
      "score": 16,
      "permalink": "/r/specialed/comments/1l5aaip/guidelines_for_when_school_funding_and_staffing/mwge6yf/",
      "is_submitter": false,
      "edited": 1749281772.0,
      "stickied": false
    },
    {
      "id": "mwg4pdy",
      "author": "NYY15TM",
      "body": "In my school a number of students have 1:1, one of them a neighboring district pays us to take",
      "created_utc": 1749276012.0,
      "score": 7,
      "permalink": "/r/specialed/comments/1l5aaip/guidelines_for_when_school_funding_and_staffing/mwg4pdy/",
      "is_submitter": false,
      "edited": false,
      "stickied": false
    },
    {
      "id": "mwh0ce8",
      "author": "motherofTheHerd",
      "body": "I do not know that any are sped specific, but my state has 5 districts on \"intensive support\" due to poor management by their school boards. The most recent was given notice a year ago that was basically a FAFO. And they did... They were notified of being dissolved in May.",
      "created_utc": 1749294772.0,
      "score": 8,
      "permalink": "/r/specialed/comments/1l5aaip/guidelines_for_when_school_funding_and_staffing/mwh0ce8/",
      "is_submitter": false,
      "edited": false,
      "stickied": false
    },
    {
      "id": "mwhflf2",
      "author": "QueenOfMyTrainWreck",
      "body": "And along those lines, there are usually specific programs in each district, but if the best program for your kid is in some other district, they will make sure you know it. Like (it feels like) 95% of the deaf live in Austin, TX, because they have the dedicated school for the deaf. It\u2019s not uncommon to only have to go 1-2 districts over where there\u2019s an existing program that\u2019s better for your kid though.",
      "created_utc": 1749301564.0,
      "score": 11,
      "permalink": "/r/specialed/comments/1l5aaip/guidelines_for_when_school_funding_and_staffing/mwhflf2/",
      "is_submitter": false,
      "edited": false,
      "stickied": false
    },
    {
      "id": "mwp8ak0",
      "author": "Shannon_Foraker",
      "body": "Really?",
      "created_utc": 1749408371.0,
      "score": 1,
      "permalink": "/r/specialed/comments/1l5aaip/guidelines_for_when_school_funding_and_staffing/mwp8ak0/",
      "is_submitter": false,
      "edited": false,
      "stickied": false
    },
    {
      "id": "mwhfwxj",
      "author": "Far-Ad5796",
      "body": "And yet, most districts pay huge chunks out of their general fund for SPED. In my area Federal money covers only like 15-20% of SPED costs. The rest comes from the general fund. It is, functionally, an unfunded mandate.",
      "created_utc": 1749301688.0,
      "score": 22,
      "permalink": "/r/specialed/comments/1l5aaip/guidelines_for_when_school_funding_and_staffing/mwhfwxj/",
      "is_submitter": false,
      "edited": false,
      "stickied": false
    },
    {
      "id": "mwjz3sf",
      "author": "life-is-satire",
      "body": "Federal funding barely covers 10% of my districts special education budget.\n\nWhile $13 billion seems like a lot, it\u2019s only $260,000,000 per state (and we know the bigger states take a larger percentage but we\u2019ll keep it even for purpose of this demonstration.\n\nMichigan has 539 districts. That\u2019s $482,374. A well qualified masters level teacher makes around $120,000 with benefits. So the money each district gets can hire 4 teachers.\n\nAll social workers, OTs, PTs, speech pathologists, and school psychologists require a masters. Special education also requires a qualified administrator and secretary.\n\nI work in a middle school and there are 5 special education teachers and 2.5 paras for about 750 total students with about 80-85 of those main streamed. \n\nWe also have 2 ASD classes (shared with 2 neighboring districts) with 2 more teachers and 6 paras.\n\nJust the teacher salary and benefits is over $800,000.\n\nThat doesn\u2019t even touch curriculum, technology, bussing, heating, cooling, adaptive PE like swimming.",
      "created_utc": 1749331453.0,
      "score": 11,
      "permalink": "/r/specialed/comments/1l5aaip/guidelines_for_when_school_funding_and_staffing/mwjz3sf/",
      "is_submitter": false,
      "edited": false,
      "stickied": false
    },
    {
      "id": "mwhg3l3",
      "author": "nkdeck07",
      "body": "In upstate NH there's often huge catchment areas for k-12 populations of like 500 or fewer students. Absolutely tiny districts that are barely making a go of it (cause the property taxes come to nothing cause the land isn't worth anything) that can be bankrupted by a single family moving in. It's horrific but I also can see the parents side where they need to have their kids educated and 99% of the district funding gets sucked up by a single kid. Granted NH also has a completely backwards way of funding the districts as well",
      "created_utc": 1749301759.0,
      "score": 13,
      "permalink": "/r/specialed/comments/1l5aaip/guidelines_for_when_school_funding_and_staffing/mwhg3l3/",
      "is_submitter": false,
      "edited": false,
      "stickied": false
    },
    {
      "id": "mwp9db5",
      "author": "nkdeck07",
      "body": "It's not exactly common or something you can find news sources on. my mom used to teach in NH and ran into a family that it had happened to (think like minor vandalism of their house and social ostracism)",
      "created_utc": 1749408692.0,
      "score": 1,
      "permalink": "/r/specialed/comments/1l5aaip/guidelines_for_when_school_funding_and_staffing/mwp9db5/",
      "is_submitter": false,
      "edited": false,
      "stickied": false
    },
    {
      "id": "mwqzn0n",
      "author": "Shannon_Foraker",
      "body": "Oh my gosh, I did not know it was that bad.",
      "created_utc": 1749429131.0,
      "score": 1,
      "permalink": "/r/specialed/comments/1l5aaip/guidelines_for_when_school_funding_and_staffing/mwqzn0n/",
      "is_submitter": false,
      "edited": false,
      "stickied": false
    }
  ],
  "relevance": {
    "score": 10,
    "user_type": "teacher",
    "pain_points": [
      "to combat this, admin decided that all behavior issues for sped kids were due to frustration with the difficulty of the material, and more-or-less mandated they be pulled out of reading, english, and math entirely, plus social studies and science if they could find any way to justify it",
      "as soon as a student shows any challenges, they try to get them removed, often through illegal disciplinary tactics"
    ],
    "keywords_found": [
      "special needs",
      "routine",
      "preschool"
    ],
    "sentiment_score": 0.9813,
    "age_relevance": true,
    "urgency_level": "high",
    "competitive_mentions": [],
    "timestamp": "2025-06-12T14:44:34.862481"
  }
}