{
  "subreddit": "ECEProfessionals",
  "post": {
    "id": "1l8tdoh",
    "title": "Are there any books that talk about the process of graduation/graduation itself for preschoolers?",
    "author": "thataverysmile",
    "created_utc": 1749650300.0,
    "score": 2,
    "num_comments": 2,
    "url": "https://www.reddit.com/r/ECEProfessionals/comments/1l8tdoh/are_there_any_books_that_talk_about_the_process/",
    "selftext": "We do our graduation in August as our preschoolers stay through the summer. That being said within the next week or 2, I plan to start a very basic grad practice (just going over the walking with them, we\u2019ll start practicing the song we\u2019re singing, etc, very informal and no pressure, plan to drop certain things if they\u2019re not into it). A lot of the books I have and find are about going to kindergarten but not so much graduation itself. I\u2019d like to read a book about preschool or even kindergarten graduation (and I can just change the words as needed) to them the day we start practicing to help explain what graduation is. Does anyone have any recommendations? "
  },
  "comments": [
    {
      "id": "mxatsmy",
      "author": "Hanipillu",
      "body": "Well this is more metaphorical, but I read \"a house for hermit crab\" at the end of every year, and the hermit crab outgrowing his shell is like kids outgrowing preschool.",
      "created_utc": 1749689204.0,
      "score": 1,
      "permalink": "/r/ECEProfessionals/comments/1l8tdoh/are_there_any_books_that_talk_about_the_process/mxatsmy/",
      "is_submitter": false,
      "edited": false,
      "stickied": false
    },
    {
      "id": "mxatyks",
      "author": "thataverysmile",
      "body": "We\u2019ve read that book before! It\u2019s great for graduation but not really what I\u2019m looking for here. Thank you for the suggestion though!",
      "created_utc": 1749689263.0,
      "score": 1,
      "permalink": "/r/ECEProfessionals/comments/1l8tdoh/are_there_any_books_that_talk_about_the_process/mxatyks/",
      "is_submitter": true,
      "edited": false,
      "stickied": false
    }
  ],
  "relevance": {
    "score": 8.8,
    "user_type": "administrator",
    "pain_points": [
      "we\u2019ve read that book before! it\u2019s great for graduation but not really what i\u2019m looking for here",
      "does anyone have any recommendations?  well this is more metaphorical, but i read \"a house for hermit crab\" at the end of every year, and the hermit crab outgrowing his shell is like kids outgrowing preschool"
    ],
    "keywords_found": [
      "preschool",
      "kindergarten"
    ],
    "sentiment_score": 0.9676,
    "age_relevance": true,
    "urgency_level": "low",
    "competitive_mentions": [],
    "timestamp": "2025-06-12T15:10:13.897682"
  }
}