{
  "subreddit": "Montessori",
  "post": {
    "id": "1kxvp6k",
    "title": "Twins Together in a New Montessori School",
    "author": "cupcakebaby",
    "created_utc": 1748474350.0,
    "score": 1,
    "num_comments": 11,
    "url": "https://www.reddit.com/r/Montessori/comments/1kxvp6k/twins_together_in_a_new_montessori_school/",
    "selftext": "My children are entering a public Montessori school for kindergarten and I'd like to hear from twin parents and Montessori teachers about keeping twins together. \n\nA little background, my twins stayed home with a nanny until 15 months when I left my job and stayed home with them. This last year they entered preK in a traditional classroom with French language immersion 50% of their day. This was the only school we were offered admissions to, even though our preference was the Montessori program. \n\nAs my fellow twin parents know (and any twins/multiples that read this post) twins/multiples are just built different. I wanted them in the same class for preK and I was met with quite a LOT of resistance and, frankly, shaming. Luckily, I live in a state with a twin law that requires they meet parents' preference. \n\nI strongly believed that my twins are comfortable separating and doing their own thing but will reconnect when they need/want to. I have not received any reports from teachers that my twins being in the class together has been disruptive or problematic (and I think it would have been brought to my attention if it was a problem as an \"I told you so\" moment). But, my husband and I wonder if the squabbling at home would improve if they weren't together 24/7. \n\nSo now my question is whether to separate them moving into kindergarten. This will be an entirely new school, so they won't be familiar with anyone/anything; which makes me lean towards keeping them together. Also, kinder is the oldest age in the classroom. After next year, they will move into a lower elem class for 1-3 grade. Part of me thinks that, considering they've been fine together for almost the entire school year AND the Montessori structure will be totally different than what they're used to, that I should give them this first year together to see how they do. Especially since they'll be changing classrooms again for 1st grade regardless of what class they the end up in for kindergarten. When we ask them if they want to be together next year they usually say yes, but sometimes they say separate (but I think it comes down to how we phrase the question and how recently they've struggled to get along). \n\nTLDR: my twins are moving from preK traditional to kindergarten Montessori and I'm unsure if I should separate them next year when they're entering a new school plus a new structure when, until recently, they've been happy/performing fine in the same class together."
  },
  "comments": [
    {
      "id": "musgg0f",
      "author": "Interesting-Asks",
      "body": "I think learning to go into unfamiliar environments is a pretty crucial skill, so I\u2019d be tempted to seperate them (especially as you were already thinking it might be beneficial). Most children aren\u2019t twins and are able to adapt to a new school without the support of a sibling in the classroom. It might also be easier during kindergarten when they are the oldest, as they will presumably be among the most capable in the classroom by dint of their age.",
      "created_utc": 1748474692.0,
      "score": 22,
      "permalink": "/r/Montessori/comments/1kxvp6k/twins_together_in_a_new_montessori_school/musgg0f/",
      "is_submitter": false,
      "edited": false,
      "stickied": false
    },
    {
      "id": "mushogx",
      "author": "Beautiful-Fudge-9054",
      "body": "My leaning as a teacher is to separate. They will have to separate at some point and now seems like a good time to do it (lump two transitions into one). I think it has the opportunity to reduce squabbles but also gives them the chance to be more connected at the school. Think of the playdates and friendship opportunities doubling for your family. I'm assuming they'll still have recess together if they really want to play!\n\nI've had a set of twins before and it wasn't a good dynamic. One would cling intensely on to the other, which the other one didn't like. That doesn't sound like you're experience, though.\n\nWhile Montessori does not encourage competition in the classroom, students inevitably compare themselves (human nature, I suppose) and your twins being in the same class might lead to some competition down the road, so that's something to consider as well.",
      "created_utc": 1748475105.0,
      "score": 18,
      "permalink": "/r/Montessori/comments/1kxvp6k/twins_together_in_a_new_montessori_school/mushogx/",
      "is_submitter": false,
      "edited": false,
      "stickied": false
    },
    {
      "id": "musisy0",
      "author": "Used_Chair_9528",
      "body": "I\u2019m a Montessori teacher. I\u2019ve had a few sets of twins and have never had a problem! I\u2019ve kept in touch with one of the families, and the twins had separate classrooms this past year in 4th grade for the first time with no problems!",
      "created_utc": 1748475481.0,
      "score": 3,
      "permalink": "/r/Montessori/comments/1kxvp6k/twins_together_in_a_new_montessori_school/musisy0/",
      "is_submitter": false,
      "edited": false,
      "stickied": false
    },
    {
      "id": "musva73",
      "author": "Practical-Idea4597",
      "body": "It depends on the set of twins and their dynamic. Each family is different",
      "created_utc": 1748479793.0,
      "score": 3,
      "permalink": "/r/Montessori/comments/1kxvp6k/twins_together_in_a_new_montessori_school/musva73/",
      "is_submitter": false,
      "edited": false,
      "stickied": false
    },
    {
      "id": "musw9sg",
      "author": "AndThenThereWasLily",
      "body": "At my daughter\u2019s school, I know 6 twin families and the majority of them are in the same classroom, 2 are split up. This came down to parental preference. They also have several sibling sets together, not just twins. It seems to work out well.",
      "created_utc": 1748480128.0,
      "score": 2,
      "permalink": "/r/Montessori/comments/1kxvp6k/twins_together_in_a_new_montessori_school/musw9sg/",
      "is_submitter": false,
      "edited": false,
      "stickied": false
    },
    {
      "id": "musu5yu",
      "author": "WafflefriesAndaBaby",
      "body": "I had asked a similar question a month or so ago, if the answers might be helpful to you. (My kids are one year apart, not twins.)\n\nWe do have a set of twins in my kid's  primary classroom and they do fine together. But it's a one classroom school so there's no alternative. \n\nhttps://www.reddit.com/r/Montessori/s/Ba3FQau2aV",
      "created_utc": 1748479401.0,
      "score": 1,
      "permalink": "/r/Montessori/comments/1kxvp6k/twins_together_in_a_new_montessori_school/musu5yu/",
      "is_submitter": false,
      "edited": false,
      "stickied": false
    },
    {
      "id": "muv4gcb",
      "author": "siempre_maria",
      "body": "Unless one or both of them have special needs that require them to be with their sibling, it is best to separate them now and allow them to develop as individuals. In all my years as a teacher, I have only had one set of twins stay in class together, and most parents requested them to be separated.",
      "created_utc": 1748517662.0,
      "score": 1,
      "permalink": "/r/Montessori/comments/1kxvp6k/twins_together_in_a_new_montessori_school/muv4gcb/",
      "is_submitter": false,
      "edited": false,
      "stickied": false
    },
    {
      "id": "muvlfkx",
      "author": "More-Mail-3575",
      "body": "As a teacher my job instinct has always been to separate twins and siblings. Individual children have their own interests, their own strengths and challenges and should be allowed to flourish independently as well as have strong bonds with their siblings and family.",
      "created_utc": 1748524109.0,
      "score": 1,
      "permalink": "/r/Montessori/comments/1kxvp6k/twins_together_in_a_new_montessori_school/muvlfkx/",
      "is_submitter": false,
      "edited": false,
      "stickied": false
    },
    {
      "id": "muxlcjs",
      "author": "calterpillar",
      "body": "I think your instinct to keep them together for 1 year in kindergarten is a great choice. In my classroom I Have had twins stay together for primary and then separate for elementary. This is a special opportunity for them to share the same environment and have the same school experience for a short amount of time. They will have the rest of their school journey to make their own path in different classrooms. That is, if they get along well and will allow each other to learn without being a distraction for each other. If they are too emotionally dependent on each other, that is when I would say separate is better.",
      "created_utc": 1748544728.0,
      "score": 1,
      "permalink": "/r/Montessori/comments/1kxvp6k/twins_together_in_a_new_montessori_school/muxlcjs/",
      "is_submitter": false,
      "edited": false,
      "stickied": false
    },
    {
      "id": "musquj4",
      "author": "Ok-Trouble7956",
      "body": "Separation has worked best in my experience.",
      "created_utc": 1748478240.0,
      "score": 1,
      "permalink": "/r/Montessori/comments/1kxvp6k/twins_together_in_a_new_montessori_school/musquj4/",
      "is_submitter": false,
      "edited": false,
      "stickied": false
    },
    {
      "id": "mutkdmy",
      "author": "Mokesekom",
      "body": "It\u2019s not about twins causing problems together, it\u2019s about letting them each grow as individuals. They\u2019ll (probably) still get to play together outside, and they\u2019ll be able to regale each other with stories about their day. It\u2019s not a bad thing.",
      "created_utc": 1748488608.0,
      "score": 1,
      "permalink": "/r/Montessori/comments/1kxvp6k/twins_together_in_a_new_montessori_school/mutkdmy/",
      "is_submitter": false,
      "edited": false,
      "stickied": false
    }
  ],
  "relevance": {
    "score": 8.8,
    "user_type": "parent",
    "pain_points": [
      "individual children have their own interests, their own strengths and challenges and should be allowed to flourish independently as well as have strong bonds with their siblings and family"
    ],
    "keywords_found": [
      "special needs",
      "transition",
      "kindergarten"
    ],
    "sentiment_score": 0.9986,
    "age_relevance": true,
    "urgency_level": "low",
    "competitive_mentions": [],
    "timestamp": "2025-06-12T15:08:17.783758"
  }
}