{
  "subreddit": "homeschool",
  "post": {
    "id": "1l83bhj",
    "title": "Homeschool after divorce",
    "author": "Accomplished-Low1999",
    "created_utc": 1749573170.0,
    "score": 14,
    "num_comments": 132,
    "url": "https://www.reddit.com/r/homeschool/comments/1l83bhj/homeschool_after_divorce/",
    "selftext": "Idk if this is the right place to pose this question, and I'm worried that I'll get chewed out here, but after reviewing homeschool laws in my state (Ohio), I'm not sure where to turn. My husband's kids (10 & 12) have been homeschooled for their entire education. The divorce decree states that their mother has full control of educational decisions and is choosing to keep them homeschooled, despite their father continually raising concerns. We only get them for 3 weekends a month. Both kids complain constantly that they want to go to public school and feel behind where they should be. We have absolutely noticed that they seem very behind where we would expect, especially in history, geography, and social studies. Neither of them could find England or Africa on a globe. Neither of them had ever heard of the Holocaust. Their handwriting is illegible. They couldn't answer 600 x 10. There are many other examples. We are doing a lot of educational things during the time that we have them (to their dismay), but we don't think we have enough time with them to make a notable difference. We want them to have a fair shot at life and feel that the lack education is a huge disservice to them but are bound legally. Does anyone know if there is a way to make their mother do better or have the state step in? If we were to take her to court, what \"proof\" would we need to show that they are not, in fact, being properly educated?"
  },
  "comments": [
    {
      "id": "mx2ri9j",
      "author": "WastingAnotherHour",
      "body": "As someone who homeschools in a joint custody arrangement, I clicked on this prepared to discuss the experience. However, as far as this situation goes, you\u2019ll have to go back to court if you\u2019re concerned and want to change the situation. As it stands, it sounds like she is following both state law and the divorce decree.",
      "created_utc": 1749585476.0,
      "score": 27,
      "permalink": "/r/homeschool/comments/1l83bhj/homeschool_after_divorce/mx2ri9j/",
      "is_submitter": false,
      "edited": false,
      "stickied": false
    },
    {
      "id": "mx2fmk7",
      "author": "Agreeable-Deer7526",
      "body": "Court. You have to go to court. Then you can have to court to mandate they go to school. \n\nThat being said I have a public school education that didn\u2019t learn about the holocaust at 10 years old. To be honest I didn\u2019t really learn about it until high school.  Quizzing them isn\u2019t actually your place. It is their father\u2019s job to make those decisions and I fear you are overstepping. \n\nYou are asking them things they don\u2019t know but if you know what their curriculum is maybe get a copy and see what they should know based on the curriculum. \n\n600* 10 is multiplying to the thousandths place and they may need help with that.  It doesn\u2019t mean they can\u2019t multiply it\u2019s typically not taught until 5th grade. Prior to 6th grade history focuses on cultures not geography if we are talking about public school.  \n\nI appreciate the concern but you don\u2019t seem to have enough knowledge of what they should know at this point",
      "created_utc": 1749582067.0,
      "score": 49,
      "permalink": "/r/homeschool/comments/1l83bhj/homeschool_after_divorce/mx2fmk7/",
      "is_submitter": false,
      "edited": 1749582629.0,
      "stickied": false
    },
    {
      "id": "mx1ojb3",
      "author": "BirdieRoo628",
      "body": "I think the only recourse would be to have a lawyer try to amend the divorce terms. If their mother has full control of their education, and that arrangement is no longer acceptable, you'd need to go back to court and ask for more rights. Your concerns sound valid..",
      "created_utc": 1749574569.0,
      "score": 21,
      "permalink": "/r/homeschool/comments/1l83bhj/homeschool_after_divorce/mx1ojb3/",
      "is_submitter": false,
      "edited": false,
      "stickied": false
    },
    {
      "id": "mx1rhh2",
      "author": "sydjourd",
      "body": "Take her to family court. The kids are old enough to tell the judge how they feel. The judges very heavily rely on kids once they get older",
      "created_utc": 1749575374.0,
      "score": 15,
      "permalink": "/r/homeschool/comments/1l83bhj/homeschool_after_divorce/mx1rhh2/",
      "is_submitter": false,
      "edited": false,
      "stickied": false
    },
    {
      "id": "mx2db8p",
      "author": "sciliz",
      "body": "I mean 43% of US teens don't know when the Holocaust happened. Not saying that's OK, but that the bar in this country is really \\*really\\* shockingly low, and so know that they could easily go to school and still know very little. \n\n3 weekends a month is actually a lot, if you can model a love of reading and learning and get them used to being able to teach themselves things. It's not nearly enough to teach them things if you're trying to test them on trivia and \"tut tutting\" at the facts they do not know, through no fault of their own. \n\n  \nI honestly think your best strategy is to first read some John Holt, and then open up a dialogue with their Mom. She is likely trying to do her best for them, but simply has different priorities. \n\nIf there are other egregious neglect issues (e.g. not enough food in the house), then yeah, sure, get to a judge about the divorce/custody situation. The law is not on your side re: homeschooling though.",
      "created_utc": 1749581414.0,
      "score": 16,
      "permalink": "/r/homeschool/comments/1l83bhj/homeschool_after_divorce/mx2db8p/",
      "is_submitter": false,
      "edited": false,
      "stickied": false
    },
    {
      "id": "mx3rnpg",
      "author": "Life_Preparation_164",
      "body": "Has their father talked to the mother about what curriculum she is using.\u00a0 Has he asked what he can do on his weekeends to support what she is teaching.\u00a0 Has he offered to supplement the curriculum. Has he asked their mother what her educational goals are.\u00a0 Or for copies of anything they are working on or doing.\u00a0 Communication seems to be lacking and going to court is not going to solve that issue.\u00a0 But if he has done all this and is still concerned talk to an attorney.\u00a0 \u00a0",
      "created_utc": 1749596332.0,
      "score": 4,
      "permalink": "/r/homeschool/comments/1l83bhj/homeschool_after_divorce/mx3rnpg/",
      "is_submitter": false,
      "edited": false,
      "stickied": false
    },
    {
      "id": "mx5kva9",
      "author": "Immediate_Falcon8808",
      "body": "To answer the question ref proof for the judge, you don't have any. You stated the kids regularly complain about wanting to go to public school, so these are the same kids that then are \"failing\" the quizzes.\u00a0\nNot because parental educational neglect doesn't happen in some homeschooling situations - but there is very likely more to this story.\nKids of split homes learn really quickly which topics are the hot buttons for each house and how to play all involved like violins. This isn't malicious, this is literally how kids learn to cope, deflect and survive these situations and get their needs met while ensuring the focus stays where the kids want it to.\u00a0\n\n\nAs other commenters have noticed, seems odd that dad is only recently concerned.\u00a0\u00a0\n\n\nAlso it's a BAD idea to turn your home time with the kids into tutoring and catch up time. Nothing wrong with helping here and there with some fun boosting stuff, and some good online stuff has been suggested, but jumping in and making this y'alls THING isn't going to help or be healthy.\u00a0\n\n\nIf you all are concerned that these kiddos education is being neglected - then go through the steps to talk to the county education dept or local district the kids are part of and start there.\u00a0\nThat alone may get CPS involved - which can be a mixed bag and then next step would be back to court. The judge however is very unlikely to overturn the parental decision making, very unlikely to force them to attend public school, and very unlikely to set something up to require something be done to prove their education, beyond what the state already does or doesn't require.\u00a0\n\n\nLastly - have y'all talked to the mom? If not, why not? If so, what's the story?\u00a0",
      "created_utc": 1749621650.0,
      "score": 4,
      "permalink": "/r/homeschool/comments/1l83bhj/homeschool_after_divorce/mx5kva9/",
      "is_submitter": false,
      "edited": false,
      "stickied": false
    },
    {
      "id": "mx6we1c",
      "author": "atomickristin",
      "body": "Keep in mind that sometimes kids don't retain facts that they have been taught (even well taught), and also that kids don't like performing like seals when their absent parent and stepparent are pressuring them into performing.  My own kids sometimes will give blank stares when asked questions by my husband or my family.  It is infuriating to me but I recall doing the same thing when I was a kid - and I went to public school.\n\nIt's telling that you're jumping right to \"get the state involved\".  Methinks this is about more than the kids' educations.",
      "created_utc": 1749646123.0,
      "score": 5,
      "permalink": "/r/homeschool/comments/1l83bhj/homeschool_after_divorce/mx6we1c/",
      "is_submitter": false,
      "edited": false,
      "stickied": false
    },
    {
      "id": "mx2vkjz",
      "author": "Friendly_Ring3705",
      "body": "If you think this is worth rehashing the custody agreement then you should hire an atty and consult with them and how this case is likely to play out. As Ohio homeschool law is ridiculous it sounds like she\u2019s following the law and the terms of the custody agreement. \n\nA likely more productive (and certainly cheaper) path would be to find someone who can do some family counseling for the kids and all of the adults who are doing parenting to try to get everyone on the same page.",
      "created_utc": 1749586609.0,
      "score": 4,
      "permalink": "/r/homeschool/comments/1l83bhj/homeschool_after_divorce/mx2vkjz/",
      "is_submitter": false,
      "edited": false,
      "stickied": false
    },
    {
      "id": "mx3qlom",
      "author": "Any-Lychee9972",
      "body": "I just want to point out that poor handwriting isn't exclusive to bad homeschooling. \n\nI had a family member graduate public school recently, and the handwriting on the invitation I received was only slightly better than my 2nd grader. \n\nI was so confused before I opened it.",
      "created_utc": 1749595987.0,
      "score": 5,
      "permalink": "/r/homeschool/comments/1l83bhj/homeschool_after_divorce/mx3qlom/",
      "is_submitter": false,
      "edited": false,
      "stickied": false
    },
    {
      "id": "mx31711",
      "author": "Agreeable-Deer7526",
      "body": "I will add if the kids at 10 and 12 want to go to public school they should be allowed to go to public school. Sometimes parental laziness is why parents do respect their child\u2019s wishes on this.  Other times the issue is the quality of the public schools.  I would  want to know her why it could generally be that it\u2019s easier or she has made homeschooling her whole personality. Sometimes parents can get so into a lifestyle ther can\u2019t see the issues with it",
      "created_utc": 1749588181.0,
      "score": 3,
      "permalink": "/r/homeschool/comments/1l83bhj/homeschool_after_divorce/mx31711/",
      "is_submitter": false,
      "edited": false,
      "stickied": false
    },
    {
      "id": "mx2n2pw",
      "author": "SubstantialString866",
      "body": "Could you purchase a prodigy subscription for both of them? It has math, English, and science but is a fun game. That way you're not interfering with Mom's education but they can access the game and have a chance to learn in their free time, if she allows them screens.\u00a0",
      "created_utc": 1749584204.0,
      "score": 5,
      "permalink": "/r/homeschool/comments/1l83bhj/homeschool_after_divorce/mx2n2pw/",
      "is_submitter": false,
      "edited": false,
      "stickied": false
    },
    {
      "id": "mx3zx1d",
      "author": "newsquish",
      "body": "Everyone is focusing on state law / divorce law, but I\u2019ll throw in that your observations are just that- a laypersons observations. If you can have the children evaluated by a child psychologist (ask ped for a referral), that\u2019s the person who could tell you definitively in their professional opinion if the kids are \u201cbehind\u201d and that\u2019s the person whose professional opinion would hold more water with the court than just \u201cstep moms\u201d. When an outside third party who is qualified to assess children educationally acknowledges education is either sufficient or deficient- that should be enough for you and your spouse and the courts to make better informed decisions.",
      "created_utc": 1749599054.0,
      "score": 2,
      "permalink": "/r/homeschool/comments/1l83bhj/homeschool_after_divorce/mx3zx1d/",
      "is_submitter": false,
      "edited": false,
      "stickied": false
    },
    {
      "id": "mx4f7c2",
      "author": "Fluffymarshmellow333",
      "body": "The father needs to report his concerns to the county public children\u2019s service agency and follow up with their findings and suggestions. Yes, you can get an independent psycho ed eval and comparable standardized testing, both will hold a certain amount of weight but you really need a \u201csubstantiated\u201d or \u201cindicated\u201d case from PCSA. \n\nYou will have to prove that the public schools can do better given their results not just that they are behind. This is especially the case if delays are found due to disability, ask yourself can the public school do better than a private tutor and individual focused therapy from home? Bc the judge can easily order the father to just pay for those if it\u2019s considered in the child\u2019s best interest.",
      "created_utc": 1749604358.0,
      "score": 2,
      "permalink": "/r/homeschool/comments/1l83bhj/homeschool_after_divorce/mx4f7c2/",
      "is_submitter": false,
      "edited": false,
      "stickied": false
    },
    {
      "id": "mx2pcs1",
      "author": "No-Baby-1455",
      "body": "I would talk to a lawyer first, they may have better suggestions.\n\nIf you want to help them get ahead in social studies and history maybe try the story of the world curriculum. You can get work books that have awesome activities as well as map work for each chapter.  That was my kids favorite curriculum, they would constantly read ahead in their free time.  This curriculum could easily be done in less than an hour on your weekends.",
      "created_utc": 1749584861.0,
      "score": 2,
      "permalink": "/r/homeschool/comments/1l83bhj/homeschool_after_divorce/mx2pcs1/",
      "is_submitter": false,
      "edited": false,
      "stickied": false
    },
    {
      "id": "mx1l67b",
      "author": "Careful-Whereas1888",
      "body": "Don't know Ohio's homeschooling laws, but I'm guessing they're pretty lenient.\n\nThis would probably be more of a problem for you to take to family court since it's written in the divorce that she has control over education choices.\n\nYou could try reaching out to the state, but they may not step in if they don't think there is abuse, neglect, or endangerment to the children.\n\nThe kids testifying would probably hold weight. Do you have any other evidence of what is going on/not going on?",
      "created_utc": 1749573631.0,
      "score": 1,
      "permalink": "/r/homeschool/comments/1l83bhj/homeschool_after_divorce/mx1l67b/",
      "is_submitter": false,
      "edited": false,
      "stickied": false
    },
    {
      "id": "mx1oa2e",
      "author": "ras1877",
      "body": "What are their ages?",
      "created_utc": 1749574500.0,
      "score": 1,
      "permalink": "/r/homeschool/comments/1l83bhj/homeschool_after_divorce/mx1oa2e/",
      "is_submitter": false,
      "edited": false,
      "stickied": false
    },
    {
      "id": "mx2weix",
      "author": "BananaScallop4",
      "body": "Your husband needs to contact an attorney, either the one he used in the original divorce or a new one. It is crucial that you start with the legal process. \n\n  \nBe prepared to pay a retainer.",
      "created_utc": 1749586841.0,
      "score": 1,
      "permalink": "/r/homeschool/comments/1l83bhj/homeschool_after_divorce/mx2weix/",
      "is_submitter": false,
      "edited": false,
      "stickied": false
    },
    {
      "id": "mx4bys3",
      "author": "Whimsicaltraveler",
      "body": "If they go to court, does the court ever do educational testing to see if they are on grade level?",
      "created_utc": 1749603228.0,
      "score": 1,
      "permalink": "/r/homeschool/comments/1l83bhj/homeschool_after_divorce/mx4bys3/",
      "is_submitter": false,
      "edited": false,
      "stickied": false
    },
    {
      "id": "mx1zl3b",
      "author": "YakCDaddy",
      "body": "If she's not breaking the law then she's not doing anything wrong. Why are you quizzing them, and where are they getting the idea that they are behind?",
      "created_utc": 1749577581.0,
      "score": 2,
      "permalink": "/r/homeschool/comments/1l83bhj/homeschool_after_divorce/mx1zl3b/",
      "is_submitter": false,
      "edited": false,
      "stickied": false
    },
    {
      "id": "mx1mt2b",
      "author": "1Shadow179",
      "body": "A brief google search says that homeschooling parents in Ohio agree to \"1. Provide instruction in English language arts, mathematics, science, history, government, and social studies, and; 2. Notify the superintendent each year\"\n\nThe superintendent might be someone to talk to, if you can figure out which school district your husband's children are in. They might have experience with this kind of situation.",
      "created_utc": 1749574094.0,
      "score": 1,
      "permalink": "/r/homeschool/comments/1l83bhj/homeschool_after_divorce/mx1mt2b/",
      "is_submitter": false,
      "edited": 1749574378.0,
      "stickied": false
    },
    {
      "id": "mx1nw6h",
      "author": "Real-Emu507",
      "body": "Your state seems extremely lenient.  There's no testing or assessment or even required hours ( if Google is correct) fwiw. I'd consult a family lawyer.",
      "created_utc": 1749574394.0,
      "score": 0,
      "permalink": "/r/homeschool/comments/1l83bhj/homeschool_after_divorce/mx1nw6h/",
      "is_submitter": false,
      "edited": 1749575835.0,
      "stickied": false
    },
    {
      "id": "mx2p03x",
      "author": "Boohoo80",
      "body": "Take her back to court and either make the courts tell her she has to abide by the homeschooling and do mandatory reporting about there education or put them in public school.",
      "created_utc": 1749584761.0,
      "score": -1,
      "permalink": "/r/homeschool/comments/1l83bhj/homeschool_after_divorce/mx2p03x/",
      "is_submitter": false,
      "edited": false,
      "stickied": false
    },
    {
      "id": "mx1ouae",
      "author": "Bluevanonthestreet",
      "body": "I\u2019m pretty sure Ohio requires state testing every year. Get the scores from that. If they are below average it could be used to force them into school, especially with the kids wanting to go to school.",
      "created_utc": 1749574651.0,
      "score": -3,
      "permalink": "/r/homeschool/comments/1l83bhj/homeschool_after_divorce/mx1ouae/",
      "is_submitter": false,
      "edited": false,
      "stickied": false
    },
    {
      "id": "mx2zvuf",
      "author": "Fast_Translator1130",
      "body": "@wastinganotherhour Would still love to hear your story. To OP: where has their dad been in their education until this point. There must of been a reason it\u2019s not 50/50 but regardless of that it\u2019s nice that dad wants to show up now. Mom gets to make the decision but it doesn\u2019t forbade dad from being involved. Come on.",
      "created_utc": 1749587814.0,
      "score": 16,
      "permalink": "/r/homeschool/comments/1l83bhj/homeschool_after_divorce/mx2zvuf/",
      "is_submitter": false,
      "edited": false,
      "stickied": false
    },
    {
      "id": "mx7nb0p",
      "author": "Imperburbable",
      "body": "Isn't that alarming though? That she's following state laws and the kids can't point to England on a map?? Seems like state laws should be better.",
      "created_utc": 1749654594.0,
      "score": 1,
      "permalink": "/r/homeschool/comments/1l83bhj/homeschool_after_divorce/mx7nb0p/",
      "is_submitter": false,
      "edited": false,
      "stickied": false
    },
    {
      "id": "mx2x8ps",
      "author": "BananaScallop4",
      "body": "I do agree that stepparents are in a tricky spot and this is largely up to the OP's husband. \n\n  \nI also think you are being dismissive of the LW's observation of their education and skill level. All of the examples are alarming to me. My kids are in first and third grade and they can find those countries on a globe. They can write legibly. They can't do that multiplication problem in their head but they would give an approximate answer or explain that they don't know that yet. \n\nThey know the Holocaust happened in WWII. \n\n  \nThis is a lot younger than the step kids. So from my perspective, yes, it is absolutely time to get the courts involved and hopefully some testing for the kids.",
      "created_utc": 1749587074.0,
      "score": 7,
      "permalink": "/r/homeschool/comments/1l83bhj/homeschool_after_divorce/mx2x8ps/",
      "is_submitter": false,
      "edited": false,
      "stickied": false
    },
    {
      "id": "mx2w21v",
      "author": "ellipsisslipsin",
      "body": "By twelve the Holocaust should be taught/or at least covered. Honestly, two of the districts I taught in covered it generally much younger because they did an art walk through model for major historical events (it was a regional program, so maybe not applicable everywhere) and the Holocaust was one of them so the elementary kids got age appropriate exposure younger than 10 and 12). Ntm, I did two book reports related to the Holocaust for extra credit in 5th grade back in the stone ages. \n\nMultiplication by 10s/100s should be covered by 12 (they should be in 5th grade if already 12). And I've covered it with younger kids that were ready for it.\n\nBeing able to identify large land masses like Africa should also be covered. I would be concerned if I had a 5th-6th grader that couldn't identify large continents. My oldest is in a nature based program half days and in addition to us covering it at home with a globe and world maps when it fits in with stuff we're reading, his teacher this year did a whole travel unit where they had passports and also talked about all the continents and bodies of water. He's 5.\n\nLike, yes, it might make more sense for them to give the kids some age appropriate workbooks and see how they do with them instead of asking random things, but these sound like her just listing a few examples of things that concerned them, not the only info they're missing.",
      "created_utc": 1749586743.0,
      "score": 5,
      "permalink": "/r/homeschool/comments/1l83bhj/homeschool_after_divorce/mx2w21v/",
      "is_submitter": false,
      "edited": false,
      "stickied": false
    },
    {
      "id": "mx7ntjr",
      "author": "Imperburbable",
      "body": "This response is ignoring the fact that the kids are ASKING to go to public school. Maybe failing random pop quizzes (of information they should mostly know at that age) isn't a huge red flag. But the mom ignoring their preferences and feelings is.",
      "created_utc": 1749654741.0,
      "score": 1,
      "permalink": "/r/homeschool/comments/1l83bhj/homeschool_after_divorce/mx7ntjr/",
      "is_submitter": false,
      "edited": false,
      "stickied": false
    },
    {
      "id": "mx53g29",
      "author": "wtfaidhfr",
      "body": "There's a difference between not knowing dates and not knowing a thing EXISTS.\n\nA 12 year old who can't multiply by 10 is being neglected",
      "created_utc": 1749613365.0,
      "score": 3,
      "permalink": "/r/homeschool/comments/1l83bhj/homeschool_after_divorce/mx53g29/",
      "is_submitter": false,
      "edited": false,
      "stickied": false
    },
    {
      "id": "mx2xkn1",
      "author": "BananaScallop4",
      "body": "I really think a family lawyer in their county in Ohio would a better resource for the law being on their side or not. \n\n  \nEducational neglect is neglect. If the Mom is homeschooling so well she should have zero issue consenting to testing for the kids to show how well she taught them.",
      "created_utc": 1749587167.0,
      "score": 0,
      "permalink": "/r/homeschool/comments/1l83bhj/homeschool_after_divorce/mx2xkn1/",
      "is_submitter": false,
      "edited": false,
      "stickied": false
    },
    {
      "id": "mx73k4f",
      "author": "atomickristin",
      "body": "Yup.  Great response.  As a child of divorce myself I knew I could get my mom riled up at my dad, and my dad riled up at my stepfather, and it wasn't malicious - my mom and dad could both be very controlling and my stepfather was a very unpleasant person.  My best life came when they were all mad at each other and were ignoring me.  I often bent and stretched the truth just to get them off my case.",
      "created_utc": 1749648588.0,
      "score": 3,
      "permalink": "/r/homeschool/comments/1l83bhj/homeschool_after_divorce/mx73k4f/",
      "is_submitter": false,
      "edited": false,
      "stickied": false
    },
    {
      "id": "mx2vwwb",
      "author": "Accomplished-Low1999",
      "body": "Thank you for the suggestion! I'll look into it- anything that might help is welcome!",
      "created_utc": 1749586703.0,
      "score": 4,
      "permalink": "/r/homeschool/comments/1l83bhj/homeschool_after_divorce/mx2vwwb/",
      "is_submitter": true,
      "edited": false,
      "stickied": false
    },
    {
      "id": "mx2na9y",
      "author": "SubstantialString866",
      "body": "Brainpop is another fun one. It can't replace daily school but it might be better than nothing while you go through the courts. Educational neglect is not homeschooling.\u00a0",
      "created_utc": 1749584265.0,
      "score": 4,
      "permalink": "/r/homeschool/comments/1l83bhj/homeschool_after_divorce/mx2na9y/",
      "is_submitter": false,
      "edited": false,
      "stickied": false
    },
    {
      "id": "mx1nm9m",
      "author": "Accomplished-Low1999",
      "body": "We know what books/curriculum gets purchased and when (because their father pays for it) but their mother refuses to share anything about their schooling. We could take them to get tested, but from what I can gather, Ohio law doesn't actually care about their scores and that homeschooling parents have many loopholes and freedoms in what they teach/don't teach. It appears to be wonderful for parents who want the freedom to teach however they would like and do all the fantastic unschooling that CAN be excellent, but it also leaves a wide open door for zero education whatsoever. I'm not even sure what testing would hold weight at their current ages.",
      "created_utc": 1749574317.0,
      "score": 2,
      "permalink": "/r/homeschool/comments/1l83bhj/homeschool_after_divorce/mx1nm9m/",
      "is_submitter": true,
      "edited": false,
      "stickied": false
    },
    {
      "id": "mx1tpqu",
      "author": "Accomplished-Low1999",
      "body": "10 and 12",
      "created_utc": 1749575982.0,
      "score": 1,
      "permalink": "/r/homeschool/comments/1l83bhj/homeschool_after_divorce/mx1tpqu/",
      "is_submitter": true,
      "edited": false,
      "stickied": false
    },
    {
      "id": "mx2qucj",
      "author": "Sassy_Weatherwax",
      "body": "I don't agree with randos or extended family quizzing kids, but the children's parent has a right to be involved in their education and assess how they are doing. If children express a concern about their academics, it is a parent's responsibility to dig deeper and figure out if there's an issue. It's possible the kids have some learning disabilities, or were thrown off by the divorce and family conflict that preceded it...kids being behind is not always an indictment of the teacher. There are plenty of traditionally schooled kids who are behind. But there is nothing wrong with a parent, or other caregiver, trying to figure out what is going on as long as it is done in good faith and with the child's wellbeing centered.\n\nI say this as a homeschooler who worked damn hard to educate my kids, and I know I did a good job because they transitioned beautifully to schools with high academic expectations. Homeschooling can be amazing, but it should be done right. The idea that the only way to do something wrong is by breaking the law is ridiculous, especially if the law is vague and only requires the bare minimum.\n\nOP, in all coparenting situations I think the best approach is a collaborative one (if possible), so I'm wondering how your husband has shared his concerns with his ex and what her response was.",
      "created_utc": 1749585287.0,
      "score": 8,
      "permalink": "/r/homeschool/comments/1l83bhj/homeschool_after_divorce/mx2qucj/",
      "is_submitter": false,
      "edited": 1749595724.0,
      "stickied": false
    },
    {
      "id": "mx2wqnz",
      "author": "ellipsisslipsin",
      "body": "Educational neglect is common among some homeschool communities, and is a severe issue that does break the law in many states. My brother in law is an intelligent man in his 20s with dyslexia who suffered educational neglect from his mother and now has no high school diploma and cannot read at all. \n\nI have several friends doing a fantastic job homeschooling their children, bc we have strong homeschooling groups in our area with great advocates and involved parents. It doesn't mean that some parents are not failing grievously and harming their children.",
      "created_utc": 1749586936.0,
      "score": 2,
      "permalink": "/r/homeschool/comments/1l83bhj/homeschool_after_divorce/mx2wqnz/",
      "is_submitter": false,
      "edited": 1749590467.0,
      "stickied": false
    },
    {
      "id": "mx21hpz",
      "author": "Accomplished-Low1999",
      "body": "Leaving them drastically undereducated isn't wrong? Huh, well, I want the best for these kids, and if they can't read or do basic math, they are going to struggle in the world. We do not quiz them. We play all kinds of games, do trivia, listen to educational podcasts and discuss world events together, which makes some of the holes in their education incredibly obvious. They visit with their cousins of the same age who go to public school and have seen their textbooks. Because of this, they are aware of what public school would be teaching them at their age, and recognize that they are not learning these things.",
      "created_utc": 1749578098.0,
      "score": 5,
      "permalink": "/r/homeschool/comments/1l83bhj/homeschool_after_divorce/mx21hpz/",
      "is_submitter": true,
      "edited": false,
      "stickied": false
    },
    {
      "id": "mx1uosw",
      "author": "Accomplished-Low1999",
      "body": "Calling the superintendent is on our list- thank you for the reminder! We did find those requirements, but there is no guidance or requirements around what that actually means and no required assessment or proof that this instruction is happening.",
      "created_utc": 1749576247.0,
      "score": 1,
      "permalink": "/r/homeschool/comments/1l83bhj/homeschool_after_divorce/mx1uosw/",
      "is_submitter": true,
      "edited": false,
      "stickied": false
    },
    {
      "id": "mx1tmaj",
      "author": "Accomplished-Low1999",
      "body": "Accurate. The state requires education in english language art, math, science, social studies, government and history, but it gives no guidelines around what that actually means. It appears that \"we went to a museum once\" fulfills the requirement, despite the potential for zero actual learning and certainly no assessment.",
      "created_utc": 1749575956.0,
      "score": 1,
      "permalink": "/r/homeschool/comments/1l83bhj/homeschool_after_divorce/mx1tmaj/",
      "is_submitter": true,
      "edited": false,
      "stickied": false
    },
    {
      "id": "mx1spxd",
      "author": "Accomplished-Low1999",
      "body": "Ohio removed the requirement for testing for homeschoolers in 2023.",
      "created_utc": 1749575711.0,
      "score": 3,
      "permalink": "/r/homeschool/comments/1l83bhj/homeschool_after_divorce/mx1spxd/",
      "is_submitter": true,
      "edited": false,
      "stickied": false
    },
    {
      "id": "mx1sz0s",
      "author": "Real-Emu507",
      "body": "They don't according to the state website and hsdla. There's only 2 requirements.",
      "created_utc": 1749575780.0,
      "score": 4,
      "permalink": "/r/homeschool/comments/1l83bhj/homeschool_after_divorce/mx1sz0s/",
      "is_submitter": false,
      "edited": false,
      "stickied": false
    },
    {
      "id": "mx4lctu",
      "author": "WastingAnotherHour",
      "body": "We started homeschooling because our kid had food allergies but it was very natural and worked well. The allergies were outgrown (yay!) and we divorced around the same time so we enrolled her in school for stability. I like to say \u201cit worked until it didn\u2019t\u201d because it wasn\u2019t all bad even though in the end we needed to pull her back home. It was quite an adjustment and there are still some challenges, but overall she\u2019s doing well and is preparing for college (16 y/o). I\u2019m content to break down how it works, what we\u2019ve tried that did and didn\u2019t work, what the challenges are, etc but it\u2019s really easiest if you have direct questions.\n\nAs for the rest of your comment, I completely agree. It\u2019s a really good point you make - why is dad worried now? How much involvement in education and general parenting did he show before that allowed mom to make exclusive decisions regarding the kids\u2019 education and have the kids the majority of the time? Either way, if he wants to be involved now, that\u2019s great. It\u2019ll probably require court involvement though if he wants a full say in it though.",
      "created_utc": 1749606522.0,
      "score": 6,
      "permalink": "/r/homeschool/comments/1l83bhj/homeschool_after_divorce/mx4lctu/",
      "is_submitter": false,
      "edited": false,
      "stickied": false
    },
    {
      "id": "mx5pi16",
      "author": "Agreeable-Deer7526",
      "body": "\nRight. It seems like mom is the sole residential parent and gets the right legally to make certain decisions and dad has visitation.",
      "created_utc": 1749624190.0,
      "score": 3,
      "permalink": "/r/homeschool/comments/1l83bhj/homeschool_after_divorce/mx5pi16/",
      "is_submitter": false,
      "edited": false,
      "stickied": false
    },
    {
      "id": "mx7oo4z",
      "author": "WastingAnotherHour",
      "body": "Oh it is alarming, but that\u2019s an issue with the law, not with her compliance. We\u2019re in Texas with comparable laws and while I appreciate the freedom, I\u2019d gladly give some of it up in order to increase the oversight and reduce the number of kids experiencing educational neglect under the guise of homeschooling.",
      "created_utc": 1749654985.0,
      "score": 3,
      "permalink": "/r/homeschool/comments/1l83bhj/homeschool_after_divorce/mx7oo4z/",
      "is_submitter": false,
      "edited": false,
      "stickied": false
    },
    {
      "id": "mx6x1ss",
      "author": "atomickristin",
      "body": "Well, I think you are being dismissive of the fact that people exaggerate on Reddit and also that kids do not like performing when quizzed by an absent parent and a stepparent.  I remember my divorced dad interrogating me about my studies as a child and I shut down and couldn't remember anything - and I was public schooled.  The truth is, none of us have any idea what is actually going on; some of us are accepting as fact the word of a stepparent who has the kids 3 weekends a month.  That you would suggest getting courts involved to upend children's lives over an allegation on Reddit from an unreliable narrator is baffling to me.  (and I say this as someone who has a wonderful stepmother I trust more than my own mother)",
      "created_utc": 1749646355.0,
      "score": 5,
      "permalink": "/r/homeschool/comments/1l83bhj/homeschool_after_divorce/mx6x1ss/",
      "is_submitter": false,
      "edited": 1749646966.0,
      "stickied": false
    },
    {
      "id": "mx2z2lg",
      "author": "Agreeable-Deer7526",
      "body": "People sometimes arbitrarily quiz homeschoolers. That is what it seems like is happening here. If I do the same to a public school student I could have the same results based on arbitrary questions.\n\nI use standards based curriculum for my son but that doesn\u2019t stop someone from asking him a random question or criticizing his hand writing despite him learning his handwriting in public schools.\n\nI appreciate her concern but would put more stock in it if she said I gave them a 3rd grade work book and neither could complete it.",
      "created_utc": 1749587584.0,
      "score": 15,
      "permalink": "/r/homeschool/comments/1l83bhj/homeschool_after_divorce/mx2z2lg/",
      "is_submitter": false,
      "edited": false,
      "stickied": false
    },
    {
      "id": "mx32tx1",
      "author": "Agreeable-Deer7526",
      "body": "31 states don\u2019t require kids to be taught about the Holocaust. You are assuming what they should know without background knowledge. Do you know Ohios state standards in social studies?  Does she? What about their math standards?\n\nIn general social studies is your community in k continuing that in 1st grade expanding that outside of your community to your country. In second you take a \u201ctourist approach\u201d to other countries and cultures and learn more about important US figures. In 4th grade where I\u2019m from that is all about your state, in 5th grade you learn more US history with dates and timelines and important events. 6th grade is typically geography. 7th grade is usually world history and 8th grade goes back to US history.",
      "created_utc": 1749588639.0,
      "score": 11,
      "permalink": "/r/homeschool/comments/1l83bhj/homeschool_after_divorce/mx32tx1/",
      "is_submitter": false,
      "edited": 1749588996.0,
      "stickied": false
    },
    {
      "id": "mx71284",
      "author": "atomickristin",
      "body": "You have no idea how the kids were asked this information, if they felt pressured or intimidated, if the wording was strange - like \"Holocaust\" is not a child-friendly term and might confuse a kid if it came out of context, you don't know the curriculum being used - if the focus is (as a lot of homeschool material is) focused on ancient societies in grade school, they possibly haven't covered modern times yet.  \n\nFWIW, all kids, including public schooled kids, sometimes panic and choke on random questions.   I could not have answered 600x10 when I was 10 (or probably 12 to be honest) and I was public schooled.  And of course the kids say, to the disapproving parent \"we wish we were public schooled\" as a way to curry favor with them.  I absolutely \"ratted out\" my mother and stepfather for things I was mad about to my dad and vice versa.  That is part of being in a divorced family, unfortunately.    \n\nThe way the original question is worded indicates to me that this is a longtime sticking point between the parents and the stepmom is stirring the pot here.  The divorce decree is heavily favored towards the mom for some reason and I think it's downright lunacy for anyone on Reddit to be suggesting court and upending a child's life over a single Reddit post from an unreliable narrator.",
      "created_utc": 1749647749.0,
      "score": 2,
      "permalink": "/r/homeschool/comments/1l83bhj/homeschool_after_divorce/mx71284/",
      "is_submitter": false,
      "edited": false,
      "stickied": false
    },
    {
      "id": "mx7pp0a",
      "author": "Agreeable-Deer7526",
      "body": "We don\u2019t know that the kids have ever expressed this to their mom. In the post about the dad speaking to the mother she doesn\u2019t indicate that he told the mother they beg to go to public school.",
      "created_utc": 1749655278.0,
      "score": 1,
      "permalink": "/r/homeschool/comments/1l83bhj/homeschool_after_divorce/mx7pp0a/",
      "is_submitter": false,
      "edited": false,
      "stickied": false
    },
    {
      "id": "mx72vgq",
      "author": "atomickristin",
      "body": "My 12 year old, who has done literal hours of multiplying, knows how to multiply by 10's, and passes standardized tests  with 97% in math, just walked out of her room half asleep.  I asked her \"what is 600 x 10\" and she claimed not to know it.  \n\nKids need to be assessed by different metrics than \"people with a grudge against the homeschooling mom asking a couple questions\".",
      "created_utc": 1749648358.0,
      "score": 4,
      "permalink": "/r/homeschool/comments/1l83bhj/homeschool_after_divorce/mx72vgq/",
      "is_submitter": false,
      "edited": false,
      "stickied": false
    },
    {
      "id": "mx6qv4q",
      "author": "sciliz",
      "body": "A 12 year old who can't sit down and work out 600 x 10 is being neglected. \n\nAn adult professional scientist who runs power of 10 calcs all day and 20 times on Thursday can have a brain glitch when asked to do it aloud on the spot. People mistake calculation accuracy for knowledge don't know anything about working memory, stress and cognition.",
      "created_utc": 1749644073.0,
      "score": 3,
      "permalink": "/r/homeschool/comments/1l83bhj/homeschool_after_divorce/mx6qv4q/",
      "is_submitter": false,
      "edited": false,
      "stickied": false
    },
    {
      "id": "mx4jca9",
      "author": "sciliz",
      "body": "It is impossible to tell whether kids not knowing specific arbitrary facts are in fact educationally neglected. You are making quite an assumption- the OP may or may not see things precisely that way, but did not actually level that accusation.\n\nI do know \\*many\\* kids who have been to school with terrible handwriting, and you know what? It's less of an issue than it was in Boomer times.   \nHistory, geography and social studies are particularly likely to have different gaps in knowledge. In part because the California textbooks and the Texas textbooks at least used to flat out contradict each other (e.g. about the causes of the Civil War). Social studies curricula are political in that way. If the kids could not read by age 12, or cried over the multiplication tables, maybe I'd worry about educational neglect, but there are other explanations given the info presented. \n\n  \nI am not questioning whether you can find a lawyer to take the case. Just as in divorce and custody proceedings generally, if you want to amplify conflict, someone will always take your money to make your ex's life more unpleasant. But is that really what's best for the kids?",
      "created_utc": 1749605816.0,
      "score": 5,
      "permalink": "/r/homeschool/comments/1l83bhj/homeschool_after_divorce/mx4jca9/",
      "is_submitter": false,
      "edited": false,
      "stickied": false
    },
    {
      "id": "mx436xe",
      "author": "Hungry-Caramel4050",
      "body": "I\u2019m not sure what going on but your husband only has the kids for 3 weekends a month. You cant just decide that they are uneducated based on pop quizzes you give them when you only have such limited time with them. \n\nSince you know what textbook they use, purchase an additional copy. Then your husband can talk to their mother and they can agree on something he could teach them from the curriculum every week. Instead of going at her telling her she\u2019s doing a shitty job. Show interest in being part of their education in a neutral way.\n\nUsing their textbooks will allow you to determine what they did during the week and to reinforce it. If the mother doesn\u2019t share, maybe just ask the kids what they did that week in a casual way. Even just recounting what they learned that week will give you more infos than quizzing them. \n\nThe mom is following the law which is pretty lenient in your state. I suggest your husband explore a pacific way to resolve this situation because he might not get anything from jumping to bringing her to court. IF she wins, and IF she\u2019s neglecting the kids education, the kids will suffer more. Those are big IF. Homeschooling allows for a lot of freedom in the order in which you teach things besides Maths and Language arts. Might be neglect, might not be\u2026\n\nBut since she has the kids most of the time, it\u2019s worth exploring every alley before doing something that\u2019ll sour the relationship for sure but with no guarantee that you\u2019ll get what you want.\n\nAlso I\u2019m sure you have their best interest at heart but putting in their head that they are behind isn\u2019t doing them any good. Because I\u2019m pretty sure they didn\u2019t come up with that on their own.",
      "created_utc": 1749600150.0,
      "score": 6,
      "permalink": "/r/homeschool/comments/1l83bhj/homeschool_after_divorce/mx436xe/",
      "is_submitter": false,
      "edited": 1749614724.0,
      "stickied": false
    },
    {
      "id": "mx38et8",
      "author": "QuietMovie4944",
      "body": "Can you offer tutoring when they are with you or a fun outschool class or fun educational club? Are you not allowed to enroll them in anything during all that time together. If the kids want it it might be worth trying.\u00a0",
      "created_utc": 1749590245.0,
      "score": 3,
      "permalink": "/r/homeschool/comments/1l83bhj/homeschool_after_divorce/mx38et8/",
      "is_submitter": false,
      "edited": false,
      "stickied": false
    },
    {
      "id": "mx3c8nn",
      "author": "Agreeable-Deer7526",
      "body": "She doesn\u2019t have the right. It seems like just finding a way to prove they are the better parents. It also seems like she may be talking about their mother and telling them they are behind.",
      "created_utc": 1749591393.0,
      "score": 4,
      "permalink": "/r/homeschool/comments/1l83bhj/homeschool_after_divorce/mx3c8nn/",
      "is_submitter": false,
      "edited": false,
      "stickied": false
    },
    {
      "id": "mx339fw",
      "author": "Accomplished-Low1999",
      "body": "Thank you for your thoughtful response. I agree that a collaborative approach would be best for the kids, but it has been a high-conflict situation for years. They now only communicate through a court-appointed coparenting app, and he has expressed to her there that he would like to have a conversation about schooling options, that he feels like their current situation is not serving them well, that the children have expressed a desire to change their schooling situation, and that they have expressed feeling behind. Her response to all of these concerns was curt stonewalling: \"Please read our parenting agreement. I am sole decision maker for schooling. Thanks for letting me know your concerns.\" with no opening or consideration for a conversation.",
      "created_utc": 1749588760.0,
      "score": 1,
      "permalink": "/r/homeschool/comments/1l83bhj/homeschool_after_divorce/mx339fw/",
      "is_submitter": true,
      "edited": false,
      "stickied": false
    },
    {
      "id": "mx2zs24",
      "author": "YakCDaddy",
      "body": "I agree, but there are instances where kids can't read, or are slow readers even in public school. If the dad isn't concerned then why is she? Maybe there's a learning issue or something else step mom isn't aware of.",
      "created_utc": 1749587783.0,
      "score": 2,
      "permalink": "/r/homeschool/comments/1l83bhj/homeschool_after_divorce/mx2zs24/",
      "is_submitter": false,
      "edited": false,
      "stickied": false
    },
    {
      "id": "mx77e99",
      "author": "atomickristin",
      "body": "I think you would be well served by reading some of the teachers/teaching Reddits (there are many to choose from) and seeing firsthand the state of the public schools right now.   See what kids who actually are in public schools are learning - it isn't much.   The schools are horrible right now.\n\nThere are huge gaps in what ALL kids learn - things are covered and they miss them, things aren't covered because there simply aren't enough hours in the day, and in a divorce situation it is even more complex because the kids want to please their absent parent.   This is just as true with public schools as it is with homeschool.  My dad used to quiz me about schoolwork during every visitation and not only was it very stressful, but I would constantly get questions I knew the answer to incorrect because I would either choke or it was out of context.  It was not helpful either to our relationship or to my education.  \n\nPersonally, I recall learning American History ONCE in elementary school - in the 5th grade - and once in 11th grade, and in the 5th grade history class, they never made it to the chapter on WWII because the year ended.   It's a big leap to assume a public school education is in any way better than homeschool.  Homeschool kids may learn things in a different order and focus on different subjects but that doesn't mean they're getting an inferior education. \n\nYou cannot look at a textbook and assume that is what the cousins have learned from public school.  Try interrogating the cousins - unless they're very studious kids you'll see the same kind of gaps.  You have set up a rather unfair dichotomy where you're comparing \"what kids know\" vs. \"textbook\" in a way that favors your case, but I bet if you took the homeschool textbook and put it up against what the cousins know, there would be a mismatch there as well.     \n\nYou could be a wonderful resource for these kids and for your husband's ex-wife if you chose to be.   My stepmother is the best, she introduced me to all these books and this whole world  that was different from my mom's world and a pretty negative experience in public school.  In a chaotic childhood with my parents fighting back and forth, she never sided with my dad against my mom, she never criticized me or sent the message that I was \"lacking\" or \"wrong\", she was just this constant, amazing person who gave me a slice of the world I wouldn't have otherwise had.  She's my idol!  But she wouldn't have been if she had tried to interfere in my relationship with my mom and with what my mom thought was best for me.",
      "created_utc": 1749649848.0,
      "score": 3,
      "permalink": "/r/homeschool/comments/1l83bhj/homeschool_after_divorce/mx77e99/",
      "is_submitter": false,
      "edited": false,
      "stickied": false
    },
    {
      "id": "mx2ysfa",
      "author": "YakCDaddy",
      "body": "I think that since Mom has control you'd have to take her to court to change it. Forcing her to put them in public school if that's not what she wants or would mess with her schedule when you only have 3 weekends is unfair. If you want more custody or more control then you have to go to court. Is this something the dad even cares about? Or are you taking this upon yourself?",
      "created_utc": 1749587505.0,
      "score": 2,
      "permalink": "/r/homeschool/comments/1l83bhj/homeschool_after_divorce/mx2ysfa/",
      "is_submitter": false,
      "edited": false,
      "stickied": false
    },
    {
      "id": "mx290gu",
      "author": "Aimeeconnell",
      "body": "Can you take her to family court. You probably need to get the custody situation changed. Especially if you express concerns about schooling even in Florida that's very pro homeschooling they will almost always side with the parent that wants them in school. I would definitely keep a paper trail of everything.",
      "created_utc": 1749580193.0,
      "score": 3,
      "permalink": "/r/homeschool/comments/1l83bhj/homeschool_after_divorce/mx290gu/",
      "is_submitter": false,
      "edited": false,
      "stickied": false
    },
    {
      "id": "mx7mdsh",
      "author": "BananaScallop4",
      "body": "I am not saying the courts should \"upend\" anybody's life. I am saying that it is perfectly reasonable for the LW's husband to take the kids request for public school seriously. \n\nIt is perfectly reasonable for the OP and her husband to take the gaps in the children's education seriously.\n\nI don't think the OP is even quizzing them. I think these gaps are coming up during the course of normal conversation.\n\n  \nAnd again: if the mother is an excellent educator and parent then consenting to routine testing is no issue whatsoever.",
      "created_utc": 1749654329.0,
      "score": 1,
      "permalink": "/r/homeschool/comments/1l83bhj/homeschool_after_divorce/mx7mdsh/",
      "is_submitter": false,
      "edited": false,
      "stickied": false
    },
    {
      "id": "mx9wkpv",
      "author": "Agreeable-Deer7526",
      "body": "We don\u2019t even know how long she has known these children. Im assuming not long if she calls them her husband\u2019s kids and they have been homeschooled their whole life and she\u2019s just now concerned and so is dad. Is this just step-mom wanting more control?",
      "created_utc": 1749677967.0,
      "score": 1,
      "permalink": "/r/homeschool/comments/1l83bhj/homeschool_after_divorce/mx9wkpv/",
      "is_submitter": false,
      "edited": false,
      "stickied": false
    },
    {
      "id": "mx32nbm",
      "author": "Bonaquitz",
      "body": "I think I agree with this. The random quizzing is problematic and my kids generally fail most of them despite knowing the material, they just aren\u2019t interested in being quizzed by adults. Not to mention, I do think we often times exaggerate what public school children know, too. I wouldn\u2019t be able to tell you where England was on a map (eta: at 10 or 12!). I would probably generally know what the holocaust was by 12, but not where it fit into history or the cause/effect necessarily. And I was an \u201cabove average\u201d student. \ud83d\ude02 I also just had to use my calculator to double check that I was right about 600x10 \ud83e\udd21 if someone asked me that on the spot I can\u2019t guarantee I would be able to confidently answer.",
      "created_utc": 1749588587.0,
      "score": 6,
      "permalink": "/r/homeschool/comments/1l83bhj/homeschool_after_divorce/mx32nbm/",
      "is_submitter": false,
      "edited": 1749589859.0,
      "stickied": false
    },
    {
      "id": "mx348b1",
      "author": "BananaScallop4",
      "body": "But the OP isn't a random person. She is their step mother. Their father is also involved in this.\n\nI think they have grounds to care about education more than \"people.\"",
      "created_utc": 1749589029.0,
      "score": 2,
      "permalink": "/r/homeschool/comments/1l83bhj/homeschool_after_divorce/mx348b1/",
      "is_submitter": false,
      "edited": false,
      "stickied": false
    },
    {
      "id": "mx37ex8",
      "author": "ellipsisslipsin",
      "body": "I taught in Ohio actually and still do occasionally as I work part-time with kids with special needs virtually 1-1 when schools don't have staff that can meet their needs. I also attended k-12 in OH. She's describing things that would concern me if I noticed it with my upper el kids. And I only work with SPED students at this time. \n\nEven when the standards don't include world map/Holocaust education those are still touched on as special topics. All classrooms in both the districts I taught in and the one I went to school in have world maps and globes from 1st grade on for reference. Yes, the focus at younger ages is community, but in my experience (which include teaching in three different states and helping my homeschool friends with their curricula) we're still addressing the world at large by talking about oceans/continents and looking at the globe/mop when we read cross cultural books. (Think of books talking about holidays around the world, where different families may come from, etc.)\n\nI also did just double-check. While I have only taught social studies in OH at the middle and high school level, map reading skills begin in 1st grade and the world outside of yourself includes spaces outside your community in K. It also specifically looks at different cultures in 1st, which is a prime time to being introducing looking at the globe as you talk about different cultures.",
      "created_utc": 1749589948.0,
      "score": 2,
      "permalink": "/r/homeschool/comments/1l83bhj/homeschool_after_divorce/mx37ex8/",
      "is_submitter": false,
      "edited": 1749590295.0,
      "stickied": false
    },
    {
      "id": "mx8z1gq",
      "author": "Imperburbable",
      "body": "We don't know that they haven't, either. Sounds like we should ask for more information, rather than leaping to the assumption that everything is fine and normal with the way the mom is homeschooling.",
      "created_utc": 1749668122.0,
      "score": 0,
      "permalink": "/r/homeschool/comments/1l83bhj/homeschool_after_divorce/mx8z1gq/",
      "is_submitter": false,
      "edited": false,
      "stickied": false
    },
    {
      "id": "mx9dn54",
      "author": "Agreeable-Deer7526",
      "body": "Exactly. My son is great at math, right now he\u2019s playing video games. If I said \u201cwhat\u2019s 1+1\u201d he might say \u201cI dunno\u201d because he doesn\u2019t care right now.",
      "created_utc": 1749672405.0,
      "score": 1,
      "permalink": "/r/homeschool/comments/1l83bhj/homeschool_after_divorce/mx9dn54/",
      "is_submitter": false,
      "edited": false,
      "stickied": false
    },
    {
      "id": "mx4tgcr",
      "author": "Agreeable-Deer7526",
      "body": "Sometimes step-moms nitpick birth moms. I\u2019ve seen a mom complain when I kid wore their natural hair that mom wasn\u2019t going it. She proceeded to decide she could do better and damaged the girls hair so bad. You never actually know the situation.",
      "created_utc": 1749609407.0,
      "score": 3,
      "permalink": "/r/homeschool/comments/1l83bhj/homeschool_after_divorce/mx4tgcr/",
      "is_submitter": false,
      "edited": false,
      "stickied": false
    },
    {
      "id": "mx3dlqq",
      "author": "Sassy_Weatherwax",
      "body": "Their father does. And not every homeschooling parent is doing a good job. Sometimes its laziness or neglect or just being overwhelmed...and I did say that there are a lot of things that could be going on. Their father has a responsibility to figure out what. And from OP's comments no it doesn't sound like they're just trying to manipulate the kids.",
      "created_utc": 1749591807.0,
      "score": 5,
      "permalink": "/r/homeschool/comments/1l83bhj/homeschool_after_divorce/mx3dlqq/",
      "is_submitter": false,
      "edited": false,
      "stickied": false
    },
    {
      "id": "mx3gt6i",
      "author": "Sassy_Weatherwax",
      "body": "I'm sorry that you're in that position. I don't know what led to their conflict and its possible (I'm not meaning this to be rude) that there are reasons she is so guarded. Regardless, if the kids are expressing dissatisfaction, it's important to address that. I would probably suggest reaching out to your husband's lawyer just to see what options are available. I wouldn't suggest going scorched earth, but in high conflict divorces kids sometimes have advocates or people who represent their interests, and there might be a way to work through them to convince mom to sit down and have a discussion....in the end, the kids needs are paramount, but high conflict divorces can make that challenging. If this is a priority for him, then it may be that he needs to repair the relationship with her a bit before she may be willing to hear him. At this point it's not about his pride, or who was right, it's about being able to coparent effectively for the sake of the kids. If there are things he can do to thaw their coparenting relationship, it's worth being the one to give grace. \n\nIf you can't find a way through mediation, you may need to weigh the risks of putting the kids in the middle of another high stakes conflict.",
      "created_utc": 1749592790.0,
      "score": 5,
      "permalink": "/r/homeschool/comments/1l83bhj/homeschool_after_divorce/mx3gt6i/",
      "is_submitter": false,
      "edited": false,
      "stickied": false
    },
    {
      "id": "mx3okr2",
      "author": "Agreeable-Deer7526",
      "body": "If that is the court order then your best option is to have them do supplemental work on the weekend. Perhaps her father can request that they are tested annually because that would have been the requirement in Ohio when they made this custody agreement.  That would hold her accountable if she wants to continue homeschooling and give you both peace of mind.  That is the most objective way to see if are being neglected. He could possibly have his lawyer contact her lawyer with a letter requesting a response and then go from there.",
      "created_utc": 1749595317.0,
      "score": 2,
      "permalink": "/r/homeschool/comments/1l83bhj/homeschool_after_divorce/mx3okr2/",
      "is_submitter": false,
      "edited": false,
      "stickied": false
    },
    {
      "id": "mx36e42",
      "author": "ellipsisslipsin",
      "body": "It specifically says he's raised concerns multiple times. \n\nIt also says \"we,\" multiple times. \n\nAlso, even kids who can't read/are slow readers are still learning in a school providing appropriate education. And if they aren't, then there are legal ways to make the school do a better job, even if most parents are not fully aware of their rights and recourse.",
      "created_utc": 1749589648.0,
      "score": 2,
      "permalink": "/r/homeschool/comments/1l83bhj/homeschool_after_divorce/mx36e42/",
      "is_submitter": false,
      "edited": 1749590511.0,
      "stickied": false
    },
    {
      "id": "mx9kkfe",
      "author": "Agreeable-Deer7526",
      "body": "I love this. I\u2019m glad you had such a great step-mom",
      "created_utc": 1749674386.0,
      "score": 1,
      "permalink": "/r/homeschool/comments/1l83bhj/homeschool_after_divorce/mx9kkfe/",
      "is_submitter": false,
      "edited": false,
      "stickied": false
    },
    {
      "id": "mx6xe1v",
      "author": "atomickristin",
      "body": "I remember one time we had just done a full on unit on world religions and my husband asked one of my kids to name three religions, and my son was like \"DUHHHHHHH\".   I couldn't believe it, but he just shut down from feeling he was on the spot.  I remember the same thing happening to me as a child and I was public schooled.",
      "created_utc": 1749646475.0,
      "score": 4,
      "permalink": "/r/homeschool/comments/1l83bhj/homeschool_after_divorce/mx6xe1v/",
      "is_submitter": false,
      "edited": false,
      "stickied": false
    },
    {
      "id": "mx5npol",
      "author": "Just_Trish_92",
      "body": "Perhaps in some circles, basic arithmetic is being taught very differently from when I was a child. The \"add a zero to the end to multiply by ten\" rule was one I knew by the time I was 8, along with \"anything times one is itself.\" I cannot imagine an on-track ten-year-old needing a calculator to check their work for such problems.",
      "created_utc": 1749623201.0,
      "score": 3,
      "permalink": "/r/homeschool/comments/1l83bhj/homeschool_after_divorce/mx5npol/",
      "is_submitter": false,
      "edited": false,
      "stickied": false
    },
    {
      "id": "mx7cvz7",
      "author": "YakCDaddy",
      "body": "We didn't read the Diary of Anne Frank in my school until freshman year of highschool. Do 10/12 year olds really know what the Holocaust is? Maybe a cursory view from a history class covering dates and events. The quizzing is so annoying. My kids get the Spanish Inquisition all the time from adults. No kid likes that. They should do that to public school kids for comparison.",
      "created_utc": 1749651559.0,
      "score": 3,
      "permalink": "/r/homeschool/comments/1l83bhj/homeschool_after_divorce/mx7cvz7/",
      "is_submitter": false,
      "edited": false,
      "stickied": false
    },
    {
      "id": "mx34avc",
      "author": "BananaScallop4",
      "body": "Are you proud of being unable to locate England on a map?",
      "created_utc": 1749589049.0,
      "score": 1,
      "permalink": "/r/homeschool/comments/1l83bhj/homeschool_after_divorce/mx34avc/",
      "is_submitter": false,
      "edited": false,
      "stickied": false
    },
    {
      "id": "mx34x9w",
      "author": "Agreeable-Deer7526",
      "body": "It makes it a tricky because I don\u2019t know her relationship with his ex-wife and if she is finding a reason to be the better parent. That isn\u2019t uncommon in step parent relationships.",
      "created_utc": 1749589225.0,
      "score": 6,
      "permalink": "/r/homeschool/comments/1l83bhj/homeschool_after_divorce/mx34x9w/",
      "is_submitter": false,
      "edited": false,
      "stickied": false
    },
    {
      "id": "mx39t69",
      "author": "philosophyofblonde",
      "body": "Yeah, but at that age it\u2019s reading *Number the Stars* or Anne Frank. Not all of them fully understand the reference/context of the situation or assume it\u2019s completely fictional. From the standpoint of studying the war *per se* you probably wouldn\u2019t get to that until high school (to be fair, I\u2019m excusing public schools on this front \u2014 a homeschooler who assigns *Number the Stars* and doesn\u2019t drill down on proper context for the historical aspects is just dropping the ball. You have 1 kid, not 25). A map might be shown but that doesn\u2019t mean they\u2019re giving that map any serious consideration.",
      "created_utc": 1749590659.0,
      "score": 10,
      "permalink": "/r/homeschool/comments/1l83bhj/homeschool_after_divorce/mx39t69/",
      "is_submitter": false,
      "edited": false,
      "stickied": false
    },
    {
      "id": "mx39t8n",
      "author": "Agreeable-Deer7526",
      "body": "Them not being able to do when they step\nMom asks them and not being taught are not the same.  There is a reason that history goes in a repeating cycle going over things from\nPrevious years. My son left public school knowing nothing about continents but it doesn\u2019t mean he didn\u2019t learn them.  We have done over them twice this school year and he still will have trouble naming them. He can point to some continents but finding England on a map of Europe some adults can\u2019t do.  Also her saying find England when my globe says United Kingdom and one is a country and one is a continent brings more questions as to whether she should be questioning them.",
      "created_utc": 1749590660.0,
      "score": 6,
      "permalink": "/r/homeschool/comments/1l83bhj/homeschool_after_divorce/mx39t8n/",
      "is_submitter": false,
      "edited": false,
      "stickied": false
    },
    {
      "id": "mx9599n",
      "author": "Agreeable-Deer7526",
      "body": "I\u2019m not making that assumption. I said they should have the children tested or use an objective method to measure. She has not provided anything but a subjective opinion that could have anti-homeschool or anti-birth mom bias. The father clearly doesn\u2019t have custody for some reason and only has visitation, for some reason that don\u2019t communicate. It\u2019s a lot to unpack based on if they know the holocaust is.",
      "created_utc": 1749669944.0,
      "score": 1,
      "permalink": "/r/homeschool/comments/1l83bhj/homeschool_after_divorce/mx9599n/",
      "is_submitter": false,
      "edited": false,
      "stickied": false
    },
    {
      "id": "mx58jj2",
      "author": "Hungry-Caramel4050",
      "body": "I do have a feeling OP and her husband just want something different when it comes to the kids education regardless of how effective the mom\u2019s homeschooling is. \n\nIt always raises flags for me when I read people say YOUNGER kids know they are behind their peers. Or \u201cKEEP saying they want to go to school\u201d. Both combine is just a clear indication that someone is in their ears. And in this case it\u2019s probably OP and her husband.\n\nWhy is dad only getting his kids 3 weekends a month? Is he paying alimony/CS and the payments would be reduced if the kids went to school? I dont know but it sounds to me that if he cared that much, he would be having more custody and would be more involved than just having OP asking random questions based of what she read kids their age learn in public school.\n\nThat being said, educational neglect is real. We don\u2019t know what the kids know. So I really think the kids father should be getting more involved in their education. He needs to step up and not just as a backseat driver. He needs to show interest, be consistent, and request monthly update on what he can work on with the kids to supplement their education. If the mother didn\u2019t want to disclose any thing related to their education, I would have lawyered up so fast to get her to do so. \n\nThe fact that this alone isn\u2019t in place tells me all I need to know about the type of parent he is and I\u2019m sad for those kids.",
      "created_utc": 1749615552.0,
      "score": 3,
      "permalink": "/r/homeschool/comments/1l83bhj/homeschool_after_divorce/mx58jj2/",
      "is_submitter": false,
      "edited": 1749615757.0,
      "stickied": false
    },
    {
      "id": "mx3fsay",
      "author": "Agreeable-Deer7526",
      "body": "I completely agree. She hasn\u2019t proven that. If a 4th grader couldn\u2019t spell certain high frequency words it couldn\u2019t write a paragraph and didn\u2019t know basic multiplication and division. If they couldn\u2019t find North America and the US and their state. Those things are concerning. She\u2019s asking random facts.",
      "created_utc": 1749592473.0,
      "score": 1,
      "permalink": "/r/homeschool/comments/1l83bhj/homeschool_after_divorce/mx3fsay/",
      "is_submitter": false,
      "edited": false,
      "stickied": false
    },
    {
      "id": "mx3cxq2",
      "author": "YakCDaddy",
      "body": "It doesn't say anything about him voicing concern. Just we, but she could just be using we and he doesn't actually care.",
      "created_utc": 1749591606.0,
      "score": 1,
      "permalink": "/r/homeschool/comments/1l83bhj/homeschool_after_divorce/mx3cxq2/",
      "is_submitter": false,
      "edited": false,
      "stickied": false
    },
    {
      "id": "mx8g2pb",
      "author": "Bonaquitz",
      "body": "It just happened to me this morning! \ud83d\ude02  Me: \u201coh, I think we read this chapter. John and the Magna Carta, right?\u201d Child: \u201cwhat\u2019s the Magna Carta?\u201d (We\u2019ve studied it MULTIPLE TIMES over the last two years.) \ud83e\udee0\ud83e\udd21 After some probing they were able to tell me very generally what it was, but, if a family member had asked and let it go, it would seem as though they\u2019d never heard of it.",
      "created_utc": 1749662769.0,
      "score": 2,
      "permalink": "/r/homeschool/comments/1l83bhj/homeschool_after_divorce/mx8g2pb/",
      "is_submitter": false,
      "edited": false,
      "stickied": false
    },
    {
      "id": "mx36zfj",
      "author": "Bonaquitz",
      "body": "Oh my goodness, I definitely meant when I was 10 or 12. I can now, you\u2019d be pleased to know. In fact I went on to study international relations for my undergrad, where I unfortunately had to memorize the entire globe.",
      "created_utc": 1749589820.0,
      "score": 8,
      "permalink": "/r/homeschool/comments/1l83bhj/homeschool_after_divorce/mx36zfj/",
      "is_submitter": false,
      "edited": false,
      "stickied": false
    },
    {
      "id": "mx7dmrf",
      "author": "YakCDaddy",
      "body": "I would argue that most Americans, public school and homeschool educated, don't know where things are on a map, even the United States and individual states. \n\nYou see Jimmy Kimmel and others conduct these kinds of quizzes and Americans fail.",
      "created_utc": 1749651780.0,
      "score": 2,
      "permalink": "/r/homeschool/comments/1l83bhj/homeschool_after_divorce/mx7dmrf/",
      "is_submitter": false,
      "edited": false,
      "stickied": false
    },
    {
      "id": "mx6xk8w",
      "author": "atomickristin",
      "body": "are you proud of your lack of reading comprehension",
      "created_utc": 1749646534.0,
      "score": 1,
      "permalink": "/r/homeschool/comments/1l83bhj/homeschool_after_divorce/mx6xk8w/",
      "is_submitter": false,
      "edited": false,
      "stickied": false
    },
    {
      "id": "mx35g9s",
      "author": "BananaScallop4",
      "body": "That is a possibility. \n\n  \nIt's also possible that OP is being truthful and genuine (even on the Internet!). Educational neglect exists and the examples the OP cited are troubling. So I am inclined to believe this is happening as stated.",
      "created_utc": 1749589377.0,
      "score": 2,
      "permalink": "/r/homeschool/comments/1l83bhj/homeschool_after_divorce/mx35g9s/",
      "is_submitter": false,
      "edited": false,
      "stickied": false
    },
    {
      "id": "mx3bzds",
      "author": "ellipsisslipsin",
      "body": "She specifically says they've never heard of the Holocaust.",
      "created_utc": 1749591315.0,
      "score": 3,
      "permalink": "/r/homeschool/comments/1l83bhj/homeschool_after_divorce/mx3bzds/",
      "is_submitter": false,
      "edited": false,
      "stickied": false
    },
    {
      "id": "mx3demc",
      "author": "ellipsisslipsin",
      "body": "So. Again. It's both dad and step mom that are concerned. I think people are focusing on stepmom overstepping, but both parents are concerned. \n\nAnd. They are the parents, so ofc they should be questioning and aware. Just like parents that send their kids to public school have the right to be questioning and aware. \n\nAlso, maybe she did want them to find England and not the U.K. Tbh, not finding England or the U.K. is less concerning than Africa. Africa is a large continent that's hard to miss/forget. Tbh, my 5yo loves Thomas the train books and so he can find England on the map, but I wouldn't expect that typically. I do know I could have found the UK on the map in upper elementary bc map skills were incorporated in our public school throughout the day, but I don't know if I would have known the difference between the UK and England before HS.",
      "created_utc": 1749591748.0,
      "score": 3,
      "permalink": "/r/homeschool/comments/1l83bhj/homeschool_after_divorce/mx3demc/",
      "is_submitter": false,
      "edited": false,
      "stickied": false
    },
    {
      "id": "mx8pizs",
      "author": "YakCDaddy",
      "body": "Exactly. My kids are homeschooled and their public school friends have never once said they enjoy school or that my kids should definitely go.  It sounds coached to me, or something they heard and want to please the weekend parents.",
      "created_utc": 1749665386.0,
      "score": 3,
      "permalink": "/r/homeschool/comments/1l83bhj/homeschool_after_divorce/mx8pizs/",
      "is_submitter": false,
      "edited": false,
      "stickied": false
    },
    {
      "id": "mx9jemh",
      "author": "Agreeable-Deer7526",
      "body": "I get the vibe that she has sole custody and he doesn\u2019t really have much of a say to ask for those things. If he did have 50/50 custody this would be different.",
      "created_utc": 1749674051.0,
      "score": 1,
      "permalink": "/r/homeschool/comments/1l83bhj/homeschool_after_divorce/mx9jemh/",
      "is_submitter": false,
      "edited": false,
      "stickied": false
    },
    {
      "id": "mx3hiyx",
      "author": "Sassy_Weatherwax",
      "body": "How are the things she asked them different from your examples? Not being able to find a continent on a map, not knowing basic base 10 multiplication, and being unaware of a major historical event are not \"random facts.\"",
      "created_utc": 1749593016.0,
      "score": 5,
      "permalink": "/r/homeschool/comments/1l83bhj/homeschool_after_divorce/mx3hiyx/",
      "is_submitter": false,
      "edited": false,
      "stickied": false
    },
    {
      "id": "mx3dlvm",
      "author": "ellipsisslipsin",
      "body": "It specifically uses those words that he's been voicing his concerns for years.\n\nEta: not over years. It says \"continually voicing his concerns.\"",
      "created_utc": 1749591808.0,
      "score": 2,
      "permalink": "/r/homeschool/comments/1l83bhj/homeschool_after_divorce/mx3dlvm/",
      "is_submitter": false,
      "edited": false,
      "stickied": false
    },
    {
      "id": "mx7lzqd",
      "author": "BananaScallop4",
      "body": "I think the OP saw some serious gaps in their education and now people are picking apart examples of those gaps.\n\n  \nI also think late night talk show gags are a really bad example of, well, anything.",
      "created_utc": 1749654215.0,
      "score": 1,
      "permalink": "/r/homeschool/comments/1l83bhj/homeschool_after_divorce/mx7lzqd/",
      "is_submitter": false,
      "edited": false,
      "stickied": false
    },
    {
      "id": "mx7mliz",
      "author": "BananaScallop4",
      "body": "Nah, the OP edited it to make more sense. My reading comprehension of the original post was perfectly fine.",
      "created_utc": 1749654391.0,
      "score": 0,
      "permalink": "/r/homeschool/comments/1l83bhj/homeschool_after_divorce/mx7mliz/",
      "is_submitter": false,
      "edited": false,
      "stickied": false
    },
    {
      "id": "mx36nbd",
      "author": "Agreeable-Deer7526",
      "body": "I agree educational neglect exists but she hasn\u2019t provided evidence of this. If the mom said her kids step mom wants to change their custody agreement because her kids didn\u2019t know about the holocaust or multiply to the thousandth place this group would think the step mom was being unreasonable.",
      "created_utc": 1749589722.0,
      "score": 5,
      "permalink": "/r/homeschool/comments/1l83bhj/homeschool_after_divorce/mx36nbd/",
      "is_submitter": false,
      "edited": false,
      "stickied": false
    }
  ],
  "relevance": {
    "score": 10,
    "user_type": "parent",
    "pain_points": [
      "600* 10 is multiplying to the thousandths place and they may need help with that",
      "it was quite an adjustment and there are still some challenges, but overall she\u2019s doing well and is preparing for college (16 y/o)",
      "i\u2019m content to break down how it works, what we\u2019ve tried that did and didn\u2019t work, what the challenges are, etc but it\u2019s really easiest if you have direct questions",
      "sometimes its laziness or neglect or just being overwhelmed"
    ],
    "keywords_found": [
      "special needs",
      "transition",
      "routine",
      "homeschool"
    ],
    "sentiment_score": 1.0,
    "age_relevance": false,
    "urgency_level": "low",
    "competitive_mentions": [],
    "timestamp": "2025-06-12T15:02:21.670938"
  }
}