{
  "subreddit": "waldorf",
  "post": {
    "id": "1kwnw7q",
    "title": "Waldorf school (through 12th) for a kid \"gifted\" in science and math?",
    "author": "This-Traffic-9524",
    "created_utc": 1748354141.0,
    "score": 8,
    "num_comments": 28,
    "url": "https://www.reddit.com/r/Waldorf/comments/1kwnw7q/waldorf_school_through_12th_for_a_kid_gifted_in/",
    "selftext": "We are considering moving our middle elementary and 6th grade children into a K-12 Waldorf school for lots of reasons. They would love the arts, crafts, and outdoor education. My only concern is that they are both quite \"advanced\" science and math-wise because they have been going through some after school programs and doing home enrichment with us. \n\nI am worried that they will be bored in science and math classes. Does anyone have any thoughts or advice?"
  },
  "comments": [
    {
      "id": "mujl0rd",
      "author": "sonyaellenmann",
      "body": "When I went to high school, we redid the math I had learned in Waldorf 7th and 8th grade. The Waldorf approach to math also lends a great foundation of actual holistic understanding. Geometry was part of how we learned throughout all the grades.",
      "created_utc": 1748364540.0,
      "score": 8,
      "permalink": "/r/Waldorf/comments/1kwnw7q/waldorf_school_through_12th_for_a_kid_gifted_in/mujl0rd/",
      "is_submitter": false,
      "edited": false,
      "stickied": false
    },
    {
      "id": "muiuexe",
      "author": "Cezzium",
      "body": "The science and math is in there.  It is not done as we would generally see it.  \n\nFast forward to adulthood.  one of my children who went to Waldorf kindergarten (2 yrs) through 8 is now a commercial pilot with a BS in Aerospace.",
      "created_utc": 1748356951.0,
      "score": 13,
      "permalink": "/r/Waldorf/comments/1kwnw7q/waldorf_school_through_12th_for_a_kid_gifted_in/muiuexe/",
      "is_submitter": false,
      "edited": false,
      "stickied": false
    },
    {
      "id": "mvfbg20",
      "author": "Live-Historian5535",
      "body": "I\u2019ve taught in Waldorf schools since 1999 and have seen it all. It can be a great experience. I had a student who skipped high school and then graduated from a top university in Applied Math, and one of my history nerds graduated from Harvard Law.  The common factor is that both had the freedom to pursue what they were passionate about.  The key is the class teacher and the school community.",
      "created_utc": 1748790164.0,
      "score": 3,
      "permalink": "/r/Waldorf/comments/1kwnw7q/waldorf_school_through_12th_for_a_kid_gifted_in/mvfbg20/",
      "is_submitter": false,
      "edited": false,
      "stickied": false
    },
    {
      "id": "mujoukv",
      "author": "MayaPapayaLA",
      "body": "My experience is that Waldorf math and science was particularly a weak spot. There was very little basic foundational information that was missed in elementary school entirely; in middle school years, it was present a little bit, and done in a way that is *different* than other educational systems. That's okay... BUT it means that there's is a disconnect at some stages, which can be a problem for people moving in and out of Waldorf. AND ALSO: even with finishing high school thru Waldorf, and even with a higher science/math emphasis in Waldorf in high school years... My personal experience is that people who actually need ADDITIONAL non-Waldorf schooling - at a college level. Happy to explain more if you have particular questions.",
      "created_utc": 1748365596.0,
      "score": 5,
      "permalink": "/r/Waldorf/comments/1kwnw7q/waldorf_school_through_12th_for_a_kid_gifted_in/mujoukv/",
      "is_submitter": false,
      "edited": false,
      "stickied": false
    },
    {
      "id": "mul9zuj",
      "author": "Maleficent_North4002",
      "body": "Another factor to consider is whether your kids would also be bored in other schools that you are considering. For instance, public schools in my area do not have a gifted or accelerated program at the elementary or middle school level so everyone learns at the same pace. Some have experimented with \u201cde-leveling\u201d and not allowing students to take Algebra at the 8th grade level (thankfully, it seems that most schools have backed off from this). One tried to \u201cban\u201d programs like Russian School of Math. \n\nIf you\u2019re looking at other private schools, you\u2019ll need to ask them how flexible they are with their curriculum. For instance, would they be willing to let a 6th or 7th grader take Algebra with 8th graders? And if so, what would the math program look like after Algebra?\n\nIf there are schools in your area that are truly STEM focused and your kid\u2018s passion is math and science, then I think you\u2018ve got a tough decision (and one that your kid should help make). If not, then I think there\u2019s a good chance your kid would be bored regardless. My personal opinion is that any perceived weakness in math and science in my kid\u2019s Waldorf school is easily outweighed by its strengths. \n\nGood luck in your school search and I hope you find a great fit!",
      "created_utc": 1748381901.0,
      "score": 2,
      "permalink": "/r/Waldorf/comments/1kwnw7q/waldorf_school_through_12th_for_a_kid_gifted_in/mul9zuj/",
      "is_submitter": false,
      "edited": false,
      "stickied": false
    },
    {
      "id": "munnjm0",
      "author": "Feisty_Trade9151",
      "body": "Respectfully, Waldorf failed us. On many levels. Academic, social, mental, emotional. We had a lot of faith in Waldorf and our child attended for 13 years. The teacher can make a big difference. We got a terrible, harmful one from 1st to 8th. I don\u2019t know if I will ever forgive myself for keeping my child there. \n\nIt wasn\u2019t just our child\u2019s teacher though. Two teachers told us that some children need to be broken and maybe our child hadn\u2019t been broken enough. That that was part of their pedagogy. It certainly wasn\u2019t any pedagogy that was shared until it was too late. \n\nI know people who have had great experiences with Waldorf but wanted to offer another perspective, from a place of love. Do your research and see if this school and teacher are truly best for you and your child. I thought we were lucky because we had such a great Waldorf school so close to home but I was wrong. It\u2019s been painful and difficult. It breaks my heart but it was our experience and we\u2019re still recovering years later.",
      "created_utc": 1748414295.0,
      "score": 2,
      "permalink": "/r/Waldorf/comments/1kwnw7q/waldorf_school_through_12th_for_a_kid_gifted_in/munnjm0/",
      "is_submitter": false,
      "edited": false,
      "stickied": false
    },
    {
      "id": "mul7cfr",
      "author": "United-Hovercraft439",
      "body": "Depends on the individual school and teachers, but mostly I haven\u2019t seen a gifted child in science and math reach their potential in a Waldorf school. Gifted students can get bored and feel resentful that their abilities are not recognised and their needs not met.  They might be told to have their needs met outside the school.",
      "created_utc": 1748381086.0,
      "score": 1,
      "permalink": "/r/Waldorf/comments/1kwnw7q/waldorf_school_through_12th_for_a_kid_gifted_in/mul7cfr/",
      "is_submitter": false,
      "edited": false,
      "stickied": false
    },
    {
      "id": "mujqo3v",
      "author": "This-Traffic-9524",
      "body": "The Waldorf geometry approach definitely seems awesome and much deeper than traditional school. \u2764\ufe0f",
      "created_utc": 1748366099.0,
      "score": 4,
      "permalink": "/r/Waldorf/comments/1kwnw7q/waldorf_school_through_12th_for_a_kid_gifted_in/mujqo3v/",
      "is_submitter": true,
      "edited": false,
      "stickied": false
    },
    {
      "id": "muixujh",
      "author": "This-Traffic-9524",
      "body": "That is exactly what I needed to hear, and I fully agree, which is why we are considering transitioning them. Thank you!",
      "created_utc": 1748357972.0,
      "score": 6,
      "permalink": "/r/Waldorf/comments/1kwnw7q/waldorf_school_through_12th_for_a_kid_gifted_in/muixujh/",
      "is_submitter": true,
      "edited": false,
      "stickied": false
    },
    {
      "id": "mvfwm8m",
      "author": "This-Traffic-9524",
      "body": "Thanks so much for this. My kids will do a visit so we will get to get a sense of the teachers. \ud83d\ude4f",
      "created_utc": 1748796548.0,
      "score": 1,
      "permalink": "/r/Waldorf/comments/1kwnw7q/waldorf_school_through_12th_for_a_kid_gifted_in/mvfwm8m/",
      "is_submitter": true,
      "edited": false,
      "stickied": false
    },
    {
      "id": "mujqidf",
      "author": "This-Traffic-9524",
      "body": "Thank you so much for this. This is what I was worried about. My husband is a scientist so my kids do science at home for fun. I am just worried they will be \"prepared\" for potential stem majors in college. Do you think taking summer community college classes in summer would help this?",
      "created_utc": 1748366055.0,
      "score": 2,
      "permalink": "/r/Waldorf/comments/1kwnw7q/waldorf_school_through_12th_for_a_kid_gifted_in/mujqidf/",
      "is_submitter": true,
      "edited": false,
      "stickied": false
    },
    {
      "id": "mulgddd",
      "author": "This-Traffic-9524",
      "body": "This is a great question - there is little enrichment in our public school. My older does accelerated math (1 grade above, which is the school's max) and each does 1/2 day of \"gifted\" programming which isn't very engaging. There is a STEM school for gifted kids in the area, but we can't afford it, and also I'm not sure I want them in the rat race of super acceleration during their childhood. They also love the arts and crafting so I think this would give them a more well-rounded education. I'm thinking we can keep doing science for fun and some math on the side, then do some summer community college classes in high school.\n\nEdit: The younger one is more mathy and she asks to do Beast Academy and Imacs math on the side, so I figure she can just continue that.",
      "created_utc": 1748383899.0,
      "score": 2,
      "permalink": "/r/Waldorf/comments/1kwnw7q/waldorf_school_through_12th_for_a_kid_gifted_in/mulgddd/",
      "is_submitter": true,
      "edited": 1748384605.0,
      "stickied": false
    },
    {
      "id": "mulew6g",
      "author": "This-Traffic-9524",
      "body": "I am a little nervous about this, but I don't mind (and my kids won't mind) doing after school/weekend/summer enrichment.\u00a0",
      "created_utc": 1748383429.0,
      "score": 1,
      "permalink": "/r/Waldorf/comments/1kwnw7q/waldorf_school_through_12th_for_a_kid_gifted_in/mulew6g/",
      "is_submitter": true,
      "edited": false,
      "stickied": false
    },
    {
      "id": "mujubxf",
      "author": "sonyaellenmann",
      "body": "It was kind of shocking for me, going from Waldorf 1-8 to a high school with a more standard pedagogical approach. So many of my classmates would have benefited from a Waldorf math background!\n\nThat said, I'm sure it still depends on the school and the class teacher. Mine was particularly awesome (in my biased view). I now have a 2yo and send her pictures \ud83d\udc97",
      "created_utc": 1748367105.0,
      "score": 5,
      "permalink": "/r/Waldorf/comments/1kwnw7q/waldorf_school_through_12th_for_a_kid_gifted_in/mujubxf/",
      "is_submitter": false,
      "edited": false,
      "stickied": false
    },
    {
      "id": "muj211f",
      "author": "Cezzium",
      "body": "Glad to provide a bit of insight.\n\nMy hub could do anything but put the toilet seat down.  He was amazing \n\nThing is he loathed school with a passion.  I wanted our children to enjoy it. I read about WE in Mothering magazine (cough decades ago now). He was reluctant, but stood by with my ask.  And, thanks to him and his skills we managed to find a way to pay tuition. \n\nThe day my hub (chaperone) came home from pentathlon (5th grade) and told me about it with tears in his eyes. I knew we had made the correct decision.\n\nIf you read my other posts here you will know this is the best and worst thing you will do. It comes with different challenges. Do everything you can to embrace it and learn and support your children as they walk this way.",
      "created_utc": 1748359152.0,
      "score": 5,
      "permalink": "/r/Waldorf/comments/1kwnw7q/waldorf_school_through_12th_for_a_kid_gifted_in/muj211f/",
      "is_submitter": false,
      "edited": false,
      "stickied": false
    },
    {
      "id": "mujbisb",
      "author": "Cezzium",
      "body": "ah gotta love Reddit. Someone downvoted",
      "created_utc": 1748361811.0,
      "score": 4,
      "permalink": "/r/Waldorf/comments/1kwnw7q/waldorf_school_through_12th_for_a_kid_gifted_in/mujbisb/",
      "is_submitter": false,
      "edited": false,
      "stickied": false
    },
    {
      "id": "mukccb6",
      "author": "MayaPapayaLA",
      "body": "Sort of. Summer college classes are good, and outside activities that are also educational are also good. I did both over the years. But it doesn't change the school that your kid will actually be in. But maybe that's also not a problem: classes in school isn't just about the most rigorous thing you can do: it's also about social interaction and learning other ways to think about something. Boredom is not a horrible word. Now, would your kids get so bored that they start getting frustrated and doing destructive things? That's something you need to assess for, too. Another thing you might want to assess for is what kind of colleges most graduates of your particular local Waldorf schools tend to go to, if that's going to be important to you (and then) - and keep in mind, every kid is a special snowflake, not just yours.",
      "created_utc": 1748372132.0,
      "score": 2,
      "permalink": "/r/Waldorf/comments/1kwnw7q/waldorf_school_through_12th_for_a_kid_gifted_in/mukccb6/",
      "is_submitter": false,
      "edited": false,
      "stickied": false
    },
    {
      "id": "mulit4g",
      "author": "Maleficent_North4002",
      "body": "That\u2019s been our approach - I work with my son on math outside school to make sure he\u2019s getting it. Of all the topics that get covered in Waldorf school, math & science are the easiest for me to supplement at home. I could never come close to giving him everything else the school provides, like the story-telling, arts & music, and all the festivals.",
      "created_utc": 1748384697.0,
      "score": 2,
      "permalink": "/r/Waldorf/comments/1kwnw7q/waldorf_school_through_12th_for_a_kid_gifted_in/mulit4g/",
      "is_submitter": false,
      "edited": false,
      "stickied": false
    },
    {
      "id": "muln4c0",
      "author": "Maleficent_North4002",
      "body": "Just saw your edit - oh yeah, if she\u2019s doing Beast Academy she\u2019ll set. You\u2019d be hard-pressed to find a school that will cover math as well as Beast Academy / Art of Problem Solving.",
      "created_utc": 1748386126.0,
      "score": 2,
      "permalink": "/r/Waldorf/comments/1kwnw7q/waldorf_school_through_12th_for_a_kid_gifted_in/muln4c0/",
      "is_submitter": false,
      "edited": false,
      "stickied": false
    },
    {
      "id": "mujuipa",
      "author": "This-Traffic-9524",
      "body": "That is so amazing that you are still connected to your teacher. \u2764\ufe0f\u2764\ufe0f\u2764\ufe0f",
      "created_utc": 1748367158.0,
      "score": 2,
      "permalink": "/r/Waldorf/comments/1kwnw7q/waldorf_school_through_12th_for_a_kid_gifted_in/mujuipa/",
      "is_submitter": true,
      "edited": false,
      "stickied": false
    },
    {
      "id": "muj9yf8",
      "author": "This-Traffic-9524",
      "body": "That is really lovely. Thank you for sharing this! I will definitely go back through the posts and read more.",
      "created_utc": 1748361368.0,
      "score": 2,
      "permalink": "/r/Waldorf/comments/1kwnw7q/waldorf_school_through_12th_for_a_kid_gifted_in/muj9yf8/",
      "is_submitter": true,
      "edited": false,
      "stickied": false
    },
    {
      "id": "muje5jx",
      "author": "This-Traffic-9524",
      "body": "I was thinking the same thing. \ud83d\ude2d",
      "created_utc": 1748362576.0,
      "score": 4,
      "permalink": "/r/Waldorf/comments/1kwnw7q/waldorf_school_through_12th_for_a_kid_gifted_in/muje5jx/",
      "is_submitter": true,
      "edited": false,
      "stickied": false
    },
    {
      "id": "muljknr",
      "author": "This-Traffic-9524",
      "body": "This is how I feel exactly! Plus the community and the low tech atmosphere. My niece (who is at the top of her class in a public school) told me how rampant cheating is with Chat GPT etc, how much pressure there is to be on social media. To me, supplementing science and math is an easy \"price\" for a STEM-oriented kid.",
      "created_utc": 1748384948.0,
      "score": 2,
      "permalink": "/r/Waldorf/comments/1kwnw7q/waldorf_school_through_12th_for_a_kid_gifted_in/muljknr/",
      "is_submitter": true,
      "edited": false,
      "stickied": false
    },
    {
      "id": "mulrkwg",
      "author": "United-Hovercraft439",
      "body": "Don\u2019t sell yourself short on how much art and music you can bring into your home.  As a Christian, I know my faith has been strengthened by not relying on Waldorf to bring spirituality into our lives.  (This is a very interesting topic which could do with its own reddit thread).",
      "created_utc": 1748387588.0,
      "score": 1,
      "permalink": "/r/Waldorf/comments/1kwnw7q/waldorf_school_through_12th_for_a_kid_gifted_in/mulrkwg/",
      "is_submitter": false,
      "edited": false,
      "stickied": false
    },
    {
      "id": "mujif40",
      "author": "None",
      "body": "[deleted]",
      "created_utc": 1748363809.0,
      "score": -1,
      "permalink": "/r/Waldorf/comments/1kwnw7q/waldorf_school_through_12th_for_a_kid_gifted_in/mujif40/",
      "is_submitter": false,
      "edited": false,
      "stickied": false
    },
    {
      "id": "mullfvs",
      "author": "Maleficent_North4002",
      "body": "It\u2019s so much easier when all the parents are on-board with limiting screens! Much less FOMO!",
      "created_utc": 1748385573.0,
      "score": 2,
      "permalink": "/r/Waldorf/comments/1kwnw7q/waldorf_school_through_12th_for_a_kid_gifted_in/mullfvs/",
      "is_submitter": false,
      "edited": false,
      "stickied": false
    },
    {
      "id": "mulxkn9",
      "author": "Maleficent_North4002",
      "body": "Thank you for the encouraging comment. Perhaps I should adopt more of growth mindset in this area. :)",
      "created_utc": 1748389558.0,
      "score": 1,
      "permalink": "/r/Waldorf/comments/1kwnw7q/waldorf_school_through_12th_for_a_kid_gifted_in/mulxkn9/",
      "is_submitter": false,
      "edited": false,
      "stickied": false
    },
    {
      "id": "mujqs3r",
      "author": "This-Traffic-9524",
      "body": "Genuine question - why are you downvoting?",
      "created_utc": 1748366129.0,
      "score": 3,
      "permalink": "/r/Waldorf/comments/1kwnw7q/waldorf_school_through_12th_for_a_kid_gifted_in/mujqs3r/",
      "is_submitter": true,
      "edited": false,
      "stickied": false
    },
    {
      "id": "muk5oqq",
      "author": "InspectorLiving5276",
      "body": "Seriously. Such a weird attitude for this sub.",
      "created_utc": 1748370237.0,
      "score": 4,
      "permalink": "/r/Waldorf/comments/1kwnw7q/waldorf_school_through_12th_for_a_kid_gifted_in/muk5oqq/",
      "is_submitter": false,
      "edited": false,
      "stickied": false
    }
  ],
  "relevance": {
    "score": 9.9,
    "user_type": "parent",
    "pain_points": [
      "it comes with different challenges",
      "now, would your kids get so bored that they start getting frustrated and doing destructive things? that's something you need to assess for, too"
    ],
    "keywords_found": [
      "transition",
      "kindergarten"
    ],
    "sentiment_score": 0.9997,
    "age_relevance": true,
    "urgency_level": "low",
    "competitive_mentions": [],
    "timestamp": "2025-06-12T15:09:13.425039"
  }
}