{
  "subreddit": "specialed",
  "post": {
    "id": "1l6034a",
    "title": "Curriculum ideas Self contained",
    "author": "MrBTeachSPED",
    "created_utc": 1749344714.0,
    "score": 5,
    "num_comments": 21,
    "url": "https://www.reddit.com/r/specialed/comments/1l6034a/curriculum_ideas_self_contained/",
    "selftext": "Hey fellow educators!\n\nI just accepted a new position for next school year\u2014I'll be teaching in a self-contained elementary autism classroom (super excited but also a bit overwhelmed tbh). I\u2019ll still be doing dyslexia tutoring on the side, but this will be my full-time gig.\n\nRight now I\u2019m diving into possible curriculum options and wanted to ask:\nHas anyone used The Autism Helper curriculum in their classroom? If so, what did you think? What are the pros and cons? Worth it?\n\nAlso open to any other recommendations you have! Especially if you're working with similar populations.\n\nMy district currently provides UFLI for reading (which I don\u2019t mind) and Unique Learning System for other subjects (not a fan). So I\u2019m definitely on the hunt for alternatives that are more engaging and actually useful.\n\nAppreciate any help, ideas, or advice you can throw my way!\n\n"
  },
  "comments": [
    {
      "id": "mwl61cz",
      "author": "merigold95",
      "body": "I\u2019ve used the autism helper.  Not their curriculum but some of the file folders, and daily binder activities. I like them a lot. However, It\u2019s going to depend on the cognitive level of your class. The math curriculum is great. It wasn\u2019t a good fit for my students. I wind up using a lot of pieces of everything.",
      "created_utc": 1749347319.0,
      "score": 2,
      "permalink": "/r/specialed/comments/1l6034a/curriculum_ideas_self_contained/mwl61cz/",
      "is_submitter": false,
      "edited": false,
      "stickied": false
    },
    {
      "id": "mwl62gd",
      "author": "catsgr8rthanspoonies",
      "body": "I like Autism Helper\u2019s stuff.",
      "created_utc": 1749347331.0,
      "score": 2,
      "permalink": "/r/specialed/comments/1l6034a/curriculum_ideas_self_contained/mwl62gd/",
      "is_submitter": false,
      "edited": false,
      "stickied": false
    },
    {
      "id": "mwlxfn9",
      "author": "ShatteredHope",
      "body": "I absolutely LOVE UFLI for reading!\u00a0 My #1 favorite!!\u00a0 I've found it has to be slightly adjusted for AAC users/limited verbal kids but it's amazing and the main thing I've used to get all of my students reading fluently.\u00a0 I always see people recommend EdMark to get ASD students reading but I'm not a fan of EdMark personally because I find that it's not generalizable at all.\u00a0 The students learn to read only the given words and have zero word attack skills when they encounter an unfamiliar word.\n\n\nI'm personally not a fan of The Autism Helper curriculum bundles.\u00a0 I have a couple and it's just busy work/worksheets with an anchor chart.\u00a0 There aren't any actual lessons or teaching involved.\u00a0 I also think it jumps way too randomly and doesn't follow a logical scope and sequence.\u00a0 There's a math one (I forget which level) that goes from Unit 1 identifying numbers to 20 and then Unit 2 adding within ten.\u00a0 And again, with no instructions or techniques given to the students on *how* to actually add.\n\n\nI teach TK-2ND all ASD Moderate/Severe.\u00a0 I love Touch Math and find it to be the best for teaching basic math skills.\u00a0 It's very heavily paper based also, though, and requires adapting for a lot of my students who aren't yet able to do that kind of work.\u00a0 I also really love and highly recommend Made for Me (on TpT).\u00a0 They have Made for Me Literacy Levels A, B, and C, and they have 2 levels of Math.\u00a0 Their curriculum bundles include lots of file folders, task boxes, fun sensory and visual recipes, etc in addition to straight up work.\u00a0\n\n\nMy district made the switch last year from ULS to Teach Town.\u00a0 I don't love either but I typically have used either one for only about 25% of our day, at most.\u00a0 ULS I found to be great for reading comprehension, but nothing else.\u00a0 Teach Town gives actual books for the students and has great topics that are applicable to their general life, which I like.\u00a0 I'm not really a fan of either but they have about equal pros and cons to me.",
      "created_utc": 1749359123.0,
      "score": 2,
      "permalink": "/r/specialed/comments/1l6034a/curriculum_ideas_self_contained/mwlxfn9/",
      "is_submitter": false,
      "edited": false,
      "stickied": false
    },
    {
      "id": "mwo95md",
      "author": "420Middle",
      "body": "Unique sucks for Math but there other stuff isnt too bad it gives a framework and u van supplement up or down as needed",
      "created_utc": 1749397767.0,
      "score": 2,
      "permalink": "/r/specialed/comments/1l6034a/curriculum_ideas_self_contained/mwo95md/",
      "is_submitter": false,
      "edited": false,
      "stickied": false
    },
    {
      "id": "mwoizin",
      "author": "Repulsive-Click2033",
      "body": "Our main curriculum in our self-contained elementary autism classroom is STAR (Strategies for Teaching based on Autism Research). Your district would have it purchase it just like for ULS. ULS is our secondary curriculum in our SCAU room.",
      "created_utc": 1749400807.0,
      "score": 2,
      "permalink": "/r/specialed/comments/1l6034a/curriculum_ideas_self_contained/mwoizin/",
      "is_submitter": false,
      "edited": false,
      "stickied": false
    },
    {
      "id": "mwqpc1o",
      "author": "snf1394",
      "body": "Unique Learning for math has worked wonders for my students. They are middle school but I use the pre school curriculum as they are severely behind in their academics. I haven\u2019t seen much progress with the reading as my students are non verbal, but I really like the math. I agree Unique does fall short on other subjects. On teacher pay teacher, I\u2019ve used a lot from a resource called made for me. It\u2019s literacy based, but it has elements of science and social studies on kindergarten level and can be differentiated up as needed. The activities are amazing and my students love them.",
      "created_utc": 1749425429.0,
      "score": 2,
      "permalink": "/r/specialed/comments/1l6034a/curriculum_ideas_self_contained/mwqpc1o/",
      "is_submitter": false,
      "edited": false,
      "stickied": false
    },
    {
      "id": "mwlbvf3",
      "author": "Safe-Amphibian-1238",
      "body": "I have never used Autism Helper, so no help from me on that.\n\nCurriculum I have used that I love: STAR (Strategies for Teaching Autism) Program, which covers communication,  early academics, following directions, and other early school characteristics; Edmark for reading (for students UFLI is too high for); and TouchMath for math.\n\nHave fun!",
      "created_utc": 1749349604.0,
      "score": 1,
      "permalink": "/r/specialed/comments/1l6034a/curriculum_ideas_self_contained/mwlbvf3/",
      "is_submitter": false,
      "edited": false,
      "stickied": false
    },
    {
      "id": "mwlce6b",
      "author": "DankTomato2",
      "body": "I taught a mostly self-contained autistic support class this year. We used Unique Learning System, Lexia (which wasn\u2019t totally appropriate for some), and TeachTown for social skills (do NOT use TeachTown for academics because it sucks).",
      "created_utc": 1749349813.0,
      "score": 1,
      "permalink": "/r/specialed/comments/1l6034a/curriculum_ideas_self_contained/mwlce6b/",
      "is_submitter": false,
      "edited": false,
      "stickied": false
    },
    {
      "id": "mwu9rsd",
      "author": "Feeling_Wishbone_864",
      "body": "I have used Readtopia and liked it. It is only literacy but it\u2019s been my favorite literacy curriculum used in my self contained autism classroom.",
      "created_utc": 1749480898.0,
      "score": 1,
      "permalink": "/r/specialed/comments/1l6034a/curriculum_ideas_self_contained/mwu9rsd/",
      "is_submitter": false,
      "edited": false,
      "stickied": false
    },
    {
      "id": "mwvqbtf",
      "author": "ShowerArguments",
      "body": "Love the Unique Learning Systems for my high needs students. I often have to supplement for my lower needs students but the pacing, accessibility and differentiation is great for my classroom. It is very expensive though, for the whole system and needs to be renewed every year. There is not much in the way of science and social studies either. Make sure your district can buy it for you if choose. Check and see if you can access the summer units for a trial basis to  see which grade band would work.",
      "created_utc": 1749495583.0,
      "score": 1,
      "permalink": "/r/specialed/comments/1l6034a/curriculum_ideas_self_contained/mwvqbtf/",
      "is_submitter": false,
      "edited": false,
      "stickied": false
    },
    {
      "id": "mwo0zif",
      "author": "MrBTeachSPED",
      "body": "Thank you for your help and advice. There is going to be a lot of trail and error",
      "created_utc": 1749395253.0,
      "score": 1,
      "permalink": "/r/specialed/comments/1l6034a/curriculum_ideas_self_contained/mwo0zif/",
      "is_submitter": true,
      "edited": false,
      "stickied": false
    },
    {
      "id": "mwo2itu",
      "author": "MrBTeachSPED",
      "body": "Thank you for your very detailed post. All good things to know about for sure. I know two of my kiddos are non verbal and others are limited verbal. Good info on the bundles for Autism helper. Definitely will look into the Touch math I know some kiddos are at that level and some are above basic math. Anyway thanks a lot and will look into all that you shared.",
      "created_utc": 1749395726.0,
      "score": 1,
      "permalink": "/r/specialed/comments/1l6034a/curriculum_ideas_self_contained/mwo2itu/",
      "is_submitter": true,
      "edited": false,
      "stickied": false
    },
    {
      "id": "mwwwuqe",
      "author": "Actual_Comfort_4450",
      "body": "I agree. I teach high school essential skills. We love N2Y and ULS for reading. Hate the math. Love the transition passport on ULS as well.",
      "created_utc": 1749507968.0,
      "score": 2,
      "permalink": "/r/specialed/comments/1l6034a/curriculum_ideas_self_contained/mwwwuqe/",
      "is_submitter": false,
      "edited": false,
      "stickied": false
    },
    {
      "id": "mwqrpjo",
      "author": "snf1394",
      "body": "https://www.teacherspayteachers.com/Product/Made-For-Me-Literacy-Level-B-Bundle-1-Special-Education-Curriculum-4012364 \nHere is the link to the upper level one. I use the level a with my students.",
      "created_utc": 1749426260.0,
      "score": 1,
      "permalink": "/r/specialed/comments/1l6034a/curriculum_ideas_self_contained/mwqrpjo/",
      "is_submitter": false,
      "edited": false,
      "stickied": false
    },
    {
      "id": "mwo184j",
      "author": "MrBTeachSPED",
      "body": "I will look into that one as well. I know two of my students are non verbal. So playing along with different things to see what works.",
      "created_utc": 1749395327.0,
      "score": 1,
      "permalink": "/r/specialed/comments/1l6034a/curriculum_ideas_self_contained/mwo184j/",
      "is_submitter": true,
      "edited": false,
      "stickied": false
    },
    {
      "id": "mwnpnef",
      "author": "ConflictedMom10",
      "body": "I assume the digital TeachTown curriculum? My district only paid for the paper curriculum, and it doesn\u2019t include social skills at all.",
      "created_utc": 1749391621.0,
      "score": 1,
      "permalink": "/r/specialed/comments/1l6034a/curriculum_ideas_self_contained/mwnpnef/",
      "is_submitter": false,
      "edited": false,
      "stickied": false
    },
    {
      "id": "mwo1ebg",
      "author": "MrBTeachSPED",
      "body": "Yeah I\u2019m just not very big on Unique learning systems but I\u2019m sure I will still use some things from it.",
      "created_utc": 1749395380.0,
      "score": 1,
      "permalink": "/r/specialed/comments/1l6034a/curriculum_ideas_self_contained/mwo1ebg/",
      "is_submitter": true,
      "edited": false,
      "stickied": false
    },
    {
      "id": "mwppqag",
      "author": "Safe-Amphibian-1238",
      "body": "STAR does have strands which accommodate for students who are nonverbal, as well as ways to encourage students to become more verbal.\nI had a student who did not have any known method of communication, receptive or expressive, when he started Kindergarten with us. By the end of the school year, he was using PECS independently, and responding to verbal cues/directions most of the time.",
      "created_utc": 1749413724.0,
      "score": 1,
      "permalink": "/r/specialed/comments/1l6034a/curriculum_ideas_self_contained/mwppqag/",
      "is_submitter": false,
      "edited": false,
      "stickied": false
    },
    {
      "id": "mwo8ex4",
      "author": "DankTomato2",
      "body": "Yes. I didn\u2019t know there was a paper version lol",
      "created_utc": 1749397540.0,
      "score": 1,
      "permalink": "/r/specialed/comments/1l6034a/curriculum_ideas_self_contained/mwo8ex4/",
      "is_submitter": false,
      "edited": false,
      "stickied": false
    },
    {
      "id": "mwpstpn",
      "author": "MrBTeachSPED",
      "body": "That\u2019s amazing and awesome!! Huge accomplishment for sure. Definitely liking STAR more and more",
      "created_utc": 1749414673.0,
      "score": 1,
      "permalink": "/r/specialed/comments/1l6034a/curriculum_ideas_self_contained/mwpstpn/",
      "is_submitter": true,
      "edited": false,
      "stickied": false
    },
    {
      "id": "mwofpr2",
      "author": "ConflictedMom10",
      "body": "It\u2019s awful and not appropriate for most of my students, but I have large cabinets full of it.",
      "created_utc": 1749399794.0,
      "score": 1,
      "permalink": "/r/specialed/comments/1l6034a/curriculum_ideas_self_contained/mwofpr2/",
      "is_submitter": false,
      "edited": false,
      "stickied": false
    }
  ],
  "relevance": {
    "score": 10,
    "user_type": "teacher",
    "pain_points": [
      "right now i\u2019m diving into possible curriculum options and wanted to ask:\nhas anyone used the autism helper curriculum in their classroom? if so, what did you think? what are the pros and cons? worth it?\n\nalso open to any other recommendations you have! especially if you're working with similar populations",
      "hey fellow educators!\n\ni just accepted a new position for next school year\u2014i'll be teaching in a self-contained elementary autism classroom (super excited but also a bit overwhelmed tbh)"
    ],
    "keywords_found": [
      "autism",
      "transition",
      "kindergarten"
    ],
    "sentiment_score": 0.9998,
    "age_relevance": true,
    "urgency_level": "low",
    "competitive_mentions": [],
    "timestamp": "2025-06-12T14:44:30.069564"
  }
}