{
  "subreddit": "ADHD",
  "post": {
    "id": "1l9lpbx",
    "title": "Combined ADHD is constantly misunderstood and it\u2019s exhausting!",
    "author": "Kitty-Meowington",
    "created_utc": 1749732765.0,
    "score": 26,
    "num_comments": 11,
    "url": "https://www.reddit.com/r/ADHD/comments/1l9lpbx/combined_adhd_is_constantly_misunderstood_and_its/",
    "selftext": "Living with combined ADHD isn\u2019t just about being distracted or fidgety. It\u2019s a constant and often invisible struggle that affects how I function daily\u2014mentally, emotionally, and physically. And it\u2019s not just about forgetting things either. It\u2019s the entire cycle that starts with:\n\n* Making a plan\n* Wanting to follow through\n* Getting mentally stuck\n* Feeling overwhelmed\n* Freezing\n* Missing the deadline\n* And then feeling awful for it\n\nThe worst part is, people often assume it\u2019s laziness or poor time management. They say things like \u201cjust try harder\u201d or \u201cyou need more discipline.\u201d Or a new favourite line of theirs: \"You're not just being inconsiderate but you're also saying you don't want to change the pattern.\"  \n  \nBut ADHD, especially the combined type which is what I am diagnosed with, impacts executive function, emotional regulation, and working memory all at once. It\u2019s like trying to run a race with tangled shoelaces and a 30kg backpack, while being told you're still not trying hard enough.\n\nMost of us aren\u2019t careless. We care deeply. Sometimes too much. But the way our brains process time, stress, or even simple tasks can completely shut us down *especially when pressure is involved.*\n\nWhat makes it harder is how often people misread our struggles as inconsideration or lack of effort. But the truth is, we\u2019re often putting in *more* effort than people realise just to reach a baseline that others take for granted.\n\nI\u2019m not writing this to vent (okay, maybe a little). But mostly to say if you\u2019ve experienced this too, you\u2019re not alone. Combined ADHD can be incredibly frustrating. Not only because of the symptoms themselves, but because of how misunderstood they are.\n\nIf you relate to this, how do you manage the disconnect between your internal effort and how others perceive you? Would love to hear how others deal with it."
  },
  "comments": [
    {
      "id": "mxdfo7h",
      "author": "AutoModerator",
      "body": "Hi /u/Kitty-Meowington and thanks for posting on /r/ADHD! \n\n### Please take a second to [read our rules](/r/adhd/about/rules) if you haven't already.\n\n---\n\n### /r/adhd news\n\n* If you are posting about the **US Medication Shortage**, please see this [post](https://www.reddit.com/r/ADHD/comments/12dr3h5/megathread_us_medication_shortage/).\n\n---\n\n^(*This message is not a removal notification. It's just our way to keep everyone updated on r/adhd happenings.*)\n\n\n*I am a bot, and this action was performed automatically. Please [contact the moderators of this subreddit](/message/compose/?to=/r/ADHD) if you have any questions or concerns.*",
      "created_utc": 1749732767.0,
      "score": 1,
      "permalink": "/r/ADHD/comments/1l9lpbx/combined_adhd_is_constantly_misunderstood_and_its/mxdfo7h/",
      "is_submitter": false,
      "edited": false,
      "stickied": true
    },
    {
      "id": "mxdhb7j",
      "author": "FLHCv2",
      "body": "Literally me right now. I'm working a project that I absolutely hate with a stakeholder that I don't really fuck with. Went from being loved and respected in my department for the last 3 years to being moved to a new one and feeling like I have no idea what I'm even doing. \n\n>If you relate to this, how do you manage the disconnect between your internal effort and how others perceive you? Would love to hear how others deal with it.\n\nI don't have an answer for you. It changes based on the situation. Sometimes I grapple with just telling people I have ADHD, thinking it would help them understand, but 99.9% of the time decide against it. Luckily I have a stellar reputation at my company so I've been trying to kind of \"suggest\" that this project isn't correctly laid out or that this isn't the type of project I'm best suited for but in the long run, I know I'm here for the long haul and that's why I've decided to fire up my resume lol",
      "created_utc": 1749733336.0,
      "score": 8,
      "permalink": "/r/ADHD/comments/1l9lpbx/combined_adhd_is_constantly_misunderstood_and_its/mxdhb7j/",
      "is_submitter": false,
      "edited": false,
      "stickied": false
    },
    {
      "id": "mxdj4ic",
      "author": "Outrageous_Mix_9640",
      "body": "That's so on point. Thanks for this. The struggle is so fucking real and i never knew how to explain it to people.",
      "created_utc": 1749733961.0,
      "score": 3,
      "permalink": "/r/ADHD/comments/1l9lpbx/combined_adhd_is_constantly_misunderstood_and_its/mxdj4ic/",
      "is_submitter": false,
      "edited": false,
      "stickied": false
    },
    {
      "id": "mxdhg1q",
      "author": "mrobinson0828",
      "body": "Every word you said has never made me feel more seen \ud83d\udc96\n\nI don't really have any advice (obviously \ud83d\ude02) but just know you are not alone. I feel your struggle with every nerve in my body. \ud83e\udd29\ud83d\udc96",
      "created_utc": 1749733383.0,
      "score": 2,
      "permalink": "/r/ADHD/comments/1l9lpbx/combined_adhd_is_constantly_misunderstood_and_its/mxdhg1q/",
      "is_submitter": false,
      "edited": false,
      "stickied": false
    },
    {
      "id": "mxdkmek",
      "author": "SupraSumEUW",
      "body": "I relate but I would add that the worst feeling is when people who know only inattentive adhd tell us that maybe we don\u2019t have adhd simply because we aren\u2019t as forgetful as others for example.\n\nCombined adhd is also way more dangerous for society, we are more prone to violence, more prone to acting before thinking, engaging in drug abuse etc\n\nThere is a huge study about the differences that is really interesting if u want to read :\n\nhttps://pmc.ncbi.nlm.nih.gov/articles/PMC7287898/",
      "created_utc": 1749734466.0,
      "score": 2,
      "permalink": "/r/ADHD/comments/1l9lpbx/combined_adhd_is_constantly_misunderstood_and_its/mxdkmek/",
      "is_submitter": false,
      "edited": false,
      "stickied": false
    },
    {
      "id": "mxdi2mf",
      "author": "Kitty-Meowington",
      "body": "Wow, I feel this so hard. That shift feels so brutal, especially when ADHD makes transitions and uncertainty 10x harder. It\u2019s like your brain\u2019s screaming *\u201cWe don\u2019t know how to do this, abort mission!\u201d* and all you can do is try not to look overwhelmed in meetings.\n\nI\u2019ve also debated telling people about my ADHD, hoping it might offer some context. I have done this once but only because my former manager was patient and understanding and knew how to manage me better. But he was the only one. The next manager worked me out of the company because she couldn't work with someone as \"messed up\" as me.   \n  \nBut yeah, I know what you mean. Sometimes I feel safer not to. And I get it too that \"suggesting\" instead of outright saying something\u2019s not working is like a constant dance between advocating for yourself and not wanting to look like you\u2019re making excuses.\n\nFiring up your resume sounds like a solid move though. Sometimes just *knowing* you have options helps you breathe again. Hope whatever comes next gives you the clarity or change you\u2019re looking for. I'm rooting for you!",
      "created_utc": 1749733600.0,
      "score": 1,
      "permalink": "/r/ADHD/comments/1l9lpbx/combined_adhd_is_constantly_misunderstood_and_its/mxdi2mf/",
      "is_submitter": true,
      "edited": false,
      "stickied": false
    },
    {
      "id": "mxdn9yq",
      "author": "Kitty-Meowington",
      "body": "You're welcome. I wanted to write this today because of an incident that left me reeling and realising with extreme clarity that no one is ever going to understand how we feel. Combined or otherwise. There will always be a sliver of judgment that follows us wherever we go, no matter how hard we try to push it aside or douse it with an explanation.",
      "created_utc": 1749735353.0,
      "score": 2,
      "permalink": "/r/ADHD/comments/1l9lpbx/combined_adhd_is_constantly_misunderstood_and_its/mxdn9yq/",
      "is_submitter": true,
      "edited": false,
      "stickied": false
    },
    {
      "id": "mxdiajn",
      "author": "Kitty-Meowington",
      "body": "Thank you so much\u2014honestly, your reply means a lot \ud83d\udc96  \n  \nEven just hearing \u201cyou\u2019re not alone\u201d from someone who *really* gets it? That\u2019s the kind of validation I didn\u2019t know I needed today \ud83d\ude02 No advice necessary. Sometimes just knowing someone else feels it in their bones too is more than enough. Sending you strength (and executive function) in spirit \ud83e\udd1d\ud83e\udde0\u2728",
      "created_utc": 1749733676.0,
      "score": 3,
      "permalink": "/r/ADHD/comments/1l9lpbx/combined_adhd_is_constantly_misunderstood_and_its/mxdiajn/",
      "is_submitter": true,
      "edited": false,
      "stickied": false
    },
    {
      "id": "mxdnx8h",
      "author": "Kitty-Meowington",
      "body": "Totally agree. People forget that ADHD doesn\u2019t present the same in everyone, and combined type especially gets misunderstood or dismissed. The impulsivity side of it is way more intense than most realise. Thanks for the link too, I shall give it a read!",
      "created_utc": 1749735565.0,
      "score": 3,
      "permalink": "/r/ADHD/comments/1l9lpbx/combined_adhd_is_constantly_misunderstood_and_its/mxdnx8h/",
      "is_submitter": true,
      "edited": false,
      "stickied": false
    }
  ],
  "relevance": {
    "score": 10,
    "user_type": "therapist",
    "pain_points": [
      "hope whatever comes next gives you the clarity or change you\u2019re looking for",
      "it\u2019s the entire cycle that starts with:\n\n* making a plan\n* wanting to follow through\n* getting mentally stuck\n* feeling overwhelmed\n* freezing\n* missing the deadline\n* and then feeling awful for it\n\nthe worst part is, people often assume it\u2019s laziness or poor time management",
      "it\u2019s like your brain\u2019s screaming *\u201cwe don\u2019t know how to do this, abort mission!\u201d* and all you can do is try not to look overwhelmed in meetings"
    ],
    "keywords_found": [
      "emotional regulation",
      "transition"
    ],
    "sentiment_score": 0.9961,
    "age_relevance": false,
    "urgency_level": "low",
    "competitive_mentions": [],
    "timestamp": "2025-06-12T14:56:13.704261"
  }
}