{
  "subreddit": "homeschool",
  "post": {
    "id": "1l8146i",
    "title": "Should we switch to homeschool?",
    "author": "Affectionate-Bank-85",
    "created_utc": 1749567989.0,
    "score": 3,
    "num_comments": 18,
    "url": "https://www.reddit.com/r/homeschool/comments/1l8146i/should_we_switch_to_homeschool/",
    "selftext": "For those of you who were in public school and switched to homeschooling, what was the reason that ultimately made you decide to switch? I am so on the fence with my 7 year old. He has been really struggling with school for most of his 1\u2018st grade year. He does really well academically, but he has so much anxiety and we have struggled with school refusal most days. He also has adhd. He has expressed that he would like to homeschool and I would be happy to do that. I just don\u2019t know if it will help the issues or make them worse because I am keeping him home instead of making him face the struggles. If anyone has experienced something similar, I would love to hear your feedback or any feedback in general."
  },
  "comments": [
    {
      "id": "mx1d3xz",
      "author": "bibliovortex",
      "body": "I don't think it hurts to try - ADHD + anxiety can be hard to support in a classroom setting. However, I say that with an important caveat: homeschooling will not \"fix\" ADHD or anxiety. You should still expect to provide support and help him develop skills and coping methods and all that stuff. The (good) difference is that you can research for yourself and pivot quickly vs having to work through the IEP process repeatedly and holding the school accountable to actually implement it. The other (less good) difference is that you are signing up to manage all that stuff yourself, depending on what you can afford in terms of therapy etc., and sometimes avoidance feels like a good enough solution in the short term and it can be tempting not to put in all that hard work, deal with the bad attitude, etc. \n\nI homeschool two kids with probable ADHD, one of whom also deals with anxiety, so please understand that I absolutely believe homeschooling can work well in this situation. I am not saying this to put you off of the possibility of homeschooling, but I do think it's super important to go into it with your eyes open and be prepared for it to feel like work. Because neither public school nor homeschool is truly an \"easy\" option here.",
      "created_utc": 1749571336.0,
      "score": 5,
      "permalink": "/r/homeschool/comments/1l8146i/should_we_switch_to_homeschool/mx1d3xz/",
      "is_submitter": false,
      "edited": false,
      "stickied": false
    },
    {
      "id": "mx2n211",
      "author": "Sharp-Claim-8358",
      "body": "Last year was our first year doing homeschool for our 7 year old, now 8 years old. It\u2019s been great for our family. He also has high anxiety for a kid. He did really well in school and he is very smart. But the anxiety from tests, teachers yelling at the class, and bullying from peers was worth it enough for us to pull him out. I think if teachers had better resources and help then we would reconsider sending him back. Where we live right now though nothing will be changing in the public schools anytime soon so we will continue homeschooling him. \n\nHomeschool is not the easy option by any means. There have been some great days, but we also had days where it was a struggle. Overall we are glad we brought him home.",
      "created_utc": 1749584198.0,
      "score": 3,
      "permalink": "/r/homeschool/comments/1l8146i/should_we_switch_to_homeschool/mx2n211/",
      "is_submitter": false,
      "edited": false,
      "stickied": false
    },
    {
      "id": "mx58y3o",
      "author": "Main-Excitement-4066",
      "body": "Is what you\u2019re currently doing working? If not, try homeschooling. It\u2019s easy to try something else if it doesn\u2019t work. But, staying unhappy with learning is never the answer.",
      "created_utc": 1749615734.0,
      "score": 3,
      "permalink": "/r/homeschool/comments/1l8146i/should_we_switch_to_homeschool/mx58y3o/",
      "is_submitter": false,
      "edited": false,
      "stickied": false
    },
    {
      "id": "mx1h99u",
      "author": "Any-Habit7814",
      "body": "Won't fix school refusal \ud83d\ude1c",
      "created_utc": 1749572514.0,
      "score": 7,
      "permalink": "/r/homeschool/comments/1l8146i/should_we_switch_to_homeschool/mx1h99u/",
      "is_submitter": false,
      "edited": false,
      "stickied": false
    },
    {
      "id": "mx1yn4t",
      "author": "Salty-Snowflake",
      "body": "The one thing that flipped my switch?  Seeing how relaxed and joyful my son was when he didn\u2019t have to spend all day in a classroom with a bully teacher. \n\nFor context, he was out of school for medical reasons. We finished all of his work in the morning in less time that it took for him to do just his homework after school.  That place was killing his soul and homeschooling gave it back to him.  I know all schools aren\u2019t like this, too. He loved the school he attended for most of kindergarten - the problems started almost immediately after we moved to the new district.",
      "created_utc": 1749577327.0,
      "score": 2,
      "permalink": "/r/homeschool/comments/1l8146i/should_we_switch_to_homeschool/mx1yn4t/",
      "is_submitter": false,
      "edited": false,
      "stickied": false
    },
    {
      "id": "mx2cjmn",
      "author": "SubstantialString866",
      "body": "Homeschool worked really well for my husband with severe adhd. I'm 99% sure my daughter has it but we've set up the house already for Dad that her hardships and symptoms are already partially accommodated trying to get ahead of that anxiety.\u00a0",
      "created_utc": 1749581200.0,
      "score": 2,
      "permalink": "/r/homeschool/comments/1l8146i/should_we_switch_to_homeschool/mx2cjmn/",
      "is_submitter": false,
      "edited": false,
      "stickied": false
    },
    {
      "id": "mx3t1ok",
      "author": "homeschoolmomof2-",
      "body": "We switched for a few reasons \n1) bullying. I have one who is a tomboy and everyone constantly judged her for it. Another one who is just sweet and was taken advantage of a lot\n2) academics. With one with adhd and one with a seizure disorder I decided 1:1 learning would be better. I knew one person in my area who homeschooled and our children were friends and her children seemed so happy and very smart. \n3) safety. We recently moved to Tulsa area and the local school is HORRIBLE. Bomb threats, guns, drugs, fighting, etc and I do not want my kids subjected to that.",
      "created_utc": 1749596785.0,
      "score": 2,
      "permalink": "/r/homeschool/comments/1l8146i/should_we_switch_to_homeschool/mx3t1ok/",
      "is_submitter": false,
      "edited": false,
      "stickied": false
    },
    {
      "id": "mx45fvp",
      "author": "Outrageous-Wafer5903",
      "body": "My main reason was because I felt like my kid was falling through the cracks and I was screaming from the rooftops asking for help and nobody was listening. \n\nI had to fight to get her a spot in after school tutoring because initially \u201cshe didn\u2019t meet the requirements\u201d with a 69 average at the first four weeks of the semester. Funny how we were suddenly given a spot when I mentioned to the principal that it\u2019s awfully comical that I know all the fundraising in the school but no communication from teachers. \n\nAfter her 504 wasn\u2019t updated specifically with the small group testing and accommodations that they promised would help her after I asked for 4 separate meetings watching her grades tank\u2026that was my confirmation! \n\nAlso when I was concerned about why she wasn\u2019t getting the accommodations, after avoiding my return calls from their one voicemail that was left, the coordinator told me, \u201cshe probably doesn\u2019t even need it - she\u2019s so sweet!\u201d Sweetness = good grades, I guess. \n\nWe finished the year in math with a 63. The solution to them was for her to attend math camp in the summer \u2014 two hours a day for 5 days. Apparently that fixes all your math trouble. \n\nI was tired of sending my child to a building for 7 hours a day for her to retain nothing other than gossip and bad habits. I felt like I got to spend zero time with her. She does very well in small group/1:1 settings - so we\u2019re taking a whack at homeschooling. I don\u2019t think we will be disappointed.",
      "created_utc": 1749600942.0,
      "score": 2,
      "permalink": "/r/homeschool/comments/1l8146i/should_we_switch_to_homeschool/mx45fvp/",
      "is_submitter": false,
      "edited": false,
      "stickied": false
    },
    {
      "id": "mx4tqb1",
      "author": "Worth_Release9021",
      "body": "Op the best thing you can do is listen to your child, if he\u2019s enjoying school and wants to return (and he\u2019s not in danger of teachers and/ or bullies), let him go, the best thing you can do is listen to him.",
      "created_utc": 1749609512.0,
      "score": 2,
      "permalink": "/r/homeschool/comments/1l8146i/should_we_switch_to_homeschool/mx4tqb1/",
      "is_submitter": false,
      "edited": false,
      "stickied": false
    },
    {
      "id": "mx5rvyo",
      "author": "Agreeable-Deer7526",
      "body": "You sound like me last year. The struggle was real and we realized all children mature at different rates and he was too young and needed more rest.  His fourth grade year he will be completely ready to do everything that full time school requires.  Little by little we have been building his ability to not be afraid of drop offs or to stick up for himself. We also did a sleep study to make sure he was getting adequate rest.",
      "created_utc": 1749625536.0,
      "score": 1,
      "permalink": "/r/homeschool/comments/1l8146i/should_we_switch_to_homeschool/mx5rvyo/",
      "is_submitter": false,
      "edited": false,
      "stickied": false
    },
    {
      "id": "mx7t2ar",
      "author": "Vegetable_Pineapple2",
      "body": "I say try it. Even as a homeschooler I have tried various things too, including a part time school program which I actually liked for the break and the things they were taught I didn't know about. \n\nMy kids like homeschooling, they liked the part time school, they both refused both too. I think just not wanting to do something is just how we feel sometimes. The cool thing about homeschooling is you can figure out what helps limit the refusals and I think not having 8 hours in school helps. \n\nAt 7 kids only actually need 2ish hours of homeschool instruction. It might be less, there is a table for time somewhere out there. It goes up a little every year until they hit 4 hours in highschool. That doesn't mean they can't be doing other things though like piano class or soccer or their own hobby in addition, those are just the \"lecture hours\" as I like to think of them. In school they have little craft activities and games to fill up time too, we get to do that with trips to the park or playing a board game. They get to pick those things which I think is helpful especially if they make friends in some of those other things and they get to pick together to continue to do them together. \n\nIf it doesn't work, you can always go back.\n\nP.S. we have ADHD and autism too. I do like homeschooling for that just because I can work with them instead of asking them to work with the program.",
      "created_utc": 1749656249.0,
      "score": 1,
      "permalink": "/r/homeschool/comments/1l8146i/should_we_switch_to_homeschool/mx7t2ar/",
      "is_submitter": false,
      "edited": false,
      "stickied": false
    },
    {
      "id": "mx7tghu",
      "author": "twistedgam3r",
      "body": "I have three kids: 6, 7, and 13. My 6 year old has ADHD, ODD, and Autism. My 13 year old has anxiety, depression, and ADHD.\n\nNow, I have watched my 13 year old regress from an outgoing happy little girl into a shell of a human that is afraid of her own shadow. She went from straight A\u2019s to failing everything. Excuses every single morning to not to go school. Headache. Stomach ache. Whatever it\n took. Physically having to drag her out the door. If I did manage to get her to school, she was calling me by 9:00 to come home.\n\nMy 6 year old went through Pre K with no direction. I fought hard trying to get him an IEP or 504 with no avail. Every day he was in trouble for one thing or another, in a classroom of 20 other screaming kids with a brand new teacher that did not have any direction on how to maintain classroom order.\n\nKindergarten started okay, but within the first month he began being \u201cthe bad kid\u201d. Kept getting sent to ISS, which didn\u2019t bother him because it was quiet. He also fought every morning about going to school, he wasn\u2019t doing his work.\n\nThen the lockdowns started with kids bringing guns, or weapons, and the school was not doing anything about it. Safety is the most important thing in every aspect of life. My children WILL be safe.\n\nI just had enough. I was so mentally tired of fighting five days a week, and then the letters of attendance and how they may not pass or would have to go to attendance recovery. That was a fight I was having constantly because when the school allowed sick children to come, no one was practicing hand hygiene, and then they would argue with me when I was not sending my sick children. I am a paramedic, I can identify when my kids are sick.\n\nWe pulled in November and have not looked back. We took a long while to \u201cdeschool\u201d and get the rules and everything out of their systems. I don\u2019t try to \u201cteach\u201d them all at once. My son does great when it\u2019s just him, but terrible when I try to make all three sit down together.\n\nYou pick your battles. Some days is productive. Some days we get nothing done. That\u2019s okay. Be kind to yourself. You have 365 days to get 180 days of educational time in. :)",
      "created_utc": 1749656361.0,
      "score": 1,
      "permalink": "/r/homeschool/comments/1l8146i/should_we_switch_to_homeschool/mx7tghu/",
      "is_submitter": false,
      "edited": false,
      "stickied": false
    },
    {
      "id": "mxc0x5u",
      "author": "Content_Usual9328",
      "body": "When I homeschooled our daughter my aunt was supportive. One of my few relatives who were. \u00a0She said a good piece of advice\nIt\u2019s ok to homeschool for a while then go back and then homeschool again. Sometimes life circumstances change. Her daughter was in competition dance and it was a 7 day a week thing. \u00a0She did the last two years online so she\u2019d have time for her dance. \u00a0Her son had a really hard time with school but found he was mature and wanting to go to school later on.\u00a0\nThere\u2019s no right way or wrong way that\u2019s explicitly clear. \u00a0You do what\u2019s right for the family at the time. Public school will always be there for when it\u2019s the right time. \u00a0Going in with a clear vision and plan is the best way to homeschool\u2014 and your plans will change and adjust in real time.\u00a0\nGive yourself some grace if you\u2019re choosing this route.",
      "created_utc": 1749706607.0,
      "score": 1,
      "permalink": "/r/homeschool/comments/1l8146i/should_we_switch_to_homeschool/mxc0x5u/",
      "is_submitter": false,
      "edited": false,
      "stickied": false
    },
    {
      "id": "mxdpcw6",
      "author": "Salt_Persimmon_707",
      "body": "I also have friends that are interested in trying it out but always get so bent out of shape on making the jump. I try to remind them that this big decision doesn\u2019t have to be \u2018forever\u2019! You could literally try it out for a year to see if it works for your family! He won\u2019t end up being behind academically, especially at his young age: it\u2019s pretty simple to teach what needs to be taught in those early grade school years. \n\nMy son had school-related anxiety that affected his stomach in a bad way. He would be in the school bathroom with diarrhea for over an hour! Or nearly-vomiting as we were driving to school. It all ended within a week of pulling him out of school!",
      "created_utc": 1749736027.0,
      "score": 1,
      "permalink": "/r/homeschool/comments/1l8146i/should_we_switch_to_homeschool/mxdpcw6/",
      "is_submitter": false,
      "edited": false,
      "stickied": false
    },
    {
      "id": "mx4t9wx",
      "author": "HyperFixHer",
      "body": "You will have to face the struggle at home, too. But now you have to differentiate between \u201cparent\u201d and \u201cteacher-parent.\u201d The requirement to learn is still there, the enforcement is different. I love that my son gets to zoom around the house while he\u2019s learning to read. But he still has to learn how to read. My oldest and math are not meshing, so we have to both work through tears most days to find a way to get it to connect. But we get to take breaks and change environments and do what we need to get them there. It\u2019s hard. And you have to be the one to set the tone. But I don\u2019t think any of us would have it any other way in our house.",
      "created_utc": 1749609340.0,
      "score": 1,
      "permalink": "/r/homeschool/comments/1l8146i/should_we_switch_to_homeschool/mx4t9wx/",
      "is_submitter": false,
      "edited": false,
      "stickied": false
    },
    {
      "id": "mx2bx34",
      "author": "SubstantialString866",
      "body": "This probably isn't said as much as it should be... It's just the parent instead of the teacher managing \ud83d\ude05",
      "created_utc": 1749581022.0,
      "score": 4,
      "permalink": "/r/homeschool/comments/1l8146i/should_we_switch_to_homeschool/mx2bx34/",
      "is_submitter": false,
      "edited": false,
      "stickied": false
    },
    {
      "id": "mx4p9ik",
      "author": "Howdy-Rosebud",
      "body": "It could if the school refusal is due to anxiety though!",
      "created_utc": 1749607886.0,
      "score": 2,
      "permalink": "/r/homeschool/comments/1l8146i/should_we_switch_to_homeschool/mx4p9ik/",
      "is_submitter": false,
      "edited": false,
      "stickied": false
    },
    {
      "id": "mx6mdq2",
      "author": "tallmyn",
      "body": "It can if you do it right.\n\nIf the child is having anxiety related school avoidance, continuing to send them to school can make school refusal worse. If it does continue to get worse, it's because you're increasing the strength of the association between school and fear. \n\nThis happened to my ASD kid and unfortunately it started to bleed into home life and affecting his mental health negatively.\n\nWe took him out and have been gradually exposing him to more and more \"school like\" stimuli to densensitise him. It is a very slow process. It is MUCH harder to unlearn something than it is to learn it to begin with. So taking him out earlier in retrospect would have been better.\n\n[https://substack.com/home/post/p-158160516](https://substack.com/home/post/p-158160516)",
      "created_utc": 1749642271.0,
      "score": 1,
      "permalink": "/r/homeschool/comments/1l8146i/should_we_switch_to_homeschool/mx6mdq2/",
      "is_submitter": false,
      "edited": false,
      "stickied": false
    }
  ],
  "relevance": {
    "score": 10,
    "user_type": "parent",
    "pain_points": [
      "he has been really struggling with school for most of his 1\u2018st grade year"
    ],
    "keywords_found": [
      "autism",
      "504",
      "kindergarten",
      "homeschool"
    ],
    "sentiment_score": 0.9984,
    "age_relevance": true,
    "urgency_level": "high",
    "competitive_mentions": [],
    "timestamp": "2025-06-12T15:02:22.157652"
  }
}