{
  "subreddit": "education",
  "post": {
    "id": "1l8wy3o",
    "title": "Do public schools use too much tech for kids?",
    "author": "OrcinusCetacea",
    "created_utc": 1749658824.0,
    "score": 27,
    "num_comments": 113,
    "url": "https://www.reddit.com/r/education/comments/1l8wy3o/do_public_schools_use_too_much_tech_for_kids/",
    "selftext": "This fall, my husband and I will be looking at schools for my daughter for when she goes into kindergarten. \n\nI went through a phase for a few years where I was adamant that I wanted to homeschool our kids because I didn't believe that traditional methods of education were good for them. I watched a TED talk on how schools kill creativity, got really into podcasts that demonized traditional school and glorified educating your kids out in nature, read a book about how kids learn, and really wanted something different for our kids than traditional education. However, in the past year or so, I've realized that homeschooling is definitely not the path our family should take because of my personality and shortcomings as well as my oldest's personality. She has also really thrived at her traditional preschool and learned far more than I would have taught her at home and has grown socially and emotionally.\n\nWe are very fortunate that we have basically every type of school in our area to choose from. A classical charter school, religious schools (we are Catholic), a Waldorf school, Montessori, and we have several very highly rated public schools within a 10-15 minute drive of our house. The public schools seem really great and the parents that I've spoken to that have their kids there speak very highly of them, so we are really leaning toward that route for kindergarten. \n\nMy biggest concern is how much screen time kids are getting in public schools and whether or not that will harm or help them. We are living in a much different time than when I was in school, so it's a challenge to navigate this. I don't want to fear technology though, because I can see how some of it can be extremely helpful in education. For example, my CPA study software has an AI tool that has been so helpful in helping me understand concepts better. I'd love some reassurance from those of you out there that are more knowledgeable than me about the current state of our education. \n\n"
  },
  "comments": [
    {
      "id": "mx8gtn5",
      "author": "KC-Anathema",
      "body": "You as the parent are more important than the screens. That said, if you can keep your kids away from social media, like a basic nonsmart phone for emergencies, you'll be doing them a huge favor. I have seen some of my students' parents do great with limiting screens to the family room and no tech after certain hours. But you sitting with them from an early age, showing them how you use AI, how you use apps for your job, monitoring their schoolwork, modeling reading and creativity outside of tech, is so much more important than simply saying no screens. Keep up what you're doing.",
      "created_utc": 1749662974.0,
      "score": 55,
      "permalink": "/r/education/comments/1l8wy3o/do_public_schools_use_too_much_tech_for_kids/mx8gtn5/",
      "is_submitter": false,
      "edited": 1749678181.0,
      "stickied": false
    },
    {
      "id": "mx8mesw",
      "author": "Ill_Protection_3562",
      "body": "Public School teacher here. At the youngest ages, I see no tech being used in our Kindergarten and grade one classes. Very little in Grade 2. By grade three (in my class at least) I start teaching proper research skills. Some classes at the upper grades of elementary use them too much and without much direct instruction on how to find good and relevant information. \n\nThe backlash against tech in schools is definitely growing among teachers as we are beginning to see schools as one of the last places WITHOUT screens. Also, I regularly have parents that ask that I limit their usage because of how they are at home and I can honestly tell them that they'd be surprised how little we actually use them. \n\nFinal note: Parents if you want less tech, fundraise like hell to get great books and resources back in schools.",
      "created_utc": 1749664512.0,
      "score": 29,
      "permalink": "/r/education/comments/1l8wy3o/do_public_schools_use_too_much_tech_for_kids/mx8mesw/",
      "is_submitter": false,
      "edited": false,
      "stickied": false
    },
    {
      "id": "mx935i3",
      "author": "Clawless",
      "body": "It\u2019s going to vary by school and by teacher, honestly, so Reddit isn\u2019t going to answer this question for you.\n\nThat said, you are better off focusing on what you *can* control at home re:screens. In my experience the students that end up overexposed do so at home with little parental oversight, not because of school usage.",
      "created_utc": 1749669323.0,
      "score": 5,
      "permalink": "/r/education/comments/1l8wy3o/do_public_schools_use_too_much_tech_for_kids/mx935i3/",
      "is_submitter": false,
      "edited": false,
      "stickied": false
    },
    {
      "id": "mx85xsq",
      "author": "old_Spivey",
      "body": "Most students don't know how to use a computer; they use phones and tablets, mainly for games, music, and movies. They are virtually techno-idiots.",
      "created_utc": 1749659940.0,
      "score": 16,
      "permalink": "/r/education/comments/1l8wy3o/do_public_schools_use_too_much_tech_for_kids/mx85xsq/",
      "is_submitter": false,
      "edited": false,
      "stickied": false
    },
    {
      "id": "mx83z13",
      "author": "spoooky_mama",
      "body": "There are few answerable questions that start with \"do public schools\". Each school and each classroom is different.",
      "created_utc": 1749659370.0,
      "score": 14,
      "permalink": "/r/education/comments/1l8wy3o/do_public_schools_use_too_much_tech_for_kids/mx83z13/",
      "is_submitter": false,
      "edited": 1749698735.0,
      "stickied": false
    },
    {
      "id": "mx8ry64",
      "author": "Getrightguy",
      "body": "Screen time using social media and YouTube and screen time using educational technology are not the same thing.",
      "created_utc": 1749666077.0,
      "score": 10,
      "permalink": "/r/education/comments/1l8wy3o/do_public_schools_use_too_much_tech_for_kids/mx8ry64/",
      "is_submitter": false,
      "edited": false,
      "stickied": false
    },
    {
      "id": "mx8qkyt",
      "author": "Glittering_Move_5631",
      "body": "I do think technology is used too much in public schools, but it reflects the use of technology in the \"real world\". Very few, if any, occupations are tech-free. As a public school teacher, thank you so much for realizing your shortcomings in regards to home schooling and considering public school. I'm sure you're a wonderful parent, but that won't necessarily translate to *actually* teaching your children. You still serve an important role in teaching them life/social-emotional skills though!!!",
      "created_utc": 1749665685.0,
      "score": 5,
      "permalink": "/r/education/comments/1l8wy3o/do_public_schools_use_too_much_tech_for_kids/mx8qkyt/",
      "is_submitter": false,
      "edited": false,
      "stickied": false
    },
    {
      "id": "mx8zlbm",
      "author": "GregWilson23",
      "body": "I\u2019m a high school math teacher, and I am a total \u201cpaper and pencil\u201d teacher, except for TI-84 scientific calculators (when applicable to the specific topic), and online standardized tests on Chromebooks (around 4 or 5 days out of the year). Otherwise, screens are just a distraction, or a way to cheat on their math assignments. I\u2019ve been doing this since we returned to the classroom after Covid, and have received no pushback from my administrators.",
      "created_utc": 1749668280.0,
      "score": 4,
      "permalink": "/r/education/comments/1l8wy3o/do_public_schools_use_too_much_tech_for_kids/mx8zlbm/",
      "is_submitter": false,
      "edited": false,
      "stickied": false
    },
    {
      "id": "mx9vbbq",
      "author": "Latter_Leopard8439",
      "body": "It's a losing battle to keep kids off of games on the chromebooks at the middle school level.\n\nDistricts banning phones in classrooms but then just hand them a chromebook which they use for the same nonsense.",
      "created_utc": 1749677578.0,
      "score": 3,
      "permalink": "/r/education/comments/1l8wy3o/do_public_schools_use_too_much_tech_for_kids/mx9vbbq/",
      "is_submitter": false,
      "edited": false,
      "stickied": false
    },
    {
      "id": "mx8ezwf",
      "author": "leajcl",
      "body": "Yes! Five years ago, I would have said no. Now I see what it has done to their brains. I would look for low tech.",
      "created_utc": 1749662473.0,
      "score": 8,
      "permalink": "/r/education/comments/1l8wy3o/do_public_schools_use_too_much_tech_for_kids/mx8ezwf/",
      "is_submitter": false,
      "edited": false,
      "stickied": false
    },
    {
      "id": "mx98cz8",
      "author": "engelthefallen",
      "body": "The biggest question about tech in is schools is for what is used, not how much.  Tech has been shown time and time in research to help students understand complex ideas through multi-representations, and the gamification of practice in areas like vocab and math pays off big for learning gains.  Directed use of tech towards a goal should not be seen as a bad thing.  \n\nSo the answer to most questions on tech use is really it matters more what people are using it all for, than how much they are using it at all.  An hour doing physics simulations will yield far different outcomes than an hour of free use that spent on social media sites or browsing the web.",
      "created_utc": 1749670869.0,
      "score": 3,
      "permalink": "/r/education/comments/1l8wy3o/do_public_schools_use_too_much_tech_for_kids/mx98cz8/",
      "is_submitter": false,
      "edited": false,
      "stickied": false
    },
    {
      "id": "mx8ko8l",
      "author": "NobodyFew9568",
      "body": "Yes, way way too much.\n\nNot talking about classes they have great actual programs CAD for example.",
      "created_utc": 1749664033.0,
      "score": 2,
      "permalink": "/r/education/comments/1l8wy3o/do_public_schools_use_too_much_tech_for_kids/mx8ko8l/",
      "is_submitter": false,
      "edited": false,
      "stickied": false
    },
    {
      "id": "mx8md3l",
      "author": "CucumberPrestigious9",
      "body": "It depends on the school. Ours uses tech, but most of the day is off it. If parents speak highly then they\u2019re probably doing a good job balancing it. Limit your kids tech at home and they\u2019ll be great.",
      "created_utc": 1749664499.0,
      "score": 2,
      "permalink": "/r/education/comments/1l8wy3o/do_public_schools_use_too_much_tech_for_kids/mx8md3l/",
      "is_submitter": false,
      "edited": false,
      "stickied": false
    },
    {
      "id": "mx8mni4",
      "author": "Real-Psychology-4261",
      "body": "In my kids\u2019 public school, they rarely use their chromebooks. Once they get into 3rd/4th grade they start using them a little more for classwork.\u00a0",
      "created_utc": 1749664580.0,
      "score": 2,
      "permalink": "/r/education/comments/1l8wy3o/do_public_schools_use_too_much_tech_for_kids/mx8mni4/",
      "is_submitter": false,
      "edited": false,
      "stickied": false
    },
    {
      "id": "mx92qtm",
      "author": "Top-Revolution-5257",
      "body": "My opinion as a master student in \u00c9ducation: Waldorf is the worse: if you can avoid it, do it. I worked in a montessori school and public in Canada. I would choose public system over Montessori but it is my personal opinion",
      "created_utc": 1749669204.0,
      "score": 2,
      "permalink": "/r/education/comments/1l8wy3o/do_public_schools_use_too_much_tech_for_kids/mx92qtm/",
      "is_submitter": false,
      "edited": false,
      "stickied": false
    },
    {
      "id": "mx974a8",
      "author": "gerkin123",
      "body": "Depends on where you live and what the technology policies and philosophies are in the school system. These questions are best directed to the professionals in the building your child will enroll in, because it can vary from school to school even within towns.\n\nOthers have touched on the answer to the technology question: I'll handle the matter of the TED Talk. Please note that educational experts rely quite heavily on trends and high-level meta analysis to formulate positions, often drawing from key case studies in what is a notoriously under-researched field.\n\nThe most popular TEDTalk on schools killing creativity is a lovely piece by Sir Ken Robinson, dated 2006. He wasn't wrong, but the viewpoint is dated and generally if schools do kill creativity, it's due to systemic forces and approaches to education that aren't really rooted in technology.\n\nThe biggest problem I see in my limited experience is that educational leaders have a notorious habit of treating claims about education like facts and then working backwards from a pre-chosen, preferred conclusion. We saw this with devices, we've seen it with AI adoption, heck--we've seen it in worse forms... like whole generations of children given problematic reading instruction.",
      "created_utc": 1749670500.0,
      "score": 2,
      "permalink": "/r/education/comments/1l8wy3o/do_public_schools_use_too_much_tech_for_kids/mx974a8/",
      "is_submitter": false,
      "edited": 1749671139.0,
      "stickied": false
    },
    {
      "id": "mxa5k4b",
      "author": "Capable-Pressure1047",
      "body": "Kindergartners are on chrome books in my district. Not to mention 80% of all content  instruction is done via a smart board.   There is no balance. \nFine motor skills are pitiful- they can't use scissors or crayons or pencils with any competence. It's scary what is happening and I say this as a public school supervisor. \nBTW, all our kids want to Catholic school K-12.  You should look into it for your children. \nHigher standards, academic rigor, discipline and a balance of technology and \" hands- on \" instruction.",
      "created_utc": 1749680829.0,
      "score": 2,
      "permalink": "/r/education/comments/1l8wy3o/do_public_schools_use_too_much_tech_for_kids/mxa5k4b/",
      "is_submitter": false,
      "edited": false,
      "stickied": false
    },
    {
      "id": "mxa5pp7",
      "author": "Individual-Count5336",
      "body": "Our elementary schools limit tech to about 1/2 an hour per day. Mostly to do Lexia which is a phonics/reading program.",
      "created_utc": 1749680880.0,
      "score": 2,
      "permalink": "/r/education/comments/1l8wy3o/do_public_schools_use_too_much_tech_for_kids/mxa5pp7/",
      "is_submitter": false,
      "edited": false,
      "stickied": false
    },
    {
      "id": "mxa9qg0",
      "author": "Dr_Mrs_Pibb",
      "body": "I\u2019m a middle school teacher and my daughter just finished kindergarten. She didn\u2019t use a tablet or laptop at school at all this year, and her reading skills are above grade level (she came in with basic letter sound recognition). \n\nI teach a reading class and most of the course is taught offline (except when we\u2019re doing extended writing/projects). I do post everything online so kids could, in theory, do schoolwork at home when they miss class (this doesn\u2019t happen often). The kids this year were actually pretty strong readers (fluency/comprehension), but they have no writing stamina whatsoever. Handwriting, spelling, and grammar is poor. However, most English teachers are moving away from assigning writing assignments online because the AI use is RAMPANT. It\u2019s so frustrating because they don\u2019t even try to do the assignment - they just immediately hop on grammarly or use ChatGPT when they get home from school. \n\nI guess what I\u2019m saying is - public schools aren\u2019t pushing tech quite the way they once were. Our district has banned cell phones and many teachers mainly assign paper/pencil assignments.",
      "created_utc": 1749682238.0,
      "score": 2,
      "permalink": "/r/education/comments/1l8wy3o/do_public_schools_use_too_much_tech_for_kids/mxa9qg0/",
      "is_submitter": false,
      "edited": false,
      "stickied": false
    },
    {
      "id": "mxafv2n",
      "author": "Equivalent-Habit-865",
      "body": "Ask questions to see what tech they're using. Sometimes it really can be used for good! Especially when it allows students to advance further or spend extra time on something. A couple examples:\n\n\\- My 5th grade son was really advanced in math, but the school did not have a program to accelerate students. (Simply not enough staff/flexibility in the day) Instead they used some online math program. He mastered over 2 grades' worth of math in one year. And then the next year they worked it out that he could join the 8th grade math class.\n\n\\- I teach 2nd grade. I would love to say that I have time to meet every student exactly where they're at with reading and phonics. But I don't. I do what I can and supplement it by assigning skills-targeted practice (online \"games\") they can do while others are in small group time or when they finish early. They think it's just fun, but I'm able to help \"Dan\" get extra practice with silent e or give \"Sarah\" advanced work with prefixes and suffixes. It's honestly easier for me to go into a program and personally assign these activities to individual students than to try to come up with printable, hands-on things that meet every need for every child every day.",
      "created_utc": 1749684276.0,
      "score": 2,
      "permalink": "/r/education/comments/1l8wy3o/do_public_schools_use_too_much_tech_for_kids/mxafv2n/",
      "is_submitter": false,
      "edited": false,
      "stickied": false
    },
    {
      "id": "mxamyun",
      "author": "Cultural-Purchase833",
      "body": "I would look for a good school that does not use uglybooks, ie Chromebooks. See below for three tests to identify a good school, but on the tech issue Chromebooks took over schools around 2014 because the standardized tests went online and you needed a keyboard for every student. iPads were too expensive with a keyboard \u2013 plus people broke into schools and stole them all the time (nobody ever stole a Chromebook) and because of the testing needs Chromebook became ubiquitous then teachers started using them with Google classroom etc. and soon the whole day revolved around them. \n\nSo, you can't blame schools for going with what was convenient and cheap and solve their testing needs; but any school with an intelligent staff and leadership has realized by now that keeping kids on those awful machines all day is child abuse. It also keeps them computer illiterate -- instead of thinking of the computer as a productivity tool\u2026 to make things, to organize things, to explore things\u2026 kids associate their computer-chromebooks with the drudgery of school, with looking things up, with being told what to do. \n\nHow can a parent identify a \"good school\"? Three measures that cannot be faked--look at 1. test scores (anything less than 60% proficient in math and reading is a failing school) \n2. teacher turnover (there are no good schools with miserable teachers) \n3. student turnover/empty seats (if students love the experience, word gets around and parents fight to get in, whether public, Charter, or private school).  \nGood luck\n+4. A school should have some kind of cyber safety education program for parents (who get overwhelmed trying to keep up with all the many sources of bullying and addiction and sleep deprivation etc. that  come to their kids through gaming and social media ) and should be cell phone free at the least.",
      "created_utc": 1749686728.0,
      "score": 2,
      "permalink": "/r/education/comments/1l8wy3o/do_public_schools_use_too_much_tech_for_kids/mxamyun/",
      "is_submitter": false,
      "edited": false,
      "stickied": false
    },
    {
      "id": "mxauvcw",
      "author": "emoose5",
      "body": "Public school teacher here. Most of my colleagues loathe screen time. We have a computer program our district requires us to use for 20 minutes per day, but I hardly use screens outside of what\u2019s required. Less experienced teachers are more likely to lean on screens, but if the parents in your community like the school, I suspect you have good experienced teachers at those schools. Definitely raise your concerns with your child\u2019s teacher once they enroll.",
      "created_utc": 1749689590.0,
      "score": 2,
      "permalink": "/r/education/comments/1l8wy3o/do_public_schools_use_too_much_tech_for_kids/mxauvcw/",
      "is_submitter": false,
      "edited": false,
      "stickied": false
    },
    {
      "id": "mx85fc2",
      "author": "Milehighcarson",
      "body": "Yes. Our kid's school is constantly using Minecraft Education Edition as part of instruction. Super annoying because we are trying to get our nuerodiverse child to explore interests other than Minecraft and then he just gets it plopped in front of him multiple times a week at school.",
      "created_utc": 1749659793.0,
      "score": 3,
      "permalink": "/r/education/comments/1l8wy3o/do_public_schools_use_too_much_tech_for_kids/mx85fc2/",
      "is_submitter": false,
      "edited": false,
      "stickied": false
    },
    {
      "id": "mx8mwv7",
      "author": "ApprehensiveAnswer5",
      "body": "I think it\u2019s going to vary a lot school by school, so this isn\u2019t entirely an easy answer question.\n\nOur district has set districtwide curriculum that utilizes tech platforms for metrics and whatnot, so there are some things that just have to be done online in the classroom. \n\nBut aside from those things, my kids\u2019 school utilizes more \u201ctraditional\u201d methods in the classrooms. \nThey do a lot of pencil and paper, hands on manipulatives and materials where they can, etc. \n\nBut some campuses here are all in on the tech, and utilize tech programming much more heavily, past the district basics. \n\nOthers are in between, using a mix based on subject matter and grade level. \n\nDefinitely tour the campuses during the school day if you can, so you can see what classrooms are like with kids in them working. \n\nTalk to parents of current students, or recent former students. \n\nMake a note school by school of what their individual outlook and reliability on tech use is, and then jot your observance, and input from other families at the schools, and then make your decision that way.",
      "created_utc": 1749664651.0,
      "score": 1,
      "permalink": "/r/education/comments/1l8wy3o/do_public_schools_use_too_much_tech_for_kids/mx8mwv7/",
      "is_submitter": false,
      "edited": false,
      "stickied": false
    },
    {
      "id": "mx8nk0r",
      "author": "Curious-Gain-7148",
      "body": "We were big no screens/no candy people. \n\nAnd then my child started school lol. \n\nI was surprised by the screen usage, but at the same time, his life, his education, important components of his career will require comfortability and fluency around computers.",
      "created_utc": 1749664828.0,
      "score": 1,
      "permalink": "/r/education/comments/1l8wy3o/do_public_schools_use_too_much_tech_for_kids/mx8nk0r/",
      "is_submitter": false,
      "edited": false,
      "stickied": false
    },
    {
      "id": "mx8op98",
      "author": "athousandsuns0",
      "body": "I think there is some technology in schools because there has to be. I\u2019m a teacher in Ohio and technology is in our standards. We are teaching them how to research and important skills for the future. I don\u2019t know about every classroom, but I think it can be done in a way that is to your child\u2019s advantage. I do see what you mean and sometimes it is over done. I think it\u2019s okay to ask questions to better understand the way the teacher/district uses technology. That\u2019s just my opinion as a public school teacher!",
      "created_utc": 1749665152.0,
      "score": 1,
      "permalink": "/r/education/comments/1l8wy3o/do_public_schools_use_too_much_tech_for_kids/mx8op98/",
      "is_submitter": false,
      "edited": false,
      "stickied": false
    },
    {
      "id": "mx8r8em",
      "author": "MulysaSemp",
      "body": "Yes. I mean, your local public school may be an exception. \n\nI might have though learning tech early was fine before my own kids started school. I remember having computer lab time myself in school, and finding it useful.  But schools don't do that much anymore, and it's mostly tablets and edutainment nonsense.",
      "created_utc": 1749665873.0,
      "score": 1,
      "permalink": "/r/education/comments/1l8wy3o/do_public_schools_use_too_much_tech_for_kids/mx8r8em/",
      "is_submitter": false,
      "edited": false,
      "stickied": false
    },
    {
      "id": "mx94svo",
      "author": "IdislikeSpiders",
      "body": "Just be careful because I think most alternative schools outside of public school are deemed as \"better\" because they tend to churn out higher test schools than neighboring public schools.\n\nBut keep in mind all of those alternative options can turn away/decline any student enrollment and public schools can't. If a kid starts to sink test scores, those schools tend to find a way to get them out quick. If you removed all of the students scores with behavior or special ed plans (the ones they decline because they don't provide appropriate supports), ours are comparable to the local charter.",
      "created_utc": 1749669810.0,
      "score": 1,
      "permalink": "/r/education/comments/1l8wy3o/do_public_schools_use_too_much_tech_for_kids/mx94svo/",
      "is_submitter": false,
      "edited": 1749670062.0,
      "stickied": false
    },
    {
      "id": "mx97add",
      "author": "momofvegasgirls106",
      "body": "Montessori, Montessori, Montessori.\n\nI have 2 kids. The oldest went to a STEAM school (STEM + Art) and the youngest went to a Montessori (charter so a lottery to get in).\n\nBoth are exceptional students; a rising Valedictorian HS senior and the oldest, a 2x Dean's List rising college sophomore. If it were not for the eye-opening education I received as just a parent helping out 2-3 days a week in the Montessori classroom, my oldest probably would not have done as well as she has. \n\nI brought home what I had learned in my youngest daughter's kindergarten class and filled out the gaps in her public school education. I got tutoring from the incredible Montessori teachers for my oldest, in the Montessori style, for several years. I had attempted to get my oldest into the same Montessori school years prior to her sister getting in but the lottery-gods didn't come through, lol. \n\nK-3rd Montessori is life changing as far as I'm concerned for parents and children, particularly for math instruction and for their personal growth of self-regulation and confidence in their own abilities.\n\nJust my $0.02\n\nHere's one of my favorite YouTube videos on what makes Montessori Math so different and successful.\n\nhttps://youtu.be/vfTUzIeWVOk?si=J_2D6YZ0a2VtNi_i\n\nEdited to add: My oldest daughter's STEAM school taught me great things as well, so credit due. Many Montessori parents shunned tech but I didn't. When they got home from school, I swapped out the manner of learning for them. We got my Montessori kiddo a Chromebook when she was in kindergarten. I signed her up for the IXL program and a typing tutorial program. She loved both and by the time she got to 4th grade, where they started administrating state testing, my kid was a whiz with the keyboard and number pad and was killing it on those tests. Not because she was so much smarter than her peers but because she was infinitely more comfortable with the hardware and tech in general.\n\nFor my older kid, we took those public schools math worksheets and broke out the Montessori beads and tactiles to get them done. I also had her work on IXL to cover topics that the classroom time spent on the website, sort of raced through too fast for her to understand.\n\nThen they got lots of reading, and art and then unstructured free time on the weekends.",
      "created_utc": 1749670550.0,
      "score": 1,
      "permalink": "/r/education/comments/1l8wy3o/do_public_schools_use_too_much_tech_for_kids/mx97add/",
      "is_submitter": false,
      "edited": 1749671265.0,
      "stickied": false
    },
    {
      "id": "mx98uow",
      "author": "Frosty_Possibility86",
      "body": "You have a choice of Kindergarten? I\u2019ve only ever known there to be one per geographic area.",
      "created_utc": 1749671016.0,
      "score": 1,
      "permalink": "/r/education/comments/1l8wy3o/do_public_schools_use_too_much_tech_for_kids/mx98uow/",
      "is_submitter": false,
      "edited": false,
      "stickied": false
    },
    {
      "id": "mx99fr8",
      "author": "GreenGardenTarot",
      "body": "There's no challenge to navigate. We evolve learning as tools become available. In Kindergarten, at least where I live, they don't have them on computers or anything, it's a lot more hands on. As they get older, they only have them on the computer for homework/classwork. Not sure what screen time you are concerned about. Whatever job they do they will have to be in front of a screen of some kind at some point.",
      "created_utc": 1749671187.0,
      "score": 1,
      "permalink": "/r/education/comments/1l8wy3o/do_public_schools_use_too_much_tech_for_kids/mx99fr8/",
      "is_submitter": false,
      "edited": false,
      "stickied": false
    },
    {
      "id": "mx9dh2f",
      "author": "Jharvey145",
      "body": "The only part I don\u2019t like is 1st and 2nd graders having to test on computers. Let\u2019s get them to write first before they can type",
      "created_utc": 1749672355.0,
      "score": 1,
      "permalink": "/r/education/comments/1l8wy3o/do_public_schools_use_too_much_tech_for_kids/mx9dh2f/",
      "is_submitter": false,
      "edited": false,
      "stickied": false
    },
    {
      "id": "mx9mp7t",
      "author": "HermioneMarch",
      "body": "I think we all rely on tech too much. That said hopefully at kindergarten level they are just using it briefly for learning games and assessments. Tell the teacher your concerns and ask how much it is used. Then absolutely limit screen time at home. Read books together. Make sure they have time to play freely and maybe even get bored ( a concept so lost today). If screens are limited at home they will learn the self control to use them at school appropriately and turn them off when not required.",
      "created_utc": 1749675007.0,
      "score": 1,
      "permalink": "/r/education/comments/1l8wy3o/do_public_schools_use_too_much_tech_for_kids/mx9mp7t/",
      "is_submitter": false,
      "edited": false,
      "stickied": false
    },
    {
      "id": "mx9pbsd",
      "author": "Ok-Search4274",
      "body": "HS. My binders are digital. The only paper students touch is tests (and the exam). Lots of flipped classroom homework, in class we are doing problems, timed chats in Teams and Loop, collaborative whiteboards. Working on making tests and exams digital. Number 2 Child just finished an engineering degree - zero paper used in classes, assignments, or exams. This is the future.",
      "created_utc": 1749675774.0,
      "score": 1,
      "permalink": "/r/education/comments/1l8wy3o/do_public_schools_use_too_much_tech_for_kids/mx9pbsd/",
      "is_submitter": false,
      "edited": false,
      "stickied": false
    },
    {
      "id": "mx9q18v",
      "author": "kitesaredope",
      "body": "If you are in California, and I\u2019m sure other states have it, but I don\u2019t know what they are, there is a website called California school dashboard. It has all of the academic results from previous years. You\u2019re able to objectively compare student outcomes between schools. I found it to be a very good tool.  \n\nhttps://www.caschooldashboard.org",
      "created_utc": 1749675982.0,
      "score": 1,
      "permalink": "/r/education/comments/1l8wy3o/do_public_schools_use_too_much_tech_for_kids/mx9q18v/",
      "is_submitter": false,
      "edited": false,
      "stickied": false
    },
    {
      "id": "mx9sl4w",
      "author": "adjunct_trash",
      "body": "Yes they do. It\u2019s a quick fix because they\u2019re so understaffed, underfunded, and undervalued. There is no question.\u00a0",
      "created_utc": 1749676745.0,
      "score": 1,
      "permalink": "/r/education/comments/1l8wy3o/do_public_schools_use_too_much_tech_for_kids/mx9sl4w/",
      "is_submitter": false,
      "edited": false,
      "stickied": false
    },
    {
      "id": "mx9w11p",
      "author": "uncle_ho_chiminh",
      "body": "Considering how much tech they'll probably use as adults, no.",
      "created_utc": 1749677798.0,
      "score": 1,
      "permalink": "/r/education/comments/1l8wy3o/do_public_schools_use_too_much_tech_for_kids/mx9w11p/",
      "is_submitter": false,
      "edited": false,
      "stickied": false
    },
    {
      "id": "mxa1ywy",
      "author": "Fact_Stater",
      "body": "If you can afford to homeschool or send your children to the Catholic school, I would ***highly*** recommend this. It's not just about the disturbing amount of screen time in public schools,  it's about the potential for disciplinary issues to be present in the classroom and teachings antithetical to the Christian faith.",
      "created_utc": 1749679660.0,
      "score": 1,
      "permalink": "/r/education/comments/1l8wy3o/do_public_schools_use_too_much_tech_for_kids/mxa1ywy/",
      "is_submitter": false,
      "edited": false,
      "stickied": false
    },
    {
      "id": "mxa22c4",
      "author": "Holdtheintangible",
      "body": "Public school teacher here, and I think YES, we use way too much tech. My district is starting to scale back for financial reasons, particularly PK-2, but I think it is too much. The kids come in very screen-addicted and teachers often abuse screentime to get them to do things safely (i.e. has the entire class bring their laptops to a bathroom break so they don't fight/hit, etc). I don't agree with that, but I also understand it, because 30 dysregulated first grades is an impossible feat to manage. I DO teach Title 1, and this does vary based on district, but I think we use tech way too much. It makes the students brainless and it makes the teachers lazy.",
      "created_utc": 1749679690.0,
      "score": 1,
      "permalink": "/r/education/comments/1l8wy3o/do_public_schools_use_too_much_tech_for_kids/mxa22c4/",
      "is_submitter": false,
      "edited": false,
      "stickied": false
    },
    {
      "id": "mxalhc7",
      "author": "TreeOfLife36",
      "body": "Avoid any school that uses tablets for young children. Please! It's ruining our children's minds. The handful of cool apps are \\*vastly\\* outweighed by children staring at screens for hours, & doing mindnumbing corporate 'programs' that are really poorly written. I'm a high school teacher and am beginning to see the damage in our 9th graders already. IT'll only get far worse. My friend is a second grade teacher and she says what she's seeing is really frightening--kids can't use a crayon to color; they have no social skills at all; they don't read at all. \n\n If I had my way, I'd ban all tech until 9th grade. \n\nWaldorf schools are known for going no tech, but I bet if you search online for schools not using tech, you can find other ones.",
      "created_utc": 1749686200.0,
      "score": 1,
      "permalink": "/r/education/comments/1l8wy3o/do_public_schools_use_too_much_tech_for_kids/mxalhc7/",
      "is_submitter": false,
      "edited": false,
      "stickied": false
    },
    {
      "id": "mxanyff",
      "author": "Superb-Fail-9937",
      "body": "YES!",
      "created_utc": 1749687078.0,
      "score": 1,
      "permalink": "/r/education/comments/1l8wy3o/do_public_schools_use_too_much_tech_for_kids/mxanyff/",
      "is_submitter": false,
      "edited": false,
      "stickied": false
    },
    {
      "id": "mxb0et4",
      "author": "Livid-Age-2259",
      "body": "I worked in IT for 30 years.  As an LTS Math Teacher, I prefer to do everything with pencil and paper.  I only use the Chromebooks if I have to do that.  I even give extra points to the kids who take my tests without a calculator.",
      "created_utc": 1749691584.0,
      "score": 1,
      "permalink": "/r/education/comments/1l8wy3o/do_public_schools_use_too_much_tech_for_kids/mxb0et4/",
      "is_submitter": false,
      "edited": false,
      "stickied": false
    },
    {
      "id": "mxbg4xz",
      "author": "ShootTheMoo_n",
      "body": "You should ask at the public school how much they use it. There is a trend to reduce screen time in public.",
      "created_utc": 1749697275.0,
      "score": 1,
      "permalink": "/r/education/comments/1l8wy3o/do_public_schools_use_too_much_tech_for_kids/mxbg4xz/",
      "is_submitter": false,
      "edited": false,
      "stickied": false
    },
    {
      "id": "mxbiw9l",
      "author": "Myst5657",
      "body": "This is what our future is in every school. It won\u2019t matter if you go to private or public",
      "created_utc": 1749698316.0,
      "score": 1,
      "permalink": "/r/education/comments/1l8wy3o/do_public_schools_use_too_much_tech_for_kids/mxbiw9l/",
      "is_submitter": false,
      "edited": false,
      "stickied": false
    },
    {
      "id": "mxbjmbx",
      "author": "New-Mountain3775",
      "body": "There are definitely some that do. A school near me had to cancel classes for a day when their internet was down because teachers couldn\u2019t possibly teach for one day without it.",
      "created_utc": 1749698601.0,
      "score": 1,
      "permalink": "/r/education/comments/1l8wy3o/do_public_schools_use_too_much_tech_for_kids/mxbjmbx/",
      "is_submitter": false,
      "edited": false,
      "stickied": false
    },
    {
      "id": "mxblr24",
      "author": "Little_Creme_5932",
      "body": "No screen time at school is needed, especially in lower grades (I'm a teacher). If the school gives screen time, it should have a very clear purpose, and be limited.",
      "created_utc": 1749699474.0,
      "score": 1,
      "permalink": "/r/education/comments/1l8wy3o/do_public_schools_use_too_much_tech_for_kids/mxblr24/",
      "is_submitter": false,
      "edited": false,
      "stickied": false
    },
    {
      "id": "mxbm10h",
      "author": "laughingandspitting",
      "body": "I work as a special Ed assistant in a public school in California. In my opinion, tech has NO place in the elementary school setting. Students can barely write legibly...even when printing, nevermind cursive. They have not been taught to form their letters efficiently and fluidly. Cursive is a list art sadly. Although it is rarely used, there is research that shows it is beneficial for brain development, as is handwork such as knitting and crocheting. \nAs a Waldorf school graduate, I am so grateful for the low tech, art filled education I enjoyed. For young children it is absolutely developmentally appropriate. Yes, it has its problems, such as issues with reading instruction which is not necessarily explicitly taught using the science of reading model. But I, as a parent, read to my children EVERY night and was very hands on as far as working with them on homework and other endeavors. \nIn public schools here in Los Angeles, there is far too much tech. The teachers use these giant TV-like Promethean boards instead of white boards (which I also hate). There is a lot of teaching to the test, very little project based learning, and so much waste it makes me sick. Whole pieces of fruit and cartons of milk go into the trash. These are some highlights but I could go on and on. \nIf you can afford a Waldorf or Montessori school I would recommend those. Just remember, wherever you go, you are your child's first and most important teacher. READ READ READ to them, talk to them, create with them,  play with them, and spend as much time in nature with them quietly observing as you can. Encourage curiosity. These are the most important  lessons.",
      "created_utc": 1749699589.0,
      "score": 1,
      "permalink": "/r/education/comments/1l8wy3o/do_public_schools_use_too_much_tech_for_kids/mxbm10h/",
      "is_submitter": false,
      "edited": false,
      "stickied": false
    },
    {
      "id": "mxbsu68",
      "author": "HistoryWizard1812",
      "body": "It all depends on your local district and it's policies. I know for me as a 7th Grade Civics teacher, my district encourages us to use Google classroom, the Chromebooks, and our digital textbook program for almost every lesson plan. \n\nThis isn't a bad thing, it will help kids navigate digital systems in a society that is increasingly digital. The real kicker is what does the district use to keep tabs on the kids and keep them on task.",
      "created_utc": 1749702601.0,
      "score": 1,
      "permalink": "/r/education/comments/1l8wy3o/do_public_schools_use_too_much_tech_for_kids/mxbsu68/",
      "is_submitter": false,
      "edited": false,
      "stickied": false
    },
    {
      "id": "mxctw5m",
      "author": "Salty_Reputation3754",
      "body": "yes",
      "created_utc": 1749723434.0,
      "score": 1,
      "permalink": "/r/education/comments/1l8wy3o/do_public_schools_use_too_much_tech_for_kids/mxctw5m/",
      "is_submitter": false,
      "edited": false,
      "stickied": false
    },
    {
      "id": "mxdoo9x",
      "author": "ardvark_11",
      "body": "My kindergartener\u2019s class used Chromebooks, but the usage was very limited. I believe they used it for some reading and math type work. The Chromebooks stayed at the school. It also uses a software that emails the parent what exactly the child did and viewed on the Chromebook. I thought it was a good balance of teaching kids how to use technology while not leaning on it too much at this age. They still got plenty of reading paper books, coloring, recess, etc. without technology!",
      "created_utc": 1749735807.0,
      "score": 1,
      "permalink": "/r/education/comments/1l8wy3o/do_public_schools_use_too_much_tech_for_kids/mxdoo9x/",
      "is_submitter": false,
      "edited": false,
      "stickied": false
    },
    {
      "id": "mxdqw9j",
      "author": "Higgybella32",
      "body": "Our district went full tech a few years ago- textbooks literally vanished overnight. High school libraries were turned into \u201cInternet cafes\u201d albeit without the coffee. \n\nIt has snapped back over the past few years- more textbooks and actual books, especially in lower grades. I would say my sophomore used his laptop in every class for a big portion of the class.",
      "created_utc": 1749736512.0,
      "score": 1,
      "permalink": "/r/education/comments/1l8wy3o/do_public_schools_use_too_much_tech_for_kids/mxdqw9j/",
      "is_submitter": false,
      "edited": false,
      "stickied": false
    },
    {
      "id": "mxe0ri7",
      "author": "newenglander87",
      "body": "I think tech use varies wildly by school. I'm in a charter middle school and I think we absolutely abuse technology. Students probably log around 2 hours of games and YouTube each day on their Chromebooks (they're not supposed to be but that's what they're doing in class instead of listening to the teacher or doing work).\n\nETA: I'm not sure if all charters are like mine but based on the charter school system I work in, I would never send my kid to a charter.",
      "created_utc": 1749739455.0,
      "score": 1,
      "permalink": "/r/education/comments/1l8wy3o/do_public_schools_use_too_much_tech_for_kids/mxe0ri7/",
      "is_submitter": false,
      "edited": 1749739649.0,
      "stickied": false
    },
    {
      "id": "mxe1dko",
      "author": "MaxiCrowley",
      "body": "Here\u2019s the thing: it depends on where you live. Because this feels a lot like r/USdefaultism",
      "created_utc": 1749739632.0,
      "score": 1,
      "permalink": "/r/education/comments/1l8wy3o/do_public_schools_use_too_much_tech_for_kids/mxe1dko/",
      "is_submitter": false,
      "edited": false,
      "stickied": false
    },
    {
      "id": "mx83hv7",
      "author": "ihatereddit999976780",
      "body": "Yes. No student needs modern tech.",
      "created_utc": 1749659234.0,
      "score": 1,
      "permalink": "/r/education/comments/1l8wy3o/do_public_schools_use_too_much_tech_for_kids/mx83hv7/",
      "is_submitter": false,
      "edited": false,
      "stickied": false
    },
    {
      "id": "mx8pzrq",
      "author": "ConnectAffect831",
      "body": "They aren\u2019t teaching kids how to properly use technology, how it works, cybersecurity, etc. they\u2019re collecting data is all. It\u2019s also a lazy way to teach, in my opinion.\n\nAdditionally, the developing brain (child) screen time should be no more than 1 hour per day. Especially at kindergarten level.",
      "created_utc": 1749665518.0,
      "score": 1,
      "permalink": "/r/education/comments/1l8wy3o/do_public_schools_use_too_much_tech_for_kids/mx8pzrq/",
      "is_submitter": false,
      "edited": false,
      "stickied": false
    },
    {
      "id": "mxa3uad",
      "author": "quartz222",
      "body": "Yes",
      "created_utc": 1749680267.0,
      "score": 0,
      "permalink": "/r/education/comments/1l8wy3o/do_public_schools_use_too_much_tech_for_kids/mxa3uad/",
      "is_submitter": false,
      "edited": false,
      "stickied": false
    },
    {
      "id": "mxb40oe",
      "author": "None",
      "body": "I work with primarily high school students, so maybe this rant won\u2019t seem relevant to your situation. Just need to get it off my chest. \n\nI\u2019ve heard similar concerns from parents. \n\n1. As an educator, students\u2019 brains are not rotting because they type an essay on a computer or see a video on the smartboard. Students\u2019 brains are rotting because parents allow them full tablet and phone use at home and don\u2019t teach them anything practical about internet use. \n\n2. I\u2019m very very tired of this trend of parents watching a TED talk, listening to some podcasts, and assuming they know more than professionals with years of experience and countless qualifications (licenses, degrees, etc.). It\u2019s insanely insulting. \n\n3. I\u2019m very very tired of people assuming educators have ill intent. We *know* the dangers of tech abuse. We have these conversations long before they make it to some mommy podcast. We are not knowingly trying to harm your child. If you believe otherwise, you\u2019ve too far gone to save.",
      "created_utc": 1749692892.0,
      "score": 0,
      "permalink": "/r/education/comments/1l8wy3o/do_public_schools_use_too_much_tech_for_kids/mxb40oe/",
      "is_submitter": false,
      "edited": false,
      "stickied": false
    },
    {
      "id": "mx8eksq",
      "author": "StopblamingTeachers",
      "body": "Not nearly enough tech. We should have fully implemented AI and virtual headsets. My California governor gave us a couple years to add AI though.\n\nSome special needs kids are exceptions",
      "created_utc": 1749662356.0,
      "score": -5,
      "permalink": "/r/education/comments/1l8wy3o/do_public_schools_use_too_much_tech_for_kids/mx8eksq/",
      "is_submitter": false,
      "edited": false,
      "stickied": false
    },
    {
      "id": "mx9uzc1",
      "author": "ChicagoBoy2011",
      "body": "FWIW, I am senior tech admin at fancy private school. This guy gets it. Wish I could quadruple like this.",
      "created_utc": 1749677473.0,
      "score": 7,
      "permalink": "/r/education/comments/1l8wy3o/do_public_schools_use_too_much_tech_for_kids/mx9uzc1/",
      "is_submitter": false,
      "edited": false,
      "stickied": false
    },
    {
      "id": "mxd8lis",
      "author": "rubenthecuban3",
      "body": "Thanks for this. My oldest is 4 so starting to think about this",
      "created_utc": 1749730127.0,
      "score": 2,
      "permalink": "/r/education/comments/1l8wy3o/do_public_schools_use_too_much_tech_for_kids/mxd8lis/",
      "is_submitter": false,
      "edited": false,
      "stickied": false
    },
    {
      "id": "mx932jg",
      "author": "MrandMrsMuddy",
      "body": "Do they not see the absurdity\u2014\u201cMake them use less tech at school because they use too much at home.\u201d THEN MAKE THEM USE LESS! I will never be able to understand parents who refuse to parent.",
      "created_utc": 1749669300.0,
      "score": 14,
      "permalink": "/r/education/comments/1l8wy3o/do_public_schools_use_too_much_tech_for_kids/mx932jg/",
      "is_submitter": false,
      "edited": false,
      "stickied": false
    },
    {
      "id": "mx970ph",
      "author": "Subversive_footnote",
      "body": "Yes, I agree. You see some districts cutting tech out. I think we're 5-10 years away from needing to redirect course on this. I think this generation is the one going to suffer the most and then hopefully society shifts away from it. I believe most schools have implemented far too much tech, too reliant on kids using tablets and homework on apps so kids have to use tech. \n\nI really wish we'd go back to handwriting and need to figure out problem solving and critical thinking skills to combat/use AI properly. This becomes harder every year as future teachers are all being trained on so much tech they don't have the life experiences of learning through other means.",
      "created_utc": 1749670470.0,
      "score": 4,
      "permalink": "/r/education/comments/1l8wy3o/do_public_schools_use_too_much_tech_for_kids/mx970ph/",
      "is_submitter": false,
      "edited": false,
      "stickied": false
    },
    {
      "id": "mxa20gs",
      "author": "novajune",
      "body": "They use it constantly at home.   What are you doing after school? Playing on my phone, playing video games, watching tv\u2026",
      "created_utc": 1749679674.0,
      "score": 2,
      "permalink": "/r/education/comments/1l8wy3o/do_public_schools_use_too_much_tech_for_kids/mxa20gs/",
      "is_submitter": false,
      "edited": false,
      "stickied": false
    },
    {
      "id": "mx8rqht",
      "author": "Getrightguy",
      "body": "This was my experience as well. It was shocking. Middle schoolers who did not know to type an address into the address bar (they just typed an address into Google which could be fine I guess), didn't know how to save or organize files, and many other basic computer skills.",
      "created_utc": 1749666016.0,
      "score": 8,
      "permalink": "/r/education/comments/1l8wy3o/do_public_schools_use_too_much_tech_for_kids/mx8rqht/",
      "is_submitter": false,
      "edited": false,
      "stickied": false
    },
    {
      "id": "mxb4wf6",
      "author": "None",
      "body": "Same experience. They don\u2019t know file types or how to print things from a desktop. It\u2019s crazy.",
      "created_utc": 1749693197.0,
      "score": 2,
      "permalink": "/r/education/comments/1l8wy3o/do_public_schools_use_too_much_tech_for_kids/mxb4wf6/",
      "is_submitter": false,
      "edited": false,
      "stickied": false
    },
    {
      "id": "mxb53t2",
      "author": "None",
      "body": "What\u2019s funny about this post being about public schools is public schools probably have the greatest transparency out of all these options. You can check the school or district website to see their tech policies\u2026",
      "created_utc": 1749693268.0,
      "score": 3,
      "permalink": "/r/education/comments/1l8wy3o/do_public_schools_use_too_much_tech_for_kids/mxb53t2/",
      "is_submitter": false,
      "edited": false,
      "stickied": false
    },
    {
      "id": "mx97a69",
      "author": "Subversive_footnote",
      "body": "Learning cursive by hand and typing replies onto a tablet computer are also not the same thing.",
      "created_utc": 1749670548.0,
      "score": 4,
      "permalink": "/r/education/comments/1l8wy3o/do_public_schools_use_too_much_tech_for_kids/mx97a69/",
      "is_submitter": false,
      "edited": false,
      "stickied": false
    },
    {
      "id": "mxa67ka",
      "author": "Teacher_",
      "body": "Eh, there's a reason to be critical. There's variance in quality in both. Looking at you iXL.",
      "created_utc": 1749681048.0,
      "score": 1,
      "permalink": "/r/education/comments/1l8wy3o/do_public_schools_use_too_much_tech_for_kids/mxa67ka/",
      "is_submitter": false,
      "edited": false,
      "stickied": false
    },
    {
      "id": "mx954e9",
      "author": "OrcinusCetacea",
      "body": "I'm not really concerned about kids using technology as they would use it in future careers. I'm more worried about technology use in elementary that replaces things that the kids should be learning. I feel like young kids learn better using their hands and interacting with each other not staring at a screen, you know?",
      "created_utc": 1749669904.0,
      "score": 3,
      "permalink": "/r/education/comments/1l8wy3o/do_public_schools_use_too_much_tech_for_kids/mx954e9/",
      "is_submitter": true,
      "edited": false,
      "stickied": false
    },
    {
      "id": "mx8fj6r",
      "author": "leajcl",
      "body": "The problem in my third grade class, is that I have to teach kids to type so they can TYPE their essays in to the state testing in by the spring. If they can\u2019t type, they have no chance of passing. (Yes, I said third grade)",
      "created_utc": 1749662621.0,
      "score": 8,
      "permalink": "/r/education/comments/1l8wy3o/do_public_schools_use_too_much_tech_for_kids/mx8fj6r/",
      "is_submitter": false,
      "edited": false,
      "stickied": false
    },
    {
      "id": "mx8j1zk",
      "author": "Fleetfox17",
      "body": "This is a very bad opinion, there is nothing inherently wrong with technology, it is the mass use of cell phones constantly, social media, and staying up late that's causing the problems. That's something that is controlled at home.",
      "created_utc": 1749663589.0,
      "score": 2,
      "permalink": "/r/education/comments/1l8wy3o/do_public_schools_use_too_much_tech_for_kids/mx8j1zk/",
      "is_submitter": false,
      "edited": false,
      "stickied": false
    },
    {
      "id": "mx990yu",
      "author": "OrcinusCetacea",
      "body": "This is the kind of answer I'm looking for. I guess we will have to tour the schools and ask how they use the technology.",
      "created_utc": 1749671066.0,
      "score": 1,
      "permalink": "/r/education/comments/1l8wy3o/do_public_schools_use_too_much_tech_for_kids/mx990yu/",
      "is_submitter": true,
      "edited": false,
      "stickied": false
    },
    {
      "id": "mx9929q",
      "author": "Zauqui",
      "body": "may i ask why you would choose a \"normal\" school over montessori?",
      "created_utc": 1749671077.0,
      "score": 1,
      "permalink": "/r/education/comments/1l8wy3o/do_public_schools_use_too_much_tech_for_kids/mx9929q/",
      "is_submitter": false,
      "edited": false,
      "stickied": false
    },
    {
      "id": "mx9etk3",
      "author": "Late-Application-47",
      "body": "I think you would like the blog of Furman education professor Dr. P. L. Thomas. He talks about the media's neverending \"Education in Crisis\" narrative and the folly of knee-jerk \"in-school\" reforms to those crises, many of which don't exist in the first place. \n\nHe's even changed my position on the \"Sold a Story/Science of Reading\" stuff that you referenced. The issue isn't so much \"whole-language\" (Calkins, et al) vs \"phonics-first\"  ('Science of Reading'), but rather the production and adoption of scripted curriculums that states/districts mandate teachers use without deviation. Both approaches are useful, and most kids benefit from a mixed approach.\n\nAlso, the basis of our latest literacy crisis, the NAEP reports consistently suggesting that 2/3 of 4th graders can't read at grade level, is misleading. The media seems to believe that \"proficient\" is \"on-level,\" but NAEP uses different terminology than most state tests. In reality, \"proficient\" is \"above level\" for NAEP, so we actually have 1/3 above grade level, 1/3 at \"basic\" (grade-level), and 1/3 below grade-level, which is a pretty natural curve. \n\nhttps://radicalscholarship.com/",
      "created_utc": 1749672740.0,
      "score": 3,
      "permalink": "/r/education/comments/1l8wy3o/do_public_schools_use_too_much_tech_for_kids/mx9etk3/",
      "is_submitter": false,
      "edited": false,
      "stickied": false
    },
    {
      "id": "mxaf629",
      "author": "OrcinusCetacea",
      "body": "We have many Catholic schools near us. I'm just not sure how to assess how good each school's curriculum is. We went to an open house for one school and couldn't get a feel for the academics at all.",
      "created_utc": 1749684044.0,
      "score": 1,
      "permalink": "/r/education/comments/1l8wy3o/do_public_schools_use_too_much_tech_for_kids/mxaf629/",
      "is_submitter": true,
      "edited": false,
      "stickied": false
    },
    {
      "id": "mxbabbf",
      "author": "OrcinusCetacea",
      "body": "This is a good perspective, thanks! I like the idea of using tech to individualize learning. I know that I would have benefited from that as a kid.",
      "created_utc": 1749695137.0,
      "score": 1,
      "permalink": "/r/education/comments/1l8wy3o/do_public_schools_use_too_much_tech_for_kids/mxbabbf/",
      "is_submitter": true,
      "edited": false,
      "stickied": false
    },
    {
      "id": "mxba0hu",
      "author": "OrcinusCetacea",
      "body": "This is helpful, thanks! So the schools I'm looking at are all 10/10 on GreatSchools. I'm not sure how much this rating is reliable, but it looks like the test scores are very good across the board. The schools are also always at capacity by the time they take into consideration the school choice applications.",
      "created_utc": 1749695027.0,
      "score": 1,
      "permalink": "/r/education/comments/1l8wy3o/do_public_schools_use_too_much_tech_for_kids/mxba0hu/",
      "is_submitter": true,
      "edited": false,
      "stickied": false
    },
    {
      "id": "mxb9dr2",
      "author": "OrcinusCetacea",
      "body": "It's nice to know that this can be teacher dependent.",
      "created_utc": 1749694799.0,
      "score": 1,
      "permalink": "/r/education/comments/1l8wy3o/do_public_schools_use_too_much_tech_for_kids/mxb9dr2/",
      "is_submitter": true,
      "edited": false,
      "stickied": false
    },
    {
      "id": "mx98o33",
      "author": "OrcinusCetacea",
      "body": "I'm not really concerned with test scores. Our local public schools do VERY well on testing. Much higher than average for our state. I'm more concerned with my kids developing a love for learning, creativity, critical thinking skills, etc.",
      "created_utc": 1749670960.0,
      "score": 1,
      "permalink": "/r/education/comments/1l8wy3o/do_public_schools_use_too_much_tech_for_kids/mx98o33/",
      "is_submitter": true,
      "edited": false,
      "stickied": false
    },
    {
      "id": "mx980bj",
      "author": "OrcinusCetacea",
      "body": "The only issue that I have with Montessori is the cost. Our local Montessori elementary is $30,000 a year. Our state does give vouchers to cover some of the cost, but it's still an insane expense.",
      "created_utc": 1749670765.0,
      "score": 2,
      "permalink": "/r/education/comments/1l8wy3o/do_public_schools_use_too_much_tech_for_kids/mx980bj/",
      "is_submitter": true,
      "edited": false,
      "stickied": false
    },
    {
      "id": "mx996hx",
      "author": "OrcinusCetacea",
      "body": "Our state has school choice. We can apply to any school in the district as long as there are open spots.",
      "created_utc": 1749671111.0,
      "score": 1,
      "permalink": "/r/education/comments/1l8wy3o/do_public_schools_use_too_much_tech_for_kids/mx996hx/",
      "is_submitter": true,
      "edited": false,
      "stickied": false
    },
    {
      "id": "mxc905c",
      "author": "No_Moose_7730",
      "body": "Yes I am agree with your opinion but we have to think that if our children spends more time on screens in the school and they are very poor at the home activities then this is definitely not good. We should not run in the race of tech instead of quality education, good behaviour, healthy lifestyle, mental wellness, social activities etc are the major part of the life. Which really helps to grow our children as nice person that every parents wants for their children.",
      "created_utc": 1749711017.0,
      "score": 1,
      "permalink": "/r/education/comments/1l8wy3o/do_public_schools_use_too_much_tech_for_kids/mxc905c/",
      "is_submitter": false,
      "edited": false,
      "stickied": false
    },
    {
      "id": "mxb97gl",
      "author": "OrcinusCetacea",
      "body": "Wow, this is incredibly condescending and not helpful at all. \n\n1. I'm mainly talking about tech use in early elementary replacing methods of learning that are more beneficial for young kids. I don't particularly love the idea of my kid having to do a bunch of learning on an iPad at school, but the purpose of the post was to figure out if I'm overreacting and if the technology young kids are using is actually beneficial.\n\n2. Listening to a TED talk and podcasts is just the start of the inspiration to seek out alternative methods of educating our children, and it shouldn't be an insult to individual educators. Parents trying to think for themselves and do their own research should not be an issue. It means we care deeply about our kids' education and want what's best for them. \n\n3. Nowhere in this post did I say that educators have ill intent... I am trying to make an informed decision for my kids and want to feel good about sending them to public school if that's the option we choose. This is why I'm here asking questions...",
      "created_utc": 1749694737.0,
      "score": 1,
      "permalink": "/r/education/comments/1l8wy3o/do_public_schools_use_too_much_tech_for_kids/mxb97gl/",
      "is_submitter": true,
      "edited": false,
      "stickied": false
    },
    {
      "id": "mxa9clw",
      "author": "Sarikitty",
      "body": "I got an email this year - \"I thought you and Mr. so-and-so had youtube blocked on his Chromebook. We caught him on it at 10pm last night. Can you please make sure that's blocked?\"\n\n*take away the chromebook then, make him use it in full sight of you, PARENT*",
      "created_utc": 1749682108.0,
      "score": 7,
      "permalink": "/r/education/comments/1l8wy3o/do_public_schools_use_too_much_tech_for_kids/mxa9clw/",
      "is_submitter": false,
      "edited": false,
      "stickied": false
    },
    {
      "id": "mx981hq",
      "author": "Ill_Protection_3562",
      "body": "Oh boy. Heard more than once this year \"when they're at school they're your problem\". Unbelievable.",
      "created_utc": 1749670774.0,
      "score": 2,
      "permalink": "/r/education/comments/1l8wy3o/do_public_schools_use_too_much_tech_for_kids/mx981hq/",
      "is_submitter": false,
      "edited": false,
      "stickied": false
    },
    {
      "id": "mxbt4od",
      "author": "a_junebug",
      "body": "The person you replied to said \u201cbecause of how they are at home\u201d. I read that as some parents feel that when their kid gets too much screen time at school, their behavior at home is  poorer.  \n\nI would agree with that for my own child. My child gets limited tv screen time, tablet time on rare occasions, and has no access to video games. He did preschool over Zoom on an iPad and he has continued to have daily tablet/Chromebook time at school that is more than I would like. I can tell when it\u2019s been a heavy tech screen day at school by his behavior when he gets home. Parents have access to an app that shows us how much time our child spends of different apps or webpages - so I\u2019m able to actually check what apps and websites were accidents.",
      "created_utc": 1749702736.0,
      "score": 2,
      "permalink": "/r/education/comments/1l8wy3o/do_public_schools_use_too_much_tech_for_kids/mxbt4od/",
      "is_submitter": false,
      "edited": false,
      "stickied": false
    },
    {
      "id": "mxahama",
      "author": "MisterJackson84",
      "body": "But she read \u201c \u2018A\u2019 book\u201d!",
      "created_utc": 1749684762.0,
      "score": 1,
      "permalink": "/r/education/comments/1l8wy3o/do_public_schools_use_too_much_tech_for_kids/mxahama/",
      "is_submitter": false,
      "edited": false,
      "stickied": false
    },
    {
      "id": "mxb4njy",
      "author": "None",
      "body": "I work at a high school. English department is currently pushing for only handwritten in-class essays next year. Too many suspected AI essays this past year, but it can be hard to prove. Admin apparently wants more of a happy medium. They might start with a few handwritten writing assignments to get an idea for a student\u2019s voice/abilities and using those to help identify the AI essays.",
      "created_utc": 1749693112.0,
      "score": 4,
      "permalink": "/r/education/comments/1l8wy3o/do_public_schools_use_too_much_tech_for_kids/mxb4njy/",
      "is_submitter": false,
      "edited": false,
      "stickied": false
    },
    {
      "id": "mxbhq2n",
      "author": "bigbutterflyks",
      "body": "Yes!! \n\nIt is frustrating when your 3rd grader fails a test, yet the teacher can't produce said test because it is online.  Saying it would be 60 pages with the pictures and things.  Yet I have no reference to what he is missing because everything is flipping online.  \ud83e\udd2c It is the schools doing, not the teacher.  She was only following her scripts.  But let's not get on that soapbox.",
      "created_utc": 1749697867.0,
      "score": 1,
      "permalink": "/r/education/comments/1l8wy3o/do_public_schools_use_too_much_tech_for_kids/mxbhq2n/",
      "is_submitter": false,
      "edited": false,
      "stickied": false
    },
    {
      "id": "mx99r90",
      "author": "BarfKitty",
      "body": "A math program that adjusted to my kids pace is  a godsend.",
      "created_utc": 1749671280.0,
      "score": 6,
      "permalink": "/r/education/comments/1l8wy3o/do_public_schools_use_too_much_tech_for_kids/mx99r90/",
      "is_submitter": false,
      "edited": false,
      "stickied": false
    },
    {
      "id": "mxb7tru",
      "author": "Getrightguy",
      "body": "For sure. But the outcomes also are different. Too much screen time on social media and Youtube has all kinds of negative effects on children.\n\nLearning cursive supposedly is beneficial for the brain (I may have made that up), but not learning it isn't going to cause the same problems.",
      "created_utc": 1749694238.0,
      "score": 2,
      "permalink": "/r/education/comments/1l8wy3o/do_public_schools_use_too_much_tech_for_kids/mxb7tru/",
      "is_submitter": false,
      "edited": false,
      "stickied": false
    },
    {
      "id": "mxb4ssm",
      "author": "None",
      "body": "To be fair, students don\u2019t really need cursive. It\u2019s an anachronism.",
      "created_utc": 1749693162.0,
      "score": 0,
      "permalink": "/r/education/comments/1l8wy3o/do_public_schools_use_too_much_tech_for_kids/mxb4ssm/",
      "is_submitter": false,
      "edited": false,
      "stickied": false
    },
    {
      "id": "mxbfc1g",
      "author": "Getrightguy",
      "body": "There is definitely ed tech that is not effective or causes other academic issues. But it doesn't make kids suicidal, cause mental health issues, cause fights, enable or exacerbate bullying, cause developmental delays, etc",
      "created_utc": 1749696974.0,
      "score": 1,
      "permalink": "/r/education/comments/1l8wy3o/do_public_schools_use_too_much_tech_for_kids/mxbfc1g/",
      "is_submitter": false,
      "edited": false,
      "stickied": false
    },
    {
      "id": "mx9judr",
      "author": "Glittering_Move_5631",
      "body": "They definitely do, study after study proves it to be true. Study after study proves the dangers of technology use in young kids, and yet... I think it's just the way of the world in 2025.",
      "created_utc": 1749674178.0,
      "score": 1,
      "permalink": "/r/education/comments/1l8wy3o/do_public_schools_use_too_much_tech_for_kids/mx9judr/",
      "is_submitter": false,
      "edited": false,
      "stickied": false
    },
    {
      "id": "mxe13hj",
      "author": "newenglander87",
      "body": "That's insane. Wow. The first time I wrote an essay for a standardized test was AP English in 11th grade.  SMH.",
      "created_utc": 1749739551.0,
      "score": 1,
      "permalink": "/r/education/comments/1l8wy3o/do_public_schools_use_too_much_tech_for_kids/mxe13hj/",
      "is_submitter": false,
      "edited": false,
      "stickied": false
    },
    {
      "id": "mx8uh03",
      "author": "leajcl",
      "body": "Do a little research into which demographics are restricting kids\u2019 access to screens until they are older. \nI\u2019ve taught kids to read for over 20 years and the constant short bursts of stimuli that is now even present in educational videos and programs has changed their brains and lowered their cognitive abilities. I am talking about kids birth (I see babies with screens strapped to their baby seats) to 9-ish. These kids will easily learn to use technology later, but there is only a short window for brain development. \nI truly believe in the years to come, giving young kids screens will be like smoking is today; restricted and why did we ever think it was a good idea. \n\nJust an opinion of someone who has taught kids for a long time. I would keep them as completely screen free as possible in the first decade.",
      "created_utc": 1749666805.0,
      "score": 3,
      "permalink": "/r/education/comments/1l8wy3o/do_public_schools_use_too_much_tech_for_kids/mx8uh03/",
      "is_submitter": false,
      "edited": false,
      "stickied": false
    },
    {
      "id": "mxbjltp",
      "author": "Top-Revolution-5257",
      "body": "Im my country, I would chose normal secular schools because they are very well surveilled by the state by a serious education entity, the national department of education. The teachers are professionals and have to complete several inturnships in real classes within four years bachelor degree in education. Each subjects of the curriculum is up to date in terms of scientific accuracy and appropriate for the child\u2019s age and pace. But mostly, aside than just being very good, it is free. \n\nMontessori teaching is great with the youngest children aged 4 to 8-9, because the curriculum is very manual and simple (sewing, manipulation, calligraphy, abacus, etc.). The teachers supervise the pupils very closely because they are so small that they are always completing an activity with new material. However, as soon as they get older, the teachers let the children down a little in their studies because they <<empower themselves>>. In the elementary school where I worked, the pupils (I had a class made up of children aged 8-12) had a work plan that they had to complete from Friday to the following Thursday. They have total freedom to do what they want when they want, and that, in my opinion, is the great weakness of this pedagogy. My students have become the kings of laziness or the masters of the law of least effort. They were constantly rushing through their homework to get back to playing games as quickly as possible or, on the contrary, doing absolutely nothing all week and not completing their work according to schedule. The students often ended up with more work to complete during weekend to catch up. They also have the opportunity to make their own corrections with homeworks (not the teacher), so they don't necessarily seek to understand their mistakes and just put an x when it is wrong. Nothing else. Us, teachers, would lose count of theirs assignments because we are overwhelmed with three different plannings. The kids corrected quickly and left their exercises aside once corrected without returning to them. There was a great lack of rigor and the children were constantly being policed on this level. It was exhausting to see that the problem was generalized to the whole class. What's more, multi-level classes are not appropriate because of the great differences in maturity between the older and younger students, and the complexity of classroom management and lesson planning. As a result, teachers spend three times as much time teaching. First of all, the children don't have the same maturity, and the older ones get bored with the younger ones and get picked on. The gap was so wide that neither the older nor the younger kids wanted to hang out together. At 7-8, children are very baby-like and need a lot of attention. At 11-12, the youngster is almost a teenager: he doesn't want the little one to sit at his table, and he doesn't really want to be forced or <<strongly encouraged>> by the teacher to spend time with a 9-year-old. They have completely different interests and levels of maturity, concentration and understanding. The multi-class format is incoherent and exhausting. According to Montessori, pedagogy encourages mutual help between older and younger children. That's all well and good in theory, but in practice, it's hard to force teenagers to interact with children who have a passion for Barbies, or to feel the need to help the youngest who can't read very well, when all they want to do is finish their work plan and chat with their friends. As for classroom management, the other teacher and I spent most of our time planning lessons for three different grade levels and teaching three lessons for three different grade levels instead of planning a lesson and teaching it once as in regular classes. What a waste of time and what a headache! We could have put that time and energy into students with learning difficulties instead of running around like chickens with no heads trying to fit three math and language lessons into one day and condensing the teaching.\n\n\nLike the Montessori theory, the teacher I worked with was always telling me that children have a natural taste for learning and that they need to explore on their own to discover things at their own pace. No kidding! We weren't guides, we were gendarmes, always warning the kids to drop their board games and start their tasks. It was always a mess. Today's kids are the product of the previous generation: they're often on their screens, they're kings, they've got attitude, they're overstimulated by the high attractiveness of their electronic gadgets, and they have trouble staying focused whenever they have to dive into a lesson that doesn't interest them. And unfortunately, children rarely want to work when they're asked to! The Montessori theory comes from a time when children mostly played outside with anything and everything: children's dopaminergic systems, conditioned by overexposure to screens, were much less solicited.\n\nWhat's more, in my country, Montessori schools are private and follow the national school curriculum. Which is something! As for the rest, the school did as it pleased and so the children in my class went outside once a day (45min) without benefiting from the two additional 20 min recesses in the morning and afternoon. As a result, they got very little exercise apart from one or two physical education classes a week. On the other hand, teachers are not systematically evaluated, so the quality of the school, teachers and classes is variable.",
      "created_utc": 1749698595.0,
      "score": 2,
      "permalink": "/r/education/comments/1l8wy3o/do_public_schools_use_too_much_tech_for_kids/mxbjltp/",
      "is_submitter": false,
      "edited": false,
      "stickied": false
    },
    {
      "id": "mxaoldn",
      "author": "IdislikeSpiders",
      "body": "In my experience that tends to be subject to district policies in conjunction with the teacher itself. At my school we had a teacher that adapted all work to be on Chromebooks after Covid. I thought it was awful.\u00a0\n\n\nThere were some instances in which I had to use technology more than I wanted because I had some kids above grade level, some several grade levels behind, and everything in between. To keep some kids engaged and advancing, but not always having the ability to provide the instruction in that moment, I had several self guided programs.\u00a0\n\n\nBut when it came to my core, grade level instruction it was always me delivering. I even made kids hand write essays and revise old school before typing up a final draft.\u00a0\n\n\n(Sorry this isn't super helpful in your questions. But it sounds like you're on top of things, and that is what good parents do!)",
      "created_utc": 1749687310.0,
      "score": 2,
      "permalink": "/r/education/comments/1l8wy3o/do_public_schools_use_too_much_tech_for_kids/mxaoldn/",
      "is_submitter": false,
      "edited": false,
      "stickied": false
    },
    {
      "id": "mx9ai0l",
      "author": "momofvegasgirls106",
      "body": "Yes, the cost is OUTRAGEOUS. If our Montessori had not been a state sponsored charter school tuition free, there is no way we could have paid for that.",
      "created_utc": 1749671496.0,
      "score": 1,
      "permalink": "/r/education/comments/1l8wy3o/do_public_schools_use_too_much_tech_for_kids/mx9ai0l/",
      "is_submitter": false,
      "edited": false,
      "stickied": false
    },
    {
      "id": "mx99d4e",
      "author": "Frosty_Possibility86",
      "body": "Interesting. There places with more than one school per district?",
      "created_utc": 1749671165.0,
      "score": 1,
      "permalink": "/r/education/comments/1l8wy3o/do_public_schools_use_too_much_tech_for_kids/mx99d4e/",
      "is_submitter": false,
      "edited": false,
      "stickied": false
    }
  ],
  "relevance": {
    "score": 10,
    "user_type": "parent",
    "pain_points": [
      "this is the kind of answer i'm looking for",
      "we are living in a much different time than when i was in school, so it's a challenge to navigate this",
      "there's no challenge to navigate",
      "a school should have some kind of cyber safety education program for parents (who get overwhelmed trying to keep up with all the many sources of bullying and addiction and sleep deprivation etc",
      "us, teachers, would lose count of theirs assignments because we are overwhelmed with three different plannings"
    ],
    "keywords_found": [
      "special needs",
      "representation",
      "screen time",
      "social-emotional",
      "preschool",
      "kindergarten",
      "homeschool"
    ],
    "sentiment_score": 0.9999,
    "age_relevance": true,
    "urgency_level": "high",
    "competitive_mentions": [],
    "timestamp": "2025-06-12T15:05:19.225563"
  }
}