{
  "subreddit": "autism",
  "post": {
    "id": "1l9m1wd",
    "title": "Best therapy for autistics?",
    "author": "funkyjohnlock",
    "created_utc": 1749733728.0,
    "score": 3,
    "num_comments": 11,
    "url": "https://www.reddit.com/r/autism/comments/1l9m1wd/best_therapy_for_autistics/",
    "selftext": "I don't really believe there is a universal type of therapy that's beneficial for all autistics no matter what, but I thought maybe based on people's experiences I could get a sense of which direction to try out next and try seeking help by trying out specific therapies first and go from there (eg EMDR, CBT, DBT etc) instead of just taking a shot in the dark and spending all of my money to see two hundred therapists in a row with no criteria.\n\nI have been in therapy on and off since I was around 11. Tried many therapists and many different types of therapy. Nothing ever worked and only made things worse. I have seen both regular therapists and autism-specific therapists, with no difference. Autism isn't known here and every effort is focused around a more ABA-like approach. It's not a third world country per se but in terms of medical advancements and stuff like that it might as well be, especially my area specifically. I have no hope anymore and I cannot keep going like this. Some people/therapists have actually been nice and I see them trying their very best to help, but it's pointless because despite good intentions, their actions achieve the opposite of being helpful because they don't really know autism and don't have the resources and mentality to learn.\n\nAlso I don't know if you've seen those viral videos about autistics/NDs being so aware of ourselves that regular therapy isn't really useful and that's why we don't have any success with therapy and therapists have no idea how to help us. I can relate to that a lot. Watching that felt like my whole existence was finally put into words and I felt less alone. But it only being a \"call-out\" and not an actual \"you may have this problem and this is how to solve it\" really made me feel even more doom and hopelessness and confirmed what I already feared to be true.\n\nI am AuDHD, I have C-PTSD, and probably a few undiagnosed things. Anything to try first? Anything to avoid? Thank you guys. I'm really starting to feel like my hopelessness is actually rational and I could use a push into any direction right now."
  },
  "comments": [
    {
      "id": "mxdig18",
      "author": "AutoModerator",
      "body": "Hey /u/funkyjohnlock, thank you for your post at /r/autism. Our rules can be found **[here](https://www.reddit.com/r/autism/wiki/index/rules-and-guidelines)**. All approved posts get this message. \n\n\nThanks!        \n\n\n*I am a bot, and this action was performed automatically. Please [contact the moderators of this subreddit](/message/compose/?to=/r/autism) if you have any questions or concerns.*",
      "created_utc": 1749733728.0,
      "score": 1,
      "permalink": "/r/autism/comments/1l9m1wd/best_therapy_for_autistics/mxdig18/",
      "is_submitter": false,
      "edited": false,
      "stickied": true
    },
    {
      "id": "mxdltjg",
      "author": "diffrnt-perspectiv",
      "body": "The push in the direction you need, is maybe towards yourself?\n\nAutism + cPTSD and feeling like multiple therapies haven't worked? Knowing more about your Autism and problems than your providers? High level of self-awareness? \n\nHave you looked into working on yourself Vs trying to get others to work on you? \n(I really don't mean this offensively, I took over my own 'therapy' journey at the guidance of my psych because I knew myself insanely well and became obsessed with Personal Growth to the point I could identify things before them.) \n\nIt definitely also sounds easier said than done if one doesn't know where to start- but the start is always understanding ourselves 100% before we can change anything. I therefore recommend some deep-diving into yourself, what makes you you, and once you are aware of your entire internal and external picture; you can work on changing/reframing it. A search on Google for: 100 questions for self-discovery is a good place to start. I thought I knew myself before I started looking into it- and goodness ... I don't think half of us as a human race, even know ourselves properly, I certainly didn't. \ud83d\ude05\ud83e\udd26\ud83c\udffb\u200d\u2640\ufe0f",
      "created_utc": 1749734865.0,
      "score": 1,
      "permalink": "/r/autism/comments/1l9m1wd/best_therapy_for_autistics/mxdltjg/",
      "is_submitter": false,
      "edited": false,
      "stickied": false
    },
    {
      "id": "mxdjov6",
      "author": "VictoriaJane_xx",
      "body": "I\u2019ve never tried it, but I\u2019ve heard EMDR is fantastic for c-PTSD. DBT can be very harmful with PTSD, heads up, as it made me and others a lot worse.",
      "created_utc": 1749734152.0,
      "score": 1,
      "permalink": "/r/autism/comments/1l9m1wd/best_therapy_for_autistics/mxdjov6/",
      "is_submitter": false,
      "edited": false,
      "stickied": false
    },
    {
      "id": "mxdkp8u",
      "author": "uneventfuladvent",
      "body": "it would help if you included what you want help with as different therapies have different goals- for example practical life skills, strategies for dealing with executive dysfunction, sensory issues, intrusive thoughts, low self esteem, social skills, depression, anxiety, working through truamatic events..",
      "created_utc": 1749734492.0,
      "score": 1,
      "permalink": "/r/autism/comments/1l9m1wd/best_therapy_for_autistics/mxdkp8u/",
      "is_submitter": false,
      "edited": false,
      "stickied": false
    },
    {
      "id": "mxdl8l0",
      "author": "somnocore",
      "body": "It genuinely depends on what exactly you are seeking help with. \n\nWe could suggest so many different therapies that could be beneficial, but without know what exactly you want help with? None of us can really answer.\n\nLike, I find CBT helpful as it focusses along the lines of the areas I need help with.\n\nBut I'm also, hopefully, going to be seeking help from a speech pathologist and an occupational therapist. As the help I need with those is not something I can get in CBT.\n\nAnd then some of it will literally just come down to the professional themself and if they're even practicing that therapy properly.",
      "created_utc": 1749734670.0,
      "score": 1,
      "permalink": "/r/autism/comments/1l9m1wd/best_therapy_for_autistics/mxdl8l0/",
      "is_submitter": false,
      "edited": false,
      "stickied": false
    },
    {
      "id": "mxdql4x",
      "author": "Due_Ad1267",
      "body": "I genuinely believe there is no 1 universal \"best\" therapy for all people, or even autistic people. We are getting to the point where therapy needs to be very specific to individuals. \n\nI am late diagnosed AUDHD (in my mid 30s), high masking, gifted intelligence, high pattern recognition, high empathy, with a strong desire for constant self improvement, and lots of trauma from childhood. \n\nI do find all kinds of therapy beneficial and helpful at first, but they are very limiting with my unique struggles. \n\nI have learned I need to \"break rules\", and \"skip steps\" and apply things in a META cognitive therapuetic way to find any real growth and benefit. \n\nFor example, we know having a \"victim complex\" and blaming others for our problems can create a pattern where we dont take accountability for our part in the problem. But what happens when you are a perfectionist, who interanlizes everything as \"i am the problem\" you did all the steps, became the \"best person\" you can be and still have struggles? You have to finally accept others are infact a major contributor to your struggles. \n\nThat happened to me, so I leaned into Radical acceptence that I try my best. My intentions are good, I will always keep trying my best and new things, AND others are genuinely assholes to me. \n\nThe new strategy is I used \"applied empathy\", by default I have empathg for everyone, when I notice people are genuinely shitty, I stop acting on empathy and let it die for those people. I remain nuetral as to cause no further harm. I then focus my attention towards individuals and groups who exhibit higher empathy and a willingness to grow, change for the better. \n\nIt works for me.",
      "created_utc": 1749736416.0,
      "score": 1,
      "permalink": "/r/autism/comments/1l9m1wd/best_therapy_for_autistics/mxdql4x/",
      "is_submitter": false,
      "edited": false,
      "stickied": false
    },
    {
      "id": "mxdohd3",
      "author": "funkyjohnlock",
      "body": "I dont know if I understood this completely so please correct me if I got anything wrong. The thing I didn't mention is, I do relate to that post talking about therapy being unsuccessful for autistics, but I don't believe I am self-aware at all. In fact I don't believe that's why we can relate to that, I was just quoting the post so ppl who have seen it could understand what I was talking about.\nAnd again from what I understood, what you are saying is exactly the reason why I feel so hopeless. Autism is a disability which disables me, I dont have access to resources the way allistics do, I cannot do anything without some type of support, for some things I need more for some things I need less. Having to do things ourselves because others cannot help us is exactly why I feel this way and why I'm starting to think there is no point to life. I know I could never do that by myself because of my disability. And it's not laziness or wanting others to do it for me. In fact for ages I struggled and still now struggle to accept help and let others do anything, even when it's the only way. But therapy should be the bare minimum and not something we have to earn or come as a reward.",
      "created_utc": 1749735745.0,
      "score": 1,
      "permalink": "/r/autism/comments/1l9m1wd/best_therapy_for_autistics/mxdohd3/",
      "is_submitter": true,
      "edited": false,
      "stickied": false
    },
    {
      "id": "mxdke6i",
      "author": "funkyjohnlock",
      "body": "Thank you! I have a friend with BPD and possibly PTSD who is trying EMDR and they said it was painful in short term but helpful in longterm and I was considering that but wanted to hear from autistics first. I did not know anything about DBT so thanks for the heads-up! /gen",
      "created_utc": 1749734390.0,
      "score": 1,
      "permalink": "/r/autism/comments/1l9m1wd/best_therapy_for_autistics/mxdke6i/",
      "is_submitter": true,
      "edited": false,
      "stickied": false
    },
    {
      "id": "mxdnbci",
      "author": "funkyjohnlock",
      "body": "Honestly I really don't know. I am just suffering and I have suffered since I have memories. And I'd like to know that I won't always suffer but right now that's what it's looking like. I'm not sure about anything right now I just wish there was someone who knew how to help even a little bit. I know that's bad and it would help if I knew what I needed, but I don't think I do. I have had part-time support workers and carers in the past for practical help at home and outside because I am not fully independent, but even those fell through because of the same reasons. I am getting a possibly better support worker soon which will at least partially solve that side (if it ends up working out), but I just need therapy in general for everything else and I guess also to figure out what you asked.\n\nI feel like though I have always only been receptive to therapy that was based around listening way more than giving advice or solutions to problems. I dont take to that very well and I have a PDA profile too so that may be part of the reason why, but also the fact that the advice was also always awful and counter-productive for reasons mentioned in the post. I really don't like when I just need someone to talk to and instead of listening they try to come up with a million ways to solve the problem when that's not what I necessarily need in the moment. It's a weird concept I know but it just makes me feel rushed and triggers my fight or flight. I just want someone who can support me while I solve my own problems I guess. I dont really know how to explain it. Often times that makes such a huge difference but no one really ever does that or knows how to do that. It's not even about validation, I dont respond well to that either, its just support I guess. I have always been alone in life and that factor alone just changes everything. I need to talk about my problems and that alone gives me the piece I'm missing to be able to go through that without needing others to \"solve\" it for me.",
      "created_utc": 1749735365.0,
      "score": 1,
      "permalink": "/r/autism/comments/1l9m1wd/best_therapy_for_autistics/mxdnbci/",
      "is_submitter": true,
      "edited": false,
      "stickied": false
    },
    {
      "id": "mxdp9pp",
      "author": "funkyjohnlock",
      "body": "I think that's part of the problem too. I don't really know and I guess I need help with everything but cannot tell beyond that. But because the situation is what it is, no one can really tell me so I have no choice but to try everything until I find something that makes a difference, but it feels very dooming having to go through that without any indication whatsoever. So I felt like going by others suggestions would be a better way so I at least have a more defined path. I was referring to more on the regular therapy tho, like same way allistics go to therapy, not necessarily hands-on stuff like OTs and carers, as I know I need those but thats a different story, they dont even really exist here so no hope for that (I will have another carer soon tho). Thx for your reply :)",
      "created_utc": 1749735999.0,
      "score": 1,
      "permalink": "/r/autism/comments/1l9m1wd/best_therapy_for_autistics/mxdp9pp/",
      "is_submitter": true,
      "edited": false,
      "stickied": false
    },
    {
      "id": "mxdrujr",
      "author": "diffrnt-perspectiv",
      "body": "Ah yes, I think I misunderstood a little. I don't mean to come across literal- as in not to seek help at all, that wasn't my intention (sorry) we all need varying levels of support, and support shouldn't have to be earned- you are completely right about that. What I tried to convey instead- is perhaps with some looking into yourself, your specific challenges and support needs- maybe you could lead the way on what it might be that could help you VS someone else just telling you what might help you. \n\nIs there anything you've heard so far that resonates with you because of your unique challenges and circumstances therapy wise? \n\nHave you identified any areas of your life which may be a good place to start? These insights would be invaluable in making the right choice of therapy or support for yourself, based on your personal needs. \n\nFor example: I can tell you that CBT, DBT and Psychotherapy all made a difference for me in my quality of life, but I can also tell you that I've gotten more value out of other avenues, like increased support at home, work accomodations etc (but this is personal, so the same might not help you neccessarily) \n\nSo knowing that nobody knows you better than you do know yourself, do you have any insights as to what might work or help support you? Some people are good with talking Vs doing Vs seeing etc, different learning styles can also influence how well therapies work etc. \n\nI'm sorry if I came across as sounding like you should just do this on your own instead of seeking help- I was trying more to hype you up so you can evaluate what you might believe to be your own best options. We all need support, and I try to cheer others on even when I don't have a clear-cut answer to their problems.",
      "created_utc": 1749736806.0,
      "score": 1,
      "permalink": "/r/autism/comments/1l9m1wd/best_therapy_for_autistics/mxdrujr/",
      "is_submitter": false,
      "edited": false,
      "stickied": false
    }
  ],
  "relevance": {
    "score": 8,
    "user_type": "therapist",
    "pain_points": [
      "like, i find cbt helpful as it focusses along the lines of the areas i need help with",
      "i don't really know and i guess i need help with everything but cannot tell beyond that",
      "what i tried to convey instead- is perhaps with some looking into yourself, your specific challenges and support needs- maybe you could lead the way on what it might be that could help you vs someone else just telling you what might help you",
      "is there anything you've heard so far that resonates with you because of your unique challenges and circumstances therapy wise? \n\nhave you identified any areas of your life which may be a good place to start? these insights would be invaluable in making the right choice of therapy or support for yourself, based on your personal needs"
    ],
    "keywords_found": [
      "autism"
    ],
    "sentiment_score": 0.9996,
    "age_relevance": false,
    "urgency_level": "low",
    "competitive_mentions": [],
    "timestamp": "2025-06-12T14:55:19.978810"
  }
}