{
  "subreddit": "homeschool",
  "post": {
    "id": "1l7lwoc",
    "title": "Calling fellow farming & homestead families - what do your days look like?",
    "author": "prairieyarrow",
    "created_utc": 1749517506.0,
    "score": 8,
    "num_comments": 14,
    "url": "https://www.reddit.com/r/homeschool/comments/1l7lwoc/calling_fellow_farming_homestead_families_what_do/",
    "selftext": "Our family is just beginning to slowly enter the homeschool game. Our oldest will be 5 next month and then we have an almost 3 year old and 5 month old too. In our state we'll have to officially declare that we're homeschooling our oldest beginning this fall. Our plan is to be a very interest-led learning family: play-based learning, read lots of books, spend tons of time outside, art, music, etc. We're already doing this now but planning to make it a little more formal and intentional entering the kindergarten phase. \n\nMy husband and I both operate a mushroom farm/rural homestead and spend all day, every day home together as a family. Right now I take the bulk of the childcare duties and will continue to for a while, but we do take turns switching off chores and tasks around the farm and home. \n\nI want to hear from other families who homeschool and farm or manage a homestead simultaneously - what do your rhythms look like? Are you finding you can still find ways to contribute around the farm or are you finding yourself immersed completely in taking care of littles and homeschooling? Do you do it alone mostly or do you tag team with your partner?\n\nThanks for your feedback - our life right now is a beautifully chaotic rollercoaster already, so we're buckling up for the added adventure of homeschooling! Appreciate any advice or suggestions on what has worked/not for your farming family \ud83d\udc9a"
  },
  "comments": [
    {
      "id": "mwye9hz",
      "author": "chelseaalysse",
      "body": "Back story for reference: New homesteading here with littles ! We\u2019re on 13 acres, fully renovating/gutting the original house from the 70s, starting an orchard, 6 cows, and our first set of 30 chickens just hatched \ud83d\udc23 I have a 4YO (5 this school year), and a 1.5YO wild child. \n\nOur daily rhythm looks like\n- slow start mornings with breakfast together (screen time allowed while I\u2019m cooking)\n- read aloud time during breakfast and after\n- toddler goes down for nap around 10am. I use this time to work on phonics and math with my older child without distractions. \n- Once school is done and toddler wakes up we do our animal check with dad during his mid day break. We check on the chicks non stop currently, but we\u2019ll ride the 4 wheeler all together for our daily \u201cperimeter check\u201d lol. It\u2019s also turned into a bit of a nature study time depending on what animals/plants we see that day. \n- Work on house renovation or any fixings around the property based on the perimeter check that day. \n- Dad goes back to work and I do some type of evening extracurricular with the kids, or we go visit family at this time. \n- Eventually 7pm rolls around and it\u2019s dinner, bath, books, and bed time!\n\nHonestly every day is different though. Some mornings we wake up and find out a cow is in our garage \ud83e\udd26\ud83c\udffb\u200d\u2640\ufe0f Or our bull busted the fence down to hang with the ladies next door lol. \n\nWe definitely tag team and try to help each other find little pockets of peace during the madness lol.",
      "created_utc": 1749526114.0,
      "score": 5,
      "permalink": "/r/homeschool/comments/1l7lwoc/calling_fellow_farming_homestead_families_what_do/mwye9hz/",
      "is_submitter": false,
      "edited": false,
      "stickied": false
    },
    {
      "id": "mwy134s",
      "author": "No-Emu3831",
      "body": "Kindergarten bookwork takes us less than hour to complete. If I were you I\u2019d maybe try to mid afternoon while the baby naps. \n\nAs they get older you can always plan your school days seasonally, hit it harder in the less busy season. I have to take a few weeks off teaching in the spring and fall to lay irrigation pipe but the kids keep doing some independent work to stay busy.",
      "created_utc": 1749521358.0,
      "score": 5,
      "permalink": "/r/homeschool/comments/1l7lwoc/calling_fellow_farming_homestead_families_what_do/mwy134s/",
      "is_submitter": false,
      "edited": false,
      "stickied": false
    },
    {
      "id": "mwxw862",
      "author": "tiffasparkle",
      "body": "I dont homestead, but i have heard of families taking spring instead of summer off of school, because its their busy time.\u00a0\n\n\nYour babes are little, i would set a structure that works for you now, and then add small things over the years as they have more educational needs. Set time aside now, and then add more education as they age into the already set time.\u00a0\n\n\nAt this age and for years, they wont need as much instruction as youd think.\u00a0",
      "created_utc": 1749519726.0,
      "score": 4,
      "permalink": "/r/homeschool/comments/1l7lwoc/calling_fellow_farming_homestead_families_what_do/mwxw862/",
      "is_submitter": false,
      "edited": false,
      "stickied": false
    },
    {
      "id": "mwy2kxx",
      "author": "philosophyofblonde",
      "body": "Dunno man. \u2018Bout to move onto 30 acres I currently have no plans for except admiring from the back patio. Guess I\u2019ll plant some fruit and nut trees? A sunflower maze? Maybe I\u2019ll let my Big keep a couple of chickens? I have a fetish for silviculture but we haven\u2019t moved yet so all I have is a general survey. No idea what state the wooded areas are in. I assume it\u2019s mostly loblolly and oak, but agroforestry isn\u2019t really intense on daily chores.",
      "created_utc": 1749521875.0,
      "score": 1,
      "permalink": "/r/homeschool/comments/1l7lwoc/calling_fellow_farming_homestead_families_what_do/mwy2kxx/",
      "is_submitter": false,
      "edited": 1749523949.0,
      "stickied": false
    },
    {
      "id": "mwy77oj",
      "author": "theotterway",
      "body": "What are you doing for phonics lessons?",
      "created_utc": 1749523499.0,
      "score": 0,
      "permalink": "/r/homeschool/comments/1l7lwoc/calling_fellow_farming_homestead_families_what_do/mwy77oj/",
      "is_submitter": false,
      "edited": false,
      "stickied": false
    },
    {
      "id": "mx0khc6",
      "author": "prairieyarrow",
      "body": "Thank you so much for this response - that's exactly what I was looking for! Sounds like a lovely place you have and a wonderful experience for your little ones to grow up around! I love hearing other people's stories who are in the same type of boat (pockets of peace during madness that is as you put it lol)\n\nOur rhythm looks quite similar to yours right now. We love being able to utilize the farm for nature studies/observation/problem solving too (also in an old home being slowly renovated-  my great grandpa's!).\n\n We both work the farmer's market once a week, so we're excited to be able to have our littles tag along to those once they're a little older and gain some great customer service experience too!",
      "created_utc": 1749563045.0,
      "score": 2,
      "permalink": "/r/homeschool/comments/1l7lwoc/calling_fellow_farming_homestead_families_what_do/mx0khc6/",
      "is_submitter": true,
      "edited": false,
      "stickied": false
    },
    {
      "id": "mwybo0k",
      "author": "prairieyarrow",
      "body": "Sounds like a lot of fun! Are you currently homeschooling in more of an urban setting then if you're moving out to 30 acres?",
      "created_utc": 1749525108.0,
      "score": 2,
      "permalink": "/r/homeschool/comments/1l7lwoc/calling_fellow_farming_homestead_families_what_do/mwybo0k/",
      "is_submitter": true,
      "edited": false,
      "stickied": false
    },
    {
      "id": "mwy7e2y",
      "author": "theotterway",
      "body": "You have to be a troll. Lol!",
      "created_utc": 1749523563.0,
      "score": 0,
      "permalink": "/r/homeschool/comments/1l7lwoc/calling_fellow_farming_homestead_families_what_do/mwy7e2y/",
      "is_submitter": false,
      "edited": false,
      "stickied": false
    },
    {
      "id": "mwyayc1",
      "author": "prairieyarrow",
      "body": "No formal plans yet - probably just lots of reading together for now!",
      "created_utc": 1749524839.0,
      "score": 1,
      "permalink": "/r/homeschool/comments/1l7lwoc/calling_fellow_farming_homestead_families_what_do/mwyayc1/",
      "is_submitter": true,
      "edited": false,
      "stickied": false
    },
    {
      "id": "mx146x2",
      "author": "chelseaalysse",
      "body": "Of course \ud83e\udd70 That\u2019s awesome you\u2019re renovating a family home! There\u2019s so many small homeschool \u201cunits\u201d that go into homesteading or just living in the country.",
      "created_utc": 1749568827.0,
      "score": 1,
      "permalink": "/r/homeschool/comments/1l7lwoc/calling_fellow_farming_homestead_families_what_do/mx146x2/",
      "is_submitter": false,
      "edited": false,
      "stickied": false
    },
    {
      "id": "mwyefqx",
      "author": "philosophyofblonde",
      "body": "Technically the acerage is more convenient to \u201ctown\u201d than where we currently are. It\u2019s only about 30 minutes down the road so we\u2019re not moving that far. We were looking for more like 10 acres to use recreationally for a while before building, and we ended up finding a house we really like that happened to come with more. It\u2019s not really suitable land for farming per se because of the slope on the back half, so there\u2019s a lot of space for frivolous enterprises. I studied botany/biology in college but I\u2019m not \u201cfarmy\u201d like that.",
      "created_utc": 1749526183.0,
      "score": 3,
      "permalink": "/r/homeschool/comments/1l7lwoc/calling_fellow_farming_homestead_families_what_do/mwyefqx/",
      "is_submitter": false,
      "edited": false,
      "stickied": false
    },
    {
      "id": "mwy8g4x",
      "author": "philosophyofblonde",
      "body": "Not in this particular instance, no\u2026I did mean to say fruit and nut trees. Autocorrect and I don\u2019t get along.",
      "created_utc": 1749523940.0,
      "score": 1,
      "permalink": "/r/homeschool/comments/1l7lwoc/calling_fellow_farming_homestead_families_what_do/mwy8g4x/",
      "is_submitter": false,
      "edited": false,
      "stickied": false
    },
    {
      "id": "mwy94k9",
      "author": "theotterway",
      "body": "Troll",
      "created_utc": 1749524183.0,
      "score": 0,
      "permalink": "/r/homeschool/comments/1l7lwoc/calling_fellow_farming_homestead_families_what_do/mwy94k9/",
      "is_submitter": false,
      "edited": false,
      "stickied": false
    },
    {
      "id": "mwy9ihm",
      "author": "philosophyofblonde",
      "body": "I\u2019m not sure I entirely understand what part you think I\u2019m not serious about, but ok\u2026",
      "created_utc": 1749524320.0,
      "score": 2,
      "permalink": "/r/homeschool/comments/1l7lwoc/calling_fellow_farming_homestead_families_what_do/mwy9ihm/",
      "is_submitter": false,
      "edited": false,
      "stickied": false
    }
  ],
  "relevance": {
    "score": 8.8,
    "user_type": "parent",
    "pain_points": [
      "what are you doing for phonics lessons? thank you so much for this response - that's exactly what i was looking for! sounds like a lovely place you have and a wonderful experience for your little ones to grow up around! i love hearing other people's stories who are in the same type of boat (pockets of peace during madness that is as you put it lol)\n\nour rhythm looks quite similar to yours right now",
      "we were looking for more like 10 acres to use recreationally for a while before building, and we ended up finding a house we really like that happened to come with more"
    ],
    "keywords_found": [
      "screen time",
      "kindergarten",
      "toddler",
      "homeschool"
    ],
    "sentiment_score": 0.9991,
    "age_relevance": true,
    "urgency_level": "low",
    "competitive_mentions": [],
    "timestamp": "2025-06-12T15:02:28.719090"
  }
}