{
  "subreddit": "speechtherapy",
  "post": {
    "id": "1grgw94",
    "title": "Nonverbal 3.5yo losing interest in therapy",
    "author": "One-Network-7632",
    "created_utc": 1731622623.0,
    "score": 1,
    "num_comments": 7,
    "url": "https://www.reddit.com/r/SpeechTherapy/comments/1grgw94/nonverbal_35yo_losing_interest_in_therapy/",
    "selftext": "My daughter has been in speech once a week since May to learn AAC. I am present for the appointment. The SLP comes to our home. \n\nOnce my daughter has explored the toy or activity the SLP brings, she tries to push the therapist out the front door.  She won't push buttons on the AAC tablet - she pushes it away. I am able to get my daughter to label colors when by myself, but she will not engage with learning \"more\" or \"help\". No matter who tries. \n\nWould you recommend a break from therapy, or is this pretty normal? \n\nThe disinterest peaked about two months ago. "
  },
  "comments": [
    {
      "id": "lx5v9ro",
      "author": "Hopeful_Anywhere_751",
      "body": "I think u should get advice from a therapist and the speech therapist they will sure know why is that happening how to prevent it and make it more joyful .but dont give up stay strong she need this its for the better.\u2764\ufe0fall the love and support for a hard working mom trying the best for the best .",
      "created_utc": 1731623471.0,
      "score": 4,
      "permalink": "/r/SpeechTherapy/comments/1grgw94/nonverbal_35yo_losing_interest_in_therapy/lx5v9ro/",
      "is_submitter": false,
      "edited": false,
      "stickied": false
    },
    {
      "id": "lx612y1",
      "author": "zaygg2022",
      "body": "Hi! I\u2019m an slp and I work primarily with children on aac devices. Most of my sessions I am modeling how to use the device. Usually through preferred interest and I also use structured activities but my kids are older. For example, I have a kid who loves peppa pig. When we play I\u2019m using the device to model the dialogue, or what she\u2019s wearing, etc\u2026\n\nThe most success for ei and toddlers I would suggest is model, model, model. This is hard because aac language devices are like learning a language within itself. \n\nI would ask the therapist to show you how to use the device in a natural context. What do you guys like to do together? What is your child\u2019s favorite activities or snack? What motivates your child\u2019s attention? Then from there how can you facilite modeling language on the device. \n\nTherapy isn\u2019t linear you have bumps and curves along the way. Have a conversation with your therapist about your concerns and if there are free resources you can access if you have the chance. A dialogue can make therapy more fruitful and can provide you with techniques that you can use in your everyday routine without being overwhelming. \n\nAlso if your child is on LAMP or TOUCH CHAT. Free resources exist that the therapist might be able to help you access.\n\nDon\u2019t give up. Your child getting an aac device so young is absolutely wonderful. Acquisition will just be different.",
      "created_utc": 1731625301.0,
      "score": 3,
      "permalink": "/r/SpeechTherapy/comments/1grgw94/nonverbal_35yo_losing_interest_in_therapy/lx612y1/",
      "is_submitter": false,
      "edited": false,
      "stickied": false
    },
    {
      "id": "lza32js",
      "author": "shine_2000",
      "body": "25 years in this field and I can say, sometimes it is just a one foot in front of the other situation. There are windows of growth and periods of frustrations like you are speaking about. When I have encountered a situation where a child is having difficulty engaging, I often step back and give them space. As the previous poster mentioned just lots of modeling and some gentle engagement. It is tough on the therapist too because we all want to see significant progress and don\u2019t want to let parents down. Hang with it, better days are ahead.",
      "created_utc": 1732731621.0,
      "score": 2,
      "permalink": "/r/SpeechTherapy/comments/1grgw94/nonverbal_35yo_losing_interest_in_therapy/lza32js/",
      "is_submitter": false,
      "edited": false,
      "stickied": false
    },
    {
      "id": "lx9vaa4",
      "author": "nippon2win",
      "body": "Curious. Was your child diagnosed for autism or looked at for autism or other issues other than speech?",
      "created_utc": 1731683257.0,
      "score": 1,
      "permalink": "/r/SpeechTherapy/comments/1grgw94/nonverbal_35yo_losing_interest_in_therapy/lx9vaa4/",
      "is_submitter": false,
      "edited": false,
      "stickied": false
    },
    {
      "id": "lx7lau8",
      "author": "One-Network-7632",
      "body": "Thank you, that's very sweet",
      "created_utc": 1731644489.0,
      "score": 1,
      "permalink": "/r/SpeechTherapy/comments/1grgw94/nonverbal_35yo_losing_interest_in_therapy/lx7lau8/",
      "is_submitter": true,
      "edited": false,
      "stickied": false
    },
    {
      "id": "lx7lnsl",
      "author": "One-Network-7632",
      "body": "Thank you for this, this is helpful feedback. I'll keep at it with my daughter.",
      "created_utc": 1731644628.0,
      "score": 1,
      "permalink": "/r/SpeechTherapy/comments/1grgw94/nonverbal_35yo_losing_interest_in_therapy/lx7lnsl/",
      "is_submitter": true,
      "edited": false,
      "stickied": false
    },
    {
      "id": "lx94agq",
      "author": "tamponinja",
      "body": "My kid is on touch chat. What are the free resources",
      "created_utc": 1731673504.0,
      "score": 1,
      "permalink": "/r/SpeechTherapy/comments/1grgw94/nonverbal_35yo_losing_interest_in_therapy/lx94agq/",
      "is_submitter": false,
      "edited": false,
      "stickied": false
    }
  ],
  "relevance": {
    "score": 8,
    "user_type": "parent",
    "pain_points": [
      "when i have encountered a situation where a child is having difficulty engaging, i often step back and give them space"
    ],
    "keywords_found": [
      "autism",
      "routine",
      "toddler"
    ],
    "sentiment_score": 0.9992,
    "age_relevance": false,
    "urgency_level": "low",
    "competitive_mentions": [],
    "timestamp": "2025-06-12T15:01:13.093965"
  }
}