{
  "subreddit": "specialed",
  "post": {
    "id": "1l4clii",
    "title": "Lesson on Feelings",
    "author": "StatisticianWinter93",
    "created_utc": 1749162550.0,
    "score": 1,
    "num_comments": 3,
    "url": "https://www.reddit.com/r/specialed/comments/1l4clii/lesson_on_feelings/",
    "selftext": "Hi! I\u2019m looking for so lesson ideas for a lesson on feelings in a small class setting with students who do and do not use AAC. They do use teach town but I won\u2019t have access to it for this lesson. Can anyone suggest a good jumping off point to get me started? The problem is I have too many ideas and can\u2019t narrow it down. \n\n"
  },
  "comments": [
    {
      "id": "mw8fp83",
      "author": "whatafrabjousday",
      "body": "What's your target skill? Are they identifying basic emotions (like, happy face, sad face, angry face?) are they recognizing emotions in others (Sam's blocks fell down and he screamed. How is he feeling?) do you want them to play better with friends? Do they need turn taking, sharing, etc.? Do they know ways to calm themselves when they're angry? \n\nPick ONE thing and come up with a specific objective, for example - when this lesson is done, students will be able to identify the emotions happy, sad and angry in photographs and drawings, either expressively (by labeling) or receptively (you show them all three choices and ask them to touch the sad face)",
      "created_utc": 1749169994.0,
      "score": 2,
      "permalink": "/r/specialed/comments/1l4clii/lesson_on_feelings/mw8fp83/",
      "is_submitter": false,
      "edited": false,
      "stickied": false
    },
    {
      "id": "mwfa7z2",
      "author": "DankTomato2",
      "body": "I was going to immediately suggest TeachTown, but then I saw you won\u2019t have access to it lol\n\nI would maybe focus on just one emotion at a time. Show different facial expressions with a mix of real people and more abstract representations so that they can generalize. Then, show some expressions in a field and have the kids come up to the board and pick the emotion you\u2019re looking for. \n\nAfterward, you can give worksheets/crafts/activities. This can be a good time for students to be reflective of their own feelings. They can write about what makes them feel a certain way, draw pictures of how they look when they feel different ways, etc. Teachers Pay Teachers has a lot of resources for social-emotional learning, and you can find plenty under the free section.\n\nTo promote social interaction, have some kind of group activity. For example, if you\u2019re focusing on happiness, you could have the students say nice things to each other, or do things for each other to make each other happy. \n\nI would also focus on coping skills for the overwhelming feelings. For anger or nervousness, have the class do deep breathing, yoga, stretching, go for a walk, etc.\n\n\u2026That was a lot, oops. Hope it helps!",
      "created_utc": 1749262185.0,
      "score": 1,
      "permalink": "/r/specialed/comments/1l4clii/lesson_on_feelings/mwfa7z2/",
      "is_submitter": false,
      "edited": false,
      "stickied": false
    },
    {
      "id": "mx26m2l",
      "author": "Embarrassed_Put_1384",
      "body": "Teachers pay teacher activities that go along with a book like the color monster for emotions",
      "created_utc": 1749579517.0,
      "score": 1,
      "permalink": "/r/specialed/comments/1l4clii/lesson_on_feelings/mx26m2l/",
      "is_submitter": false,
      "edited": false,
      "stickied": false
    }
  ],
  "relevance": {
    "score": 9.1,
    "user_type": "teacher",
    "pain_points": [
      "hi! i\u2019m looking for so lesson ideas for a lesson on feelings in a small class setting with students who do and do not use aac",
      "then, show some expressions in a field and have the kids come up to the board and pick the emotion you\u2019re looking for"
    ],
    "keywords_found": [
      "representation",
      "social-emotional"
    ],
    "sentiment_score": 0.9874,
    "age_relevance": false,
    "urgency_level": "high",
    "competitive_mentions": [],
    "timestamp": "2025-06-12T14:58:22.928574"
  }
}