{
  "subreddit": "Montessori",
  "post": {
    "id": "1kurlv1",
    "title": "High functioning autism - will Montessori help?",
    "author": "Whaleowlbee22",
    "created_utc": 1748138581.0,
    "score": 15,
    "num_comments": 19,
    "url": "https://www.reddit.com/r/Montessori/comments/1kurlv1/high_functioning_autism_will_montessori_help/",
    "selftext": "My daughter is entering first grade next year. She did public Kindergarten and church pre-k. She is high functioning ASD.\n\nKindergarten was fine academically- she excelled. Socially and emotionally, it was difficult for her. She has lots of friends, but the environment was too overstimulating (super loud cafeteria/bus ride), the curriculum too boring, and the rude/inappropriate behaviors of kids in public school really got under her skin - and got her in minor trouble a time or two. \n\nShe has been evaluated and accepted into a local AMI school. They said she was a joy to have in class and they didn't see any challenges that set her apart. I was shocked. After the conversations I've had with her Kindergarten teacher this year about her struggling to regulate her emotions everyday (with some ups and downs), I thought she wouldn't be offered admission. But apparently they saw the kid who I see - kind, bright, and compassionate. \n\nI'm getting mixed advice about whether or not Montessori is good for kids on the spectrum. Some say that less structure, self-directed study, and busy classrooms could actually be worse for her. I also think that the emphasis on dignity and respect and a smaller community could be really helpful socially. And being able to explore more rigorous curriculum as she's interested could mitigate the boredom. \n\nI don't know if I can handle another year of seeing her struggle in public school. She's often said \"it's just too much.\" It's going to be hard to afford tuition but it would be worth it if she felt calm, confident, and happy. Any experience or advice welcome!"
  },
  "comments": [
    {
      "id": "mu3vyl8",
      "author": "zupzinfandel",
      "body": "My experience as high functioning ASD adult who went through Montessori preschool to 4th grade:\n\n- getting to finish my work on my schedule and then have time and space to explore my niche interests independently in the classroom was AWESOME! I fondly remember getting to do extra book reports on places like Egypt, Australia, and more\u2026 asking other kids to help me learn how to draw different things/do art projects\u2026 etc. once I transitioned into traditional school, it was excruciating to finish my tasks and have to wait around for others to finish, as well as having defined schedules and studies so I couldn\u2019t explore my interests.\u00a0\n\n- Having to learn how to make my own routines and time management set me up for a much better adulthood. Life doesn\u2019t always give you routines (which folks on the ASD typically LOVE), so knowing you can make these routines on your own is so empowering. It can be hard at first but the pay off is worth it!\n\n- I definitely think I\u2019m better at social stuff as I had to be a lot more collaborative with people than if I just had to sit at a desk and do what a teacher told me.\u00a0\n\n- Having different things happen in a classroom at once actually made it easier for me to take a second and either leave the room or go to a corner and emotionally re group without \u201ccausing a scene\u201d.",
      "created_utc": 1748139250.0,
      "score": 35,
      "permalink": "/r/Montessori/comments/1kurlv1/high_functioning_autism_will_montessori_help/mu3vyl8/",
      "is_submitter": false,
      "edited": false,
      "stickied": false
    },
    {
      "id": "mu3ux3n",
      "author": "Shamazon83",
      "body": "I can\u2019t say if any Montessori will be a good fit - it depends so much on the school, school policies and culture and the staff. My son was diagnosed in first grade with ASD - I don\u2019t have a \u201clevel\u201d but he is low-needs/\u201chigh functioning\u201d and his Montessori school has been great for him, especially with emotional stuff. Good teacher-kid ratio and they have the time and ability to help him when he needs it.",
      "created_utc": 1748138823.0,
      "score": 13,
      "permalink": "/r/Montessori/comments/1kurlv1/high_functioning_autism_will_montessori_help/mu3ux3n/",
      "is_submitter": false,
      "edited": false,
      "stickied": false
    },
    {
      "id": "mu3vy7x",
      "author": "Sad_Pangolin7379",
      "body": "It REALLY depends on the kid. Some do really well because of the self directed aspect and the fact that that freedom exists within a structure of clearly spelled out expectations and guidelines and because there is an emphasis on treating one another with courtesy and grace. Others don't adjust as well because there's so many kids doing so many different things all at once. I say give it a try.\u00a0",
      "created_utc": 1748139246.0,
      "score": 6,
      "permalink": "/r/Montessori/comments/1kurlv1/high_functioning_autism_will_montessori_help/mu3vy7x/",
      "is_submitter": false,
      "edited": false,
      "stickied": false
    },
    {
      "id": "mu3vrc4",
      "author": "awrend",
      "body": "i\u2019m not an expert in autism. but i will say, if she struggled with being overstimulated in children\u2019s house, e1 could easily be worse. it\u2019s generally louder and more chaotic",
      "created_utc": 1748139168.0,
      "score": 5,
      "permalink": "/r/Montessori/comments/1kurlv1/high_functioning_autism_will_montessori_help/mu3vrc4/",
      "is_submitter": false,
      "edited": false,
      "stickied": false
    },
    {
      "id": "mu41ioj",
      "author": "Automatic_Phone8959",
      "body": "It was so helpful for our son to learn to be in charge of his time and delve into his special interests deeply. He was a beloved member of his class. Was he perfectly behaved? Nope. Did he learn so many skills? Yep! I am so grateful we put him in Montessori after 2 years in public school (after 3.5 years in montessori primary)",
      "created_utc": 1748141519.0,
      "score": 3,
      "permalink": "/r/Montessori/comments/1kurlv1/high_functioning_autism_will_montessori_help/mu41ioj/",
      "is_submitter": false,
      "edited": false,
      "stickied": false
    },
    {
      "id": "mu4brmw",
      "author": "More-Mail-3575",
      "body": "It depends. A lot on the teacher. \n1. Are they Montessori trained (Ami/ams)?\n2. Are they experienced teaching at the elementary level?\n3. Are they flexible in their thinking about Montessori and inclusion? (Some teachers are such sticklers about Montessori, they cannot consider accommodating a child who is neurodivergent)\n\n\nAnd it depends on your child. \nA Montessori elementary classroom is VERY different than traditional school. Your child will need to be self directed, not follow the lead and directions of the teacher constantly. Your child will have to work in small groups a lot. Your child will have to be ok with a moderately loud and bustling elementary classroom where groups are working and many conversations are happening at once. \n\nIn the public school, what services and accommodations was she getting? Share all evaluations and documents with the new school. You may now need to go private for the services.",
      "created_utc": 1748146211.0,
      "score": 5,
      "permalink": "/r/Montessori/comments/1kurlv1/high_functioning_autism_will_montessori_help/mu4brmw/",
      "is_submitter": false,
      "edited": false,
      "stickied": false
    },
    {
      "id": "mu6nq03",
      "author": "ladykansas",
      "body": "Info -- Does your daughter have an IEP?  What accommodations was she getting in public school?  How connected are you with the local SpED community in your area, and what intel do you have from that network?  You may want to cross post this on r/autism_parenting and include your location.\n\n\nOur lived experience with a neurodivergent daughter who thrives academically but struggles with social pragmatics / regulation: public school with an IEP has been a game changer for for us.  Our daughter is in an PreK inclusion classroom (15 kids total, up to 6 can have an IEP... Primary teacher has a background in SpED).  She also receives Occupational Therapy (for help with regulation ) and Speech Therapy (for pragmatic language scaffolding).   She's had an absolutely banner year this year.  \n\n\nPrior to this, she was in a Reggio-Emelia school and it was a disaster.  The classroom was just too busy.  The staff didn't have the background to give her the needed support she gets from a licensed OT, SLP, and SpED teacher.  Next, she was at a private school that only caters to children on the spectrum.  Many of those children also had other delays, so our daughter was still not really among her peers and would act out because she was bored.  We have really \"found our tribe\" in public school.  But I had to do a ton of leg work to find the right fit and supports.  If you are in Boston MA, I'm happy to give you any advice on how to navigate.",
      "created_utc": 1748186593.0,
      "score": 4,
      "permalink": "/r/Montessori/comments/1kurlv1/high_functioning_autism_will_montessori_help/mu6nq03/",
      "is_submitter": false,
      "edited": false,
      "stickied": false
    },
    {
      "id": "mu3xil6",
      "author": "curlygirl119",
      "body": "It depends on the child and the school. A (probably) quieter environment, the ability to explore her academic interests, and explicit grace and courtesy lessons could definitely benefit her. I say try it! If it doesn't go well you can always send her back to public school.",
      "created_utc": 1748139884.0,
      "score": 3,
      "permalink": "/r/Montessori/comments/1kurlv1/high_functioning_autism_will_montessori_help/mu3xil6/",
      "is_submitter": false,
      "edited": false,
      "stickied": false
    },
    {
      "id": "mu424m9",
      "author": "whatgivesgirl",
      "body": "Like everyone said, it really depends. But I think it\u2019s worth a try. The issues you described would not be a problem at my son\u2019s Montessori school. I love it because it\u2019s so nurturing and accommodating of my child\u2019s quirks.",
      "created_utc": 1748141779.0,
      "score": 3,
      "permalink": "/r/Montessori/comments/1kurlv1/high_functioning_autism_will_montessori_help/mu424m9/",
      "is_submitter": false,
      "edited": false,
      "stickied": false
    },
    {
      "id": "mu6st8n",
      "author": "Great-Grade1377",
      "body": "I have high functioning autism and am a montessori guide. I would tour the school and observe the classroom to get a feel for how well your child would be supported. If your child is self motivated and has special interests, in general they should do very well in a montessori environment. \n\nMontessori is attracting a lot more neurodivergent children and this can be difficult for some guides and admin to manage. Many private and charter schools do not have adequate resources. At my public school, we have a reading interventionist, special ed guide, a counselor, a school psychologist and a fantastic head of school. Children are able to fully access the curriculum here and get what they need. At other schools I have worked at, some children slip through the cracks. \n\nIf I could choose a school for exceptional and twice exceptional learners, it would be a high functioning public or charter program that strives for authenticity. They are harder to find, especially at the elementary and secondary level, but they do exist.",
      "created_utc": 1748188129.0,
      "score": 2,
      "permalink": "/r/Montessori/comments/1kurlv1/high_functioning_autism_will_montessori_help/mu6st8n/",
      "is_submitter": false,
      "edited": false,
      "stickied": false
    },
    {
      "id": "mua2on9",
      "author": "Stock-Confusion-3401",
      "body": "The Montessori classroom is super, super stimulating at the Elementary level. They have the freedom to get out of their seats at any time and there is constant movement and noise. We also have large class sizes up to 30 kids. It might be really overwhelming once she hits the 6 age range",
      "created_utc": 1748227755.0,
      "score": 2,
      "permalink": "/r/Montessori/comments/1kurlv1/high_functioning_autism_will_montessori_help/mua2on9/",
      "is_submitter": false,
      "edited": false,
      "stickied": false
    },
    {
      "id": "muc7lm9",
      "author": "msmugwort",
      "body": "I teach at a small private Montessori school, and children in my community with high functioning ASD have been some of my most delightful students, and bring so much to the community. The order and clear expectations of the classroom, the communication that the teachers facilitate when there is conflict between students, the Peace Corner, the ability to research and report on areas of special interest, the emphasis on kindness and respect are all hallmarks of a Montessori classroom, and provide the student with ASD (all students)to have diverse human experiences in a safe space. \nOf course, it is all individual, and there are definitely times when a child is better served in a twice-exceptional program or specialized school/classroom.",
      "created_utc": 1748266082.0,
      "score": 1,
      "permalink": "/r/Montessori/comments/1kurlv1/high_functioning_autism_will_montessori_help/muc7lm9/",
      "is_submitter": false,
      "edited": false,
      "stickied": false
    },
    {
      "id": "mux14vz",
      "author": "Relevant-Emu5782",
      "body": "It depends on the school, as just because they are Montessori does not mean they have the same feelings. You can get that idea from the diversity of comments here!\n\nMy daughter's school has several ASD kids in her class. She has dyslexia and ADHD and lots of people say ADHD kids don't do well in Montessori. It just depends on how things are run. My daughter was allowed to take work out into the hall all through school (pK-8) if the classroom environment got too stimulating and she needed a quieter place to work. Her school always has kids working in the hallways actually, by their own choice.\n\nI think the emphasis on doing work with a friend or having a lesson with a few other kids will be very helpful for an ASD child to learn social skills in a way that is not overwhelming. The ability to move at their own pace through the curriculum is a huge benefit. Frankly, I think Montessori is fantastic for special needs kids because it allows their needs to be addressed without them being \"weird\", because the environment meets the needs of all kids. My daughter didn't need an IEP (and didn't have one) at her Montessori school because there were no needed \"accommodations\". The environment is naturally accommodating. But now that she's in high school they put her on an IEP because it is necessary.\nI think you should try the Montessori school.\n\nI do think an AMS school is likely to be a better fit. The AMI schools we visited placed a lot more emphasis on following 'the program', whereas our AMS school encouraged a lot of flexibility. For example, she received reading intervention for dyslexia using the Wilson program in school.",
      "created_utc": 1748539084.0,
      "score": 1,
      "permalink": "/r/Montessori/comments/1kurlv1/high_functioning_autism_will_montessori_help/mux14vz/",
      "is_submitter": false,
      "edited": 1748539724.0,
      "stickied": false
    },
    {
      "id": "mu48di2",
      "author": "DelightfulSnacks",
      "body": "Thank you for sharing. I\u2019m not OP, but this was really interesting and helpful to learn.",
      "created_utc": 1748144604.0,
      "score": 8,
      "permalink": "/r/Montessori/comments/1kurlv1/high_functioning_autism_will_montessori_help/mu48di2/",
      "is_submitter": false,
      "edited": false,
      "stickied": false
    },
    {
      "id": "mu6szzz",
      "author": "Great-Grade1377",
      "body": "Yes, I have seen it go both ways for some children and in the end it boils down to the teacher.",
      "created_utc": 1748188185.0,
      "score": 3,
      "permalink": "/r/Montessori/comments/1kurlv1/high_functioning_autism_will_montessori_help/mu6szzz/",
      "is_submitter": false,
      "edited": false,
      "stickied": false
    },
    {
      "id": "mua2t3e",
      "author": "Stock-Confusion-3401",
      "body": "Montessori elementary is NOT quiet",
      "created_utc": 1748227802.0,
      "score": 3,
      "permalink": "/r/Montessori/comments/1kurlv1/high_functioning_autism_will_montessori_help/mua2t3e/",
      "is_submitter": false,
      "edited": false,
      "stickied": false
    },
    {
      "id": "mu49384",
      "author": "zupzinfandel",
      "body": "<3 everyone\u2019s experience is so different, happy to share mine.\u00a0",
      "created_utc": 1748144938.0,
      "score": 4,
      "permalink": "/r/Montessori/comments/1kurlv1/high_functioning_autism_will_montessori_help/mu49384/",
      "is_submitter": false,
      "edited": false,
      "stickied": false
    },
    {
      "id": "muc4jn6",
      "author": "msmugwort",
      "body": "My elementary classroom experience is that the beginning of the year is a lot about getting used to the environment and by mid-October, the classroom noise is akin to the buzz or hum of a beehive- children might talk quietly to each other about their work, and there is the occasional dropped stamp game or silly conversation/playful interaction, but generally, it is peaceful. My classroom is often nearly silent in the spring, everyone is so focused.",
      "created_utc": 1748264971.0,
      "score": 2,
      "permalink": "/r/Montessori/comments/1kurlv1/high_functioning_autism_will_montessori_help/muc4jn6/",
      "is_submitter": false,
      "edited": false,
      "stickied": false
    },
    {
      "id": "muca6cv",
      "author": "Stock-Confusion-3401",
      "body": "Hi! I'm also an Elementary guide for Elemtary. The volume level in our room comes in crests and waves. But elementary children are doing group work and are naturally talkative so it's definitely not quiet in the way Montessori primary is. It's also really visually stimulating in a way stay-in-your-desk school is not. I LOVE elementary but peaceful doesn't always mean quiet",
      "created_utc": 1748266991.0,
      "score": 1,
      "permalink": "/r/Montessori/comments/1kurlv1/high_functioning_autism_will_montessori_help/muca6cv/",
      "is_submitter": false,
      "edited": false,
      "stickied": false
    }
  ],
  "relevance": {
    "score": 10,
    "user_type": "parent",
    "pain_points": [
      "they said she was a joy to have in class and they didn't see any challenges that set her apart"
    ],
    "keywords_found": [
      "autism",
      "speech therapy",
      "special needs",
      "transition",
      "routine",
      "preschool",
      "kindergarten",
      "neurodivergent"
    ],
    "sentiment_score": 0.9999,
    "age_relevance": true,
    "urgency_level": "medium",
    "competitive_mentions": [],
    "timestamp": "2025-06-12T15:08:18.749598"
  }
}