{
  "subreddit": "occupationaltherapy",
  "post": {
    "id": "1l9m8i2",
    "title": "DME/AE",
    "author": "AnnualPhone",
    "created_utc": 1749734242.0,
    "score": 1,
    "num_comments": 1,
    "url": "https://www.reddit.com/r/OccupationalTherapy/comments/1l9m8i2/dmeae/",
    "selftext": "Hello! I have a patient who is transitioning to AL, and I\u2019m searching for AE, specifically faucet handle extenders for her sink as she can\u2019t reach the handles easily. Of course I gave her options of using the end of a dressing stick, but I guessed I assumed that there would be better options already on the market for something for the handles. \n\nWe already found actual extenders for the faucet, but I\u2019m specifically looking for the handles only. And anything that I\u2019ve found when searching for faucet handle extenders are more geared towards the actual faucet spout, and they are made for kids (characters like elephants , giraffes etc.)\n\nAny recommendations would be appreciated"
  },
  "comments": [
    {
      "id": "mxdjyj3",
      "author": "AutoModerator",
      "body": "Welcome to r/OccupationalTherapy! This is an automatic comment on every post. \n\nIf this is your first time posting, please read the sub rules. If you are asking a question, don't forget to check the sub [FAQs](https://www.reddit.com/r/OccupationalTherapy/wiki/index/faqs), or do a search of the sub to see if your question has been answered already. **Please note that we are not able to give specific treatment advice or exercises to do at home.**\n\nFailure to follow rules may result in your post being removed, or a ban. Thank you! \n\n*I am a bot, and this action was performed automatically. Please [contact the moderators of this subreddit](/message/compose/?to=/r/OccupationalTherapy) if you have any questions or concerns.*",
      "created_utc": 1749734242.0,
      "score": 1,
      "permalink": "/r/OccupationalTherapy/comments/1l9m8i2/dmeae/mxdjyj3/",
      "is_submitter": false,
      "edited": false,
      "stickied": false
    }
  ],
  "relevance": {
    "score": 8,
    "user_type": "therapist",
    "pain_points": [
      "we already found actual extenders for the faucet, but i\u2019m specifically looking for the handles only",
      ")\n\nany recommendations would be appreciated welcome to r/occupationaltherapy! this is an automatic comment on every post"
    ],
    "keywords_found": [
      "transition"
    ],
    "sentiment_score": 0.9582,
    "age_relevance": false,
    "urgency_level": "low",
    "competitive_mentions": [],
    "timestamp": "2025-06-12T14:47:28.174060"
  }
}