{
  "subreddit": "socialwork",
  "post": {
    "id": "1l8e1r6",
    "title": "Is going to private practice selling out? How to overcome it?",
    "author": "FlowersN_Superpowers",
    "created_utc": 1749598877.0,
    "score": 27,
    "num_comments": 46,
    "url": "https://www.reddit.com/r/socialwork/comments/1l8e1r6/is_going_to_private_practice_selling_out_how_to/",
    "selftext": "I\u2019ve been a social worker for 3 years and have been a school social worker at a very high-needs Title 1 school throughout that time. \n\nI became a social worker, as opposed to becoming a mental health counselor because I\u2019m passionate about social justice and systems theory.  I had this belief that I needed to be down \u201cin the trenches\u201d on the front lines to make the kinds of changes I wanted to help make. \n\nAfter 3 years of working in an extremely underfunded and understaffed school, I am so burned out. I began looking for some other jobs at nonprofits.   I\u2019m having a REALLY hard time finding any. I live in a red state (US) anyway, but with the recent budget cuts to the human services sector, there just don\u2019t seem to be many vacancies. I specifically wanted a nonprofit, not only because I feel like they are aligned with my values, but because I am in PSLF for my students loans. \n\nAnother challenge: I\u2019m broke. I have a masters degree and I\u2019m an LCSW. And I tried to get a cup of coffee the other day and my card declined because I only had $3.65 in my checking account. How humiliating \ud83d\ude16\n\nAll these factors together have me looking at jobs doing telehealth therapy for for-profit companies. I know I would be ineligible for PSLF while I work there, but I just need more income, especially for the time being. Maybe things will change when the current administration ends?\n\nSomeone suggested I stay at my current job and take on a second job. I currently work about 15-20 unpaid hours per week at my current job just trying to keep up, hence the burnout. Can\u2019t really imagine a way I could make that work.\n\nWhen I was in grad school, I swore I\u2019d never do private practice, yet here I am.\n\nAnyone else considering this or has already made this jump? How did you cope?\n\nAre there ways you still stay connected to public advocacy and social justice?\n\nI truly mean no offense at all if you\u2019ve always been in private practice and it\u2019s your jam! This is just a different path than I saw for myself, but as we teach our clients, sometimes life is that way."
  },
  "comments": [
    {
      "id": "mx52u48",
      "author": "SlogTheNog",
      "body": "There is no moral superiority to being impoverished.\n\n\nI would consider picking up a few side clients to see how it works. Doing 20 hours a week of unpaid labor simply isn't sustainable.",
      "created_utc": 1749613107.0,
      "score": 134,
      "permalink": "/r/socialwork/comments/1l8e1r6/is_going_to_private_practice_selling_out_how_to/mx52u48/",
      "is_submitter": false,
      "edited": false,
      "stickied": false
    },
    {
      "id": "mx66tea",
      "author": "jtwinkles",
      "body": "I went into social work swearing to never do private practice either. I made the switch to full-time pp at the end of 2023 and have not regretted my decision. \nI make less money right now as an owner of a small group practice than I did working in a healthcare system (for 10 years) - but that will be temporary, and I can still meet my financial needs.\n\nI started a small practice with my best friend (also a sw), and one of our goals was to continue to be \u201csocial workers\u201d. We had several long discussions about what that would look like as a company, and wrote those things into our business plan/policy. \n\nI definitely had the mindset that pp was the easy way out, or was more \u201cabout the money\u201d than helping people. It\u2019s not the case because I choose to focus on the things that are important to me. We are politically active (individually and as a company), we provide a sliding fee scale with no income verification, we do some EAP, and have some clients who get free therapy. We are involved in our community in meaningful ways. \n\nWe pay our employees well and encourage them to do what their system needs. We have set things up so that each of us can work 3 or 4 days a week (by choice) instead of 5 so that we can be home with our kids because that is important to us. When hiring, we choose people who embody those fundamental social work values and generally prefer to hire people who have worked on the front line over people with only a therapy background.\n\nIt has taken a lot of effort, a lot of work, a lot of time, and admittedly a lot of money to get where we are. But I\u2019m not burned out. I have more time for family. I am involved in causes/organizations that are important to me because I have the desire and now the time to do so. \n\nPrivate practice is not for everyone. Owning a business is not for everyone. I fully respect that. But damn it, I\u2019m a far better therapist because of my 20+ years \u201cin the trenches\u201d.",
      "created_utc": 1749634532.0,
      "score": 71,
      "permalink": "/r/socialwork/comments/1l8e1r6/is_going_to_private_practice_selling_out_how_to/mx66tea/",
      "is_submitter": false,
      "edited": false,
      "stickied": false
    },
    {
      "id": "mx599o9",
      "author": "Shon_t",
      "body": "If you are working 15-20 hours \u201cunpaid\u201d labor every week \u201cjust to keep up\u201d there is something wrong. I don\u2019t know what that something is. Is it a time management issue? Is it is unrealistic expectations from your agency? I\u2019m all for putting in the extra time when needed. I\u2019ve had clients in crisis, or a special event that needed after hours or weekend support, but week after week is not sustainable. This is a recipe for burnout. \n\nThere are options other than private therapy. I regularly get letters in my state from state prisons, etc, offering in excess of $100k per year if will come work for them. \n\nMy wife spent 18 years working for a small non-profit community outpatient agency. She spent much of that time embedded at two elementary schools in one of the most impoverished and struggling areas in our community. While she actually enjoyed the work she was doing, she also recognizes that after 18 years, she really hasn\u2019t put much away in her retirement, nor could she afford to. \n\nEventually she left that job and went to work for a state university hospital that contracted with the county to provide mental health services at the county jail. Her pay almost doubled overnight.  Now as a state employee she was a union member with better healthcare and retirement benefits, state pension. Etc. Now when she VOLUNTARILY worked those extra 15-20 hours per week she was making double time and pulling in well over $200k per year in total compensation. It was tough work, she often came home crying at first, but she refuses to quit even though I would have supported her doing so. Now some 8 years later with a significant retirement nest egg and substantial savings account, she can afford to tap the breaks a bit, and has done so. \n\nI left a private non-profit yeas ago and went to work for the Feds. Granted now isn\u2019t the best time to be applying for a federal role, but my salary is well over 4x almost 5x what I started at as an MSW.  \n\nThere are good paying jobs for LCSWS out there. \n\nBut look, everyone deserves to reach their full potential. I certainly don\u2019t look down on those that engage in private practice. I don\u2019t think you are a sell-out by trying to find a well paying job to support yourself. Even in private practice you will still find members of special populations, clients in need of Social Justice. I don\u2019t say this sarcastically, although we may have our own biases about certain client populations, your average \u201csoccer mom\u201d in Texas may have far more need for \u201csocial Justice\u201d than you might realize at first glance.",
      "created_utc": 1749615880.0,
      "score": 25,
      "permalink": "/r/socialwork/comments/1l8e1r6/is_going_to_private_practice_selling_out_how_to/mx599o9/",
      "is_submitter": false,
      "edited": false,
      "stickied": false
    },
    {
      "id": "mx6ev3t",
      "author": "happyveggiechick",
      "body": "You are not a martyr. It\u2019s not your fault our field is underpaid and overworked for most jobs. \n\nYou aren\u2019t selling your soul to be a CEO for an oil company for 10mil a year at the cost of the planet\u2019s wellbeing. You are becoming an outpatient therapist to make a livable wage.\n\nAlso, therapists help people! My therapist changed my life so much for the better. I\u2019m not sure why you ever villainized private practice therapists in the first place but I think your college self romanticized this field. Now you\u2019re actually living it and it\u2019s normal for your perspective to change.\n\nIf you haven\u2019t never seen an outpatient therapist yourself, I would highly recommend it. I don\u2019t think I would have been nearly as successful of a therapist without seeing one first. Also, maybe you can explore some of these feelings and ideas you have.",
      "created_utc": 1749638870.0,
      "score": 14,
      "permalink": "/r/socialwork/comments/1l8e1r6/is_going_to_private_practice_selling_out_how_to/mx6ev3t/",
      "is_submitter": false,
      "edited": false,
      "stickied": false
    },
    {
      "id": "mx868tw",
      "author": "Crazy-Employer-8394",
      "body": "Making a living is social justice - for yourself.  Just sayin'.",
      "created_utc": 1749660030.0,
      "score": 15,
      "permalink": "/r/socialwork/comments/1l8e1r6/is_going_to_private_practice_selling_out_how_to/mx868tw/",
      "is_submitter": false,
      "edited": false,
      "stickied": false
    },
    {
      "id": "mx9c9n9",
      "author": "AnxiousTherapist-11",
      "body": "Who cares. We gotta live too.",
      "created_utc": 1749672003.0,
      "score": 6,
      "permalink": "/r/socialwork/comments/1l8e1r6/is_going_to_private_practice_selling_out_how_to/mx9c9n9/",
      "is_submitter": false,
      "edited": false,
      "stickied": false
    },
    {
      "id": "mx7am49",
      "author": "ReaganDied",
      "body": "I moved to group practice and it\u2019s much better.\n\nHalf my caseload is Medicaid/dual eligible (Medicare/Medicaid), and my practice is all complex trauma/complex grief. Granted, I live in a state with at least decent Medicaid reimbursed rates. I\u2019m not roped into doing whatever flavor of the month \u201cevidence based practice\u201d the state has decided is in vogue that year. (Which, suspiciously, always seems to be the briefest and cheapest interventions like SFBT.) I\u2019ve had the freedom to develop a more social justice oriented approach, pulling from the Boston Liberation Framework and Fanonian theory that my clients have loved and responded well to. I\u2019m working on looking into getting accredited to offer CEUs to develop and disseminate this model, all of which I would not have had the time, money or emotional energy to pursue in agency work.\n\nSome people sell out when they go to PP, but it\u2019s not a prerequisite! It basically gives you flexibility which you can use any way you choose.",
      "created_utc": 1749650865.0,
      "score": 5,
      "permalink": "/r/socialwork/comments/1l8e1r6/is_going_to_private_practice_selling_out_how_to/mx7am49/",
      "is_submitter": false,
      "edited": false,
      "stickied": false
    },
    {
      "id": "mx96esf",
      "author": "mentalbleach",
      "body": "If you don\u2019t go get your bag\u2026.. I stg",
      "created_utc": 1749670287.0,
      "score": 5,
      "permalink": "/r/socialwork/comments/1l8e1r6/is_going_to_private_practice_selling_out_how_to/mx96esf/",
      "is_submitter": false,
      "edited": false,
      "stickied": false
    },
    {
      "id": "mxa8nfk",
      "author": "itchybottombees",
      "body": "Unfortunately you are being \u201cpaid with passion\u201d at your current role and you accept it as payment. (I say that as someone that definitely gets significant portions of my pay \u201cin passion\u201d only as well)\n\nBut the question I always hate asking myself is- \u201cam I truly the only one that cares here, or was everyone else forced to realize they need to take care of themselves first because it can\u2019t be fixed at our level?\u201d \n\nSo I challenge you to ask yourself that, because for me, it always makes me realize that there\u2019s more that my brain doesn\u2019t want to discuss because \u201cthey could! But they don\u2019t want to ___\u201d makes it simple and clean. \n\nThe issue with pretty and clean is that social work careers as a whole is a messy abstract concept that is unified in our tasks but not our thoughts. It\u2019s on you to take care of yourself in this field since I fully believe \u201cnobody became a social worker because everything went perfectly in their life\u201d \n\nBut it\u2019s also on you to tell these fuckers that you are a human too and deserve more than setting you AND the children up to think that they care.bc  They don\u2019t ( they being government, policy, leadership, whatever/whoever stops you from feeling confident in the fact you also need to be able to be happy/content/live life) \n\n\nI\u2019ll say it once and I\u2019ll say it until I die- social work is a job. We are licensed people in a field. This is no different than retail jobs, I\u2019m sure if you worked with the adult population then you would not tell a retail employee to work overtime for free for fear of letting people down. But you were set up to let people down so I\u2019d guess you\u2019d encourage them to find the strength to realize that isn\u2019t right. \n\nOur job does have wayyyy more considerations for consequences if we don\u2019t do our job properly. BUT why would that mean we should slack on the parts of employment we would tell clients to use to protect themselves? \n\nWe also are humans and usually, we are humans carrying too much for far too long. Put it down and take a deep breath and wash repeat until you find a place that you can do what you want to incite changes we need, without the burnout",
      "created_utc": 1749681873.0,
      "score": 5,
      "permalink": "/r/socialwork/comments/1l8e1r6/is_going_to_private_practice_selling_out_how_to/mxa8nfk/",
      "is_submitter": false,
      "edited": false,
      "stickied": false
    },
    {
      "id": "mx7q4c1",
      "author": "naturewithnicole",
      "body": "You can always get a job that allows for better work/life balance in pp and volunteer or remain politically active on the side. That's what I intend to do when I get licensed.",
      "created_utc": 1749655400.0,
      "score": 3,
      "permalink": "/r/socialwork/comments/1l8e1r6/is_going_to_private_practice_selling_out_how_to/mx7q4c1/",
      "is_submitter": false,
      "edited": false,
      "stickied": false
    },
    {
      "id": "mx9h3p5",
      "author": "craftydistraction",
      "body": "Consider working for a county level hospital or clinics. They are often hungry for child therapists, generally pay decently with benefits and it\u2019s more or less the same population you\u2019re already serving. You\u2019ll be able to afford coffee. If you can find one connected to a college or university (teaching programs) you\u2019ll also learn a ton. Regardless, this is generally a great place to build experience and skills for a few years. Leave when the burnout sets in and you\u2019ll be able to plan a transition more confidently.",
      "created_utc": 1749673390.0,
      "score": 3,
      "permalink": "/r/socialwork/comments/1l8e1r6/is_going_to_private_practice_selling_out_how_to/mx9h3p5/",
      "is_submitter": false,
      "edited": false,
      "stickied": false
    },
    {
      "id": "mxbhx44",
      "author": "Icy-Comparison2669",
      "body": "Don\u2019t contribute to your own wage theft.",
      "created_utc": 1749697944.0,
      "score": 3,
      "permalink": "/r/socialwork/comments/1l8e1r6/is_going_to_private_practice_selling_out_how_to/mxbhx44/",
      "is_submitter": false,
      "edited": false,
      "stickied": false
    },
    {
      "id": "mx9kn7z",
      "author": "Ultimate1177",
      "body": "You need to take care of yourself (emotionally, professionally, and yes, even financially) before you can take care of anyone else.",
      "created_utc": 1749674409.0,
      "score": 2,
      "permalink": "/r/socialwork/comments/1l8e1r6/is_going_to_private_practice_selling_out_how_to/mx9kn7z/",
      "is_submitter": false,
      "edited": false,
      "stickied": false
    },
    {
      "id": "mxb0d1u",
      "author": "oo_da_fkn_lolly_girl",
      "body": "I was in the same boat. After doing crisis work both in the community and ER/inpatient settings I made the decision to move to private practice for both my sanity and more flexibility.\n\nThere is a way to do the good work while in PP too! I always keep spots open for 2 sliding scale and 1 pro bono client at a time. I talk social justice and the reality of what's going on in the country constantly and even started a political stress support group that is donation based... we donated our first wave to the Trans Relocation Fund.\n\nI also strongly believe that if you can save some of yourself after work is done then you have some left to give to volunteer or passion projects that serve the community in an effective way. I hate that social worker seems to have become synonymous with \"worked to death within a system that will only continue to work against you\". Just because we care doesn't mean we need to be martyrs :(",
      "created_utc": 1749691567.0,
      "score": 2,
      "permalink": "/r/socialwork/comments/1l8e1r6/is_going_to_private_practice_selling_out_how_to/mxb0d1u/",
      "is_submitter": false,
      "edited": false,
      "stickied": false
    },
    {
      "id": "mxb41xu",
      "author": "suchasuchasuch",
      "body": "Selling out to who? Our field survives by leeching off the insurance industry. We are already sold out.",
      "created_utc": 1749692905.0,
      "score": 2,
      "permalink": "/r/socialwork/comments/1l8e1r6/is_going_to_private_practice_selling_out_how_to/mxb41xu/",
      "is_submitter": false,
      "edited": false,
      "stickied": false
    },
    {
      "id": "mx85ky4",
      "author": "Social_worker_1",
      "body": "Consider looking into higher Ed jobs at counseling centers. The work/life balance is amazing, pay is generally great, and you can really lean into your school social work experience.",
      "created_utc": 1749659838.0,
      "score": 2,
      "permalink": "/r/socialwork/comments/1l8e1r6/is_going_to_private_practice_selling_out_how_to/mx85ky4/",
      "is_submitter": false,
      "edited": false,
      "stickied": false
    },
    {
      "id": "mx88cth",
      "author": "wildflowers_15",
      "body": "I made the jump from school social work to private practice five years ago and haven't looked back. I started out part time while working in schools full time, transitioned to part time school social work and part time PP then transitioned over to PP full time when I finished my hours for my license.\u00a0\n\n\nI never thought I'd end up in PP but my best friend who also left schools and joined PP inspired me to do the same. I'm a lot less stressed and love that I can make my own schedule. I no longer have to fight losing battles in the schools and be run into the ground by parents and administrators.\u00a0\n\n\nPrivate practice isn't perfect and I have my issues with how 1099 positions are set up, but unfortunately it seems to be the only way to make what we deserve to make in this field, at least in my region. I used to strongly believe in the \"we do this for the outcome, not the income\" BUT we deserve to make decent money too. The system is incredibly broken and exploitative on so many fronts. How can we help our clients if we're struggling meeting our own basic needs? Unfortunately we need to play the game within the constraints of capitalism since we need to live too. I am still in it for the outcome but recognize I deserve the income too.\u00a0\n\n\nYou can absolutely still be connected to advocacy and social justice in PP through community organizations and local activism opportunities.\u00a0\n\n\nAt the end of the day, it's all about what feels comfortable and best for you regardless of what others say or think. For me PP is ideal due to my mental health conditions and having a flexible schedule decreases my chances of burning out. Overall it's been a much more positive experience for me and we have to do what's best for ourselves.\u00a0",
      "created_utc": 1749660633.0,
      "score": 1,
      "permalink": "/r/socialwork/comments/1l8e1r6/is_going_to_private_practice_selling_out_how_to/mx88cth/",
      "is_submitter": false,
      "edited": false,
      "stickied": false
    },
    {
      "id": "mx97g7t",
      "author": "buitenlander0",
      "body": "It's a tough pill to swallow, but having money allows you to help in ways that you can't without having money. \n\nEnvision yourself in 20 years from now, with enough money saved up that you could pursue starting your own non-profit for example.\n\nHaving more money also allows you to think straight and be an overall healthier person.\n\nYou don't need to be a martyr to be a good person.",
      "created_utc": 1749670598.0,
      "score": 1,
      "permalink": "/r/socialwork/comments/1l8e1r6/is_going_to_private_practice_selling_out_how_to/mx97g7t/",
      "is_submitter": false,
      "edited": false,
      "stickied": false
    },
    {
      "id": "mxa2c4f",
      "author": "romanticaro",
      "body": "i know someone who has a private practice and takes sliding scale clients as well.",
      "created_utc": 1749679779.0,
      "score": 1,
      "permalink": "/r/socialwork/comments/1l8e1r6/is_going_to_private_practice_selling_out_how_to/mxa2c4f/",
      "is_submitter": false,
      "edited": false,
      "stickied": false
    },
    {
      "id": "mxax7of",
      "author": "LauraRenae",
      "body": "I believe everyone should start off and gain experience in a community-oriented role. But you did your time in that area and it\u2019s okay to call it and shift to something that is a better fit for your own mental health.",
      "created_utc": 1749690432.0,
      "score": 1,
      "permalink": "/r/socialwork/comments/1l8e1r6/is_going_to_private_practice_selling_out_how_to/mxax7of/",
      "is_submitter": false,
      "edited": false,
      "stickied": false
    },
    {
      "id": "mxb8gp1",
      "author": "CowExpress1487",
      "body": "Unsure how you haven\u2019t seen the ocean of remote and hybrid work for people with an LCSW. Even cursory online searches will yield hundreds of results with salaries far above normal.",
      "created_utc": 1749694467.0,
      "score": 1,
      "permalink": "/r/socialwork/comments/1l8e1r6/is_going_to_private_practice_selling_out_how_to/mxb8gp1/",
      "is_submitter": false,
      "edited": false,
      "stickied": false
    },
    {
      "id": "mxb9tm9",
      "author": "crunkadocious",
      "body": "You can take Medicaid in private practice. What's the issue with private practice? The word private?",
      "created_utc": 1749694958.0,
      "score": 1,
      "permalink": "/r/socialwork/comments/1l8e1r6/is_going_to_private_practice_selling_out_how_to/mxb9tm9/",
      "is_submitter": false,
      "edited": false,
      "stickied": false
    },
    {
      "id": "mxbn8bs",
      "author": "Eilbur",
      "body": "As a professional who is currently on the hunt for a private practice therapist, I\u2019ve been so glad to find a number of passionate social workers who have made a switch to individual therapy. Just because I have insurance to cover the bill doesn\u2019t mean I don\u2019t deserve good therapy! If you are contributing positively to the world you don\u2019t need to feel guilty about trying to have enough money to buy a coffee!! Go to PP and use the extra time and emotional energy you\u2019ll gain by actually volunteering every week.",
      "created_utc": 1749700098.0,
      "score": 1,
      "permalink": "/r/socialwork/comments/1l8e1r6/is_going_to_private_practice_selling_out_how_to/mxbn8bs/",
      "is_submitter": false,
      "edited": false,
      "stickied": false
    },
    {
      "id": "mxd3p60",
      "author": "future_old",
      "body": "What\u2019re you, allergic to money? Social work isn\u2019t about being a victim in solidarity. That\u2019s what nuns are for. I love community activism and social justice too, but you put all this time and energy into getting an MSW and LCSW, you gotta at least get some cash to compensate for that work! I did a few years telehealth for a national company (dm me for the details) making $70/hour. It was great! Clients were fine, I used an AI transcriber for my notes, wore pajama bottoms to work! Then i wanted to try something else so i quit. You\u2019re allowed to define success as your quality of life being satisfactory, not just your impact on clients\u2019 lives.",
      "created_utc": 1749728117.0,
      "score": 1,
      "permalink": "/r/socialwork/comments/1l8e1r6/is_going_to_private_practice_selling_out_how_to/mxd3p60/",
      "is_submitter": false,
      "edited": false,
      "stickied": false
    },
    {
      "id": "mxd4mpt",
      "author": "EnderMoleman316",
      "body": "Nobody respects a self made martyr. If you burn yourself out to the point where you have to leave the field, then what good is that?",
      "created_utc": 1749728513.0,
      "score": 1,
      "permalink": "/r/socialwork/comments/1l8e1r6/is_going_to_private_practice_selling_out_how_to/mxd4mpt/",
      "is_submitter": false,
      "edited": false,
      "stickied": false
    },
    {
      "id": "mxdgae4",
      "author": "Annes1",
      "body": "Girl go get that bag",
      "created_utc": 1749732981.0,
      "score": 1,
      "permalink": "/r/socialwork/comments/1l8e1r6/is_going_to_private_practice_selling_out_how_to/mxdgae4/",
      "is_submitter": false,
      "edited": false,
      "stickied": false
    },
    {
      "id": "mxdkqf2",
      "author": "Practical_Emu4260",
      "body": "I work in a private practice in an affluent area. I have clients who are multi-multi millionaires and clients who are making a very real financial sacrifice by coming to therapy. I\u2019ll tell you that I\u2019m having the same conversations with all of them. They\u2019re all in pain. They\u2019re all struggling. I had a professor who called therapists in private practice \u201cfallen angels of social work\u201d but in my mind, this is reverse snobbery. In my internships, I helped murderers and rapists. This taught me that everyone deserves treatment. My wealthy clients are just as deserving of sincere care and compassion as anyone. \u201cFirst world problems\u201d are *still* problems.",
      "created_utc": 1749734502.0,
      "score": 1,
      "permalink": "/r/socialwork/comments/1l8e1r6/is_going_to_private_practice_selling_out_how_to/mxdkqf2/",
      "is_submitter": false,
      "edited": false,
      "stickied": false
    },
    {
      "id": "mxb39h5",
      "author": "justchill4xe",
      "body": "It is selling out, this sub is full of sell outs. Our profession is another victim to capitalism and we don't organize and fight it as a profession. Do what you gotta do I guess, I'll stay impoverished.",
      "created_utc": 1749692624.0,
      "score": -1,
      "permalink": "/r/socialwork/comments/1l8e1r6/is_going_to_private_practice_selling_out_how_to/mxb39h5/",
      "is_submitter": false,
      "edited": false,
      "stickied": false
    },
    {
      "id": "mx6knew",
      "author": "almilz25",
      "body": "When I was in grad school I said I\u2019d never do it either but here I am a year into my private practice. I too was over worked under paid and under appreciated at my previous job I was burnt out to the point of daily anxiety. \nI quit that job but I have another job and do private practice on the side.  I have found it hard to keep a case load big enough to sustain a healthy living so far. So I would encourage you to get a job you enjoy that\u2019s less of a headache and ease your way into private practice without taking the full plunge.\n\nIf you want to do telle health look into grow therapy or better help they make you your own boss",
      "created_utc": 1749641525.0,
      "score": -2,
      "permalink": "/r/socialwork/comments/1l8e1r6/is_going_to_private_practice_selling_out_how_to/mx6knew/",
      "is_submitter": false,
      "edited": false,
      "stickied": false
    },
    {
      "id": "mx7br66",
      "author": "lookamazed",
      "body": "\u201cCan\u2019t buy groceries with dignity\u201d\n\nPut on your own oxygen mask first, then do what you can from there. Keep a few slots for the needy. It\u2019ll be more than some.",
      "created_utc": 1749651215.0,
      "score": 46,
      "permalink": "/r/socialwork/comments/1l8e1r6/is_going_to_private_practice_selling_out_how_to/mx7br66/",
      "is_submitter": false,
      "edited": false,
      "stickied": false
    },
    {
      "id": "mx6qzn1",
      "author": "FlowersN_Superpowers",
      "body": "Your practice sounds incredible!!! Sounds like you have found a way to really keep social work values at the heart of it. No non-profit that I\u2019ve ever worked at has cared as much about their employees\u2019 experience as you obviously do.",
      "created_utc": 1749644122.0,
      "score": 17,
      "permalink": "/r/socialwork/comments/1l8e1r6/is_going_to_private_practice_selling_out_how_to/mx6qzn1/",
      "is_submitter": true,
      "edited": false,
      "stickied": false
    },
    {
      "id": "mx9cki5",
      "author": "cityzombie",
      "body": "Can everyone be like you all!?\n\nThis is my end goal, I don't even know where to begin lol",
      "created_utc": 1749672090.0,
      "score": 8,
      "permalink": "/r/socialwork/comments/1l8e1r6/is_going_to_private_practice_selling_out_how_to/mx9cki5/",
      "is_submitter": false,
      "edited": false,
      "stickied": false
    },
    {
      "id": "mxbfzz5",
      "author": "Forsaken-Respect-133",
      "body": "this is great skill and passion working together.  Nice work!!",
      "created_utc": 1749697222.0,
      "score": 1,
      "permalink": "/r/socialwork/comments/1l8e1r6/is_going_to_private_practice_selling_out_how_to/mxbfzz5/",
      "is_submitter": false,
      "edited": false,
      "stickied": false
    },
    {
      "id": "mx86qz6",
      "author": "Crazy-Employer-8394",
      "body": "FWIW I am 100% regretting all of the decisions that brought me here because WHEW I did not expect a lot of what I am finding.",
      "created_utc": 1749660175.0,
      "score": 4,
      "permalink": "/r/socialwork/comments/1l8e1r6/is_going_to_private_practice_selling_out_how_to/mx86qz6/",
      "is_submitter": false,
      "edited": false,
      "stickied": false
    },
    {
      "id": "mx7qx6w",
      "author": "naturewithnicole",
      "body": "To add, you will be a much better advocate when you are able to take care of yourself. When you are financially stable you can make monthly donations to your favorite non profits or NGOs. You can volunteer to be on committee boards for your town so you can help shape the future of public funds and policy. \n\nI don't think people realize the power you have as a volunteer. Many organizations rely on volunteers and need volunteers to function well. When you are someone with knowledge and experience and a heart for social justice that has a big impact on how those organizations show up in their communities.",
      "created_utc": 1749655629.0,
      "score": 2,
      "permalink": "/r/socialwork/comments/1l8e1r6/is_going_to_private_practice_selling_out_how_to/mx7qx6w/",
      "is_submitter": false,
      "edited": false,
      "stickied": false
    },
    {
      "id": "mxagp9t",
      "author": "Keeksfeni",
      "body": "Can you explain this further? What type of position/role is that?",
      "created_utc": 1749684560.0,
      "score": 1,
      "permalink": "/r/socialwork/comments/1l8e1r6/is_going_to_private_practice_selling_out_how_to/mxagp9t/",
      "is_submitter": false,
      "edited": false,
      "stickied": false
    },
    {
      "id": "mxb8uv3",
      "author": "FlowersN_Superpowers",
      "body": "Absolutely have seen plenty of them for for-profit corporations. There are few telehealth positions for non-profits in my area. Hence, I\u2019ve now widened my search to include for-profit telehealth providers. I apologize if I was unclear in my wording.",
      "created_utc": 1749694611.0,
      "score": 2,
      "permalink": "/r/socialwork/comments/1l8e1r6/is_going_to_private_practice_selling_out_how_to/mxb8uv3/",
      "is_submitter": true,
      "edited": false,
      "stickied": false
    },
    {
      "id": "mxbaeyb",
      "author": "FlowersN_Superpowers",
      "body": "It\u2019s the \u201cfor-profit\u201d vs. \u201cnon-profit\u201d that I\u2019m struggling with.",
      "created_utc": 1749695174.0,
      "score": 1,
      "permalink": "/r/socialwork/comments/1l8e1r6/is_going_to_private_practice_selling_out_how_to/mxbaeyb/",
      "is_submitter": true,
      "edited": false,
      "stickied": false
    },
    {
      "id": "mxbk2vz",
      "author": "Kansasgrl968",
      "body": "Are you okay? Is this sarcasm?",
      "created_utc": 1749698784.0,
      "score": 2,
      "permalink": "/r/socialwork/comments/1l8e1r6/is_going_to_private_practice_selling_out_how_to/mxbk2vz/",
      "is_submitter": false,
      "edited": false,
      "stickied": false
    },
    {
      "id": "mx7dh1o",
      "author": "jtwinkles",
      "body": "Thank you. We have worked really hard to create something special. I would imagine that being a school social worker has given you some awesome skills and abilities, along with experience with kids/teens. In my area, that would be extremely marketable and you could get a job doing therapy with kids quite easily. Maybe try it out for a bit? Especially if you have summer \u201coff\u201d?",
      "created_utc": 1749651733.0,
      "score": 7,
      "permalink": "/r/socialwork/comments/1l8e1r6/is_going_to_private_practice_selling_out_how_to/mx7dh1o/",
      "is_submitter": false,
      "edited": false,
      "stickied": false
    },
    {
      "id": "mxbbi4p",
      "author": "crunkadocious",
      "body": "Plenty of private practices just like it",
      "created_utc": 1749695567.0,
      "score": 1,
      "permalink": "/r/socialwork/comments/1l8e1r6/is_going_to_private_practice_selling_out_how_to/mxbbi4p/",
      "is_submitter": false,
      "edited": false,
      "stickied": false
    },
    {
      "id": "mxb2z9d",
      "author": "Social_worker_1",
      "body": "It can depend! You can do counseling/therapy, case management, crisis work, advocacy, and even medical social work in large university student health systems. \n\nLook into universitycounselingjobs.com, and higheredjobs.com > administrative > counseling and psychological services.",
      "created_utc": 1749692522.0,
      "score": 3,
      "permalink": "/r/socialwork/comments/1l8e1r6/is_going_to_private_practice_selling_out_how_to/mxb2z9d/",
      "is_submitter": false,
      "edited": false,
      "stickied": false
    },
    {
      "id": "mxbaua7",
      "author": "CowExpress1487",
      "body": "No worries :-)\n   The truth of the matter is, regardless of who is running the country at any given moment, \u201cnon profit\u201d sectors will virtually and categorically be underfunded and understaffed, due to the self explanatory nature of their title, \u201cnon profit\u201d.\n\n  You will have to undergo a mental shift to disband the fallacy of, what I call, the \u201cpoverty virtue\u201d. It essentially stipulates that it is a \u201chonest, magnanimous, altruistic\u201d path in life with the invisible accolade of honor in \u201chelping the poor\u201d if you take a job that burns you to a cinder, bankrupts you, and gives you a caseload Jesus Christ himself couldn\u2019t manage.\n\n  This is patently untrue. Jeff Bezos, the CEO of Amazon and one of the richest men on the planet had used his affluence to donate billions to charities and had made more progress and touched more lives in vulnerable populations than you or I ever will\u2014and he did it with his billions.\n\n  You can and should be entitled to use your hard earned degrees and licensure to earn a respectable living with healthy work life boundaries. Put to death this false equivocation and appeal to emotion fallacy that SO many social workers are suffocating in\u2026\u2026theoretically, if you were making a killing, wouldn\u2019t you be able to donate that extra money to causes you believe in instead of telling the 50th client that, \u201cthat grant ran out, we have no more vouchers, the pantry is empty today\u201d etc?\n\n  Disillusion yourself my friend. Poverty and squalor cannot help and alleviate poverty and squalor. Abundance and tactful investments on the other hand, can.  You are worth it, you need to ditch the dumpster fire you work for, and start getting paid what you clearly deserve.\n\n Being unhappy and burned out \u201cfor the sake of the poor and needy\u201d is a lie and unfair dichotomy that helps no one.  You deserve more, and should take it.\n\n  Finally, being rich is not a crime or unsavory if you toiled ardently to achieve it, did it legally, and spend and save it wisely. Culture has demonized the wealthy for so long (due to jealousy mainly, but some genuine cases of outrageous greed/fraud/thievery) that it has created a straw man to attack which says, \u201cif anyone is doing well, by default they have done something nefarious to get there\u201d even when it\u2019s completely wrong.\n\n  Hope this helps.",
      "created_utc": 1749695327.0,
      "score": 2,
      "permalink": "/r/socialwork/comments/1l8e1r6/is_going_to_private_practice_selling_out_how_to/mxbaua7/",
      "is_submitter": false,
      "edited": false,
      "stickied": false
    },
    {
      "id": "mxbcfz5",
      "author": "crunkadocious",
      "body": "Why though? That distinction is structural but not particularly impactful. Also plenty of non profits are private. Anything \"foundation\" for example.",
      "created_utc": 1749695905.0,
      "score": 2,
      "permalink": "/r/socialwork/comments/1l8e1r6/is_going_to_private_practice_selling_out_how_to/mxbcfz5/",
      "is_submitter": false,
      "edited": false,
      "stickied": false
    },
    {
      "id": "mxctcbm",
      "author": "FlowersN_Superpowers",
      "body": "As I shared in the OP, my issue is whether to leave my Title 1 school for a different job. \n\nAt my school, our demographic is primarily low SES, with many families being migrant workers. I\u2019m working with kids who are being asked to get their test scores up, meanwhile they witnessed g*n violence in their neighborhood last night, or are being cared for by an 11-year-old brother because their parents work all night and have no one to help them with homework, or the only meal they had yesterday was their school lunch. You get the picture. \n\nThe reason I do 15-20 hours of unpaid work for week is because of the staff shortages my school can\u2019t seem to fill. \n\nMy little department (student services) is supposed to be four people: myself, two school counselors, and a school psychologist. My first year there we had two counselors, the next year there was one, then this year there were none. We did have a school psychologist there a few days a week. Our psychologist is retiring in November, and there is a very good chance I will be the only mental health professional there for nearly 1,000 kids and serving the role of four people.\n\nWhen I think about leaving these sweet kids and their many needs to go sit behind a desk and be safe and comfortable in my own home or a nice counseling office and provide therapy all day for the sake of money, I feel like a sellout.\n\nBy no means am I saying I am these kids\u2019 savior and they need ME personally,  but our school has such a hard time filling vacancies, I\u2019m worried that if I leave they\u2019ll have no one.",
      "created_utc": 1749723138.0,
      "score": 1,
      "permalink": "/r/socialwork/comments/1l8e1r6/is_going_to_private_practice_selling_out_how_to/mxctcbm/",
      "is_submitter": true,
      "edited": false,
      "stickied": false
    },
    {
      "id": "mxdo5ux",
      "author": "crunkadocious",
      "body": "Sometimes these programs only get attention (and therefore cash and help) when the super heroes running them undermanned stop doing that.",
      "created_utc": 1749735643.0,
      "score": 1,
      "permalink": "/r/socialwork/comments/1l8e1r6/is_going_to_private_practice_selling_out_how_to/mxdo5ux/",
      "is_submitter": false,
      "edited": false,
      "stickied": false
    }
  ],
  "relevance": {
    "score": 10,
    "user_type": "therapist",
    "pain_points": [
      "\u201cnon-profit\u201d that i\u2019m struggling with",
      "i began looking for some other jobs at nonprofits",
      "another challenge: i\u2019m broke",
      "(i say that as someone that definitely gets significant portions of my pay \u201cin passion\u201d only as well)\n\nbut the question i always hate asking myself is- \u201cam i truly the only one that cares here, or was everyone else forced to realize they need to take care of themselves first because it can\u2019t be fixed at our level?\u201d \n\nso i challenge you to ask yourself that, because for me, it always makes me realize that there\u2019s more that my brain doesn\u2019t want to discuss because \u201cthey could! but they don\u2019t want to ___\u201d makes it simple and clean"
    ],
    "keywords_found": [
      "transition"
    ],
    "sentiment_score": 0.9999,
    "age_relevance": false,
    "urgency_level": "medium",
    "competitive_mentions": [],
    "timestamp": "2025-06-12T15:10:24.781028"
  }
}