{
  "subreddit": "ABA",
  "post": {
    "id": "1l8yf83",
    "title": "Teaching big problem/little problem?",
    "author": "goofedwang",
    "created_utc": 1749662296.0,
    "score": 12,
    "num_comments": 16,
    "url": "https://www.reddit.com/r/ABA/comments/1l8yf83/teaching_big_problemlittle_problem/",
    "selftext": "Hi all, I am a BCBA. During a recent consult, my RBT asked if we could start working on \"big problem/little problem\" because she said he has strong reactions to \"little problems\", such as being asked to clean up his room or being told to sit down in a chair instead of standing on it. I've never really been fond of the idea of teaching big problem/little problem because to our kids, something can feel like a big problem even if we think it's \"little\". I also think these behaviors are indicative of other things, such as delay/denial tolerance, difficulty transitioning, etc. However, I wanted to get some thoughts on the matter and seek some advice. Also - cleaning up his room is currently not a target, parents just wanted him to."
  },
  "comments": [
    {
      "id": "mx8nd1x",
      "author": "bazooka79",
      "body": "A kid having a big emotional reaction to a small problem like if their cracker is broken doesn't make it actually a big problem so that's definitely helpful to teach them to not have a meltdown if their cracker is broken and just ask for or go get a different cracker.\u00a0\n\n\nThe \"size of the problem\" curriculum clearly defined what a little problem is, I think it is \"you can easily fix the problem yourself\" so it's not\u00a0 subjective.\u00a0\n\n\nA lot of our kids respond really well to rules and clear definitions so in my experience it is a good program/intervention but it's not function based so you have to integrate it with an intervention based on an FBA.\u00a0\n\n\nIts definitely worth doing more research on besides getting semi informed opinions from randos on the Internet\u00a0",
      "created_utc": 1749664775.0,
      "score": 24,
      "permalink": "/r/ABA/comments/1l8yf83/teaching_big_problemlittle_problem/mx8nd1x/",
      "is_submitter": false,
      "edited": false,
      "stickied": false
    },
    {
      "id": "mx9nd7u",
      "author": "grmrsan",
      "body": "I prefer emergency/non emergency/ inconvenience, but ultimately,  I don't  really think the terms matter as much as the concept.  Yes, something  CAN seem like a big problem when it is easily  solvable.That isn't  really important though. \n\n  The point is deciding, without creating  more anxiety, if the problem is ignoraable, solvable  on your own, or requires outside help and/or evacuation of the area.",
      "created_utc": 1749675201.0,
      "score": 9,
      "permalink": "/r/ABA/comments/1l8yf83/teaching_big_problemlittle_problem/mx9nd7u/",
      "is_submitter": false,
      "edited": false,
      "stickied": false
    },
    {
      "id": "mx9fath",
      "author": "Direct_Software2112",
      "body": "When labeling big and small problems in NET, I always use language like \u201cugh I know this is so frustrating!! Lots of times small problems can feel like big problems, but we can fix it ourselves!\u201d",
      "created_utc": 1749672876.0,
      "score": 4,
      "permalink": "/r/ABA/comments/1l8yf83/teaching_big_problemlittle_problem/mx9fath/",
      "is_submitter": false,
      "edited": false,
      "stickied": false
    },
    {
      "id": "mx8gg9x",
      "author": "upsetcarrot332",
      "body": "I agree with you! Big/little problems are not ours to define for other people, in my opinion. Even as adults, a big problem for me could be a little problem for you\u2026 \nInstead, I would consider offering choices so the client feels a sense of control over decisions and activities. (ex: \u201cTime to clean your room! Are you going to pick up the red balls or the yellow?\u201d) \nOr use transitional strategies to help clients prepare for things.",
      "created_utc": 1749662872.0,
      "score": 10,
      "permalink": "/r/ABA/comments/1l8yf83/teaching_big_problemlittle_problem/mx8gg9x/",
      "is_submitter": false,
      "edited": false,
      "stickied": false
    },
    {
      "id": "mx9t5f0",
      "author": "Griffinej5",
      "body": "Happy medium approach has some nice stuff around this.",
      "created_utc": 1749676915.0,
      "score": 2,
      "permalink": "/r/ABA/comments/1l8yf83/teaching_big_problemlittle_problem/mx9t5f0/",
      "is_submitter": false,
      "edited": false,
      "stickied": false
    },
    {
      "id": "mxa9p8p",
      "author": "dryadfairie",
      "body": "in my clinic we let the child choose. basically when something happens and we see precursor behaviors we ask \"is it a big deal?\" they can say yes or no, even if it's something that wouldn't seem like a big deal to us and they answer \"yes\" we don't correct then to say no. then once they answer we prompt a solution to the issue.\u00a0",
      "created_utc": 1749682227.0,
      "score": 2,
      "permalink": "/r/ABA/comments/1l8yf83/teaching_big_problemlittle_problem/mxa9p8p/",
      "is_submitter": false,
      "edited": false,
      "stickied": false
    },
    {
      "id": "mxaqywh",
      "author": "hbi2k",
      "body": "\"Big\" and \"little\" can be useful shorthand, but only if the operating definitions, the things that make a problem \"big\" or \"little,\" have been clearly laid out for the client.\n\nI had one client who was having trouble with the distinction, so we switched them over to a modified [Eisenhower Matrix ](https://en.m.wikipedia.org/wiki/Time_management#Eisenhower_method).  For any given problem, instead of asking whether it was a \"big\" or \"little\" problem, we asked, \"does it need to be solved right now, or can it wait?\" and \"could someone get hurt?\" with a little illustrated visual aid showing the four quadrants.  He did really well with that.",
      "created_utc": 1749688170.0,
      "score": 1,
      "permalink": "/r/ABA/comments/1l8yf83/teaching_big_problemlittle_problem/mxaqywh/",
      "is_submitter": false,
      "edited": false,
      "stickied": false
    },
    {
      "id": "mxb39ht",
      "author": "Bella_Miso_Faith",
      "body": "I kinda did this with a client before when I was an RBT. I think the BCBA wrote the goal as identifying solutions to common problems. We had popsicle sticks and wrote out problems that they had or might encounter daily. Then took turns pulling the popsicle stick and identified if we thought it was a big deal or a small problem that can be fixed quickly. We took turns doing it so they could also recognize that everyone\u2019s problem sizes can be different. We\u2019d go through them, then if a problem occurred later in session I could refer back to the exercise and figure out if it was a big deal or a small problem for them to generalize the skill.",
      "created_utc": 1749692624.0,
      "score": 1,
      "permalink": "/r/ABA/comments/1l8yf83/teaching_big_problemlittle_problem/mxb39ht/",
      "is_submitter": false,
      "edited": false,
      "stickied": false
    },
    {
      "id": "mxbjknq",
      "author": "CinderpeltLove",
      "body": "I agree with your feelings on this. From what you said in your post, the parents don\u2019t seem to understand the executive functioning issues that are at play with autism. Cleaning one\u2019s room *is* a bigger problem when one has a diagnosis like autism or ADHD or another developmental disability. Also, regardless of whether a kid has a disability, kids often experience things that adults consider to be \u201clittle problems\u201d as \u201cbig problems.\u201d\n\nI would probably focus less on whether something is actually a \u201cbig problem\u201d or not and more on helping the child/parents find ways to turn \u201cbig problems\u201d into \u201csmaller problems.\u201d\n\nI like the other commenter\u2019s suggestions around choices. You can also help the kid/parent break tasks down so they are less overwhelming or find alternatives ways to meet their needs. Like is the kid getting something sensory related out of standing on the chair and are there safer or more appropriate ways to get that need met.",
      "created_utc": 1749698583.0,
      "score": 1,
      "permalink": "/r/ABA/comments/1l8yf83/teaching_big_problemlittle_problem/mxbjknq/",
      "is_submitter": false,
      "edited": 1749698878.0,
      "stickied": false
    },
    {
      "id": "mxd5q4a",
      "author": "ImpulsiveLimbo",
      "body": "I think it's just a fact that some problems are big or little since they have a scale of if or how they can be fixed.\n\nA small problem can FEEL big still and that should be met with compassion while teaching coping and problem solving strategies.\n\n\nI feel like cleaning is a big problem (I hate it lol dramatic I would rather die instead of clean my house type of feeling)\n\nBUT I know in reality it's not and I just need to solve how I can make it easier.\nLike breaking it down to smaller tasks, playing music or a podcast while I do it, setting a timer and cleaning like a maniac and taking breaks.\n\n\nA favorite toy breaking feels like a big problem and it could be.\nProblem solving could be asking for a new one, doing chores or earning it (if a child is doing something like not getting in trouble in aftercare it could be a reward), etc.\n\n\n\nBig problems could be a friend is getting hurt at home.. that is something an adult would need to know of and help with vs problem solving yourself.\n\nOr a family member/pet dying.. that can't be solved or fixed but things to help could be sharing memories, photos, trinkets, making a stepping stone in their honor.",
      "created_utc": 1749728969.0,
      "score": 1,
      "permalink": "/r/ABA/comments/1l8yf83/teaching_big_problemlittle_problem/mxd5q4a/",
      "is_submitter": false,
      "edited": false,
      "stickied": false
    },
    {
      "id": "mxaqbvs",
      "author": "Oy_with_the_poodles_",
      "body": "Came here to say this. It\u2019s more about what\u2019s needed to solve the problem (effort, people, time). Can I solve it myself by throwing away my broken cracker and taking out a complete one? Do I need to minimally involve someone and this can be solved right now? (Ask mom for another cracker?) Or was this the last cracker in the box and we may not see another cracker until tomorrow when mom can go to the store. Or broken down however you want to conceptualize this. But rather than saying \u201cthis is a small problem\u201d (which comes off as a little dismissive) it\u2019s like \u201clet\u2019s think- can you solve this on your own?\u201d And go from there with what they need help with.",
      "created_utc": 1749687936.0,
      "score": 3,
      "permalink": "/r/ABA/comments/1l8yf83/teaching_big_problemlittle_problem/mxaqbvs/",
      "is_submitter": false,
      "edited": false,
      "stickied": false
    },
    {
      "id": "mx8op97",
      "author": "goofedwang",
      "body": "Is there a specific curriculum you\u2019re referring to?",
      "created_utc": 1749665152.0,
      "score": 1,
      "permalink": "/r/ABA/comments/1l8yf83/teaching_big_problemlittle_problem/mx8op97/",
      "is_submitter": true,
      "edited": false,
      "stickied": false
    },
    {
      "id": "mx8hv0t",
      "author": "goofedwang",
      "body": "Thank you so much for the suggestion!! I always forget that offering choices is such a helpful tool. I really appreciate it",
      "created_utc": 1749663262.0,
      "score": 3,
      "permalink": "/r/ABA/comments/1l8yf83/teaching_big_problemlittle_problem/mx8hv0t/",
      "is_submitter": true,
      "edited": false,
      "stickied": false
    },
    {
      "id": "mx8pgw3",
      "author": "bazooka79",
      "body": "https://emergepediatrictherapy.com/wp-content/uploads/2020/10/Size-of-the-Problem-Parent-Handout.pdf\n\n\nThis isn't a curriculum but chapter of a book that explains it very well\u00a0",
      "created_utc": 1749665369.0,
      "score": 5,
      "permalink": "/r/ABA/comments/1l8yf83/teaching_big_problemlittle_problem/mx8pgw3/",
      "is_submitter": false,
      "edited": false,
      "stickied": false
    },
    {
      "id": "mx9zdu4",
      "author": "TotalOwlie",
      "body": "lol I remember running this program with a BCBA sitting next to me. The question was something along the line of a pet dying which to me was a HUGE FUCKING PROBLEM, but didn\u2019t fit the parameters of many people getting hurt.",
      "created_utc": 1749678839.0,
      "score": 1,
      "permalink": "/r/ABA/comments/1l8yf83/teaching_big_problemlittle_problem/mx9zdu4/",
      "is_submitter": false,
      "edited": false,
      "stickied": false
    },
    {
      "id": "mx8pky2",
      "author": "goofedwang",
      "body": "Thanks!",
      "created_utc": 1749665401.0,
      "score": 1,
      "permalink": "/r/ABA/comments/1l8yf83/teaching_big_problemlittle_problem/mx8pky2/",
      "is_submitter": true,
      "edited": false,
      "stickied": false
    }
  ],
  "relevance": {
    "score": 10,
    "user_type": "parent",
    "pain_points": [
      "but rather than saying \u201cthis is a small problem\u201d (which comes off as a little dismissive) it\u2019s like \u201clet\u2019s think- can you solve this on your own?\u201d and go from there with what they need help with",
      "i also think these behaviors are indicative of other things, such as delay/denial tolerance, difficulty transitioning, etc"
    ],
    "keywords_found": [
      "autism",
      "transition"
    ],
    "sentiment_score": 0.9939,
    "age_relevance": false,
    "urgency_level": "high",
    "competitive_mentions": [],
    "timestamp": "2025-06-12T15:06:23.837402"
  }
}