{
  "subreddit": "toddlers",
  "post": {
    "id": "1l9bmhk",
    "title": "I\u2019m exhausted.",
    "author": "KingKeet",
    "created_utc": 1749696519.0,
    "score": 89,
    "num_comments": 78,
    "url": "https://www.reddit.com/r/toddlers/comments/1l9bmhk/im_exhausted/",
    "selftext": "I\u2019m a mother to a 21 month old toddler (my only child) and I just constantly feel like I\u2019m burnt out, and it feels like no one understands. \n\nI love my daughter more than anything in the whole world and it feels like I\u2019m just not a good enough mum, or that I\u2019m doing everything wrong. \n\nA typical day looks like: \n\n5:30am-6:00am: wake up\n6:30am: Breakfast (usually toast, banana, and yoghurt) followed by a nappy change \n7:00am-8:00am: I get myself ready and my toddler ready \n8:00am- Go for a walk outside or play inside together \n9:00am- Playgroup/Volunteering/Groceries/Park (we\u2019ll normally be out of the house between 9-11:30 every day because if we stay home she tends to get quite bored) \n11:30am: Lunch (normally a ham and cheese toastie with some fruit or leftovers from dinner) \n12pm-1:30pm: generally nap time \n1:30pm-4pm: this is the time frame between when she usually wakes up to when my husband comes home from work and I struggle here. This is where I try to clean/prep dinner/play with my toddler. \n4pm-5:30pm: husband is home so I cook dinner and clean a little more while he watches our toddler. \n5:30pm-6pm: dinner time \n6:30pm: husband leaves for his sporting commitments, generally doesn\u2019t come home until around 9pm.\n6:30pm onwards: bedtime routine/sleep \n\nWhen I write it all out it doesn\u2019t seem too bad and actually quite normal but just why do I feel like I\u2019m barely surviving? "
  },
  "comments": [
    {
      "id": "mxbg5kn",
      "author": "Responsible-Summer81",
      "body": "Ummm when do you leave for YOUR \u201csporting commitments\u201d?\u00a0\n\nThe biggest thing I see here is that you are taking care of a toddler and/or keeping house literally all day every eta and not having time to do anything on your own. No wonder you are feeling burnt out.\n\nWhen I was a SAHM, that was my 8:00-5:00 job, just like my husband\u2019s job was 8:00-5:00. But evenings and weekends when we were both home, we split childcare/chores/hobbies/free time/etc. 50/50. You should get a night off for every night off your husband gets. Go for a walk, go to the library, claim Saturdays as your day and go shopping with a friend, but get out.\u00a0",
      "created_utc": 1749697282.0,
      "score": 173,
      "permalink": "/r/toddlers/comments/1l9bmhk/im_exhausted/mxbg5kn/",
      "is_submitter": false,
      "edited": false,
      "stickied": false
    },
    {
      "id": "mxbgqay",
      "author": "rjeanp",
      "body": "So your husband is only home for 2.5 hours during which time you're still doing things, not resting? That might be something worth having a discussion about. Can he do some of the morning or bedtime routine? Can he do meal prep after he gets home to at least take that off your plate?\n\nStaying home to watch a kid is a full time job. No wonder you're burnt out.",
      "created_utc": 1749697496.0,
      "score": 44,
      "permalink": "/r/toddlers/comments/1l9bmhk/im_exhausted/mxbgqay/",
      "is_submitter": false,
      "edited": false,
      "stickied": false
    },
    {
      "id": "mxbgm7f",
      "author": "mrscrc",
      "body": "Is this an everyday thing that your husband has his sports commitments? From what you\u2019ve written what it looks like to me is that your husband has time to do stuff outside of work and family and you don\u2019t. I\u2019m a SAHM but both my husband and I make sure we each have time to do our own thing outside of work and family. It\u2019s important to have time to yourself, cause if not you\u2019re going to feel burnt out.",
      "created_utc": 1749697454.0,
      "score": 18,
      "permalink": "/r/toddlers/comments/1l9bmhk/im_exhausted/mxbgm7f/",
      "is_submitter": false,
      "edited": false,
      "stickied": false
    },
    {
      "id": "mxbexzi",
      "author": "ForeignRevolution905",
      "body": "Sounds pretty exhausting to me!  Good you have the nap time break but that may go away before too long.  Toddlers and being a Mom all the time is exhausting",
      "created_utc": 1749696827.0,
      "score": 11,
      "permalink": "/r/toddlers/comments/1l9bmhk/im_exhausted/mxbexzi/",
      "is_submitter": false,
      "edited": false,
      "stickied": false
    },
    {
      "id": "mxbg7n4",
      "author": "bethyjane",
      "body": "Burn out can also come from monotony!! Do you have any time to yourself where you\u2019re just being you without having to do a job or be at the whim of a sleeping toddler? Does your husband have sport every night? Sounds like it\u2019s a very repetitive routine for you, with no time to be a human outside of being a mum!",
      "created_utc": 1749697305.0,
      "score": 8,
      "permalink": "/r/toddlers/comments/1l9bmhk/im_exhausted/mxbg7n4/",
      "is_submitter": false,
      "edited": false,
      "stickied": false
    },
    {
      "id": "mxbrarl",
      "author": "musicalmaple",
      "body": "Ok this sports commitment is crazy and you know that so assuming it\u2019s non negotiable: I think your husband should get up and do the childcare from 530am-730am or whenever he has to go to work. He can feed her and change her and brush her teeth and get ready with her around. Then at least you could get more sleep and have a restful morning. I also suggest when he gets home taking 30 minutes of a total break before you cook dinner or do any cleaning. If your house is less clean, so be it. If meals are less nice, fine. Your husband cannot complain and is choosing that by being gone almost every evening. \n\nAlso a minor thing: We switched to pick up groceries so we don\u2019t need to go in the store and we pick them up on weekends so it isn\u2019t a week day commitment. We all go together and it seems way easier. \n\nSeriously try to get at least one night a week where he does nighttime routine and you get alone time. Leave the house or you\u2019ll get roped in. You need time. Reading this it seems absolutely understandable that you\u2019re struggling.",
      "created_utc": 1749701883.0,
      "score": 8,
      "permalink": "/r/toddlers/comments/1l9bmhk/im_exhausted/mxbrarl/",
      "is_submitter": false,
      "edited": false,
      "stickied": false
    },
    {
      "id": "mxbs49n",
      "author": "Ok-Network8411",
      "body": "You are feeling exhausted because you are basically a single mom to a toddler.",
      "created_utc": 1749702263.0,
      "score": 7,
      "permalink": "/r/toddlers/comments/1l9bmhk/im_exhausted/mxbs49n/",
      "is_submitter": false,
      "edited": false,
      "stickied": false
    },
    {
      "id": "mxbsqor",
      "author": "truthfruit",
      "body": "So your husband is the issue here. My husband dropped one of his sporting commitments to make sure he\u2019s home to take care of our child and give me the much needed break I need from being with her all day long so now he only does sport stuff either after her bed time or on the weekends and still after her bedtime. He is heavily involved with the bedtime routine and if we\u2019re both tired after he\u2019s off work then we both give each other an hour of toddler free time and tackle bedtime together. You\u2019re supposed to be a team but sounds like you\u2019re doing everything with no break",
      "created_utc": 1749702556.0,
      "score": 4,
      "permalink": "/r/toddlers/comments/1l9bmhk/im_exhausted/mxbsqor/",
      "is_submitter": false,
      "edited": false,
      "stickied": false
    },
    {
      "id": "mxbhyj4",
      "author": "onestorytwentyfive",
      "body": "Ugh I\u2019m sorry. Idk if this is helpful but can you give her stuffies and stuff so she will sleep in later? It helps my daughter. She plays with her stuffies a lot in the morning before she makes a peep... gives me an hour or so extra of sleep. I know all kids are different but maybe \ud83d\ude2d",
      "created_utc": 1749697959.0,
      "score": 5,
      "permalink": "/r/toddlers/comments/1l9bmhk/im_exhausted/mxbhyj4/",
      "is_submitter": false,
      "edited": false,
      "stickied": false
    },
    {
      "id": "mxbn0fc",
      "author": "LoveDistilled",
      "body": "I am a stay at home mom to a child the exact same age. I also watch my niece 3 days a week, she is 7 months. It is a lot. I would go bonkers if I didn\u2019t have my own time at least a few hours a week. I try to go to the gym for an hour or two every other day. Sometimes that doesn\u2019t always happen because my husbands work schedule can be crazy and his job is very demanding. But even just a couple times a week of getting out of the house on my own and doing something I enjoy and moving my body makes a huge difference for me mentally. Working out at home is fine, but not the same for me. \nI don\u2019t always have dinner ready (I try) but some days it\u2019s simply not possible. I don\u2019t have the house perfectly clean, also not possible if I want to keep my sanity. I do what I can, I do as much as I can in a reasonable way. My husband is never upset or ungrateful. He comes home and helps. He helps with laundry and dishes and watching our daughter. It\u2019s his home and his child too. I cannot be a maid, and a nanny and a chef everyday it turns out. \nAll this to say, when I read your daily activities I feel burnt out too. You seem to have no time for YOU. No time for hobbies or anything that brings you joy (independent of anyone else) I am wondering why you don\u2019t stress to your husband that you need time for you? This is unsustainable imo, especially given the fact that you\u2019re admitting you\u2019re burnt out. If you point blank tell him this and he doesn\u2019t care about your mental/ physical wellbeing that\u2019s a HUGE issue IMO.",
      "created_utc": 1749700005.0,
      "score": 4,
      "permalink": "/r/toddlers/comments/1l9bmhk/im_exhausted/mxbn0fc/",
      "is_submitter": false,
      "edited": false,
      "stickied": false
    },
    {
      "id": "mxby857",
      "author": "cmd_alt_elude",
      "body": "My partner played one sport his whole life and agreed to retire when our child was born until we are both comfortable with him going back. Our child is the same age as yours and we are just starting to think it might be possible for him to play again maybe once a week. \n\nYour partner is selfish and unreasonable. You are tired because you are being\u2026 exploited.",
      "created_utc": 1749705212.0,
      "score": 4,
      "permalink": "/r/toddlers/comments/1l9bmhk/im_exhausted/mxby857/",
      "is_submitter": false,
      "edited": false,
      "stickied": false
    },
    {
      "id": "mxc6x40",
      "author": "scrapingtheceiling",
      "body": "I say this as a husband to a busy working Mum of a toddler, yours needs to sort himself out and step up.\n\nI\u2019m not surprised you\u2019re burnt out, you\u2019re doing two people\u2019s share of maintaining a house, while doing two people\u2019s share of looking after a toddler.\n\nI used to have \u2018sporting commitments\u2019 every day, then we decided to have children, and now I don\u2019t.\n\nMy suggestion, assuming your husband works 40 hours a week. Treat 40 hours a week of childcare as your job, and then look at how you can divide all the other tasks evenly. That\u2019s him doing childcare and cleaning when he\u2019s not at work so you both get time to do things for yourself as well.",
      "created_utc": 1749709843.0,
      "score": 4,
      "permalink": "/r/toddlers/comments/1l9bmhk/im_exhausted/mxc6x40/",
      "is_submitter": false,
      "edited": false,
      "stickied": false
    },
    {
      "id": "mxc8ova",
      "author": "Willyfield",
      "body": "You\u2019re exhausted because the 24/7 load is on you whilst your husband goes to work to hang with adults then gets to go hang out with his mates every night. Your husband should come home and take over the childcare so you can have some downtime. \nHe doesn\u2019t have to completely stop his sporting, as that is obviously something that fills his cup. But he needs to reduce it. This is going to build so much resentment in you. It\u2019s not fair at all on you.\nCould you also make use of a slow cooker to reduce that dinner prep time? Most people struggle with the afternoons and kids. I will usually chuck something on at nap/lunch time, it only takes 10 mins and then that is done.",
      "created_utc": 1749710840.0,
      "score": 3,
      "permalink": "/r/toddlers/comments/1l9bmhk/im_exhausted/mxc8ova/",
      "is_submitter": false,
      "edited": false,
      "stickied": false
    },
    {
      "id": "mxbpn9u",
      "author": "CsUe8666",
      "body": "You definitely need to get some you time. It will do wonders for you.",
      "created_utc": 1749701140.0,
      "score": 2,
      "permalink": "/r/toddlers/comments/1l9bmhk/im_exhausted/mxbpn9u/",
      "is_submitter": false,
      "edited": false,
      "stickied": false
    },
    {
      "id": "mxbwp1x",
      "author": "BrucetheFerrisWheel",
      "body": "Unless he makes money with his sports, it does seem from these details that after you guys had a kid, he changed nothing and sacrificed nothing. \n\nSplit the time off parenting 50/50, and if hes not willing to do that, then maybe you want to be taking a closer look at your relationship. No one NEEDS to be out most evenings and many weekends when they have a young child to parent.",
      "created_utc": 1749704449.0,
      "score": 2,
      "permalink": "/r/toddlers/comments/1l9bmhk/im_exhausted/mxbwp1x/",
      "is_submitter": false,
      "edited": false,
      "stickied": false
    },
    {
      "id": "mxbxdgk",
      "author": "Mumma_Meerkat1",
      "body": "I have/had a very similar routine to you (I now have a 4month old and a 2.5yr old)... My toddler never sleeps in and is usually awake by 05.30. I always struggle in the afternoon too. My husband leaves at 8 for work and gets back by 6. The difference is... He does not have \"sporting commitments\" when our first was born he quit tennis. Maybe if we didn't have a second child in this time he might have restarted but I can guarantee that it would be one night a week instead of the pre babies two. And that would only be if I could have a night at the gym at some point in the week too in return. I'm all for having a bit of time to yourself but it has to be reciprocal and equal. Otherwise this is just building resentment. I understand why you are feeling burnt out!",
      "created_utc": 1749704784.0,
      "score": 2,
      "permalink": "/r/toddlers/comments/1l9bmhk/im_exhausted/mxbxdgk/",
      "is_submitter": false,
      "edited": false,
      "stickied": false
    },
    {
      "id": "mxc4wa5",
      "author": "schanuzerschnuggler",
      "body": "Your life sounds so similar to mine! I also am fine in the morning because we go out for an activity, but it\u2019s the afternoon that\u2019s harder for us too. So if I start feeling bored playing with her, or frustrated that she\u2019s tearing the house apart whilst I\u2019m trying to clean it up we go out again. The afternoons it\u2019s usually park, library or play centre.",
      "created_utc": 1749708718.0,
      "score": 2,
      "permalink": "/r/toddlers/comments/1l9bmhk/im_exhausted/mxc4wa5/",
      "is_submitter": false,
      "edited": false,
      "stickied": false
    },
    {
      "id": "mxcqzh9",
      "author": "Typical-Badger5533",
      "body": "This is almost identical to my day with my 20 month old, but I don\u2019t have a partner. I\u2019m tired too, but if I had someone stepping out for sporting commitments and only helping at most 1.5 hours per day, I\u2019d be both tired and very resentful! \u00a0And that second part would make me exhausted. I think your day is normal and I would add that I also struggle to fill those afternoons, but often I switch the tv on for an hour or invite a friend over for a cup of tea or just take us for a walk in the stroller. I think you\u2019re struggling because you aren\u2019t getting any sort of break - my daughter goes to nursery two mornings a week so that I can do house jobs and have some time to myself. It sounds like when your husband is there you\u2019re just doing more cooking and cleaning. It\u2019s not you - it\u2019s him, and I hope you can have a conversation with him about that because it\u2019s not fair to you.\u00a0",
      "created_utc": 1749721849.0,
      "score": 2,
      "permalink": "/r/toddlers/comments/1l9bmhk/im_exhausted/mxcqzh9/",
      "is_submitter": false,
      "edited": false,
      "stickied": false
    },
    {
      "id": "mxcrv3j",
      "author": "MillerTime_9184",
      "body": "I\u2019m a single mom and this is my exact schedule (on weekends). During the week my son goes to daycare. It\u2019s exhausting. You\u2019re absolutely enough- this is just exhausting work. BUT I\u2019m a single mom, you\u2019re not. You and I shouldn\u2019t feel the same.",
      "created_utc": 1749722333.0,
      "score": 2,
      "permalink": "/r/toddlers/comments/1l9bmhk/im_exhausted/mxcrv3j/",
      "is_submitter": false,
      "edited": false,
      "stickied": false
    },
    {
      "id": "mxcwudp",
      "author": "TschussNBoots",
      "body": "Because he gets leisure time and you don\u2019t. You deserve it just as much as he does.",
      "created_utc": 1749724956.0,
      "score": 2,
      "permalink": "/r/toddlers/comments/1l9bmhk/im_exhausted/mxcwudp/",
      "is_submitter": false,
      "edited": false,
      "stickied": false
    },
    {
      "id": "mxblk20",
      "author": "Lemonbar19",
      "body": "How much sleep are you getting?",
      "created_utc": 1749699393.0,
      "score": 1,
      "permalink": "/r/toddlers/comments/1l9bmhk/im_exhausted/mxblk20/",
      "is_submitter": false,
      "edited": false,
      "stickied": false
    },
    {
      "id": "mxbufdq",
      "author": "Ready_Chemistry_1224",
      "body": "I\u2019m also on the Playgroup committee and have 2 little ones. All of this does sound like a normal day BUT and you know what I\u2019m about to say\u2026.your husband is leaving for sporting events every single night?! \n\nMy husband has a boys night every Thursday night AFTER the kids go to bed (which he helps with). With one toddler you should be taking turns putting her to bed at the very least, or doing it together to make it all go quicker/smoother. Sure he used to do this pre kids and you know who you married but having kids means life changes. This is not the season he\u2019s allowed to have sporting things most of the week. \n\nAlso the 2 days you\u2019re not home and he takes care of your daughter\u2026you\u2019re working. Not resting or doing something nice for yourself. He\u2019s definitely allowed to have a passion outside of the home but unless he\u2019s playing for the AFL or some kind of professional league things need to change. \n\nChoose a few nights where he can focus on sports and the rest of the week needs to be at home.\n\nETA: my husband has plenty of fishing days, golf days etc but I also get time at the salon, massages\u2026there needs to be a real balance!",
      "created_utc": 1749703348.0,
      "score": 1,
      "permalink": "/r/toddlers/comments/1l9bmhk/im_exhausted/mxbufdq/",
      "is_submitter": false,
      "edited": false,
      "stickied": false
    },
    {
      "id": "mxcbdhk",
      "author": "fleetwood_mag",
      "body": "I have a 27 month old and I\u2019m 39 weeks pregnant. My daughter is, largely, a delight and spending the day with her great. At the same time her favourite thing to say is \u201cmummy does it, mummy get it, mummy chuck it, mummy bring it,\u201d I have to do everything and it\u2019s exhausting!!\n\nDoes your partner leave you to evening parent every day of the week? That\u2019s a bit much, he should be putting your kid to bed some of the days.",
      "created_utc": 1749712372.0,
      "score": 1,
      "permalink": "/r/toddlers/comments/1l9bmhk/im_exhausted/mxcbdhk/",
      "is_submitter": false,
      "edited": false,
      "stickied": false
    },
    {
      "id": "mxcopzv",
      "author": "ApprehensiveCode1577",
      "body": "https://docs.google.com/forms/d/e/1FAIpQLSf4MJe3-LnZ6HUJ5b9emJO14WZJc1DkYn8TQe8DZ8n-72RWmg/viewform?usp=header could you please do my questionnaire if you have the time thank you so much",
      "created_utc": 1749720538.0,
      "score": 1,
      "permalink": "/r/toddlers/comments/1l9bmhk/im_exhausted/mxcopzv/",
      "is_submitter": false,
      "edited": false,
      "stickied": false
    },
    {
      "id": "mxcvdw2",
      "author": "atTheRealMrKuntz",
      "body": "I think you need help basically; your partner seems quite absent of most house/family related activities and chores.. ideally you could address that to your partner and he would step up his game and family commitment.. otherwise do you possibly have family that can help you out sometimes to let you have a breather? You're tired because you do a lot and take on every responsibility in your home, it is exhausting mentally and physically!",
      "created_utc": 1749724216.0,
      "score": 1,
      "permalink": "/r/toddlers/comments/1l9bmhk/im_exhausted/mxcvdw2/",
      "is_submitter": false,
      "edited": false,
      "stickied": false
    },
    {
      "id": "mxd3ank",
      "author": "outline01",
      "body": "> 6:30pm: husband leaves for his sporting commitments, generally doesn\u2019t come home until around 9pm.\n\nCrazy",
      "created_utc": 1749727944.0,
      "score": 1,
      "permalink": "/r/toddlers/comments/1l9bmhk/im_exhausted/mxd3ank/",
      "is_submitter": false,
      "edited": false,
      "stickied": false
    },
    {
      "id": "mxd43id",
      "author": "CindyRella0124",
      "body": "Agree with all the other comments but also I\u2019d pull that nap earlier- with nap being so late either it will be short or end too late, not allowing a big enough wake window before bed- you didn\u2019t mention bed time but that\u2019s what I\u2019m assuming- hence why she\u2019s prob waking so early (if I understood the post right)- I\u2019d be napping her no later than 12 when she\u2019s up that early, she could nap 12-3 even and go to bed 730 (need 4.5 hours before bed at that age)- do you think it would help if you could sleep a bit later? If so I\u2019d follow that plan",
      "created_utc": 1749728286.0,
      "score": 1,
      "permalink": "/r/toddlers/comments/1l9bmhk/im_exhausted/mxd43id/",
      "is_submitter": false,
      "edited": false,
      "stickied": false
    },
    {
      "id": "mxdaf0i",
      "author": "Much_Organization246",
      "body": "is this an every night thing with your husband being gone? that hardly seems fair if so, and will definitely send you barreling towards a burnout (and probably resentment towards him, if it were me). would you be able to push back bedtime so she sleeps in later? i just know the difference of waking up in the 5am hour to closer to 6 or 7 makes the day feel less daunting and never-ending. do you have the potential to send her to daycare one or two days a week, or maybe with grandparents/family, anything that would allow you first and foremost to do something ENJOYABLE, alone, for yourself and then maybe get some things done around the house uninterrupted. these are just a couple small things that have helped me manage.",
      "created_utc": 1749730835.0,
      "score": 1,
      "permalink": "/r/toddlers/comments/1l9bmhk/im_exhausted/mxdaf0i/",
      "is_submitter": false,
      "edited": false,
      "stickied": false
    },
    {
      "id": "mxde8op",
      "author": "Meggbugg88",
      "body": "Because your husband is home for like 2 hours\u2026how can he have sporting commitments every night?!? You need a break. Cooking dinner while he watches the baby is not a break.",
      "created_utc": 1749732258.0,
      "score": 1,
      "permalink": "/r/toddlers/comments/1l9bmhk/im_exhausted/mxde8op/",
      "is_submitter": false,
      "edited": false,
      "stickied": false
    },
    {
      "id": "mxdrx7d",
      "author": "Yetiwholovestoread",
      "body": "YOU ARE AMAZING AND WONDERFUL MOM! You deserve to have time for yourself even if it\u2019s just to sit in silence and do nothing. But having that much sporting commitments during the week and on the weekend is insane. If your husband isn\u2019t receptive to the conversation around him helping more. I don\u2019t know if you both have shared calendars but I would put a time block on his calendar once or twice a week where you need him to be home so you can have your time. And hold him accountable to it. The invisible labor for women is 100% a thing. When it works and everything runs smoothly, the other person doesn\u2019t think about the effort it goes into. Do you have trusted neighbors that you feel you can lean on for support to come help during the times of day that feel most hard? Or even a neighbor or friend to babysit so you can just have sometime for yourself? I\u2019m so sorry that you are feeling this way. You are a wonderful mom and sending you a hug!",
      "created_utc": 1749736828.0,
      "score": 1,
      "permalink": "/r/toddlers/comments/1l9bmhk/im_exhausted/mxdrx7d/",
      "is_submitter": false,
      "edited": false,
      "stickied": false
    },
    {
      "id": "mxdxrou",
      "author": "Ok_South_9289",
      "body": "Your husband is a selfish a$$hole. That's why you're burned out.",
      "created_utc": 1749738576.0,
      "score": 1,
      "permalink": "/r/toddlers/comments/1l9bmhk/im_exhausted/mxdxrou/",
      "is_submitter": false,
      "edited": false,
      "stickied": false
    },
    {
      "id": "mxe02hu",
      "author": "here4thecommentz_",
      "body": "Yes to what everyone else is saying! Being a SAHM is hard!! But also, I would like to add, please get your bloodwork done, too. Thyroid, iron etc. I am 5 months PP with a 2 yr old and 5 month old at home and I just got my thyroid TSH results yesterday, which was 0.01. No wonder I feel like absolute crap! So make sure you get routine bloodwork just to rule out anything else.",
      "created_utc": 1749739253.0,
      "score": 1,
      "permalink": "/r/toddlers/comments/1l9bmhk/im_exhausted/mxe02hu/",
      "is_submitter": false,
      "edited": false,
      "stickied": false
    },
    {
      "id": "mxcmlbw",
      "author": "CNDRock16",
      "body": "Maybe, gently, you should speak to a doctor and get some labs done. Maybe anemia or something else comes into play. You also need to incorporate more downtimes into your day.\n\nYou have a great schedule, and while it\u2019s normal to be tired, being *extremely exhausted* seems extreme",
      "created_utc": 1749719244.0,
      "score": 0,
      "permalink": "/r/toddlers/comments/1l9bmhk/im_exhausted/mxcmlbw/",
      "is_submitter": false,
      "edited": false,
      "stickied": false
    },
    {
      "id": "mxbh26w",
      "author": "KingKeet",
      "body": "Honestly his sporting commitments are a huge point of contention in our relationship, we got together when I was 21 (30 now) and he\u2019s always put sport ahead of most things. \n\nI\u2019ve said to him that it\u2019s getting a lot harder for me and that I\u2019d like him to be home more and for us to be together as a family but it just doesn\u2019t happen. \n\nI think that I\u2019m especially annoyed because he was away for sports Friday-Monday this past week, and then he had sporting commitments Tuesday, Wednesday, and again tonight. \n\nI work Fridays and Saturdays (he looks after our daughter or he arranges a babysitter if he has other commitments) and then he plays sports on Sunday so idk, I really don\u2019t know how I feel. Im just burnt out",
      "created_utc": 1749697620.0,
      "score": 38,
      "permalink": "/r/toddlers/comments/1l9bmhk/im_exhausted/mxbh26w/",
      "is_submitter": true,
      "edited": false,
      "stickied": false
    },
    {
      "id": "mxbib03",
      "author": "chartreuseweasel",
      "body": "All of this, and depending on cleanliness standards, it took me a long time to learn that things didn\u2019t need to be as clean and organized as I felt they did. Of course hygienic. But I def went overboard on dumb things and sometimes still do out of compulsion and feeling like things have to be a certain way before I go to sleep. \n\nI\u2019d also suggest doing a meal service a couple nights a week if that\u2019s at all in the budget. You shouldn\u2019t have to worry about all the cooking and cleaning, and all the childcare outside of 4-5:30 when your husband is watching the kiddo.\n\nEspecially if it\u2019s daily, unless it\u2019s work-related\u2026 the sporting commitments are not fair to you. If it\u2019s for exercise, he can go 50/50 through bath time, dinner, etc., then work out at home afterward like the rest of us.",
      "created_utc": 1749698094.0,
      "score": 10,
      "permalink": "/r/toddlers/comments/1l9bmhk/im_exhausted/mxbib03/",
      "is_submitter": false,
      "edited": false,
      "stickied": false
    },
    {
      "id": "mxbnfre",
      "author": "LoveDistilled",
      "body": "My thoughts exactly. I\u2019m a SAHM to a child the same age and every other day I go to the gym when my husband gets home from work. Sometimes I have no food prepped or meal done and the house is a little messy. He can handle it. He knows I need that 1-2 hours every other day for my mental/ physical health.",
      "created_utc": 1749700184.0,
      "score": 7,
      "permalink": "/r/toddlers/comments/1l9bmhk/im_exhausted/mxbnfre/",
      "is_submitter": false,
      "edited": false,
      "stickied": false
    },
    {
      "id": "mxbhxae",
      "author": "KingKeet",
      "body": "Honestly I don\u2019t have any time to myself ever, except for nap time. My daughter does go to day care one day a week but I spend that time cleaning the house and getting on top of things like the washing. I also volunteer at a local group and I\u2019m on the committee, so I catch up on emails and all that kind of thing. \n\nA lot of these replies are making me realise that I\u2019m not a bad mum, I\u2019m just not supported enough and that really makes me feel better",
      "created_utc": 1749697945.0,
      "score": 36,
      "permalink": "/r/toddlers/comments/1l9bmhk/im_exhausted/mxbhxae/",
      "is_submitter": true,
      "edited": false,
      "stickied": false
    },
    {
      "id": "mxbn7tj",
      "author": "LoveDistilled",
      "body": "Yea she needs to put her foot down and schedule in time for JUST her. Husband comes home at 4. Leave for a few hours to do what SHE wants to do when he comes home. He can cook dinner and clean up and watching the toddler. She does it all day, so we know it\u2019s possible.",
      "created_utc": 1749700093.0,
      "score": 5,
      "permalink": "/r/toddlers/comments/1l9bmhk/im_exhausted/mxbn7tj/",
      "is_submitter": false,
      "edited": false,
      "stickied": false
    },
    {
      "id": "mxbj4ms",
      "author": "KingKeet",
      "body": "Honestly no, I don\u2019t have any time to myself outside of nap time. I think that you\u2019re bang on with the monotony though! Before having a child I was very independent and spontaneous and I do think that I miss that.",
      "created_utc": 1749698408.0,
      "score": 4,
      "permalink": "/r/toddlers/comments/1l9bmhk/im_exhausted/mxbj4ms/",
      "is_submitter": true,
      "edited": false,
      "stickied": false
    },
    {
      "id": "mxcx4gw",
      "author": "atTheRealMrKuntz",
      "body": "single mom to a toddler and a grown up man too apparently! she cooks for him, changes his sheets, probably was his clothes too I mean...wtf",
      "created_utc": 1749725094.0,
      "score": 2,
      "permalink": "/r/toddlers/comments/1l9bmhk/im_exhausted/mxcx4gw/",
      "is_submitter": false,
      "edited": false,
      "stickied": false
    },
    {
      "id": "mxbic9r",
      "author": "KingKeet",
      "body": "I did try this a few months ago so it\u2019s probably worth re visiting! Only thing is that my daughter is very active and \u201cspirited\u201d, and nothing really holds her attention for long but it\u2019s worth a shot! Thank you!",
      "created_utc": 1749698108.0,
      "score": 2,
      "permalink": "/r/toddlers/comments/1l9bmhk/im_exhausted/mxbic9r/",
      "is_submitter": true,
      "edited": false,
      "stickied": false
    },
    {
      "id": "mxbqnj8",
      "author": "KingKeet",
      "body": "Funnily enough I tell my clients that all the time and I don\u2019t even follow it myself I\u2019m starting to realise \ud83d\ude05",
      "created_utc": 1749701591.0,
      "score": 1,
      "permalink": "/r/toddlers/comments/1l9bmhk/im_exhausted/mxbqnj8/",
      "is_submitter": true,
      "edited": false,
      "stickied": false
    },
    {
      "id": "mxcxnq4",
      "author": "atTheRealMrKuntz",
      "body": "tbh it sounds like she would have less chores load if she was in fact single",
      "created_utc": 1749725354.0,
      "score": 2,
      "permalink": "/r/toddlers/comments/1l9bmhk/im_exhausted/mxcxnq4/",
      "is_submitter": false,
      "edited": false,
      "stickied": false
    },
    {
      "id": "mxblr5s",
      "author": "KingKeet",
      "body": "I generally go to bed at around 10pm and wake when my daughter wakes so around 8 hours which is normal. I\u2019m not really tired physically, just mentally",
      "created_utc": 1749699475.0,
      "score": 2,
      "permalink": "/r/toddlers/comments/1l9bmhk/im_exhausted/mxblr5s/",
      "is_submitter": true,
      "edited": false,
      "stickied": false
    },
    {
      "id": "mxbvfv8",
      "author": "KingKeet",
      "body": "He\u2019s leaving every single night that I\u2019m not working. To be completely fair to him, occasionally (and I mean very occasionally) he\u2019ll take our daughter to training or committee meetings. I also sympathise with him in the sense that he\u2019s getting too old for the leagues that he\u2019s playing in and he wants to make the most of it now while he\u2019s physically able to. \n\nI\u2019m also just frustrated that when I get home from work it\u2019s evident that he hasn\u2019t been supervising our daughter properly, for example he didn\u2019t see her draw all over her \u201csink\u201d and he didn\u2019t change her out of her pjs all day. I think that I\u2019m just extra frustrated right now because I did have her solo all weekend and he leave for work at 7:30 every day, returns home between 4 and 4:30pm, and from the time he gets home to the time that he leaves for sports I\u2019m cooking and cleaning. \n\nHe doesn\u2019t play AFL or professional sports but his work and passion is in sports, and he sometimes plays on the state team",
      "created_utc": 1749703834.0,
      "score": 1,
      "permalink": "/r/toddlers/comments/1l9bmhk/im_exhausted/mxbvfv8/",
      "is_submitter": true,
      "edited": false,
      "stickied": false
    },
    {
      "id": "mxcc499",
      "author": "KingKeet",
      "body": "That\u2019s so cute! Your daughter sounds adorable. \n\nYes, he does some nights, I just think that this week has been very tough on me. He normally does sports Tuesday night, Wednesday night, and Thursday night. On Wednesdays he occasionally takes our daughter and it\u2019s a huge relief for me when he does. I work Friday and Saturday and on Sunday he has sports. So Friday, Saturday, and Monday are his nights off from sport. This past Monday being the exception because he was travelling back. \n\nHe does help during the week, I just think that this week has been a lot harder. We had a conversation tonight when he got home and he said that he gets frustrated when I get home from work and go on my computer so moving forward I\u2019ll stop doing that and I\u2019ll do bedtime",
      "created_utc": 1749712813.0,
      "score": 2,
      "permalink": "/r/toddlers/comments/1l9bmhk/im_exhausted/mxcc499/",
      "is_submitter": true,
      "edited": false,
      "stickied": false
    },
    {
      "id": "mxcnvwg",
      "author": "KingKeet",
      "body": "I don\u2019t feel \u201cextremely exhausted\u201d the majority of the time, but exhausted most of the time. I did have low iron during pregnancy so maybe this is something to look into as well, thank you x",
      "created_utc": 1749720031.0,
      "score": 1,
      "permalink": "/r/toddlers/comments/1l9bmhk/im_exhausted/mxcnvwg/",
      "is_submitter": true,
      "edited": false,
      "stickied": false
    },
    {
      "id": "mxbi9yi",
      "author": "Responsible-Summer81",
      "body": "I\u2019m sorry. It is \ud83d\udcafunderstandable that you feel exhausted and burnt out. Being a parent can be exhausting even when you do get time for yourself, and you are not getting any. You need and deserve time for yourself - for your own mental health, your happiness, and just because you are a person too.\n\nIf it were me, and he weren\u2019t willing to make some serious changes to give you that, I would probably insist on marriage counseling.\u00a0",
      "created_utc": 1749698083.0,
      "score": 37,
      "permalink": "/r/toddlers/comments/1l9bmhk/im_exhausted/mxbi9yi/",
      "is_submitter": false,
      "edited": false,
      "stickied": false
    },
    {
      "id": "mxbhwzg",
      "author": "mrscrc",
      "body": "If he continues to put sports a head of his family I can guarantee you your daughter will see this and they most likely will not have a good relationship as she gets older.",
      "created_utc": 1749697942.0,
      "score": 34,
      "permalink": "/r/toddlers/comments/1l9bmhk/im_exhausted/mxbhwzg/",
      "is_submitter": false,
      "edited": false,
      "stickied": false
    },
    {
      "id": "mxdcxpz",
      "author": "Mesja",
      "body": "You need to arrange for a babysitter one day or part of the day each week so you can go do something for yourself.",
      "created_utc": 1749731785.0,
      "score": 4,
      "permalink": "/r/toddlers/comments/1l9bmhk/im_exhausted/mxdcxpz/",
      "is_submitter": false,
      "edited": false,
      "stickied": false
    },
    {
      "id": "mxcx7so",
      "author": "minn0wing",
      "body": "This is absolute bullshit, I'm furious for you. Your husband needs to have a come-to-Jesus moment about this, it's totally unfair and he is creating serious problems both now and in the future for you, your child, your relationship and the whole family. Why does he get all this free time to himself and you don't? There isn't a good reason apart from his being selfish. Honestly unbelievable.",
      "created_utc": 1749725138.0,
      "score": 3,
      "permalink": "/r/toddlers/comments/1l9bmhk/im_exhausted/mxcx7so/",
      "is_submitter": false,
      "edited": false,
      "stickied": false
    },
    {
      "id": "mxdaqam",
      "author": "Much_Organization246",
      "body": "what in the world kind of adult rec sports occur every single night of the week? that is incredibly selfish and it would honestly infuriate me if he set up a sitter during the 2 days a week he was responsible for child care/actual bonding time with his daughter. It sounds like he needs to grow up.",
      "created_utc": 1749730953.0,
      "score": 4,
      "permalink": "/r/toddlers/comments/1l9bmhk/im_exhausted/mxdaqam/",
      "is_submitter": false,
      "edited": false,
      "stickied": false
    },
    {
      "id": "mxbz6kw",
      "author": "KingKeet",
      "body": "Look my standards are quite low, I just want the frequently visited rooms (living room, kitchen, bathroom) to be tidy and safe. My biggest gripe is the kitchen because it\u2019s always messy and it\u2019s 100% my fault because I\u2019m the only one that does any cooking. I guess I just feel so tired after bed time and I\u2019m desperately grasping at any \u201cme time\u201d that I leave the kitchen messy at night. Maybe a good solution to this would be to listen to a podcast while I\u2019m cleaning? \n\nUnfortunately a meal service isn\u2019t in the budget, I\u2019m barely able to provide for my family on my wage at the moment. My husband pays utilities and mortgage, I pay for food, internet, my phone, car insurance and our daughter\u2019s clothes, and working two days a week doesn\u2019t stretch that far.",
      "created_utc": 1749705700.0,
      "score": 3,
      "permalink": "/r/toddlers/comments/1l9bmhk/im_exhausted/mxbz6kw/",
      "is_submitter": true,
      "edited": false,
      "stickied": false
    },
    {
      "id": "mxbixpw",
      "author": "mrscrc",
      "body": "Is the volunteering and committee something that you find joy doing, cause if not then maybe consider stopping that way you aren\u2019t spreading yourself so thin. I\u2019m the mean time maybe try meditating for ten minutes, that could allow you to have a small break that your mind probably really needs. There\u2019s an app called Insight Time, they have meditation you can do that teach you how to meditate/be mindful while you are doing something like playing with your toddler. I found it to be very helpful. Also you are far from being a bad mom, your toddler is very lucky to have you\u2764\ufe0f",
      "created_utc": 1749698332.0,
      "score": 6,
      "permalink": "/r/toddlers/comments/1l9bmhk/im_exhausted/mxbixpw/",
      "is_submitter": false,
      "edited": false,
      "stickied": false
    },
    {
      "id": "mxbnri3",
      "author": "LoveDistilled",
      "body": "Yea maybe drop some of these commitments if they aren\u2019t bringing you joy. Or lay off some of the chores and have him share the load with you. This isn\u2019t fair. Just because you\u2019re a SAHM doesn\u2019t make you the nanny and the chef and the maid.",
      "created_utc": 1749700322.0,
      "score": 2,
      "permalink": "/r/toddlers/comments/1l9bmhk/im_exhausted/mxbnri3/",
      "is_submitter": false,
      "edited": false,
      "stickied": false
    },
    {
      "id": "mxczin9",
      "author": "64bitninja",
      "body": "I don't really have any practical advice that's not already been states but as a father who doesn't have most of the issues you've talked about in their life and a very supportive partner, I **still** find it hard and exhausting having a toddler. It's totally worth it and I wouldn't change it for the world, but it's such hard work. We have both accepted that free time to our own thing is very limited now but we try to help each other get some time when we can.\n\nNothing you've said here makes me think you are a bad mother in any way. The fact that you are finding it very hard and **doing it anyway** makes me think you are a great mum in a difficult situation.",
      "created_utc": 1749726232.0,
      "score": 1,
      "permalink": "/r/toddlers/comments/1l9bmhk/im_exhausted/mxczin9/",
      "is_submitter": false,
      "edited": false,
      "stickied": false
    },
    {
      "id": "mxdq8ln",
      "author": "Moonbeam_42",
      "body": "Your husband needs to give you a few nights of a week to do whatever you want for you. Getting drinks with your friends, going to yoga, taking an art class\u2026whatever! Sometimes I go see a horror movie by myself bc he doesn\u2019t like them. Or I just go upstairs, lock the door, and read a book. You NEED time for yourself. Your schedule now isn\u2019t tenable and is a recipe for burnout and depression. \n\nAlso, by all accounts my husband is more busy than I am (he has a very demanding job), but he knows that if I\u2019m miserable and burnt out , the whole thing falls apart. He learned the hard way in his first marriage!",
      "created_utc": 1749736306.0,
      "score": 1,
      "permalink": "/r/toddlers/comments/1l9bmhk/im_exhausted/mxdq8ln/",
      "is_submitter": false,
      "edited": false,
      "stickied": false
    },
    {
      "id": "mxbjyh5",
      "author": "bethyjane",
      "body": "That\u2019s absolutely fair enough! You are doing an amazing job, and 100% you are a great mum, but you also deserve to be yourself still \u2764\ufe0f",
      "created_utc": 1749698735.0,
      "score": 3,
      "permalink": "/r/toddlers/comments/1l9bmhk/im_exhausted/mxbjyh5/",
      "is_submitter": false,
      "edited": false,
      "stickied": false
    },
    {
      "id": "mxbreig",
      "author": "CsUe8666",
      "body": "Haha, I too preach this, and am just now starting to practice what I preach, and my 2 youngest are 3 and 4 lol.",
      "created_utc": 1749701931.0,
      "score": 2,
      "permalink": "/r/toddlers/comments/1l9bmhk/im_exhausted/mxbreig/",
      "is_submitter": false,
      "edited": false,
      "stickied": false
    },
    {
      "id": "mxcxgv2",
      "author": "atTheRealMrKuntz",
      "body": "HE gets frustrated?! have you mentioned your frustrations?!",
      "created_utc": 1749725261.0,
      "score": 2,
      "permalink": "/r/toddlers/comments/1l9bmhk/im_exhausted/mxcxgv2/",
      "is_submitter": false,
      "edited": false,
      "stickied": false
    },
    {
      "id": "mxdv08i",
      "author": "BarrelFullOfWeasels",
      "body": "Wait, you had a conversation with him about how you're exhausted and burned out, and at the end of it YOU agreed to take on more of the workload? Did he take on any new tasks?\u00a0\n\n\nI think the math I'm seeing here is that he is out of the house four entire evenings a week, and you were spending two evenings a week on the computer after your work days, but now you have given up those two evenings also. So you're doing childcare six nights a week, leaving one night unaccounted for and maybe he is doing it then.\n\n\n!!!",
      "created_utc": 1749737761.0,
      "score": 1,
      "permalink": "/r/toddlers/comments/1l9bmhk/im_exhausted/mxdv08i/",
      "is_submitter": false,
      "edited": false,
      "stickied": false
    },
    {
      "id": "mxdr1xt",
      "author": "BarrelFullOfWeasels",
      "body": "Yes, this is one thing you can fix right now. If he gets to have a babysitter so he can go have fun by himself, then you do too. Just as many hours as he does.\n\n\nIf doubling the babysitting budget isn't possible, then he gets half of what he's currently getting and you get the other half. Nothing else is even close to fair.",
      "created_utc": 1749736561.0,
      "score": 3,
      "permalink": "/r/toddlers/comments/1l9bmhk/im_exhausted/mxdr1xt/",
      "is_submitter": false,
      "edited": false,
      "stickied": false
    },
    {
      "id": "mxc0fl4",
      "author": "ultraprismic",
      "body": "You provide 95% of the childcare and 100% of the cooking and cleaning AND you have to pay for all that and get no time to yourself? Of course you're burnt out. You're waiting hand and foot on some bum AND raising his child practically by yourself AND paying for his groceries to boot. I'd be furious. Your husband sure has it good.",
      "created_utc": 1749706348.0,
      "score": 25,
      "permalink": "/r/toddlers/comments/1l9bmhk/im_exhausted/mxc0fl4/",
      "is_submitter": false,
      "edited": false,
      "stickied": false
    },
    {
      "id": "mxc0nc7",
      "author": "Haunting-Variety8572",
      "body": "Imma stop you right there when you say leaving the kitchen messy is your fault when you\u2019re the one cooking. You\u2019re cooking for EVERYONE in your family. He can clean up.\nThis man needs to step tf up.\n\nAnother in the mean time suggestion would be meal prep dinners for a few days at a time. Dedicate one night to make say 3-4 dinners for the week so you aren\u2019t cooking every night (I call those hours the witching hours in my house. Trying to cook dinner is a nightmare time frame for some reason) and then at least a few nights you can just pop something into the microwave that\u2019s still a prepared healthy meal that you made.",
      "created_utc": 1749706462.0,
      "score": 19,
      "permalink": "/r/toddlers/comments/1l9bmhk/im_exhausted/mxc0nc7/",
      "is_submitter": false,
      "edited": false,
      "stickied": false
    },
    {
      "id": "mxcsjdp",
      "author": "abrandnewhope",
      "body": "It\u2019s mind boggling to me that you are married, with a child, and still separate out your money like that. All money should be household money - you guys are a household, a team. I just don\u2019t understand how you\u2019re expected to pay for everything you need to run your household (baby\u2019s clothes, everyone\u2019s food, etc) when you are doing 100% of the unpaid labor in family. \n\nThe relationship/labor dynamic is so unequal that I would have left months ago. \n\nMy husband and I both work outside of the home M-F. After we come home, we both equally take care of our 18mo, household chores, etc. We both take time during the weekends for our sporting hobbies, trading off taking care of our toddler. \n\nYour husband is being a shitty father and partner, in my opinion.",
      "created_utc": 1749722701.0,
      "score": 8,
      "permalink": "/r/toddlers/comments/1l9bmhk/im_exhausted/mxcsjdp/",
      "is_submitter": false,
      "edited": false,
      "stickied": false
    },
    {
      "id": "mxcvt3d",
      "author": "atTheRealMrKuntz",
      "body": "a good solution would be that your partner clean up for you in the evening. And this money arrangement is ridiculous btw! I personally make more money than my partner, so we don't split 50/50, we basically index our incomes, so atm I pay 75% of our expenses, which at the end of the day creates a true 50/50 share. Not to be rude but your partner sounds like a dude renting an all inclusive airbnb all year round, not like a father and a partner that is part of a family home.",
      "created_utc": 1749724433.0,
      "score": 5,
      "permalink": "/r/toddlers/comments/1l9bmhk/im_exhausted/mxcvt3d/",
      "is_submitter": false,
      "edited": 1749724784.0,
      "stickied": false
    },
    {
      "id": "mxbjqta",
      "author": "KingKeet",
      "body": "Thank you so much \u2764\ufe0f I enjoy it most of the time, it\u2019s a child and family focussed group, and most of the members are other mums. I joined when my daughter was around 4 months old because I had PPD/PPA and wanted to connect with a community of other mums. I was invited to join the committee and whilst it has been extra work, I love the community and it\u2019s good for myself and my daughter to have that",
      "created_utc": 1749698651.0,
      "score": 8,
      "permalink": "/r/toddlers/comments/1l9bmhk/im_exhausted/mxbjqta/",
      "is_submitter": true,
      "edited": false,
      "stickied": false
    },
    {
      "id": "mxbqj6v",
      "author": "KingKeet",
      "body": "I really do love the organisation that I\u2019m a part of, being a part of it has given me a lot of opportunities, it\u2019s good for me socially and it\u2019s a good community for my daughter to grow up surrounded by. I\u2019m also not a SAHM, I work Fridays and Saturdays but I am pretty much a SAHM for the majority of the time",
      "created_utc": 1749701536.0,
      "score": 2,
      "permalink": "/r/toddlers/comments/1l9bmhk/im_exhausted/mxbqj6v/",
      "is_submitter": true,
      "edited": false,
      "stickied": false
    },
    {
      "id": "mxc3h5g",
      "author": "KingKeet",
      "body": "That\u2019s a great suggestion, thank you! I feel like I could do that on Wednesdays when she\u2019s in daycare and I think that it\u2019d be better for us financially too because I\u2019m not just buying pre packaged salads or whatever and can cook meat on the day",
      "created_utc": 1749707942.0,
      "score": 1,
      "permalink": "/r/toddlers/comments/1l9bmhk/im_exhausted/mxc3h5g/",
      "is_submitter": true,
      "edited": false,
      "stickied": false
    },
    {
      "id": "mxd1s9t",
      "author": "chartreuseweasel",
      "body": "Yeah, you really need to bring him to couples therapy if he doesn\u2019t understand that his sporting commitments don\u2019t outweigh the commitment he made when having a family with you. It sounds like he gets a cool 3+ hours to galavant nightly. Must be nice. You could really use those 3 hours to share household and childcare burdens like other families do. Or if he\u2019s coming home, eating, then going out for what is essentially \u201cme\u201d time, he can take care of any of the mess left in the house when he gets home. What time does he wake up btw?",
      "created_utc": 1749727269.0,
      "score": 3,
      "permalink": "/r/toddlers/comments/1l9bmhk/im_exhausted/mxd1s9t/",
      "is_submitter": false,
      "edited": false,
      "stickied": false
    },
    {
      "id": "mxbku8t",
      "author": "mrscrc",
      "body": "I\u2019m glad you enjoy it. If you want to, I\u2019d think meditation would help, it doesn\u2019t require much effort or time, I try to do it while my toddler is napping, 5 to 10 minutes. Honestly even a minute of just sitting still and paying attention to your breathing and nothing else is helpful. Good luck and tell your husband there is a whole group of women here that support you and will kick his ass if he doesn\u2019t give you the alone time you deserve \ud83d\ude01\u2764\ufe0f",
      "created_utc": 1749699093.0,
      "score": 3,
      "permalink": "/r/toddlers/comments/1l9bmhk/im_exhausted/mxbku8t/",
      "is_submitter": false,
      "edited": false,
      "stickied": false
    },
    {
      "id": "mxbri3h",
      "author": "LoveDistilled",
      "body": "Yes that sounds like a SAHM with extra work on the weekends. I hope you do enjoy your weekend job tho at least! My other comments definitely stand. You need to do something just for you that brings you joy. Personally I NEED to workout and lift heavy weights. My anxiety and overall mood get out of whack if I don\u2019t. That\u2019s what brings me joy and is my me time, you need something that is your me time. I\u2019m biased and want to tell you to find a movement based practice that brings you joy because I know how powerful the benefits of exercise are.",
      "created_utc": 1749701979.0,
      "score": 2,
      "permalink": "/r/toddlers/comments/1l9bmhk/im_exhausted/mxbri3h/",
      "is_submitter": false,
      "edited": false,
      "stickied": false
    },
    {
      "id": "mxcuy5l",
      "author": "AdBeginning6766",
      "body": "I was also going to say, at least some days could you prep dinner during nap time? It SUCKS to miss out on having a rest while they nap but man it feels good come dinner when it\u2019s literally warming something up and it\u2019s done. I like to do this with some big batches like pasta sauce, chilli, soups etc. Even better, if dinner is already done, maybe while Dad looks after your little one you could get out of the house and have some time to yourself!! You could even\u2026 go do some sporting activities.\n\nDo want to second what others are saying here that you need to look at redistributing the labour in your house. I think this is something many women battle with (I certainly do too!) as men\u2019s priorities/focus doesn\u2019t seem to change all that much from pre to post baby if they aren\u2019t pushed to do so. I just got a book from the library today called \u2018How Not To Hate Your Husband After Kids\u2019 and I\u2019m very much looking forward to reading it..! You\u2019re doing amazing \ud83d\udcaa\ud83c\udffb",
      "created_utc": 1749723989.0,
      "score": 2,
      "permalink": "/r/toddlers/comments/1l9bmhk/im_exhausted/mxcuy5l/",
      "is_submitter": false,
      "edited": false,
      "stickied": false
    },
    {
      "id": "mxbldzn",
      "author": "KingKeet",
      "body": "That\u2019s so lovely of you, thank you \u2764\ufe0f I\u2019ve tried meditating but I have autism and adhd, and when I\u2019m silent all I can hear is the ringing in my ears and when I try to keep my mind quiet and just \u201cbe\u201d in the moment I tend to get anxious. I do think though that it would be really helpful for me to just pop some headphones on and read a book or something",
      "created_utc": 1749699322.0,
      "score": 2,
      "permalink": "/r/toddlers/comments/1l9bmhk/im_exhausted/mxbldzn/",
      "is_submitter": true,
      "edited": false,
      "stickied": false
    },
    {
      "id": "mxbs7lj",
      "author": "KingKeet",
      "body": "I\u2019ll be honest, I\u2019m really not a fan of the gym or any kind of sports, I\u2019m asthmatic and I just end up exhausted and angry with myself \ud83d\ude05 I\u2019m a beautician though and an activity that I could really get behind if I can find the time would be giving myself a fake tan, tinting my eyebrows, giving myself a lash lift, etc. honestly just typing that feels amazing. If I could have a couple of hours to myself each week to do that I think it\u2019d make me feel amazing",
      "created_utc": 1749702305.0,
      "score": 2,
      "permalink": "/r/toddlers/comments/1l9bmhk/im_exhausted/mxbs7lj/",
      "is_submitter": true,
      "edited": false,
      "stickied": false
    },
    {
      "id": "mxbmh2f",
      "author": "mrscrc",
      "body": "Absolutely, you should do that, reading can also be a form of meditation ( in my opinion). I noticed that when reading, it allows my brain to turn off so to speak cause I\u2019m so focused on what I\u2019m reading.",
      "created_utc": 1749699775.0,
      "score": 2,
      "permalink": "/r/toddlers/comments/1l9bmhk/im_exhausted/mxbmh2f/",
      "is_submitter": false,
      "edited": false,
      "stickied": false
    },
    {
      "id": "mxbt4ro",
      "author": "LoveDistilled",
      "body": "\ud83e\udd79 I did hair for my entire life before becoming a SAHM \u2764\ufe0f I really truly hope you get these few hours that you deserve. You are NOT asking for much and I know it will make a huge impact on how you see yourself and subsequently you life. You matter. Don\u2019t forget that.",
      "created_utc": 1749702737.0,
      "score": 2,
      "permalink": "/r/toddlers/comments/1l9bmhk/im_exhausted/mxbt4ro/",
      "is_submitter": false,
      "edited": false,
      "stickied": false
    }
  ],
  "relevance": {
    "score": 10,
    "user_type": "parent",
    "pain_points": [
      "com/forms/d/e/1faipqlsf4mje3-lnz6huj5b9emjo14wzjc1dkyn8tqe8dz8n-72rwmg/viewform?usp=header could you please do my questionnaire if you have the time thank you so much i think you need help basically; your partner seems quite absent of most house/family related activities and chores",
      "i just got a book from the library today called \u2018how not to hate your husband after kids\u2019 and i\u2019m very much looking forward to reading it",
      "so if i start feeling bored playing with her, or frustrated that she\u2019s tearing the house apart whilst i\u2019m trying to clean it up we go out again",
      "i\u2019m also just frustrated that when i get home from work it\u2019s evident that he hasn\u2019t been supervising our daughter properly, for example he didn\u2019t see her draw all over her \u201csink\u201d and he didn\u2019t change her out of her pjs all day",
      "i think that i\u2019m just extra frustrated right now because i did have her solo all weekend and he leave for work at 7:30 every day, returns home between 4 and 4:30pm, and from the time he gets home to the time that he leaves for sports i\u2019m cooking and cleaning",
      "we had a conversation tonight when he got home and he said that he gets frustrated when i get home from work and go on my computer so moving forward i\u2019ll stop doing that and i\u2019ll do bedtime i don\u2019t feel \u201cextremely exhausted\u201d the majority of the time, but exhausted most of the time",
      "he gets frustrated?! have you mentioned your frustrations?! wait, you had a conversation with him about how you're exhausted and burned out, and at the end of it you agreed to take on more of the workload? did he take on any new tasks?\u00a0\n\n\ni think the math i'm seeing here is that he is out of the house four entire evenings a week, and you were spending two evenings a week on the computer after your work days, but now you have given up those two evenings also"
    ],
    "keywords_found": [
      "autism",
      "routine",
      "toddler"
    ],
    "sentiment_score": 0.9999,
    "age_relevance": true,
    "urgency_level": "medium",
    "competitive_mentions": [],
    "timestamp": "2025-06-12T15:04:16.515278"
  }
}