{
  "subreddit": "education",
  "post": {
    "id": "1l2cijg",
    "title": "What\u2019s one change you wish schools would make to better prepare students for real life?",
    "author": "1acina",
    "created_utc": 1748958860.0,
    "score": 16,
    "num_comments": 117,
    "url": "https://www.reddit.com/r/education/comments/1l2cijg/whats_one_change_you_wish_schools_would_make_to/",
    "selftext": ""
  },
  "comments": [
    {
      "id": "mvrtbg9",
      "author": "Sam_Cobra_Forever",
      "body": "Making \"failing a grade\" a thing again.\n\nKids have no fear now. They know they cannot fail no matter how much they skip.\n\nI am a professor, I have been one for 30+ years.\n\nNever got students trying to turn in work after the semester is over until very recently.\n\nI tell students about what they experienced high school on day one now.\n\nI die inside because I now have to say, as a professor:\n\n\u201cYou can fail this class if you skips and don\u2019t turn in work\"\n\n**No Child Left Behind really screwed kids over.**",
      "created_utc": 1748959596.0,
      "score": 59,
      "permalink": "/r/education/comments/1l2cijg/whats_one_change_you_wish_schools_would_make_to/mvrtbg9/",
      "is_submitter": false,
      "edited": false,
      "stickied": false
    },
    {
      "id": "mvtvoiy",
      "author": "mjpbecker",
      "body": "Let them fail",
      "created_utc": 1748981169.0,
      "score": 21,
      "permalink": "/r/education/comments/1l2cijg/whats_one_change_you_wish_schools_would_make_to/mvtvoiy/",
      "is_submitter": false,
      "edited": false,
      "stickied": false
    },
    {
      "id": "mvruic4",
      "author": "Twirlmom9504_",
      "body": "Take away laptops in Elementary School. They aren\u2019t helping based on reading and math scores going down since they were brought into classrooms. They ruin attention span and distract students.\u00a0",
      "created_utc": 1748959946.0,
      "score": 52,
      "permalink": "/r/education/comments/1l2cijg/whats_one_change_you_wish_schools_would_make_to/mvruic4/",
      "is_submitter": false,
      "edited": false,
      "stickied": false
    },
    {
      "id": "mvsh9ra",
      "author": "HaiKarate",
      "body": "Better civics education?",
      "created_utc": 1748966366.0,
      "score": 15,
      "permalink": "/r/education/comments/1l2cijg/whats_one_change_you_wish_schools_would_make_to/mvsh9ra/",
      "is_submitter": false,
      "edited": false,
      "stickied": false
    },
    {
      "id": "mvuv78u",
      "author": "Dchordcliche",
      "body": "For high school, fail students after a certain number of absences from a class, excused or unexcused. Have a few firm deadlines in every class and enforce them with no exceptions. Showing up and getting your work done on time are the two most important things students should learn to prepare them for work. Yet the equity grading crowd wants to sabotage students' futures by prohibiting teachers from teaching these behaviors and requiring us to enable the opposite.",
      "created_utc": 1748992095.0,
      "score": 8,
      "permalink": "/r/education/comments/1l2cijg/whats_one_change_you_wish_schools_would_make_to/mvuv78u/",
      "is_submitter": false,
      "edited": false,
      "stickied": false
    },
    {
      "id": "mvup9wg",
      "author": "Ok_Statistician_9825",
      "body": "No phone policy would increase student mental health 10 fold. Students who have gone through this agree.",
      "created_utc": 1748990130.0,
      "score": 16,
      "permalink": "/r/education/comments/1l2cijg/whats_one_change_you_wish_schools_would_make_to/mvup9wg/",
      "is_submitter": false,
      "edited": false,
      "stickied": false
    },
    {
      "id": "mvv7q29",
      "author": "Dragonfly_Peace",
      "body": "Consequences",
      "created_utc": 1748996334.0,
      "score": 7,
      "permalink": "/r/education/comments/1l2cijg/whats_one_change_you_wish_schools_would_make_to/mvv7q29/",
      "is_submitter": false,
      "edited": false,
      "stickied": false
    },
    {
      "id": "mvrw9o2",
      "author": "vaspost",
      "body": "Laws and how the legal system works.  \n\nNot just dealing with the police.  Things like the legal process for starting a business, purchasing property, settling an estate, family law (marriage and divorce) etc.  I've never seen a high school class teach these real world legal issue.  People just stumble through them because no one has any idea how these systems work unless they've studied law in college.",
      "created_utc": 1748960459.0,
      "score": 4,
      "permalink": "/r/education/comments/1l2cijg/whats_one_change_you_wish_schools_would_make_to/mvrw9o2/",
      "is_submitter": false,
      "edited": false,
      "stickied": false
    },
    {
      "id": "mvryn1y",
      "author": "ehunke",
      "body": "really two things.  \n\n1) making failing something have consequences, but, don't make failing a life and death ordeal.  lets be honest only about a 3rd of people who enroll in college as a freshman finish at the same college in the same degree program they started in, some don't finish.  roughly less then half the people who enroll in the army make it much past basic training.  Only about 1% of college athletes turn pro and those who do face an uphill battle to even make it one year....gotta teach that failure happens, but, failure doesn't mean your life is over.  \n\n2) make open book, open note exams common place.  In college I had very few closed book exams after my freshman year...and in the workplace we are never assigned something and told we can't use our resources.  The test should be 'do you understand the material?' not 'did you memorize this?'.  knowing where to find an answer and actually understanding it is the important thing",
      "created_utc": 1748961149.0,
      "score": 12,
      "permalink": "/r/education/comments/1l2cijg/whats_one_change_you_wish_schools_would_make_to/mvryn1y/",
      "is_submitter": false,
      "edited": false,
      "stickied": false
    },
    {
      "id": "mvsnoej",
      "author": "dshoe",
      "body": "Students need to be discussing ideas in school. They need to have the opportunity to listen to their classmates and try to understand their perspective.\n\nMost of human history, learning occurred through discourse and experience. We've lost that and it's showing in how closed minded much of society has become.",
      "created_utc": 1748968184.0,
      "score": 8,
      "permalink": "/r/education/comments/1l2cijg/whats_one_change_you_wish_schools_would_make_to/mvsnoej/",
      "is_submitter": false,
      "edited": false,
      "stickied": false
    },
    {
      "id": "mvuszez",
      "author": "tvmaly",
      "body": "More hands on projects with opportunities to fail and learn from failure. Tests do not really prepare kids for reality.",
      "created_utc": 1748991365.0,
      "score": 3,
      "permalink": "/r/education/comments/1l2cijg/whats_one_change_you_wish_schools_would_make_to/mvuszez/",
      "is_submitter": false,
      "edited": false,
      "stickied": false
    },
    {
      "id": "mvwcg58",
      "author": "engelthefallen",
      "body": "For me it is early direct instruction in how you actually learn.  The fact you can graduate high school and not realize the link between attention and memory formation or repetition and recall is just baffling to me.  Just surreal to me we have to teach all these different subjects but have no room for cognition, which is the foundation for most learning.",
      "created_utc": 1749011924.0,
      "score": 3,
      "permalink": "/r/education/comments/1l2cijg/whats_one_change_you_wish_schools_would_make_to/mvwcg58/",
      "is_submitter": false,
      "edited": false,
      "stickied": false
    },
    {
      "id": "mvsm4lg",
      "author": "shag377",
      "body": "Up to 2015, Georgia had five state high school graduation tests: writing, ELA, math, science and social studies.\n\nPassing all five were required to earn a diploma.  Up until new principal arrived, students could walk.\n\nTypical conversations went like this.  Keep in mind, the principal let the general public know in August and several times thereafter about the new rule.\n\nStudent: I had teachers telling me all the time I was not gonna pass, and here I am.\n\nMe: Yes, that was before the state required graduation tests.  If you don't pass them, you don't walk.\n\nStudent: Uh huh.  Whatever.\n\n\\*testing comes\\*  \\*scores return\\*\n\nStudent: I failed!\n\nMe: Didn't I tell you?\n\nParents: My baby done been in school 13 years!  Why can't they walk?\n\nSchool: You were told plenty of times about the new rule.\n\nParents: I didn't think you was serious!\n\nThe GHSGT was the only equalizer I had against kids who would not perform and/or mocked me in class about what would happen.",
      "created_utc": 1748967745.0,
      "score": 6,
      "permalink": "/r/education/comments/1l2cijg/whats_one_change_you_wish_schools_would_make_to/mvsm4lg/",
      "is_submitter": false,
      "edited": false,
      "stickied": false
    },
    {
      "id": "mvrsa4o",
      "author": "ShockedNChagrinned",
      "body": "- Stop the 8-12 week summer vacations.\u00a0 There's no model that supports it in real life, and they can either spread out the vacation time, take some time to teach not strictly academic things, or move slower/deeper into lessons.\u00a0\u00a0\n\n\n- starting in middle school, have life skills classes.\u00a0 These should include options for personal finance, cooking for yourself, cleaning for yourself, basic vehicle maintenance, basic home maintenance, basic fitness and nutrition, and as they age into sixteen plus, basic self defense.",
      "created_utc": 1748959287.0,
      "score": 9,
      "permalink": "/r/education/comments/1l2cijg/whats_one_change_you_wish_schools_would_make_to/mvrsa4o/",
      "is_submitter": false,
      "edited": false,
      "stickied": false
    },
    {
      "id": "mvu48ou",
      "author": "vibe6287",
      "body": "Home economics\u00a0",
      "created_utc": 1748983622.0,
      "score": 2,
      "permalink": "/r/education/comments/1l2cijg/whats_one_change_you_wish_schools_would_make_to/mvu48ou/",
      "is_submitter": false,
      "edited": false,
      "stickied": false
    },
    {
      "id": "mvvrkae",
      "author": "muppetteer",
      "body": "During my A Levels in the UK we had a really cool teacher. He asked everybody to bring in a different newspaper and the we would lay them out and dissect the headline stories from across the political spectrum. It was great to see how the same story was reported in different publications.",
      "created_utc": 1749003367.0,
      "score": 2,
      "permalink": "/r/education/comments/1l2cijg/whats_one_change_you_wish_schools_would_make_to/mvvrkae/",
      "is_submitter": false,
      "edited": false,
      "stickied": false
    },
    {
      "id": "mvvuhrv",
      "author": "palsh7",
      "body": "Consequences.",
      "created_utc": 1749004448.0,
      "score": 2,
      "permalink": "/r/education/comments/1l2cijg/whats_one_change_you_wish_schools_would_make_to/mvvuhrv/",
      "is_submitter": false,
      "edited": false,
      "stickied": false
    },
    {
      "id": "mvsy0ar",
      "author": "Sad_Score_4505",
      "body": "I would remove the phrases \"real life\" and \"real world\" to start.\n\nHow can kids be expected to take anything seriously when it isn't \"real\"? It's also invalidating to all of their experiences until they graduate.\n\nTheir lives don't start when they turn 18. They've already started.",
      "created_utc": 1748971032.0,
      "score": 3,
      "permalink": "/r/education/comments/1l2cijg/whats_one_change_you_wish_schools_would_make_to/mvsy0ar/",
      "is_submitter": false,
      "edited": false,
      "stickied": false
    },
    {
      "id": "mvsy55i",
      "author": "Kyga53",
      "body": "All kids should have a child development class, because statistically most of them will be parents one day, not just girls.  Also, because adults are squeamish about addressing puberty and sex ed, they split kids by gender to teach them about their bodies. That saves them embarrassment in the moment, but that should be addressed again, especially since it\u2019s apparent that a lot of men are lacking even a basic understanding of female anatomy and reproductive health. Most people will enter into an intimate relationship with someone and and should probably know about them and many will eventually have a baby with someone. Both parties should know something about the mechanics.",
      "created_utc": 1748971068.0,
      "score": 3,
      "permalink": "/r/education/comments/1l2cijg/whats_one_change_you_wish_schools_would_make_to/mvsy55i/",
      "is_submitter": false,
      "edited": false,
      "stickied": false
    },
    {
      "id": "mvtl016",
      "author": "Initial-Day9783",
      "body": "It absolutely has to be personal finance.\n\nUnderstand what interest is for a savings account and for a credit card/loan. Fill out a W4, what is an IRA, diff between traditional vs Roth, how to get a mortgage/loan, what is compound interest, what\u2019s a 401k, what\u2019s a pension etc..",
      "created_utc": 1748977973.0,
      "score": 4,
      "permalink": "/r/education/comments/1l2cijg/whats_one_change_you_wish_schools_would_make_to/mvtl016/",
      "is_submitter": false,
      "edited": false,
      "stickied": false
    },
    {
      "id": "mvsfgk3",
      "author": "Impressive_Returns",
      "body": "Teach students the skills they need for life like how to read.  For 30 years teachers taught students how to read using Lucy Calkins\u2019 scam method of teaching kids how to read making her and her friends billions of dollars. We now 2 generations of students who are functionally illiterate.  And teacher who don\u2019t know how to teach kids how to read.",
      "created_utc": 1748965872.0,
      "score": 2,
      "permalink": "/r/education/comments/1l2cijg/whats_one_change_you_wish_schools_would_make_to/mvsfgk3/",
      "is_submitter": false,
      "edited": false,
      "stickied": false
    },
    {
      "id": "mvsvz0t",
      "author": "SnackBaby",
      "body": "Kids should have the right to fail.  \nWe should simulate paying bills and what an average cost of living looks like.  \nWe should also teach cooking skills and nutrition.",
      "created_utc": 1748970480.0,
      "score": 2,
      "permalink": "/r/education/comments/1l2cijg/whats_one_change_you_wish_schools_would_make_to/mvsvz0t/",
      "is_submitter": false,
      "edited": false,
      "stickied": false
    },
    {
      "id": "mvt8c51",
      "author": "Derwin0",
      "body": "Bring back classes like Shop and better prepare students who aren\u2019t college bound (whether by choice or ability).",
      "created_utc": 1748973818.0,
      "score": 2,
      "permalink": "/r/education/comments/1l2cijg/whats_one_change_you_wish_schools_would_make_to/mvt8c51/",
      "is_submitter": false,
      "edited": false,
      "stickied": false
    },
    {
      "id": "mvvpi4m",
      "author": "Defiant_Ingenuity_55",
      "body": "Parenting classes so parents would know they have responsibility for making their kids re as y for real life too.",
      "created_utc": 1749002624.0,
      "score": 1,
      "permalink": "/r/education/comments/1l2cijg/whats_one_change_you_wish_schools_would_make_to/mvvpi4m/",
      "is_submitter": false,
      "edited": false,
      "stickied": false
    },
    {
      "id": "mvw19hu",
      "author": "therealDrPraetorius",
      "body": "Economic education. Civics",
      "created_utc": 1749007076.0,
      "score": 1,
      "permalink": "/r/education/comments/1l2cijg/whats_one_change_you_wish_schools_would_make_to/mvw19hu/",
      "is_submitter": false,
      "edited": false,
      "stickied": false
    },
    {
      "id": "mvw3gls",
      "author": "Myst5657",
      "body": "Teachers teach subjects. It\u2019s up to parents to teach real life",
      "created_utc": 1749007987.0,
      "score": 1,
      "permalink": "/r/education/comments/1l2cijg/whats_one_change_you_wish_schools_would_make_to/mvw3gls/",
      "is_submitter": false,
      "edited": false,
      "stickied": false
    },
    {
      "id": "mvw49cf",
      "author": "greenman5252",
      "body": "Take any and all necessary steps to ensure that students can read when they graduate",
      "created_utc": 1749008318.0,
      "score": 1,
      "permalink": "/r/education/comments/1l2cijg/whats_one_change_you_wish_schools_would_make_to/mvw49cf/",
      "is_submitter": false,
      "edited": false,
      "stickied": false
    },
    {
      "id": "mvw5uob",
      "author": "No_Scarcity8249",
      "body": "Fail them.\u00a0",
      "created_utc": 1749008986.0,
      "score": 1,
      "permalink": "/r/education/comments/1l2cijg/whats_one_change_you_wish_schools_would_make_to/mvw5uob/",
      "is_submitter": false,
      "edited": false,
      "stickied": false
    },
    {
      "id": "mvw88um",
      "author": "francophone22",
      "body": "Removing standardized testing.",
      "created_utc": 1749010018.0,
      "score": 1,
      "permalink": "/r/education/comments/1l2cijg/whats_one_change_you_wish_schools_would_make_to/mvw88um/",
      "is_submitter": false,
      "edited": false,
      "stickied": false
    },
    {
      "id": "mvwb2w7",
      "author": "cowgirlbootzie",
      "body": "I think they should teach.,\"applications\" in high school.. Students need to relate what they learn in books to real life. Some students lose interest because they wonder \"when the heck am I going to need this,\" attitude. For instance, I heard a story from a Danish student that said in his economic class they were taught about the stock market. Teacher made it interesting by having them read the newspaper and watch the ups & downs. She had them buy shares (fictitious, of course)& follow their progress. The kids were enthralled. That's one way to show an application. It was like a game. Another example: history class, teaching about government. She divided the class into two groups, who would you vote for and why\" fictitious parties, of course,. \nThat's real life lessons.",
      "created_utc": 1749011289.0,
      "score": 1,
      "permalink": "/r/education/comments/1l2cijg/whats_one_change_you_wish_schools_would_make_to/mvwb2w7/",
      "is_submitter": false,
      "edited": false,
      "stickied": false
    },
    {
      "id": "mvwe9k5",
      "author": "Key-Procedure-4024",
      "body": "It's pretty hard to prepare students for real life, especially since environments change so drastically. Plus, some teachings can easily slip into indoctrination, making things more complicated and ambiguous.",
      "created_utc": 1749012775.0,
      "score": 1,
      "permalink": "/r/education/comments/1l2cijg/whats_one_change_you_wish_schools_would_make_to/mvwe9k5/",
      "is_submitter": false,
      "edited": false,
      "stickied": false
    },
    {
      "id": "mvwf3xv",
      "author": "Texaninengland",
      "body": "\ud83e\udd37\u200d\u2640\ufe0f Adopt a different model of education. The English system has flaws, but I enjoyed teaching in it. And I felt like I was teaching more skills and able to teach more in-depth (even to students that were below grade level) relatively successfully. \n\nBut that's assuming any state or the US government wants to put meaningful thought and resources towards the problem. It's ultimately the infrastructure that is failing the youth. But teachers get blamed and then teachers (like me) quit because it's not worth the mental health struggle anymore.\n\nBut yes let's do another pd about finding our \"why\"",
      "created_utc": 1749013178.0,
      "score": 1,
      "permalink": "/r/education/comments/1l2cijg/whats_one_change_you_wish_schools_would_make_to/mvwf3xv/",
      "is_submitter": false,
      "edited": false,
      "stickied": false
    },
    {
      "id": "mvwfbkt",
      "author": "Magnus_Carter0",
      "body": "Have actual career planning courses, since so many students seem to have incredibly unrealistic or nonexistent plans for how to become x",
      "created_utc": 1749013280.0,
      "score": 1,
      "permalink": "/r/education/comments/1l2cijg/whats_one_change_you_wish_schools_would_make_to/mvwfbkt/",
      "is_submitter": false,
      "edited": false,
      "stickied": false
    },
    {
      "id": "mvwq2ow",
      "author": "None",
      "body": "In other countries, they make the students clean the school. I think this teaches a lot of really great values from an early age that would help them in both workplaces and in their home lives. Other countries do it and it works, the united states should too.",
      "created_utc": 1749018812.0,
      "score": 1,
      "permalink": "/r/education/comments/1l2cijg/whats_one_change_you_wish_schools_would_make_to/mvwq2ow/",
      "is_submitter": false,
      "edited": 1749019172.0,
      "stickied": false
    },
    {
      "id": "mvxghb0",
      "author": "QLDZDR",
      "body": ">What\u2019s one change you wish schools would make to better prepare students for real life?\n\nIf students don't follow the instructions and conquer the challenges, then they don't progress to the next level and they have to start over, refer to the instructions, the help notes and keep doing that until they have mastered those tasks.  They will lag behind their friends and that embarrassment is enough to incentivise them to work harder and allocate more effort to be better.....\n\nOh you said IRL, but I was writing about gaming.... oops my bad \ud83e\udee4\ud83d\ude09",
      "created_utc": 1749033991.0,
      "score": 1,
      "permalink": "/r/education/comments/1l2cijg/whats_one_change_you_wish_schools_would_make_to/mvxghb0/",
      "is_submitter": false,
      "edited": false,
      "stickied": false
    },
    {
      "id": "mvxgud0",
      "author": "truthy4evra-829",
      "body": "Get rid of tenure.",
      "created_utc": 1749034163.0,
      "score": 1,
      "permalink": "/r/education/comments/1l2cijg/whats_one_change_you_wish_schools_would_make_to/mvxgud0/",
      "is_submitter": false,
      "edited": false,
      "stickied": false
    },
    {
      "id": "mvy39eb",
      "author": "Jellowins",
      "body": "Hold parents accountable.",
      "created_utc": 1749043014.0,
      "score": 1,
      "permalink": "/r/education/comments/1l2cijg/whats_one_change_you_wish_schools_would_make_to/mvy39eb/",
      "is_submitter": false,
      "edited": false,
      "stickied": false
    },
    {
      "id": "mvzqchr",
      "author": "dabunting",
      "body": "Require students to quit using their phones in which they live in imaginary worlds, but instead to have to live in the real world. Get a job, go camping, join a non-curricular activity, even buy food and prepare their own meals.",
      "created_utc": 1749060039.0,
      "score": 1,
      "permalink": "/r/education/comments/1l2cijg/whats_one_change_you_wish_schools_would_make_to/mvzqchr/",
      "is_submitter": false,
      "edited": false,
      "stickied": false
    },
    {
      "id": "mw1owa7",
      "author": "rebeldream",
      "body": "Good breakfast and good lunch for every kid, free of charge. I work in a poor independent study school. We have a fridge and 30 to 50 meals delivered everyday. Sometime stuff gets thrown away, but it's the expectation for every kid in the school that they could go and eat while they're here. There is no stigma for eating in our learning center. But as a teacher, it's easy to see the students who will have four meals over the time they are coming for their appointments because that's the best and most consistent food they get every week. \n\nThere is a lot of research that says learning is much harder or impossible when dealing with physical issues like hunger. It is easy within our power to feed every kid in America.",
      "created_utc": 1749081230.0,
      "score": 1,
      "permalink": "/r/education/comments/1l2cijg/whats_one_change_you_wish_schools_would_make_to/mw1owa7/",
      "is_submitter": false,
      "edited": false,
      "stickied": false
    },
    {
      "id": "mw3kldx",
      "author": "FinalFriend4217",
      "body": "At 31 I decided to return to community college for a graphic design degree. I met a lot of students that were around 19/20 and most complained about having to do end of semester presentations. We were preparing for them all semester so it wasnt like it would be a last minute or big task. It really opened my eyes. Back when I was in high school even if you were nervous, there was no \u201cgetting out of it\u201d lol. The peers in my art class decided to go to the school and ask for some sort of \u201cfree pass\u201d saying they were so nervous they couldnt stand in front of a classroom of 12 people and the teacher to present. Most also had no idea how to unzip documents or use basic functions of Word\u2026 \n\nI ended up dropping classes the next semester bc I realized I wasnt going to get a good experience.\n\nI guess for my wish to change schools, I would push for less \u201cexcuses why I cant do this\u201d and more \u201ckeep trying and get back up and try again, apply yourself and learn.\u201d \n\nYou dont get a free pass at a job they just fire you and find someone who will do it.",
      "created_utc": 1749110240.0,
      "score": 1,
      "permalink": "/r/education/comments/1l2cijg/whats_one_change_you_wish_schools_would_make_to/mw3kldx/",
      "is_submitter": false,
      "edited": false,
      "stickied": false
    },
    {
      "id": "mw4i6qx",
      "author": "Fit_Farm2097",
      "body": "Teach about money \u2014 not just basics, but advanced economics and personal investing. \n\nWe teach humanities then leave students to Wall Street wolves.",
      "created_utc": 1749127044.0,
      "score": 1,
      "permalink": "/r/education/comments/1l2cijg/whats_one_change_you_wish_schools_would_make_to/mw4i6qx/",
      "is_submitter": false,
      "edited": false,
      "stickied": false
    },
    {
      "id": "mw57p6y",
      "author": "HurricaneLink",
      "body": "Teach history from the present and go backwards, and keep contextualizing how past events relate to the present. There was nothing worse than \u201cIn 1492 Columbus sailed the ocean blue\u201d and time traveling centuries without getting to more recent stuff. Would be terrible for history books, I know, and it would have to be done right, but proper context is everything in education, so you\u2019re not memorizing random dates and people with little relevance.",
      "created_utc": 1749135204.0,
      "score": 1,
      "permalink": "/r/education/comments/1l2cijg/whats_one_change_you_wish_schools_would_make_to/mw57p6y/",
      "is_submitter": false,
      "edited": false,
      "stickied": false
    },
    {
      "id": "mw5gtev",
      "author": "thomasrat1",
      "body": "Expel and hold kids back more. \n\nMy public school years was basically being a captive audience for the class clown.",
      "created_utc": 1749137809.0,
      "score": 1,
      "permalink": "/r/education/comments/1l2cijg/whats_one_change_you_wish_schools_would_make_to/mw5gtev/",
      "is_submitter": false,
      "edited": false,
      "stickied": false
    },
    {
      "id": "mw73f39",
      "author": "Disastrous_Lab_7317",
      "body": "Trash the foundation and start anew. The education system was built for an entirely different generation/world/infrastructure. We need a school of life. How to make decisions, how to choose a career, how to handle struggle, how to adult..... How to adapt to changing systems... How to create change. The world is adjusting and there is so much knowledge and resources that are accessible; however, we are focused on learning the past. We need to focus on history, yes, but students need to teach the teachers just as much as the teachers teach the students. Classrooms should be figuring things out together and learning about new information and how to discuss what's happening now. Education systems and colleges are not setting up the majority of people for success. Society and our old systems are too slow for how fast the world changes.",
      "created_utc": 1749154364.0,
      "score": 1,
      "permalink": "/r/education/comments/1l2cijg/whats_one_change_you_wish_schools_would_make_to/mw73f39/",
      "is_submitter": false,
      "edited": false,
      "stickied": false
    },
    {
      "id": "mw80evj",
      "author": "Puzzleheaded-Tax-936",
      "body": "Mandatory personal finance course to graduate; making students use textbooks and notebooks instead of technology.  Mandatory leisure reading (x minutes per week), teaching cursive\u2026 \nto name a few.",
      "created_utc": 1749164494.0,
      "score": 1,
      "permalink": "/r/education/comments/1l2cijg/whats_one_change_you_wish_schools_would_make_to/mw80evj/",
      "is_submitter": false,
      "edited": false,
      "stickied": false
    },
    {
      "id": "mwafhp9",
      "author": "prag513",
      "body": "Teach learning-to-learn before teaching subject matter.  That includes the following...\n\n1. Teach that there is more than one right answer or wrong answer.\n2. Teach how to do research on the pros and cons of an issue.\n3. Teach how to make the best use of AI without it doing the work for you.\n4. Teach that there are unintended consequences to even our best ideas and pragmatic thinking.\n5. Teach communication skills and how best to organize data.\n6. Teach how to write concisely and effectively.\n7. Teach how to listen and comprehend what was said or written without personal bias.\n8. Teach how to recognize your natural talents and how to make the best use of them.",
      "created_utc": 1749203436.0,
      "score": 1,
      "permalink": "/r/education/comments/1l2cijg/whats_one_change_you_wish_schools_would_make_to/mwafhp9/",
      "is_submitter": false,
      "edited": 1749204608.0,
      "stickied": false
    },
    {
      "id": "mwb02ee",
      "author": "iguanasdefuego",
      "body": "I honestly don\u2019t think parents and students need 24/7 access to the gradebook. It creates a system where students decide they won\u2019t need to try on certain assignments (especially when combined with a no-zero policy).",
      "created_utc": 1749212906.0,
      "score": 1,
      "permalink": "/r/education/comments/1l2cijg/whats_one_change_you_wish_schools_would_make_to/mwb02ee/",
      "is_submitter": false,
      "edited": false,
      "stickied": false
    },
    {
      "id": "mwblniv",
      "author": "sunlit_portrait",
      "body": "Schools can\u2019t change anything. Government policy has to change. Schools don\u2019t fail kids because they get struck for doing so in some way, even though everyone knows it\u2019s all a lie, including the people who get mad if a student fails.",
      "created_utc": 1749220031.0,
      "score": 1,
      "permalink": "/r/education/comments/1l2cijg/whats_one_change_you_wish_schools_would_make_to/mwblniv/",
      "is_submitter": false,
      "edited": false,
      "stickied": false
    },
    {
      "id": "mwddipw",
      "author": "Kayak1984",
      "body": "Teach personal/consumer finance and media literacy. Especially teach how advertising manipulates us into buying things and spending money we don\u2019t have, which becomes worse because of financing/interest.",
      "created_utc": 1749238627.0,
      "score": 1,
      "permalink": "/r/education/comments/1l2cijg/whats_one_change_you_wish_schools_would_make_to/mwddipw/",
      "is_submitter": false,
      "edited": false,
      "stickied": false
    },
    {
      "id": "mwib7nl",
      "author": "jeffsuzuki",
      "body": "Bring back bullying.\n\nThe goal of education isn't to \"prepare students for real life.\"  It's to \"prepare students to make the life they want.\"\n\nSure, there are practical things that students should learn, but the thing that best prepares you for real life is living it.  And real life is complicated and changing constantly, so that even if schools prepared you for \"real life\", that knowledge would be obsolete in a few years.  \n\nThe purpose of education is to teach people that *things could be better if we work to make them better*.  It's the reason \"Republicans\" (I use the quotes, because the thing that calls itself the Republican party has no resemblance to the Republican party I knew when I was younger) hate education and ban books but not guns:  books are dangerous to the status quo, because a good book says *it doesn't have to be this way.*",
      "created_utc": 1749312199.0,
      "score": 1,
      "permalink": "/r/education/comments/1l2cijg/whats_one_change_you_wish_schools_would_make_to/mwib7nl/",
      "is_submitter": false,
      "edited": false,
      "stickied": false
    },
    {
      "id": "mwj2lpx",
      "author": "BUSABulldog",
      "body": "Consequences!",
      "created_utc": 1749320795.0,
      "score": 1,
      "permalink": "/r/education/comments/1l2cijg/whats_one_change_you_wish_schools_would_make_to/mwj2lpx/",
      "is_submitter": false,
      "edited": false,
      "stickied": false
    },
    {
      "id": "mwowg8o",
      "author": "notyourwelcomemat",
      "body": "mental health education and an understanding of community resources",
      "created_utc": 1749404827.0,
      "score": 1,
      "permalink": "/r/education/comments/1l2cijg/whats_one_change_you_wish_schools_would_make_to/mwowg8o/",
      "is_submitter": false,
      "edited": false,
      "stickied": false
    },
    {
      "id": "mwshp3h",
      "author": "oceaniaorchid",
      "body": "I wish that schools could make learning something students actually want to do. I don\u2019t know how, I don\u2019t have the magic wand. If a student actually knows how to learn, and they know it, they then know they can actually learn anything.  It just takes their own motivation to learn it. \n\nI\u2019ve seen kids who were not ready in HS go into the workforce and then later go to college for degrees they never would have gone into straight from HS and do well.  \n\nMore trade, or shop classes, home economics, music, art; classes to give experiences and physical opportunities to try something.",
      "created_utc": 1749452620.0,
      "score": 1,
      "permalink": "/r/education/comments/1l2cijg/whats_one_change_you_wish_schools_would_make_to/mwshp3h/",
      "is_submitter": false,
      "edited": false,
      "stickied": false
    },
    {
      "id": "mwvjd6s",
      "author": "Allegra1120",
      "body": "Remove kids from MAGAt households.",
      "created_utc": 1749493626.0,
      "score": 1,
      "permalink": "/r/education/comments/1l2cijg/whats_one_change_you_wish_schools_would_make_to/mwvjd6s/",
      "is_submitter": false,
      "edited": false,
      "stickied": false
    },
    {
      "id": "mvsixp7",
      "author": "RicketyWickets",
      "body": "Teach emotional maturity, civic involvement, make achieving things exiting and rewarding.",
      "created_utc": 1748966837.0,
      "score": 0,
      "permalink": "/r/education/comments/1l2cijg/whats_one_change_you_wish_schools_would_make_to/mvsixp7/",
      "is_submitter": false,
      "edited": false,
      "stickied": false
    },
    {
      "id": "mvsr1vb",
      "author": "Responsible-Fun4303",
      "body": "Finance!! So many don\u2019t understand the true reality of debt, interest rates, budgeting, etc.  It\u2019s a life skill many lack.  Sure you might make $100,000 a year but it doesn\u2019t mean you\u2019ll pay off a $100,000 vehicle easily once interest and other life expenses come into play.",
      "created_utc": 1748969133.0,
      "score": 0,
      "permalink": "/r/education/comments/1l2cijg/whats_one_change_you_wish_schools_would_make_to/mvsr1vb/",
      "is_submitter": false,
      "edited": false,
      "stickied": false
    },
    {
      "id": "mvvxyae",
      "author": "palsh7",
      "body": "Something has to be done to fix SpEd, too. Instead of a way to ensure that kids get extra help to eventually become independent, it has become a catch-all excuse to lower expectations and eliminate consequences, ensuring that students with IEP/504 end up being less prepared than if they didn't have an individualized plan. No one has time or resources to actually implement the IEP as written (they're often impossible to implement realistically), so it ends up just being a list of kids who can't receive bad grades and shouldn't ever be challenged. I have a few students who know with certainty that they can sleep in class and curse out teachers and still get C's and be on the basketball team, and they're about to go to high school never having mastered 2nd grade content. Everyone just \"accommodated\" with things like 50/50 questions and endless retakes and audiobooks and shorter assignments and no late penalties and teacher-provided notes and on and on, until it was basically the teacher doing the classwork, the homework, and taking the test for the student, and the student barely having to be present. Felt exactly like fraud, and I've experienced that in every district I've been in, poor or rich.",
      "created_utc": 1749005757.0,
      "score": 8,
      "permalink": "/r/education/comments/1l2cijg/whats_one_change_you_wish_schools_would_make_to/mvvxyae/",
      "is_submitter": false,
      "edited": false,
      "stickied": false
    },
    {
      "id": "mvruczt",
      "author": "TJblue69",
      "body": "I think we need to move in the opposite direction, to an extreme.\nMake failing classes the only thing. Abolish \u201cgrades\u201d entirely. It should be seperate subjects that you level up through, and the graduation requirements are reaching specific levels in each and/or a certain average.",
      "created_utc": 1748959903.0,
      "score": 6,
      "permalink": "/r/education/comments/1l2cijg/whats_one_change_you_wish_schools_would_make_to/mvruczt/",
      "is_submitter": false,
      "edited": false,
      "stickied": false
    },
    {
      "id": "mvsrz68",
      "author": "Ethan-Wakefield",
      "body": "I'd provisionally agree. Bring back failing classes, but that has to be done in some kind of sane way that still supports students.\n\nThere's a guy in my parent-teacher association who's rabid about the \"bring back failure\" thing, and for him the way it works is something like \"Give students zeros! Don't give them more chances! First time, every time!\"\n\nAnd when I ask him, \"what happens when students in fact do fail?\" his answer is something like, \"Then too bad! Screw them! They can re-do the class, from scratch! Do better! Get good.\"\n\nAnd when I point out that a student who's held back can potentially have life-altering problems, like they are held back because they failed a math class, but now they're going to be forever behind in math, this parent basically says, \"Good! Then there are consequences! That kid screwed up his life forever? He'll be a lesson to the rest of them! Nobody will want to screw up when they find out they're going to flip burgers for life! That's what we need in America! We need to stop feeling like everybody is cut out for college, because most kids aren't, and the faster the dummies figure that out, the better off we'll all be!\"\n\nTo me, this is plainly an attempt to remove people from the educational system to funnel more resources into the \"winners\". This is an underhanded way of creating scarcity in education so that this parent's kids (who are very well prepared, academically speaking) are among the few to get college degrees, which will be \"worth more\" because the college degree won't be \"inflated\".\n\nAnd... I get it? Everybody wants a college degree to be a job voucher. But it's also kinda shitty to create that system by ruthlessly punishing everybody who ever fails in the system.\n\nSo, I support failing students as long as there's some fairly sane plan to bring in supports, etc., to get those students to the standard. We should actually be educating them, not just ranking and evaluating them.",
      "created_utc": 1748969388.0,
      "score": 6,
      "permalink": "/r/education/comments/1l2cijg/whats_one_change_you_wish_schools_would_make_to/mvsrz68/",
      "is_submitter": false,
      "edited": false,
      "stickied": false
    },
    {
      "id": "mvsxmsj",
      "author": "Remarkable-Grab8002",
      "body": "NCLB was replaced in 2015. The government failed our children by stripping the DOE of funding and using education as political fodder to attack marginalized communities. Again, it's the government's fault specifically. Our government decided in the 60s and 70s that education was for the wealthy and began tearing it down. What you're seeing was always their plan.",
      "created_utc": 1748970931.0,
      "score": 3,
      "permalink": "/r/education/comments/1l2cijg/whats_one_change_you_wish_schools_would_make_to/mvsxmsj/",
      "is_submitter": false,
      "edited": false,
      "stickied": false
    },
    {
      "id": "mvs9ys6",
      "author": "Mammoth_Western_2381",
      "body": "No Child Left Behind is not a federal ban on failing kids in class/making them repeat the year. It's just a catchy name. What the bill actually does is codify the information that schools need to submit in regards to student performance, establish academic assesment via standardized testing, and promote ''school choice'' policy.",
      "created_utc": 1748964350.0,
      "score": 0,
      "permalink": "/r/education/comments/1l2cijg/whats_one_change_you_wish_schools_would_make_to/mvs9ys6/",
      "is_submitter": false,
      "edited": false,
      "stickied": false
    },
    {
      "id": "mvua5pt",
      "author": "SilfrRekkr",
      "body": "But then how will I justify my 10 million dollar contract with the district for my app that doesn\u2019t work 73% of the time?",
      "created_utc": 1748985350.0,
      "score": 9,
      "permalink": "/r/education/comments/1l2cijg/whats_one_change_you_wish_schools_would_make_to/mvua5pt/",
      "is_submitter": false,
      "edited": false,
      "stickied": false
    },
    {
      "id": "mvwqabv",
      "author": "None",
      "body": "When I was in elementary school, they taught us how to type and use word processors. But we only used the computer lab for lessons like that where it made sense. Students shouldn't be learning basic math on laptops. Computer lessons are okay, but they should only be for computer related topics, and done in a computer lab.",
      "created_utc": 1749018928.0,
      "score": 4,
      "permalink": "/r/education/comments/1l2cijg/whats_one_change_you_wish_schools_would_make_to/mvwqabv/",
      "is_submitter": false,
      "edited": false,
      "stickied": false
    },
    {
      "id": "mw80u7v",
      "author": "Puzzleheaded-Tax-936",
      "body": "I \ud83d\udcaf agree- maybe a half hour per week lab time with typing class or programs like \u201cOregon Trail\u201d and such.  Elementary school students do not screen time to learn.",
      "created_utc": 1749164639.0,
      "score": 3,
      "permalink": "/r/education/comments/1l2cijg/whats_one_change_you_wish_schools_would_make_to/mw80u7v/",
      "is_submitter": false,
      "edited": false,
      "stickied": false
    },
    {
      "id": "mw1x559",
      "author": "chessandkey",
      "body": "I'd mostly agree.\n\nThough I do often hear the other side of the argument being that no late work should be accepted, as that's what real life is like.\n\nI went from teaching to engineering. I turn in \"late work\" all the time. 95% of deadlines are flexible... provided there's a good reason.\n\nAlthough, it was funny to listen to a math teacher I worked with state \"I shouldn't have to accept ANY late work! No one accepts my work when it's late!\" who was habitually late at doing almost all of his work, including grading. The self-awareness on that guy was astounding.",
      "created_utc": 1749084147.0,
      "score": 1,
      "permalink": "/r/education/comments/1l2cijg/whats_one_change_you_wish_schools_would_make_to/mw1x559/",
      "is_submitter": false,
      "edited": false,
      "stickied": false
    },
    {
      "id": "mvw3zvd",
      "author": "AlexJokerHAL",
      "body": "Whole state systems have existing phone bans during school hours. What happens at home is on the parents and this is when the real damage occurs.",
      "created_utc": 1749008209.0,
      "score": 3,
      "permalink": "/r/education/comments/1l2cijg/whats_one_change_you_wish_schools_would_make_to/mvw3zvd/",
      "is_submitter": false,
      "edited": false,
      "stickied": false
    },
    {
      "id": "mvz1a7q",
      "author": "HazyDavey68",
      "body": "People should get a lawyer for those things.",
      "created_utc": 1749053060.0,
      "score": 1,
      "permalink": "/r/education/comments/1l2cijg/whats_one_change_you_wish_schools_would_make_to/mvz1a7q/",
      "is_submitter": false,
      "edited": false,
      "stickied": false
    },
    {
      "id": "mvsrnn4",
      "author": "Automatic-Nebula157",
      "body": "I went with an open book/open note tests plan this year for high school history - the majority of the kids still failed the test because they couldn't be bothered to even open the book or look through their guided notes.",
      "created_utc": 1748969300.0,
      "score": 13,
      "permalink": "/r/education/comments/1l2cijg/whats_one_change_you_wish_schools_would_make_to/mvsrnn4/",
      "is_submitter": false,
      "edited": false,
      "stickied": false
    },
    {
      "id": "mvsjmb1",
      "author": "Artistic-Frosting-88",
      "body": "I recently had to abandon open note exams. I realized most students now don't study for them. Instead, when the exam begins, they just open their notes and start copying--word for word--sections of their notes they think answer the question.\u00a0\n\n\nMy exams are typically three essay questions, so I end up with one lengthy answer and two questions with no answer because they didn't have time to transcribe more than one.\u00a0\n\n\nThen, when I ask them about the one question they did answer a week after the exam, they can't remember anything because they never took the time to learn it in the first place. I think when they hear open note, they assume it's not something they actually have to know. That's been my experience the past couple of years anyway.",
      "created_utc": 1748967029.0,
      "score": 9,
      "permalink": "/r/education/comments/1l2cijg/whats_one_change_you_wish_schools_would_make_to/mvsjmb1/",
      "is_submitter": false,
      "edited": false,
      "stickied": false
    },
    {
      "id": "mvt4kn0",
      "author": "boowut",
      "body": "My college definitely did not have open note or open book exams. \n\nTutoring geometry students especially it\u2019s painfully obvious that teenagers interpret open notes and guided notes as \u201cI don\u2019t need to do any preparation and I can just copy this.\u201d I spend most of my time convincing them that they don\u2019t even understand their notes well enough to use them to even *finish* a timed test, let alone understanding the concepts well enough that they see their notes as connected and in context with math/the world",
      "created_utc": 1748972811.0,
      "score": 6,
      "permalink": "/r/education/comments/1l2cijg/whats_one_change_you_wish_schools_would_make_to/mvt4kn0/",
      "is_submitter": false,
      "edited": false,
      "stickied": false
    },
    {
      "id": "mvurwqc",
      "author": "boopigotyournose",
      "body": "I only teach middle school but I do think the memorization that comes with a traditional test is important for learning the basics with enough automaticity that it can be applied to deeper content. If you\u2019re having to look up the rote facts, then you\u2019re not going to notice the patterns and make deeper connections.\u00a0\n\nI\u2019m definitely not saying traditional tests are the end all be all but I think there is merit in memorizing information. I like tests then lead into a more hands on project that will let them show \u201cdo you understand this material\u201d\u00a0",
      "created_utc": 1748991010.0,
      "score": 4,
      "permalink": "/r/education/comments/1l2cijg/whats_one_change_you_wish_schools_would_make_to/mvurwqc/",
      "is_submitter": false,
      "edited": false,
      "stickied": false
    },
    {
      "id": "mvs0rr9",
      "author": "vaspost",
      "body": "Funny how open book tests were always more difficult.\n\nAgree on learning how to fail and keep trying.",
      "created_utc": 1748961763.0,
      "score": 2,
      "permalink": "/r/education/comments/1l2cijg/whats_one_change_you_wish_schools_would_make_to/mvs0rr9/",
      "is_submitter": false,
      "edited": false,
      "stickied": false
    },
    {
      "id": "mvvevud",
      "author": "NefariousSchema",
      "body": "No. Use your research skills to read up on cognitive load theory and you'll understand why this is a terrible idea k-12.",
      "created_utc": 1748998889.0,
      "score": 2,
      "permalink": "/r/education/comments/1l2cijg/whats_one_change_you_wish_schools_would_make_to/mvvevud/",
      "is_submitter": false,
      "edited": false,
      "stickied": false
    },
    {
      "id": "mvvvkhg",
      "author": "palsh7",
      "body": "I 100% disagree about the nature of the workplace and knowledge. In the workplace, I absolutely need to know things rote, because I don't have the ability to pause time, do some research, and then unpause time and react. I need to be a pro who already knows things. And that's even more so the case with many other jobs. A pilot can't research how to land a plane later, when the moment arrises: they have to have that knowledge on hand at all times. I'm not against any tests being open book, but with technology being what it is, an \"open book\" test can be aced without a single thing being studied or understood beforehand. I've gotten 100% on exams like that and didn't need to actually know a goddamn thing. It didn't really assess what I knew, nor my ability to research, nor my ability to use information in a real life \"authentic\" situation. There are millions of people who need to have things memorized. We shouldn't be lowering expectations when billions of people in the past have had no problem memorizing; and again, that isn't to say that we shouldn't also be teaching and assessing higher-order thinking, but open-notes tests aren't that. They're ways for us to deal with fewer bad grades, so that no one has to confront the awful truth that no one is learning anything, and no one is bothering to study.",
      "created_utc": 1749004845.0,
      "score": 1,
      "permalink": "/r/education/comments/1l2cijg/whats_one_change_you_wish_schools_would_make_to/mvvvkhg/",
      "is_submitter": false,
      "edited": false,
      "stickied": false
    },
    {
      "id": "mvvf5ia",
      "author": "NefariousSchema",
      "body": "Teachers have class discussions all the time. If kids aren't discussing, it's because they're too apathetic, or just too pathetic, to bother.",
      "created_utc": 1748998985.0,
      "score": 2,
      "permalink": "/r/education/comments/1l2cijg/whats_one_change_you_wish_schools_would_make_to/mvvf5ia/",
      "is_submitter": false,
      "edited": false,
      "stickied": false
    },
    {
      "id": "mvw0s3h",
      "author": "palsh7",
      "body": "Problem is that projects are, in my experience as both a student and a teacher, incredibly unrealistic and end up just being busy work to decorate the classroom with. Admin wants a picture of a science fair to put in the newsletter that parents don't read, so get it done. Kids aren't doing the work? That's a you problem. Make sure it looks nice, because the superintendent will be here to do a walk-through. Parents are doing the science fair projects for their kids? Good, at least they'll look nice. You're doing the science fair projects for the rest of them, because otherwise you'll have to fail them? Whatever. At least kids aren't taking tests. Gotta keep them entertained. Give them C's and keep it moving.",
      "created_utc": 1749006880.0,
      "score": 1,
      "permalink": "/r/education/comments/1l2cijg/whats_one_change_you_wish_schools_would_make_to/mvw0s3h/",
      "is_submitter": false,
      "edited": false,
      "stickied": false
    },
    {
      "id": "mvrxv6t",
      "author": "vaspost",
      "body": "That is more than one change.  \n\nIf vacation time is spread out over the year it becomes wasted time.  With a significant summer break it's possible for students to do something meaningful... jobs, camps, etc.  For young kids parents can make arrangements for summer break.  Random days off are more difficult.  I do get your point.  More time in school would be better but that isn't going to happen.\n\nCooking should be required.  I had cooking in middle school and it was memorable.  The health class at my high school is pathetic.  It should have several times the content.",
      "created_utc": 1748960924.0,
      "score": 7,
      "permalink": "/r/education/comments/1l2cijg/whats_one_change_you_wish_schools_would_make_to/mvrxv6t/",
      "is_submitter": false,
      "edited": false,
      "stickied": false
    },
    {
      "id": "mvxdcuc",
      "author": "ThePolemicist",
      "body": "I think summers should be protected. According to current research, kids need more unstructured time (not spent on phones or screens). They need it for their mental health and social development. \n\nSummer can be a great time for kids to have the freedom they need, prioritize socializing with friends, and sometimes start part-time jobs and projects.",
      "created_utc": 1749032412.0,
      "score": 1,
      "permalink": "/r/education/comments/1l2cijg/whats_one_change_you_wish_schools_would_make_to/mvxdcuc/",
      "is_submitter": false,
      "edited": false,
      "stickied": false
    },
    {
      "id": "mvsdb57",
      "author": "old_Spivey",
      "body": "And yet, summer vacation never caused issues in the past. Dispense with the faulty notion that more instructional time creates greater success. It doesn't. These are people and not computers. More programming time works with software, it doesn't work with kids. Too much BS crap in schools with point counting, SEL, professional academies, standardization to the point that every class is the same.  Make students accountable again and for the love of God quit calling them scholars!",
      "created_utc": 1748965276.0,
      "score": 0,
      "permalink": "/r/education/comments/1l2cijg/whats_one_change_you_wish_schools_would_make_to/mvsdb57/",
      "is_submitter": false,
      "edited": false,
      "stickied": false
    },
    {
      "id": "mvwqze3",
      "author": "None",
      "body": "This puts kids with bad parents at an unfair disadvantage. In general this could be true, but the school should have extra resources for kids with parents that don't do their part.",
      "created_utc": 1749019308.0,
      "score": 1,
      "permalink": "/r/education/comments/1l2cijg/whats_one_change_you_wish_schools_would_make_to/mvwqze3/",
      "is_submitter": false,
      "edited": false,
      "stickied": false
    },
    {
      "id": "mwxel1p",
      "author": "whatdoiknow75",
      "body": "Make bullying socially unacceptable.  I don't want my tax dollars go to a system that encourages threats and intimidation as the first way to get what you want.  Might makes right is a direct assault on a democratic government. It encourages lawlessness.\n\nI'll pick up on teaching more about mental health and empowering students to laugh at the bullies and shake off senseless ad hominem attacks.\n\nTwo different views of what makes civilization civilized. In my civilizations bullies get called out for the power mad, or just mad at the world, as being uncivilized.  Or as the old when America Was Great days they were considered, \"Not fit for polite society\" and ostracized.",
      "created_utc": 1749513735.0,
      "score": 1,
      "permalink": "/r/education/comments/1l2cijg/whats_one_change_you_wish_schools_would_make_to/mwxel1p/",
      "is_submitter": false,
      "edited": false,
      "stickied": false
    },
    {
      "id": "mwah8n1",
      "author": "prag513",
      "body": "From my experience as a parent of a language-impaired student, we demanded that our son spend half his day in a normal class where he would be exposed to normal kids and any abuse from other kids. \n\nMy son was not stupid, he figured out that he could be sent to the isolation of that Special ED room if he created enough chaos that the normal teacher would remove him. Thus, the Special Ed teachers had to spend time with him in a normal classroom. In time, the kids in his class would help him, and his drive to be considered normal kicked in. He eventually attended Central Connecticut University in a creative writing program as a main-streammed student.",
      "created_utc": 1749204425.0,
      "score": 2,
      "permalink": "/r/education/comments/1l2cijg/whats_one_change_you_wish_schools_would_make_to/mwah8n1/",
      "is_submitter": false,
      "edited": false,
      "stickied": false
    },
    {
      "id": "mvy6xh2",
      "author": "willowmarie27",
      "body": "Ieps and the law absolutely do not work for inclusion. The only goal should be accessing the grade level material.\n\nThats it.\n\nThe only accommodation I like is extended testing time and testing in a separate location. The rest are usually not practical.",
      "created_utc": 1749044232.0,
      "score": 1,
      "permalink": "/r/education/comments/1l2cijg/whats_one_change_you_wish_schools_would_make_to/mvy6xh2/",
      "is_submitter": false,
      "edited": false,
      "stickied": false
    },
    {
      "id": "mvruzvq",
      "author": "Sam_Cobra_Forever",
      "body": "I found out that in my rural community in the Covid crisis a large chunk of students did nothing. Did not show up to video classes, did not turn in the homework, literally just went on vacation for the entire school year.\n\nWhat the school did is took the students who did show up and finished them early. They then took all the students who skipped the entire year and allowed them to finish in a hurried up 30 day \u2018year\u2019 at the end.\n\nthink about the lesson that sent to every kid in that school.",
      "created_utc": 1748960086.0,
      "score": 15,
      "permalink": "/r/education/comments/1l2cijg/whats_one_change_you_wish_schools_would_make_to/mvruzvq/",
      "is_submitter": false,
      "edited": false,
      "stickied": false
    },
    {
      "id": "mvu3bn0",
      "author": "Jkskradski",
      "body": "Commenting on What\u2019s one change you wish schools would make to better prepare students for real life?...I teach high school and I agree. No 1st, 2nd, 3rd grade. Just level 2,3,4 etc reading level. If it takes 5 years to get there, so be it. It\u2019ll never happen because everything about education as we know it would have to be ripped apart & redone, including the way schools are set up. And parents would have to help kids (that\u2019s challenging to do when you have 3 jobs). But that\u2019s how we improve scores.  Kids would be able to focus on a single goal & not 10 every year.",
      "created_utc": 1748983362.0,
      "score": 0,
      "permalink": "/r/education/comments/1l2cijg/whats_one_change_you_wish_schools_would_make_to/mvu3bn0/",
      "is_submitter": false,
      "edited": false,
      "stickied": false
    },
    {
      "id": "mvtols7",
      "author": "Sam_Cobra_Forever",
      "body": "We can make supports, but I get sick at the term \u2018school avoidance\u2019\n\nKids look for boundaries, it is part of being a young person.\n\nI see kids who are taking out massive loans for colleges they should not go to. They need boundaries to know their own abilities.",
      "created_utc": 1748979099.0,
      "score": 6,
      "permalink": "/r/education/comments/1l2cijg/whats_one_change_you_wish_schools_would_make_to/mvtols7/",
      "is_submitter": false,
      "edited": false,
      "stickied": false
    },
    {
      "id": "mvvz7n8",
      "author": "palsh7",
      "body": "I agree that too many people are stuck in a mindset of \"just let them fail or fucking expel them, who cares,\" but there are also too many people who use those people as an excuse to continue the new system that clearly isn't working. The problem is that actually addressing the problem takes resources, and it's not just apathetic people, but \"empathetic\" people, too, who don't really want to provide more resources to schools. A lot of the uber-friendly rhetoric about inclusion and mainstreaming is just as mask for not wanting to expend additional resources.",
      "created_utc": 1749006253.0,
      "score": 1,
      "permalink": "/r/education/comments/1l2cijg/whats_one_change_you_wish_schools_would_make_to/mvvz7n8/",
      "is_submitter": false,
      "edited": false,
      "stickied": false
    },
    {
      "id": "mvw8zop",
      "author": "francophone22",
      "body": "More like our government decided that rather than provide equal resources to Blacks and whites, they\u2019d allow states to abdicate all responsibility for educating all students.",
      "created_utc": 1749010346.0,
      "score": 1,
      "permalink": "/r/education/comments/1l2cijg/whats_one_change_you_wish_schools_would_make_to/mvw8zop/",
      "is_submitter": false,
      "edited": false,
      "stickied": false
    },
    {
      "id": "mvsanou",
      "author": "Sam_Cobra_Forever",
      "body": "it standardized the practice of moving kids ahead who were not ready",
      "created_utc": 1748964541.0,
      "score": 8,
      "permalink": "/r/education/comments/1l2cijg/whats_one_change_you_wish_schools_would_make_to/mvsanou/",
      "is_submitter": false,
      "edited": false,
      "stickied": false
    },
    {
      "id": "mvzhqoa",
      "author": "Ok_Statistician_9825",
      "body": "You\u2019re so so right about that. At least during school hours the anxiety center of their brain doesn\u2019t have to be concerned with checking their phone. My state is working toward a ban but right now kids will fight like mad for a pass to the bathroom so they can check their phone.",
      "created_utc": 1749057676.0,
      "score": 2,
      "permalink": "/r/education/comments/1l2cijg/whats_one_change_you_wish_schools_would_make_to/mvzhqoa/",
      "is_submitter": false,
      "edited": false,
      "stickied": false
    },
    {
      "id": "mvzkuo4",
      "author": "vaspost",
      "body": "Lawyers have made these processes stupidly complicated and they've done a great job of making sure no one else knows how they work.\n\nSure many of these processes will require a lawyer; however, having a basic understanding of how these systems work would be great preparation for real life.  They would at least know what questions to ask a lawyer and have a better understanding of when they're getting screwed by a lawyer.",
      "created_utc": 1749058528.0,
      "score": 1,
      "permalink": "/r/education/comments/1l2cijg/whats_one_change_you_wish_schools_would_make_to/mvzkuo4/",
      "is_submitter": false,
      "edited": false,
      "stickied": false
    },
    {
      "id": "mvvwe5q",
      "author": "palsh7",
      "body": "Yup. And if I'm talking to someone about the Civil War, and they have to get on their phone and ask Siri when it happened, I'm not going to be too impressed with their U.S. History degree.",
      "created_utc": 1749005156.0,
      "score": 2,
      "permalink": "/r/education/comments/1l2cijg/whats_one_change_you_wish_schools_would_make_to/mvvwe5q/",
      "is_submitter": false,
      "edited": false,
      "stickied": false
    },
    {
      "id": "mvw86kn",
      "author": "tvmaly",
      "body": "I totally understand that. I just finished helping my six year old with his science fair. But the type of projects I am talking about are much different. I taught an eight week studio course to middle school students last year. They built their own cars out of parts, servos, and microbits. Programmed them with makecode. The final part was a race through a maze to see which team could make the best time. There were tons of things that went wrong for each team, but they all learned a lot.",
      "created_utc": 1749009989.0,
      "score": 1,
      "permalink": "/r/education/comments/1l2cijg/whats_one_change_you_wish_schools_would_make_to/mvw86kn/",
      "is_submitter": false,
      "edited": false,
      "stickied": false
    },
    {
      "id": "mvsergw",
      "author": "allycat1229",
      "body": "Spreading the 8-12 weeks off through the year is significantly more beneficial to the entire family structure as well as the educational needs of the kids. If you do one six week chunk to break up two school years with two - three two week breaks at specific points in the year that is easier to manage. This is essentially the structure of many European countries and I'm almost positive it's the exact structure for Australia in particular. Plus, all of the options for childcare in the summer cost so much money.",
      "created_utc": 1748965677.0,
      "score": 2,
      "permalink": "/r/education/comments/1l2cijg/whats_one_change_you_wish_schools_would_make_to/mvsergw/",
      "is_submitter": false,
      "edited": false,
      "stickied": false
    },
    {
      "id": "mvsenhx",
      "author": "ShockedNChagrinned",
      "body": "So ~the way it worked was fine and the world hasn't changed at all since then so it should still be fine.\n\n\nNoted.\u00a0\u00a0",
      "created_utc": 1748965647.0,
      "score": 4,
      "permalink": "/r/education/comments/1l2cijg/whats_one_change_you_wish_schools_would_make_to/mvsenhx/",
      "is_submitter": false,
      "edited": false,
      "stickied": false
    },
    {
      "id": "mvt103w",
      "author": "mrsyanke",
      "body": "Summer vacation has *always* caused issues! Students forget everything they\u2019ve learned, August has always been a month of reviewing to try to pull some information up from the depths. It\u2019s also always a full behavior reset, because being out of structure and routine for two months causes disregulation. There are benefits, no doubt, but most of those benefits (vacations, summer camps) apply to the shrinking middle class and upper class, while the detriments apply to the growing lower class",
      "created_utc": 1748971847.0,
      "score": 0,
      "permalink": "/r/education/comments/1l2cijg/whats_one_change_you_wish_schools_would_make_to/mvt103w/",
      "is_submitter": false,
      "edited": false,
      "stickied": false
    },
    {
      "id": "mvrvcal",
      "author": "TJblue69",
      "body": "That happened where I teach and it\u2019s not good. I agree. If we had a better and more democratic system we could\u2019ve come up with a far better solution than those in charge",
      "created_utc": 1748960189.0,
      "score": 4,
      "permalink": "/r/education/comments/1l2cijg/whats_one_change_you_wish_schools_would_make_to/mvrvcal/",
      "is_submitter": false,
      "edited": false,
      "stickied": false
    },
    {
      "id": "mvvyc2i",
      "author": "palsh7",
      "body": "I have a student who missed my class 70 times this year, and I am probably going to be yelled at for not passing them, even though the district did nothing whatsoever to address the truancy. I will be told that I failed them.",
      "created_utc": 1749005907.0,
      "score": 3,
      "permalink": "/r/education/comments/1l2cijg/whats_one_change_you_wish_schools_would_make_to/mvvyc2i/",
      "is_submitter": false,
      "edited": false,
      "stickied": false
    },
    {
      "id": "mvu7ypj",
      "author": "Ethan-Wakefield",
      "body": "Sure, boundaries are great. Students need to learn discipline, boundaries, and other soft skills. I\u2019m all about that. I\u2019m just saying, we need to actually teach these things, not just expect them and fail the students (and often push them out of education) when they don\u2019t have them.",
      "created_utc": 1748984692.0,
      "score": 3,
      "permalink": "/r/education/comments/1l2cijg/whats_one_change_you_wish_schools_would_make_to/mvu7ypj/",
      "is_submitter": false,
      "edited": false,
      "stickied": false
    },
    {
      "id": "mvtsgkj",
      "author": "Proof_Screen_765",
      "body": "I\u2019m now 48 and still paying back loans I took out 30 years ago. This is not some new thing we can blame on kids. I\u2019m all for structures and boundaries, but predatory loans have been a round for a while.",
      "created_utc": 1748980240.0,
      "score": 2,
      "permalink": "/r/education/comments/1l2cijg/whats_one_change_you_wish_schools_would_make_to/mvtsgkj/",
      "is_submitter": false,
      "edited": false,
      "stickied": false
    }
  ],
  "relevance": {
    "score": 9,
    "user_type": "administrator",
    "pain_points": [
      ">what\u2019s one change you wish schools would make to better prepare students for real life?\n\nif students don't follow the instructions and conquer the challenges, then they don't progress to the next level and they have to start over, refer to the instructions, the help notes and keep doing that until they have mastered those tasks",
      "no one has time or resources to actually implement the iep as written (they're often impossible to implement realistically), so it ends up just being a list of kids who can't receive bad grades and shouldn't ever be challenged"
    ],
    "keywords_found": [
      "504",
      "screen time",
      "routine"
    ],
    "sentiment_score": 0.9997,
    "age_relevance": false,
    "urgency_level": "low",
    "competitive_mentions": [],
    "timestamp": "2025-06-12T14:52:28.483236"
  }
}