{
  "subreddit": "specialed",
  "post": {
    "id": "1l97no7",
    "title": "Advice for Biters",
    "author": "Existing_Potential37",
    "created_utc": 1749684846.0,
    "score": 18,
    "num_comments": 74,
    "url": "https://www.reddit.com/r/specialed/comments/1l97no7/advice_for_biters/",
    "selftext": "Hi all! I\u2019m a 1-1 paraprofessional and was just assigned to a new student. My student is in second grade. Long story short he\u2019s a biter. He bites really hard. Not just the arms, but anywhere he can get to. Today I was bit well over ten times and had three really bad ones that left marks. He bit my coworkers multiple times as well. One on my side and he bit me twice on my arm. I was wearing protective gloves, feeding the bite, and I still have pretty bad bruising on my arm. It\u2019s very painful. \n\nOne of the bites he refused to let go for about a minute. When I was feeding the bite, he seemed to like the pressure and was laughing. He\u2019s very sensory seeking and I\u2019m worried the biting is going to continue to escalate and I\u2019m unsure how to protect myself at work when protective sleeves are being bit through, feeding the bite is reinforcing and seeming to not help getting him to release (?) and he\u2019s also biting all parts of my body and it\u2019s summer so it\u2019s hot and I can\u2019t wear thick clothing. \n\nWhat would you do in this situation? Thank you!! I really appreciate it!! "
  },
  "comments": [
    {
      "id": "mxal9fi",
      "author": "princessfoxglove",
      "body": "You need to get him chewlery or food in the short term to redirect to, and you **need to not be in range of him ever**. If he's running at you to attack, use large blue gym mats to physically block him. Seriously, you need to protect and prioritise not letting this very self-reinforcing behaviour continue. \n\n\nWear your bite guard sleeves and insist on the district providing them and/or a bite jacket for everyone who works with him. Jean jackets until then. \n\nErr on the side of protecting yourself instead of academic or life skills instruction until you have established replacement behaviours and you have an FBA with the data that helps you avoid or notice his triggers.",
      "created_utc": 1749686123.0,
      "score": 38,
      "permalink": "/r/specialed/comments/1l97no7/advice_for_biters/mxal9fi/",
      "is_submitter": false,
      "edited": false,
      "stickied": false
    },
    {
      "id": "mxakhm1",
      "author": "yournutsareonspecial",
      "body": "I don't know how this jives with your training or anything like that, so take this advice with a grain of salt, obviously- but when I get bit, I don't move. I work with much older kids, usually age 15-18, and any attempts at moving during a bite (whether it's \"feeding\" the bite or not) usually end up with torn skin and muscle and much worse injury than if you just stay still. \n\nIn your case, if the child is sensory-seeking, the lack of physical feedback *might* make it less interesting- as well as if you're able (and this is hard, so good luck) to maintain a poker face when being bitten, it would cut out any sort of attention-seeking reinforcement as well. At my workplace we've also inserted harder linings (think like a thin, bendable plastic) into the armguards that we wear for students that bite through the regular guards- maybe something like that which wouldn't hurt the student to bite down on but would protect you a little better might help. If you're wearing gloves, we've also purchased motorcycle gloves that have the plastic backing to protect against road rash before- they're not perfect, but they help, and you can find them semi-cheap on Amazon. \n\nGood luck!",
      "created_utc": 1749685850.0,
      "score": 11,
      "permalink": "/r/specialed/comments/1l97no7/advice_for_biters/mxakhm1/",
      "is_submitter": false,
      "edited": false,
      "stickied": false
    },
    {
      "id": "mxalmzh",
      "author": "FlyingPerrito",
      "body": "I have dealt with biters, and I almost lost my thumb. It was really bloody though. I\u2019m sorry they didn\u2019t train you how to deal with that- that\u2019s a bunch of crap. Bites are really painful. I was bit and I had to get a bunch of shots and blood tests for diseases. Two days later, I went to get the wraps taken off, and it was infected. More shots. Went back again- more shots and now the clinic is freaking out. I had to get tests every month for 6 months. I also had to get hepatitis shots. My hand developed cellulitis. Please, please tell administration or someone you need help with this. You don\u2019t want to deal with what I had to deal with. They need to teach you how to defend yourself. I have scars from all kinds of stuff. Please take care of yourself. Don\u2019t let it discourage you though, the job is very rewarding and the kids need someone that cares about them.",
      "created_utc": 1749686254.0,
      "score": 9,
      "permalink": "/r/specialed/comments/1l97no7/advice_for_biters/mxalmzh/",
      "is_submitter": false,
      "edited": false,
      "stickied": false
    },
    {
      "id": "mxawpb0",
      "author": "KrimboKid",
      "body": "Are you in a public school? Because a student with that level of intensive behaviors should most likely be in a therapeutic day school. \n\nIn the meantime, I would check with the case manager and review the behavior plan. There *should* be procedures for what to do to prevent the biting and how to respond. \n\nPractically, never pull out of the bite. You will lose skin and get injured real bad. When bit, you need to push into the bite (towards the child) and then push down (opening the jaw like a hinge). This is the proper way to get out of a bite with the minimal risk of injury. \n\nFor this particular child, I would make sure you get trained in therapeutic crisis intervention. Your district should have a program that they use. This will train you on how to deal with an aggressive child, how to get out of bites, and how to perform a restraint if necessary. \n\nI used to teach at a residential therapeutic school for high school students - I\u2019ve been bit, kicked, punched, stabbed, spit on, urinated on, dedicated on - you name it. The important thing is to get properly trained. And if your district doesn\u2019t have anything like that, you need to bounce. \n\nAlso - document everything. And make sure to take pictures of your injuries.",
      "created_utc": 1749690248.0,
      "score": 8,
      "permalink": "/r/specialed/comments/1l97no7/advice_for_biters/mxawpb0/",
      "is_submitter": false,
      "edited": false,
      "stickied": false
    },
    {
      "id": "mxatb0q",
      "author": "ButtonholePhotophile",
      "body": "You need a vibrating chewy.\n\nI mean for your student.\u00a0\n\nAlso, there is no rule against dressing in sequins or something with studs.\u00a0",
      "created_utc": 1749689026.0,
      "score": 13,
      "permalink": "/r/specialed/comments/1l97no7/advice_for_biters/mxatb0q/",
      "is_submitter": false,
      "edited": false,
      "stickied": false
    },
    {
      "id": "mxakif9",
      "author": "viola1356",
      "body": "I don't have a solution, but if there isn't a system for keeping data on this, ask for one to be set up. Additionally, while it is a total pain, you could report every injury to the school nurse; follow the workman's comp process to get prophylactic treatment when teeth break the skin, etc. It's risky if you're new since they could decide to let you go, but the only way to get a district to do something is to make it more expensive to not do anything.",
      "created_utc": 1749685858.0,
      "score": 7,
      "permalink": "/r/specialed/comments/1l97no7/advice_for_biters/mxakif9/",
      "is_submitter": false,
      "edited": false,
      "stickied": false
    },
    {
      "id": "mxan9ig",
      "author": "loogerman",
      "body": "You may need to feed that bite a bit harder than you realize, you\u2019re doing it to literally wrench their jaw open, it\u2019s not gonna be comfortable for anyone",
      "created_utc": 1749686832.0,
      "score": 3,
      "permalink": "/r/specialed/comments/1l97no7/advice_for_biters/mxan9ig/",
      "is_submitter": false,
      "edited": false,
      "stickied": false
    },
    {
      "id": "mxajyfw",
      "author": "Scary-Direction6400",
      "body": "What\u2019s his bx plan say in terms of antecedent & consequent strategies? What\u2019s the function in his FBA? NCR access to chewies/vibration toys, different types of sensory foods may help if automatic. \n\nIf fx is attention, there should be a protocol in his plan of what appropriate bx get him attention, if he reduces biting or uses a coping skill he gets staff attention/activity, etc. \n\nPlus you shouldn\u2019t be reacting at all, ideally. I know that\u2019s hard, but keep a straight face, no eye contact.\n\nIf he\u2019s fairly high-fx, also don\u2019t discuss the episodes or your injuries with other staff when he\u2019s in the room, esp if it\u2019s attention-seeking.",
      "created_utc": 1749685666.0,
      "score": 11,
      "permalink": "/r/specialed/comments/1l97no7/advice_for_biters/mxajyfw/",
      "is_submitter": false,
      "edited": false,
      "stickied": false
    },
    {
      "id": "mxam6qa",
      "author": "WitchyOtome",
      "body": "I had to double-check and make sure I didn't write this, because I'm in a VERY similar situation! With my student though, he tended to bite when he was understimulated, so we would offer him squeezes, spins, hugs, etc VERY regularly. Something like once a minute. That was the most helpful strategy we used.\n\n\nAnd I hate to give this advice, but get good at predicting when your student is about to chomp down on you and dodging (if possible).\u00a0",
      "created_utc": 1749686449.0,
      "score": 3,
      "permalink": "/r/specialed/comments/1l97no7/advice_for_biters/mxam6qa/",
      "is_submitter": false,
      "edited": false,
      "stickied": false
    },
    {
      "id": "mxb0o46",
      "author": "Business_Loquat5658",
      "body": "We used protection sleeves (they kinda look like chainmail) under jean jackets, and tried our hardest NOT to react when they did it.",
      "created_utc": 1749691677.0,
      "score": 3,
      "permalink": "/r/specialed/comments/1l97no7/advice_for_biters/mxb0o46/",
      "is_submitter": false,
      "edited": false,
      "stickied": false
    },
    {
      "id": "mxak75u",
      "author": "Scary-Direction6400",
      "body": "Can play around w/ layering protective sleeves, or sleeves + jean/leather jacket, etc.",
      "created_utc": 1749685750.0,
      "score": 2,
      "permalink": "/r/specialed/comments/1l97no7/advice_for_biters/mxak75u/",
      "is_submitter": false,
      "edited": false,
      "stickied": false
    },
    {
      "id": "mxakclp",
      "author": "rosemaryloaf",
      "body": "Ouch. I\u2019m so sorry this is happening to you! I don\u2019t really have any experience with this but I would really advocate for yourself here and take it to the case manager/district student services. They need to help you find solutions to protect yourself. I also am wondering what you have already tried to manage his sensory seeking behavior, and what are the antecedents? Maybe there\u2019s something else he could bite on that gives the same sensory feel.",
      "created_utc": 1749685803.0,
      "score": 2,
      "permalink": "/r/specialed/comments/1l97no7/advice_for_biters/mxakclp/",
      "is_submitter": false,
      "edited": false,
      "stickied": false
    },
    {
      "id": "mxd6gbq",
      "author": "gotclaws19",
      "body": "Stay out of range. Wear a jean jacket. Give him chewelry. I\u2019ve always worked with adults or high schoolers,  wearing a really thick sherpa cloth sweatshirt/jacket during the winter means a mouthful of fuzz which is both unpleasant generally and no skin.",
      "created_utc": 1749729268.0,
      "score": 1,
      "permalink": "/r/specialed/comments/1l97no7/advice_for_biters/mxd6gbq/",
      "is_submitter": false,
      "edited": false,
      "stickied": false
    },
    {
      "id": "mxdhrjg",
      "author": "elrangarino",
      "body": "Odd suggestion, but get some aloe Vera body gel. It\u2019ll cool you for summer and perhaps the smell/taste will put him off biting you!",
      "created_utc": 1749733494.0,
      "score": 1,
      "permalink": "/r/specialed/comments/1l97no7/advice_for_biters/mxdhrjg/",
      "is_submitter": false,
      "edited": false,
      "stickied": false
    },
    {
      "id": "mxajw14",
      "author": "eden_ldoe",
      "body": "first, I have to ask - what are the consequences for biting you?",
      "created_utc": 1749685643.0,
      "score": 3,
      "permalink": "/r/specialed/comments/1l97no7/advice_for_biters/mxajw14/",
      "is_submitter": false,
      "edited": false,
      "stickied": false
    },
    {
      "id": "mxaju28",
      "author": "Embarrassed_Tie_9346",
      "body": "Well first you need to understand why he is engaging in this behavior? Where and when does it happen? What is he doing right before it happens? What are the consequences when he bites? Is he frustrated or upset? What\u2019re the warning signs that this behavior may occur? What strategies are you currently using? Are you using visuals, social stories, or contingency maps? Are replacement behaviors being taught when he is not escalated?",
      "created_utc": 1749685624.0,
      "score": 2,
      "permalink": "/r/specialed/comments/1l97no7/advice_for_biters/mxaju28/",
      "is_submitter": false,
      "edited": false,
      "stickied": false
    },
    {
      "id": "mxaqlgc",
      "author": "gilmoregabs",
      "body": "Are your protective sleeves the kind with Kevlar?",
      "created_utc": 1749688034.0,
      "score": 1,
      "permalink": "/r/specialed/comments/1l97no7/advice_for_biters/mxaqlgc/",
      "is_submitter": false,
      "edited": false,
      "stickied": false
    },
    {
      "id": "mxb5j3h",
      "author": "OGgunter",
      "body": "Fwiw, OP, I'm sorry this is happening to you. If you're not already, **document** all of this. Salient details like what time of day, how many bites, what staff, other staff in the room, take photos, etc. If nothing else it can help keep your head straight if things devolve into a \"they said/we said\" or might support a change in placement.",
      "created_utc": 1749693417.0,
      "score": 1,
      "permalink": "/r/specialed/comments/1l97no7/advice_for_biters/mxb5j3h/",
      "is_submitter": false,
      "edited": false,
      "stickied": false
    },
    {
      "id": "mxbeyup",
      "author": "obliviousoften",
      "body": "I've found these sleeves to be helpful: https://a.co/d/gCKpkJR",
      "created_utc": 1749696835.0,
      "score": 1,
      "permalink": "/r/specialed/comments/1l97no7/advice_for_biters/mxbeyup/",
      "is_submitter": false,
      "edited": false,
      "stickied": false
    },
    {
      "id": "mxbt4qu",
      "author": "GeorgiaColemanMA",
      "body": "Consult with your SLP and OT. This is a team situation where you all need to be looking at the function of the behavior. There\u2019s always a \u201cwhy.\u201d I\u2019d also talk to the parents. This is where I will always advocate for taking the time to build rapport with parents on the front end, before these behaviors occur. Some parents are reluctant to admit that their kiddo is doing this to them too due to embarrassment and guilt. If you establish a solid relationship with parents, you can have these tough conversations all for the benefit of the child. @ms_georgia_the_consultant on IG",
      "created_utc": 1749702736.0,
      "score": 1,
      "permalink": "/r/specialed/comments/1l97no7/advice_for_biters/mxbt4qu/",
      "is_submitter": false,
      "edited": false,
      "stickied": false
    },
    {
      "id": "mxdltcz",
      "author": "Weird_Inevitable8427",
      "body": "First off, when he bites, push \\*in,\\* not out. Your instinct will be to pull away, but it's much more pleasurable for him if you pull away. Push in and it's distinctly uncomfortable for the biter. It kind of feels like suffocating. But remember - he's in control here. He can stop the yucky feeling by simply not biting you. While you push into the bite, make sure that your face is neutral and you don't let him know that he's hurt you. This also reduces the \"fun\" for him. Later, when he's calm, you can give him an age-appropriate lesson in not biting. You can tell him that he injured you and work on creating that empathy that he doesn't have yet.  You can point out other injuries in media or in real life and talk about how it hurts and model empathy. \"Poor Bluey fell down the leaf pile! Ouch!! That hurt Bluey!\" There are a ton of story books on this topic. You can come up with your own story book, too. It's called \"social stories.\" That is often a hit with young kids. But really, just talking to him when he's calm and able to hear you is good, even if you repeat yourself over and over again. But not while you are in crisis. And not when you're still upset. Wait until he's ready to learn again, which means a calm body... for both of you. \n\nSecondly, report every single bite. Be seen by the worker's comp doctor for the bruises you incur. This child needs a high level of support and the only way he's going to get that is if it starts to cost the district money as they keep him where he's at. Don't let shame keep you from being treated. (things I wish I could go back and tell my young self. Please insist on filing reports and getting seen for every incident that leaves your body damaged.)\n\nI love using mini trampolines for my sensory seekers. Ask the school to supply one with a safety bar. Safety bars let you hold on and bounce really hard. That's what he needs. Other heavy work is great too. You might end up doing a lot of that with him for a while until he settles enough to learn. \n\nThirdly, this kind of thing requires a full team stratagy. It can't be just you. Again - the way to push the team to respond as a team is to report every single flipping injury. Don't sit there saying \"it's fine. I signed up for this.\" Report it. There needs to be more urgent meetings to strategize how to help this child. You need training in managing student violence. The teachers and you all need to decide how you are going to approach this. There should be something called a BIP - behavior inprovement plan in place. If not, they need to be making one... but again - that just comes down to the idea that everyone needs to put together and make a plan. It should never be just you.",
      "created_utc": 1749734864.0,
      "score": 1,
      "permalink": "/r/specialed/comments/1l97no7/advice_for_biters/mxdltcz/",
      "is_submitter": false,
      "edited": false,
      "stickied": false
    },
    {
      "id": "mxcx7cm",
      "author": "breakme0851",
      "body": "Ouch. I was a biter as a kid, and it sucked for everyone involved, self included. From what you\u2019ve been describing it sounds like a frustration behaviour \u2014 venting his feelings about not getting what he wants through 1. the sensory experience of clamping his jaw down on you, combined with 2. Learned aggression as a way of getting what he wants. \n-2 is probably easier to handle \u2014 if it consistently doesn\u2019t get him anywhere, he\u2019ll learn that it\u2019s not effective communication. Try not to react as he may be getting satisfaction from \u2018punishing\u2019 you even if he doesn\u2019t get what he originally wanted. \n-1 is harder to manage. Of course the first thing to do would be to redirect him onto a silicone chew, but humans are, to be blunt, very texturally satisfying to bite. Much more so than purpose made items. You could try making yourself less appealing with hard bracelets, especially textured or beaded ones, layering them up your forearms over your bite sleeves for an unpleasant mouthfeel. You could also try getting a chew bangle \u2014 this might be controversial, but the chunky silicone cuff style ones will give you protection and him something to bite on hard. Keep redirecting to handheld chewies, but\u2026 it\u2019s gonna be a long process.",
      "created_utc": 1749725132.0,
      "score": 1,
      "permalink": "/r/specialed/comments/1l97no7/advice_for_biters/mxcx7cm/",
      "is_submitter": false,
      "edited": false,
      "stickied": false
    },
    {
      "id": "mxc8vji",
      "author": "yr-mom-420",
      "body": "bruh wtf? how are these children allowed in schools,? i wish they could just put them in full time institutions!",
      "created_utc": 1749710945.0,
      "score": 1,
      "permalink": "/r/specialed/comments/1l97no7/advice_for_biters/mxc8vji/",
      "is_submitter": false,
      "edited": false,
      "stickied": false
    },
    {
      "id": "mxauoq6",
      "author": "No_Inspection_7176",
      "body": "This ^ protect yourself and the class. If you\u2019re a paraprofessional you\u2019ll work with a teacher who can evacuate a class if the student starts attempting to bite other children. I stay out of range as much as possible with certain children and our team is pretty in sync so if there\u2019s no stopping the behaviour the person being bitten/kicked/punched/whatever needs to physically shield themselves and the other adult(s) in the room will manage the other children. We have mats in my class and I\u2019ve only ever had to bust them out once when a child was following me around screaming and trying to kick my shins, verbal deescalation was not working so I shielded myself with the mat and waited it out.",
      "created_utc": 1749689525.0,
      "score": 10,
      "permalink": "/r/specialed/comments/1l97no7/advice_for_biters/mxauoq6/",
      "is_submitter": false,
      "edited": false,
      "stickied": false
    },
    {
      "id": "mxan09w",
      "author": "Existing_Potential37",
      "body": "Ooh I\u2019ll request a bite jacket!! He is a bolter as well and will run out of the school and into the street so I unfortunately have to be in pretty close range of him at all times. He\u2019s new to the school and we\u2019re still figuring him out so it\u2019s pretty tricky right now.",
      "created_utc": 1749686742.0,
      "score": 5,
      "permalink": "/r/specialed/comments/1l97no7/advice_for_biters/mxan09w/",
      "is_submitter": true,
      "edited": false,
      "stickied": false
    },
    {
      "id": "mxbeju6",
      "author": "MrBTeachSPED",
      "body": "I agree with this for sure",
      "created_utc": 1749696682.0,
      "score": 2,
      "permalink": "/r/specialed/comments/1l97no7/advice_for_biters/mxbeju6/",
      "is_submitter": false,
      "edited": false,
      "stickied": false
    },
    {
      "id": "mxbo2yo",
      "author": "Haunting_Turnover_82",
      "body": "There are several types of training out there that teaches different types of holds you can use without getting hurt and not considered \u201crestraint .\u2019 See if there is anything being offered in your area.",
      "created_utc": 1749700458.0,
      "score": 1,
      "permalink": "/r/specialed/comments/1l97no7/advice_for_biters/mxbo2yo/",
      "is_submitter": false,
      "edited": false,
      "stickied": false
    },
    {
      "id": "mxau2cy",
      "author": "EnvironmentalSinger1",
      "body": "Our school nurse wants everything documented.",
      "created_utc": 1749689301.0,
      "score": 4,
      "permalink": "/r/specialed/comments/1l97no7/advice_for_biters/mxau2cy/",
      "is_submitter": false,
      "edited": false,
      "stickied": false
    },
    {
      "id": "mxanmah",
      "author": "Existing_Potential37",
      "body": "Ah yea that\u2019s honestly probably the issue. He\u2019s my first biter so I\u2019m new to the feed the bite stuff.",
      "created_utc": 1749686958.0,
      "score": 3,
      "permalink": "/r/specialed/comments/1l97no7/advice_for_biters/mxanmah/",
      "is_submitter": true,
      "edited": false,
      "stickied": false
    },
    {
      "id": "mxb3uua",
      "author": "princessfoxglove",
      "body": "Can you give a quick explanation of the jargon/shorthand you're using here? I want to understand the recommendations you're making but I don't know what bx and FX mean.",
      "created_utc": 1749692835.0,
      "score": 5,
      "permalink": "/r/specialed/comments/1l97no7/advice_for_biters/mxb3uua/",
      "is_submitter": false,
      "edited": false,
      "stickied": false
    },
    {
      "id": "mxatw6e",
      "author": "EnvironmentalSinger1",
      "body": "A lot of times there aren\u2019t consequences because what do you do?",
      "created_utc": 1749689239.0,
      "score": 1,
      "permalink": "/r/specialed/comments/1l97no7/advice_for_biters/mxatw6e/",
      "is_submitter": false,
      "edited": false,
      "stickied": false
    },
    {
      "id": "mxbgr7r",
      "author": "Existing_Potential37",
      "body": "No consequences",
      "created_utc": 1749697505.0,
      "score": 1,
      "permalink": "/r/specialed/comments/1l97no7/advice_for_biters/mxbgr7r/",
      "is_submitter": true,
      "edited": false,
      "stickied": false
    },
    {
      "id": "mxamias",
      "author": "Existing_Potential37",
      "body": "He does it when something is not available he will start trying to attack and bite me or other staff and sometimes other students if he\u2019s really escalated. It happens anywhere where something he wants is not available. He was just transferred into the school so they\u2019re figuring everything out still, but the plan right now is to try to prompt safe body, but he\u2019s wayyy too dysregulated to listen to any prompting in those moments. \n\nHe\u2019s pretty high functioning, I\u2019d give him a chewy, but to me it seems it\u2019s more to try and get me to move or maybe he thinks if he bites me enough I\u2019ll give him the item that\u2019s unavailable? A chewy definitely wouldn\u2019t hurt. I don\u2019t know what happened at his old school. He\u2019ll threaten the biting too. When I say his times almost up on the iPad he\u2019ll go to bite me or he\u2019ll say that he\u2019s going to bite me.",
      "created_utc": 1749686563.0,
      "score": 5,
      "permalink": "/r/specialed/comments/1l97no7/advice_for_biters/mxamias/",
      "is_submitter": true,
      "edited": false,
      "stickied": false
    },
    {
      "id": "mxbtd2t",
      "author": "GeorgiaColemanMA",
      "body": "Excellent feedback! I agree!",
      "created_utc": 1749702846.0,
      "score": 1,
      "permalink": "/r/specialed/comments/1l97no7/advice_for_biters/mxbtd2t/",
      "is_submitter": false,
      "edited": false,
      "stickied": false
    },
    {
      "id": "mxathhl",
      "author": "Existing_Potential37",
      "body": "Yes",
      "created_utc": 1749689093.0,
      "score": 2,
      "permalink": "/r/specialed/comments/1l97no7/advice_for_biters/mxathhl/",
      "is_submitter": true,
      "edited": false,
      "stickied": false
    },
    {
      "id": "mxdndgr",
      "author": "Weird_Inevitable8427",
      "body": "You were a biter, eh? I was an under-the-desk hider. Every school has one. lol \n\nHow did you learn better? Just age? Was there someone that helped you?",
      "created_utc": 1749735385.0,
      "score": 1,
      "permalink": "/r/specialed/comments/1l97no7/advice_for_biters/mxdndgr/",
      "is_submitter": false,
      "edited": false,
      "stickied": false
    },
    {
      "id": "mxcz4eq",
      "author": "yournutsareonspecial",
      "body": "Gross and unhelpful.",
      "created_utc": 1749726047.0,
      "score": 1,
      "permalink": "/r/specialed/comments/1l97no7/advice_for_biters/mxcz4eq/",
      "is_submitter": false,
      "edited": false,
      "stickied": false
    },
    {
      "id": "mxb135h",
      "author": "ayyefoshay",
      "body": "Baby gates in front of all the doors helped us with kids who elope! Gave us a few seconds to get ahead of things.",
      "created_utc": 1749691830.0,
      "score": 6,
      "permalink": "/r/specialed/comments/1l97no7/advice_for_biters/mxb135h/",
      "is_submitter": false,
      "edited": false,
      "stickied": false
    },
    {
      "id": "mxb3fwh",
      "author": "princessfoxglove",
      "body": "Yikes I hate these situations. You can request a gait belt or harness if the parents are amenable and your district allows it. Some do and some don't. \n\nYou'll (or your lead teacher and admin) need to make sure doors are shut and that he is in a location he can't elope from that you can block! Seriously I recommend using blue gym mats to create a little false wall if you don't have actual false walls, and you need to have him in a corner blocked from doors until the eloping is under control. If he's an eloper and a biter at this point I hope he's not in a gen ed classroom and is in a self contained setting until he is ready to be safe. \n\nGive him a cozy little corner with only highly preferred items and activities and basically focus on coregulation and just don't make demands at all right now. And try to get those replacements in place ASAP!",
      "created_utc": 1749692689.0,
      "score": 5,
      "permalink": "/r/specialed/comments/1l97no7/advice_for_biters/mxb3fwh/",
      "is_submitter": false,
      "edited": false,
      "stickied": false
    },
    {
      "id": "mxbnbk5",
      "author": "Haunting_Turnover_82",
      "body": "I used a pillow to keep a student away from me who was trying to bite and scratch me. It really worked. It would just make sure the pillow was between the student and me. I watched my Asst. Principal use a bean bag chair (kid sized) to keep a violent kid away. Worked great.",
      "created_utc": 1749700135.0,
      "score": 1,
      "permalink": "/r/specialed/comments/1l97no7/advice_for_biters/mxbnbk5/",
      "is_submitter": false,
      "edited": false,
      "stickied": false
    },
    {
      "id": "mxc0r2q",
      "author": "assortedfrogs",
      "body": "you can still maintain some distance. I always keep at least an arms length away from the biters/ aggressive behavioral kids I work with. They all elope. I\u2019m never far enough to the point that they\u2019re completely out of range. Just give yourself enough space to react",
      "created_utc": 1749706517.0,
      "score": 1,
      "permalink": "/r/specialed/comments/1l97no7/advice_for_biters/mxc0r2q/",
      "is_submitter": false,
      "edited": false,
      "stickied": false
    },
    {
      "id": "mxd0uau",
      "author": "Low-Nail-1954",
      "body": "We added a strip of Velcro to our doors for elopers. It gives us extra time and also makes it a lot harder for the kids to open it on their own. One of the best adaptations!",
      "created_utc": 1749726842.0,
      "score": 1,
      "permalink": "/r/specialed/comments/1l97no7/advice_for_biters/mxd0uau/",
      "is_submitter": false,
      "edited": false,
      "stickied": false
    },
    {
      "id": "mxayycs",
      "author": "viola1356",
      "body": "A few years ago, our school nurse kept being \"too busy\" to document staff injuries... so on the union's advice the staff started filing police reports instead. That school nurse is no longer in our district. New school nurse documents and files the appropriate incident reports.",
      "created_utc": 1749691061.0,
      "score": 5,
      "permalink": "/r/specialed/comments/1l97no7/advice_for_biters/mxayycs/",
      "is_submitter": false,
      "edited": false,
      "stickied": false
    },
    {
      "id": "mxantrf",
      "author": "loogerman",
      "body": "It\u2019s something I had to figure out too. It really sucks but unfortunately the safest option right? You\u2019ll find that working in special ed a lot of shit that\u2019s pretty fucked up seems kinda mild",
      "created_utc": 1749687032.0,
      "score": 5,
      "permalink": "/r/specialed/comments/1l97no7/advice_for_biters/mxantrf/",
      "is_submitter": false,
      "edited": false,
      "stickied": false
    },
    {
      "id": "mxasndc",
      "author": "ButtonholePhotophile",
      "body": "Also, don\u2019t be afraid to hold the back of the head.\u00a0https://youtu.be/Z1Gn5pZ6YKA",
      "created_utc": 1749688788.0,
      "score": 5,
      "permalink": "/r/specialed/comments/1l97no7/advice_for_biters/mxasndc/",
      "is_submitter": false,
      "edited": false,
      "stickied": false
    },
    {
      "id": "mxbazf9",
      "author": "Rollerager",
      "body": "Seems as though FX = function. At least that\u2019s what I assumed using other context in the sentences.",
      "created_utc": 1749695379.0,
      "score": 4,
      "permalink": "/r/specialed/comments/1l97no7/advice_for_biters/mxbazf9/",
      "is_submitter": false,
      "edited": false,
      "stickied": false
    },
    {
      "id": "mxbb81x",
      "author": "Left-Expression5536",
      "body": "fx = function bx = behavior (hx = history; dx = diagnosis, for extra credit). In contrast to the comment above, I would say that (especially if you don't know this student well yet or you're struggling to manage his behavior on this level, but also just as ageneral rule) you can't know what he's going to understand or interpret from what you're saying, so I would presume that he understands more than you would expect (and encourage your team to do so too) when you are deciding how and where to talk about the incidents",
      "created_utc": 1749695465.0,
      "score": 4,
      "permalink": "/r/specialed/comments/1l97no7/advice_for_biters/mxbb81x/",
      "is_submitter": false,
      "edited": false,
      "stickied": false
    },
    {
      "id": "mxauou8",
      "author": "eden_ldoe",
      "body": "Taking away preferred items/staying inside for recess while everyone gets to play, taking breaks, sitting with the teacher. No matter how many times they bite, use your words so that they know biting is not okay. removing their access to you. a repetition of consequences helps them learn structure, helps them learn it is not okay. and i am speaking from the point of a mod/severe day class paraprofessional",
      "created_utc": 1749689526.0,
      "score": 2,
      "permalink": "/r/specialed/comments/1l97no7/advice_for_biters/mxauou8/",
      "is_submitter": false,
      "edited": false,
      "stickied": false
    },
    {
      "id": "mxbjtxj",
      "author": "nennaunir",
      "body": "So consequences when used like this typically refers to the three part contingency of Antecedent-Behavior-Consequence. So what happens after the behavior occurs. You've mentioned the feeding the bite seems to be a reinforcing thing, so in that case, the sensory input of feeding the bite could be considered a consequence. Any reaction, any delay or removal of the triggering request, any redirects, change of setting...those would be consequences.",
      "created_utc": 1749698685.0,
      "score": 1,
      "permalink": "/r/specialed/comments/1l97no7/advice_for_biters/mxbjtxj/",
      "is_submitter": false,
      "edited": false,
      "stickied": false
    },
    {
      "id": "mxblp4b",
      "author": "eden_ldoe",
      "body": "can i ask, what does the teacher of the classroom do to help you? i know as 1:1s it's our job to learn our student and to deal with everything that comes with their behaviors...im just wondering if you feel supported by the teacher/other staff in the class?\n\neta: im sure you are doing a wonderful job and trying your best, it literally shows bc you're asking for help in this community instead of giving up on the student and passing them off to a new 1:1",
      "created_utc": 1749699451.0,
      "score": 1,
      "permalink": "/r/specialed/comments/1l97no7/advice_for_biters/mxblp4b/",
      "is_submitter": false,
      "edited": false,
      "stickied": false
    },
    {
      "id": "mxapqaj",
      "author": "gilmoregabs",
      "body": "If transitioning away from iPad is a frequent trigger for biting, for that instance in particular - use guided access with the built-in timer. That way, when time is up - the iPad prompts for 1 minute left, then just locks when time is up and I find students often don't get as upset personally with the device as they do when a person has to prompt the time being up. Won't solve all your problems, but might help with that one!",
      "created_utc": 1749687718.0,
      "score": 10,
      "permalink": "/r/specialed/comments/1l97no7/advice_for_biters/mxapqaj/",
      "is_submitter": false,
      "edited": false,
      "stickied": false
    },
    {
      "id": "mxbtwka",
      "author": "GeorgiaColemanMA",
      "body": "This is learned behavior and not a manifestation of the disability itself. He has learned to use biting as a way to gain access/l to preferred items/activities and to communicate. Functional Communication Training may be a reasonable approach. I\u2019ve had many students over the years who have learned to use behavior to gain access to things instead of using communication. It takes a lot to achieve an extinction burst but that\u2019s what you\u2019ll have to do in order to change this behavior.",
      "created_utc": 1749703100.0,
      "score": 1,
      "permalink": "/r/specialed/comments/1l97no7/advice_for_biters/mxbtwka/",
      "is_submitter": false,
      "edited": false,
      "stickied": false
    },
    {
      "id": "mxc5296",
      "author": "Regular_Passenger266",
      "body": "I'm a para as well. We had a child that was dependent on that iPad. If he got one (or mom/dad brought him to school woth his own) it was a fight.....FIGHT....to get it away; then there was the 2 hrs of calming him down to the point he was able to work. If he came in with a device, we distracted him at some point and the device \"disappeared\" until it was time to go home (he left at 2pm instead of 4pm) and he never got a school issued device. It took all of 1st quarter, and a big chunk of 2nd to get him to the point he would come into school just fine, do work, have fun, go home. Then spring break hit, mom gave birth to a new baby, and it all went to hell. Lol this kid wasn't a biter but a pincher. But he was like double jointed or something and pinched and twisted and that same time.... and kicked. I don't know. I loved him though, when he was regulated and without an ipad, he was the best kid and just so sweet, and eager to learn. Ugh....sorry, no real advice. Figure out triggers, avoid devices if at all possible, I read the pillow comment - that's a good move, I dont know if chewies would work just because his biting so far seems to be in response to taking something away not a stim. Like a previous poster said, you're main goal is regulation right now, not academics....focus on getting him there and then deal with the learning.",
      "created_utc": 1749708810.0,
      "score": 1,
      "permalink": "/r/specialed/comments/1l97no7/advice_for_biters/mxc5296/",
      "is_submitter": false,
      "edited": false,
      "stickied": false
    },
    {
      "id": "mxdgaq7",
      "author": "solomons-mom",
      "body": "It this better?\n\n\"This student needs to be moved to an appropriate LRE.  For a student with severe behaviors, that may mean residential placement.\"",
      "created_utc": 1749732985.0,
      "score": 1,
      "permalink": "/r/specialed/comments/1l97no7/advice_for_biters/mxdgaq7/",
      "is_submitter": false,
      "edited": false,
      "stickied": false
    },
    {
      "id": "mxdjs8v",
      "author": "winipu",
      "body": "My friend used a panel like one of these to keep elopers in the room.  https://www.schoolspecialty.com/childrens-factory-big-screen-right-angle-panel-blue-1427976",
      "created_utc": 1749734183.0,
      "score": 1,
      "permalink": "/r/specialed/comments/1l97no7/advice_for_biters/mxdjs8v/",
      "is_submitter": false,
      "edited": false,
      "stickied": false
    },
    {
      "id": "mxbcdu5",
      "author": "Rhbgrb",
      "body": "This past semester I was in a class that had a preventative mechanism at the top of the door instead of the ones that surround the doorknob which some of my previous students figured out.\n\nI've never heard of bite sleeves, but definitely make the district pay for it. I wonder if they also work on scratchers.",
      "created_utc": 1749695884.0,
      "score": 1,
      "permalink": "/r/specialed/comments/1l97no7/advice_for_biters/mxbcdu5/",
      "is_submitter": false,
      "edited": false,
      "stickied": false
    },
    {
      "id": "mxbnlyr",
      "author": "Haunting_Turnover_82",
      "body": "Just to add, I was the Certified Teacher in the classroom.",
      "created_utc": 1749700256.0,
      "score": 1,
      "permalink": "/r/specialed/comments/1l97no7/advice_for_biters/mxbnlyr/",
      "is_submitter": false,
      "edited": false,
      "stickied": false
    },
    {
      "id": "mxay9my",
      "author": "EnvironmentalSinger1",
      "body": "Sitting by the teacher when they\u2019re violently biting?",
      "created_utc": 1749690813.0,
      "score": 2,
      "permalink": "/r/specialed/comments/1l97no7/advice_for_biters/mxay9my/",
      "is_submitter": false,
      "edited": false,
      "stickied": false
    },
    {
      "id": "mxay5nl",
      "author": "EnvironmentalSinger1",
      "body": "Taking away never has a desired effect and you can\u2019t keep kids from recess.",
      "created_utc": 1749690773.0,
      "score": -1,
      "permalink": "/r/specialed/comments/1l97no7/advice_for_biters/mxay5nl/",
      "is_submitter": false,
      "edited": false,
      "stickied": false
    },
    {
      "id": "mxblarm",
      "author": "eden_ldoe",
      "body": "+1",
      "created_utc": 1749699285.0,
      "score": 1,
      "permalink": "/r/specialed/comments/1l97no7/advice_for_biters/mxblarm/",
      "is_submitter": false,
      "edited": false,
      "stickied": false
    },
    {
      "id": "mxczb69",
      "author": "Existing_Potential37",
      "body": "He doesn\u2019t randomly bite, it seems to be when he\u2019s already escalated and it\u2019s in response to having a preferred item not available. So he already is being redirected to go to break space or to do something he likes to do that doesn\u2019t involved the preferred item, but he continues to escalate. Biting me is involved in that escalation. I\u2019ll feed the bite to get whatever part of my body he\u2019s biting free and try my best not to react and we continue redirecting to a different activity or break space",
      "created_utc": 1749726136.0,
      "score": 1,
      "permalink": "/r/specialed/comments/1l97no7/advice_for_biters/mxczb69/",
      "is_submitter": true,
      "edited": false,
      "stickied": false
    },
    {
      "id": "mxd13bu",
      "author": "Existing_Potential37",
      "body": "He\u2019s is a gen ed classroom. The teacher is alone with a whole class of like 15 kids. The teacher\u2019s licensing is also only for moderate disabilities, this is way above what either of us know to do. I have at least one admin with me most of the day with my kid because of how much of a safety concern he has become. \n\nI\u2019d like to say I\u2019m trying hard to be wonderful at my job. The truth is I would give up this position if I could afford it. In my district you aren\u2019t allowed to trade your 1-1 for a new one. In order to stop working with him I would have to take a pay cut and move to a different position. I can\u2019t afford the pay cut so I now have a job where I am really scared of the kid I have to work with. \n\nI know in the foreseeable future he\u2019s going to bite my skin off especially since he\u2019s still leaving marks through protective sleeves and I can\u2019t cover my entire body in protective sleeves. I have exposed skin and he bites anywhere he can. I\u2019m honestly really scared.",
      "created_utc": 1749726957.0,
      "score": 1,
      "permalink": "/r/specialed/comments/1l97no7/advice_for_biters/mxd13bu/",
      "is_submitter": true,
      "edited": false,
      "stickied": false
    },
    {
      "id": "mxdh5ry",
      "author": "yournutsareonspecial",
      "body": "For one, the two statement have very little in common with each other. \n\nTwo- we don't have the appropriate amount of information to know that the student isn't already in their appropriate LRE. Biting is not a behavior that requires residential placement. The OP was asking for advice on how to manage damage from biting behaviors, not how to manage the student's entire care plan.",
      "created_utc": 1749733283.0,
      "score": 1,
      "permalink": "/r/specialed/comments/1l97no7/advice_for_biters/mxdh5ry/",
      "is_submitter": false,
      "edited": false,
      "stickied": false
    },
    {
      "id": "mxd8o9u",
      "author": "sparkling467",
      "body": "They do. They help with pinching too.",
      "created_utc": 1749730157.0,
      "score": 1,
      "permalink": "/r/specialed/comments/1l97no7/advice_for_biters/mxd8o9u/",
      "is_submitter": false,
      "edited": false,
      "stickied": false
    },
    {
      "id": "mxb1659",
      "author": "eden_ldoe",
      "body": "there is no desired effect when it comes to consequences whether kids are in special ed or general ed. kids will be kids and hate it. it doesnt mean we stop trying. and yes absolutely i recommend having the child sit with the teacher. i've been bit, punched, scratched, stomped on and so forth working in mod/severe classrooms. having the teacher step in gives me time to address my injury, reset myself, and ready to try again with our kids. it also teaches the student that when they hurt their 1:1, it is not okay. they lose access to their 1:1. but yeah this is why im asking what consequences does OP use with them bc some work and some dont, and you have to learn thru trial and error what will work. & for the example of staying inside for recess... it doesnt mean they have to sit there in the class. The consequence is them staying inside, even tho they're still playing with toys inside the classroom.",
      "created_utc": 1749691861.0,
      "score": 2,
      "permalink": "/r/specialed/comments/1l97no7/advice_for_biters/mxb1659/",
      "is_submitter": false,
      "edited": false,
      "stickied": false
    },
    {
      "id": "mxd756v",
      "author": "nennaunir",
      "body": "Is it always the iPad or is it other preferred items as well? Social story, I had one called \"Sometimes the Answer is 'No' \" that I read so many times I had it memorized. One of the kids did, too.\n\n\nYou could try to flip the script to where he works for the preferred item by not biting, with a visual timer and a firm \"x amount of time with nice teeth = x amount of ipad.\" BUT this takes alot of consistency and behavior typically escalates before it gets better. He will try to bite to get immediste access to the iPad and when it's time to give the iPad back (use visual timer for this as well). Never be sitting, you need to always be ready to move your body away and block with a mat, pillow, bean bag, stuffy, etc. Use proximity to keep him from running, but don't have your body accessible to his mouth.\n\n\nHonestly, I've had kids where something was so extremely reinforcing that it had to leave the room completely. Behaviors were just too extreme.\n\n\nAlso, if he's already been redirected, don't continue to interact. Be there, keep everyone as safe as you can, but don't talk to him. State the options he has once, then no eye contact or verbal interaction. If you've introduced any self-regulation techniques, model them now (deep breaths, squeeze ball, slime). Check in after a few minutes, but keep it simple. \"You can do X or Y. Pick one.\" Then back off again. Repeat. However, even as a 1:1, you should have someone who can switch out with you in this process. Have this discussion with the adults. It's important to be able to tap out when dealing with behaviors.",
      "created_utc": 1749729547.0,
      "score": 1,
      "permalink": "/r/specialed/comments/1l97no7/advice_for_biters/mxd756v/",
      "is_submitter": false,
      "edited": false,
      "stickied": false
    },
    {
      "id": "mxdffvc",
      "author": "solomons-mom",
      "body": "Right now he is getting pleasure from biting.  He will not find pleasure in biting those sleeves if you top them with  1)  no-biting nail polish,  2)  very hot sauce --  keep it from wicking through to your skin, or 3)  light dusting of cayenne pepper that you can keep fresh all day.   Use something that is food-safe, then keep in mind \"ask forgiveness, not permission.\"\n\nAre the gen ed students \"really scared\" too?",
      "created_utc": 1749732687.0,
      "score": 1,
      "permalink": "/r/specialed/comments/1l97no7/advice_for_biters/mxdffvc/",
      "is_submitter": false,
      "edited": false,
      "stickied": false
    },
    {
      "id": "mxdjeyg",
      "author": "solomons-mom",
      "body": "Find the comment OP wrote an hour ago",
      "created_utc": 1749734059.0,
      "score": 1,
      "permalink": "/r/specialed/comments/1l97no7/advice_for_biters/mxdjeyg/",
      "is_submitter": false,
      "edited": false,
      "stickied": false
    },
    {
      "id": "mxb2071",
      "author": "EnvironmentalSinger1",
      "body": "I understand but this likely isn\u2019t a discipline issues as a communication of some need being unmet. First the need must be met before working on desirable behaviors.",
      "created_utc": 1749692169.0,
      "score": -2,
      "permalink": "/r/specialed/comments/1l97no7/advice_for_biters/mxb2071/",
      "is_submitter": false,
      "edited": false,
      "stickied": false
    },
    {
      "id": "mxdfwxb",
      "author": "Existing_Potential37",
      "body": "Yes they are really scared too. It\u2019s really hard to watch him go after them",
      "created_utc": 1749732850.0,
      "score": 1,
      "permalink": "/r/specialed/comments/1l97no7/advice_for_biters/mxdfwxb/",
      "is_submitter": true,
      "edited": false,
      "stickied": false
    },
    {
      "id": "mxdmzcm",
      "author": "yournutsareonspecial",
      "body": "Okay, I read it. None of that changes the fact that none of us have met or evaluated this student or seen their behavior personally. OP has said he's new to their school and presumably a behavior plan is still being created. Is gen ed appropriate? Maybe not. But none of us are qualified to make that call based on some internet comments, and recommending residential placement on the described behavior is 100% inappropriate in any circumstance.",
      "created_utc": 1749735256.0,
      "score": 1,
      "permalink": "/r/specialed/comments/1l97no7/advice_for_biters/mxdmzcm/",
      "is_submitter": false,
      "edited": false,
      "stickied": false
    },
    {
      "id": "mxb4luq",
      "author": "eden_ldoe",
      "body": "this is why im asking OP my follow up question so that i can better assess the situation before giving any advice i have to offer. im just answering your questions about my responses in the mean time",
      "created_utc": 1749693094.0,
      "score": 3,
      "permalink": "/r/specialed/comments/1l97no7/advice_for_biters/mxb4luq/",
      "is_submitter": false,
      "edited": false,
      "stickied": false
    },
    {
      "id": "mxdske9",
      "author": "solomons-mom",
      "body": "The other parents need to be clued in somehow, and the administrator who is in there with you needs to immediately get the lawyers and whoever handles liability insurance in on it.  The lawsuit risk this student poses is really, really high.",
      "created_utc": 1749737026.0,
      "score": 1,
      "permalink": "/r/specialed/comments/1l97no7/advice_for_biters/mxdske9/",
      "is_submitter": false,
      "edited": false,
      "stickied": false
    },
    {
      "id": "mxdrtob",
      "author": "solomons-mom",
      "body": "How about this comment of OP's about the other 2nd graders being scared?\n\n>Yes they are really scared too. It\u2019s really hard to watch him go after them\n\nThese other students, to re-use your words \" have the appropriate amount of information to know that the student\" is scary.   Why should twenty or 7 and 8 year olds of them sit there --scared-- while a para gets repeatedly bitten, all awaiting licenced experts to collect enough data?",
      "created_utc": 1749736798.0,
      "score": 1,
      "permalink": "/r/specialed/comments/1l97no7/advice_for_biters/mxdrtob/",
      "is_submitter": false,
      "edited": false,
      "stickied": false
    }
  ],
  "relevance": {
    "score": 10,
    "user_type": "parent",
    "pain_points": [
      "please, please tell administration or someone you need help with this",
      "can you give a quick explanation of the jargon/shorthand you're using here? i want to understand the recommendations you're making but i don't know what bx and fx mean",
      "it\u2019ll cool you for summer and perhaps the smell/taste will put him off biting you! first, i have to ask - what are the consequences for biting you? well first you need to understand why he is engaging in this behavior? where and when does it happen? what is he doing right before it happens? what are the consequences when he bites? is he frustrated or upset? what\u2019re the warning signs that this behavior may occur? what strategies are you currently using? are you using visuals, social stories, or contingency maps? are replacement behaviors being taught when he is not escalated? are your protective sleeves the kind with kevlar? fwiw, op, i'm sorry this is happening to you"
    ],
    "keywords_found": [
      "social story",
      "transition"
    ],
    "sentiment_score": 0.9993,
    "age_relevance": true,
    "urgency_level": "high",
    "competitive_mentions": [],
    "timestamp": "2025-06-12T15:01:58.551651"
  }
}