{
  "subreddit": "teachers",
  "post": {
    "id": "1l9j29b",
    "title": "If roles were reversed.",
    "author": "kcintac",
    "created_utc": 1749724187.0,
    "score": 86,
    "num_comments": 178,
    "url": "https://www.reddit.com/r/Teachers/comments/1l9j29b/if_roles_were_reversed/",
    "selftext": "Is it just my school or are others seeing a huge uptick in poor teacher attendance? Over the years I've listened to more than a few teacher conversations about how kids need to show up to school and not miss so much. However, this year especially, that same thing could be stated about our staff. They aren't showing up. Every day we get the list of who's gone and it's always a mile long. No worries except guess who gets called to go cover all those classes because no subs are available? I need my one hour a day planning to get my work done, take a moment to take a breath, or even use the bathroom without watching the clock trying to hustle off to cover another's class. If roles were reversed, the kids would be complaining about the lack of attendance by the teachers. Is my school the only one where this trend seems to be getting worse?"
  },
  "comments": [
    {
      "id": "mxcyr9o",
      "author": "Aly_Anon",
      "body": "I used to be the teacher that *never* misses. I felt guilty for others having\u00a0 to cover, even though admin is *supposed* to be top of the list to cover.\n\n\nI put off my health because the nearest 4pm appointment was three months away. I missed family events because I\u00a0wouldn't let anything interfere with work; meanwhile, work interfered with family nearly daily.\u00a0\n\n\nWe have PTO for a reason, so go to your niece's awards ceremony. Take the closest medical appointment. Stay in bed when you're sick. Be human. If you have a legitimate reason to take off work, take. off. work.\u00a0Remember- they don't give perfect attendance awards to adults.",
      "created_utc": 1749725876.0,
      "score": 189,
      "permalink": "/r/Teachers/comments/1l9j29b/if_roles_were_reversed/mxcyr9o/",
      "is_submitter": false,
      "edited": false,
      "stickied": false
    },
    {
      "id": "mxcwwl7",
      "author": "Ok-Jaguar-1920",
      "body": "You\u2019re not alone.\n\nThere was a time when teachers saved sick days for starting a family, and unless you were truly on your deathbed, you showed up. That culture has shifted.\n\nThere was also a time when school administrators consistently handled behavior issues. That\u2019s no longer the norm. The job has become significantly harder\u2014one disruptive student can now derail a class regularly, and too often, teachers are left to manage it alone.\n\nYounger staff, many of whom are delaying parenthood, are using their allotted days for mental health. Meanwhile, veteran educators realized their sick days weren\u2019t going to be paid out, and with little effort from admin to make their jobs more manageable, they started using them too.\n\nNow, instead of addressing these systemic issues\u2014like unchecked discipline problems or academic standards being eroded\u2014districts are rebranding \"sick days\" as 10 days of generic personal time off.\n\nIt\u2019s not just burnout. It\u2019s a cultural shift. And it\u2019s happening everywhere.",
      "created_utc": 1749724987.0,
      "score": 269,
      "permalink": "/r/Teachers/comments/1l9j29b/if_roles_were_reversed/mxcwwl7/",
      "is_submitter": false,
      "edited": false,
      "stickied": false
    },
    {
      "id": "mxd3n0l",
      "author": "AcanthaceaeAbject810",
      "body": "For what it\u2019s worth, I have always liked getting asked to cover a class because then I get paid extra to still just sit there and do my own prep work while I babysit.\n\nI also like people using their benefits and/or not going to work sick and making the rest of us ill as well. Better than the \u201cjust need to build up the teacher immune system\u201d idea that\u2019s been around forever.",
      "created_utc": 1749728091.0,
      "score": 56,
      "permalink": "/r/Teachers/comments/1l9j29b/if_roles_were_reversed/mxd3n0l/",
      "is_submitter": false,
      "edited": false,
      "stickied": false
    },
    {
      "id": "mxdbwen",
      "author": "GirlintheYellowOlds",
      "body": "Imagine being mad at your colleagues because your admin and district don\u2019t respect your time. This is a WILD take. As a teacher who has a rock solid attendance record, you need to adjust your perspective. Your coworkers are entitled to time off. You are also entitled to your prep. It is the admin\u2019s fault because this is a terrible system. Blame them.",
      "created_utc": 1749731397.0,
      "score": 52,
      "permalink": "/r/Teachers/comments/1l9j29b/if_roles_were_reversed/mxdbwen/",
      "is_submitter": false,
      "edited": false,
      "stickied": false
    },
    {
      "id": "mxd2ajk",
      "author": "Known-Jicama-7878",
      "body": "Not just your school. [Multiple](https://www.brookings.edu/articles/we-should-be-focusing-on-absenteeism-among-teachers-not-just-students/) studies have shown teacher absenteeism is up since the pandemic, going onwards. \n\n>No worries except guess who gets called to go cover all those classes because no subs are available?\u00a0\n\nThe loss of planning time is on your school administration, not coworkers. Let school administration own their inability to cultivate a culture that encourages attendance, their inability to get substitutes, and their inability to preserve your planning time.",
      "created_utc": 1749727499.0,
      "score": 142,
      "permalink": "/r/Teachers/comments/1l9j29b/if_roles_were_reversed/mxd2ajk/",
      "is_submitter": false,
      "edited": false,
      "stickied": false
    },
    {
      "id": "mxddt14",
      "author": "OkEdge7518",
      "body": "Man, who needs admin when there are bootlickers like this??\u00a0\n\nYour PTO is YOURS. Most places are use it or lose it, or the payout is laughable. We only have this one life to live, and for many of us, work is not the center of that life. Idc if my coworkers use their PTO for surgery, a staycation, a concert, whatever. It\u2019s theirs. Your real beef is with your school that refuses to hire subs and puts more work on yall. Have some class solidarity, sheesh.\u00a0",
      "created_utc": 1749732101.0,
      "score": 42,
      "permalink": "/r/Teachers/comments/1l9j29b/if_roles_were_reversed/mxddt14/",
      "is_submitter": false,
      "edited": false,
      "stickied": false
    },
    {
      "id": "mxd56ck",
      "author": "No_Echidna_964",
      "body": "I am no longer a teacher, but when I was there was shift in the way PTO was paid out at the end of the career, depending on age. Older teachers could use it for days of health insurance. Ostensibly you could bank up to 120 days and get health insurance. That\u2019s worth it. Younger teachers: 10$ a day. Would you rather have 10 or a day off? It\u2019s a pretty easy to see why they take them.",
      "created_utc": 1749728741.0,
      "score": 32,
      "permalink": "/r/Teachers/comments/1l9j29b/if_roles_were_reversed/mxd56ck/",
      "is_submitter": false,
      "edited": 1749729196.0,
      "stickied": false
    },
    {
      "id": "mxdb4i3",
      "author": "ElfPaladins13",
      "body": "I used to be that way. Until I came in deathly ill and fresh from the hospital to do my admin a solid and she sprung an observation on me and wrote an absolutely scathing review of how I \u201cwasn\u2019t into it enough\u201d \n\nI now do them no favors. If I feel bad I don\u2019t go, fuck them that\u2019s their problem to fix because they wouldn\u2019t extend the same courtesy to me!",
      "created_utc": 1749731104.0,
      "score": 26,
      "permalink": "/r/Teachers/comments/1l9j29b/if_roles_were_reversed/mxdb4i3/",
      "is_submitter": false,
      "edited": false,
      "stickied": false
    },
    {
      "id": "mxd5g6k",
      "author": "KomradeW",
      "body": "We used to have coverage problems about four years ago.\n\nI started writing to the superintendent and school board every time I got asked to cover a class. I didn\u2019t expect it to do much\u2014I work in a huge district (60k students, 3.5K educators).\n\nAfter about a month they improved sub pay enough and created some benefited positions that ensure we have fully coverage every day. We\u2019re also attracting more reliable substitutes.\n\nSpeak up to the right people and you might be able to help improve the situation.",
      "created_utc": 1749728854.0,
      "score": 24,
      "permalink": "/r/Teachers/comments/1l9j29b/if_roles_were_reversed/mxd5g6k/",
      "is_submitter": false,
      "edited": false,
      "stickied": false
    },
    {
      "id": "mxcxbs0",
      "author": "One-Humor-7101",
      "body": "Ummm no.  This is a job and most teachers have other adult obligations (like their own kids) that come first.  \n\nOur PTO is paid compensation and shaming people for using it is stupid. It\u2019s literally part of your pay.  \n\nYour school being unable to acquire an adequate number of subs is not your colleagues fault, the admin and district is responsible for maintaining a network of substitute teachers.  If they can\u2019t find any\u2026 they need to offer a higher incentive for substituting. \n\nyes I know it sucks when you have to lose prep to cover. The solution? Say no.  The reason they AREN\u2019T fixing the problem by getting more subs is because they have a pool of martyr teachers willing to just suck it up and lose their prep\u2026. Why would they fix the problem when you will do it for them? \n\nYour toxic mindset of blaming colleagues for using their sick time is an antiquated pick me philosophy which reinforces the precedent that teachers are supposed to sacrifice their health and personal happiness for a lower middle class income job.  \n\nTime to do some self-reflection.",
      "created_utc": 1749725192.0,
      "score": 113,
      "permalink": "/r/Teachers/comments/1l9j29b/if_roles_were_reversed/mxcxbs0/",
      "is_submitter": false,
      "edited": false,
      "stickied": false
    },
    {
      "id": "mxdagqk",
      "author": "AntaresBounder",
      "body": "We\u2019ve learned that live is short. Thanks pandemic!  I was one of those people who never too sick days. I had 150+ at one point. Now I take a planned \u201csick\u201d day once a month. My mental health is better, I find I get sick less often.  And my district will only reimburse me for so many days when I retire (and not at the rate I actually earn per day, but the sub rate).  It\u2019s worth more to me to use some now and enjoy coming to work than get a modest chunk of money when I retire, but be burnt out year after year.",
      "created_utc": 1749730853.0,
      "score": 18,
      "permalink": "/r/Teachers/comments/1l9j29b/if_roles_were_reversed/mxdagqk/",
      "is_submitter": false,
      "edited": false,
      "stickied": false
    },
    {
      "id": "mxddza8",
      "author": "Fart_of_the_Ocean",
      "body": "The problem isn't that teachers are using their PTO. The problem is the senseless coverage system your school has in place. \n\nThere are other models of class coverage where teachers aren't asked to cover classes during their planning period. \n\nObviously the best model is to have enough subs to cover. If your school doesn't have enough subs, then they aren't offering enough money for the job. \n\nIn the absence of a sub, classes can be divided up and sent to other teachers in small groups of 4-5 kids. They follow the receiving teacher's schedule. No one loses a planning period but the teacher has a larger class that day.\n\nThe \"emergency\" model is to pull certified but non-teaching staff into classeooms.  This includes building admin and district office admin. \n\nThere should not be any model that takes away contractually required planning time from teachers.",
      "created_utc": 1749732164.0,
      "score": 14,
      "permalink": "/r/Teachers/comments/1l9j29b/if_roles_were_reversed/mxddza8/",
      "is_submitter": false,
      "edited": false,
      "stickied": false
    },
    {
      "id": "mxd9o57",
      "author": "LessDramaLlama",
      "body": "Look up causes of absenteeism in the workplace. Researchers put a lot of time into discovering them, especially as high absenteeism levels can be costly to organizations. The factors that influence workers to be out often are things like lack of autonomy, lack of support, poor working relationships, unclear communication, and excessive demands. Even if some of your colleagues will themselves to come to work when they feel they can\u2019t or shouldn\u2019t come in, it won\u2019t overcome a working environment that isn\u2019t working well for them. If a lot of teachers are out, that means admin and district personnel need to solve the problem. Individuals taking action from whining to showing up when they are overwhelmed or exhausted won\u2019t fix a working environment problem.\n\nAlso, you can absolutely refuse to cover on your prep. Teachers have work due dates and scheduled calls all the time. You *can* push back. Even if it\u2019s not every time, start refusing the extra assignments.",
      "created_utc": 1749730544.0,
      "score": 14,
      "permalink": "/r/Teachers/comments/1l9j29b/if_roles_were_reversed/mxd9o57/",
      "is_submitter": false,
      "edited": false,
      "stickied": false
    },
    {
      "id": "mxddkvw",
      "author": "a_j____",
      "body": "Comparing kids to teachers is ridiculous. Being at school is a safe place for students and will help them. Teachers are merely employees who have to deal with life outside of school sometimes during school hours.",
      "created_utc": 1749732020.0,
      "score": 11,
      "permalink": "/r/Teachers/comments/1l9j29b/if_roles_were_reversed/mxddkvw/",
      "is_submitter": false,
      "edited": false,
      "stickied": false
    },
    {
      "id": "mxddxp4",
      "author": "tonymacdougal",
      "body": "Sick days are negotiated into contracts. Use them! It\u2019s a job.",
      "created_utc": 1749732148.0,
      "score": 12,
      "permalink": "/r/Teachers/comments/1l9j29b/if_roles_were_reversed/mxddxp4/",
      "is_submitter": false,
      "edited": false,
      "stickied": false
    },
    {
      "id": "mxdj2qn",
      "author": "BossJackWhitman",
      "body": "the problem in education is not poor student or teacher attendance.\n\nor poor student behavior. or bad admins. or bad teachers.\n\nthe problem in education is that our society is falling apart. we are in late stage capitalism, every area of public life is leveraged for either profit or political gain.  \n\nlate stage capitalism is causing poor attendance. families are struggling. \n\nlate stage capitalism is causing teacher shortages. violent policies. unqualified admin. families are struggling, which includes families with teachers. \n\nthere's fewer subs. there's less support. \n\nlate stage capitalism is causing mass mental illness. we are already shortstaffed nationwide on mental health supports in schools or careers. \n\nI'm saying this not to disagree with you, but in an attempt to focus attention on the problem. schools are one of the most immediate reflections of society, and everything wrong with society is going to show up in our classrooms in deeply embedded ways. until we fix that, talking about the individual side effects in schools *as if this will help us understand the problem* is a waste of time.",
      "created_utc": 1749733943.0,
      "score": 11,
      "permalink": "/r/Teachers/comments/1l9j29b/if_roles_were_reversed/mxdj2qn/",
      "is_submitter": false,
      "edited": false,
      "stickied": false
    },
    {
      "id": "mxd6e61",
      "author": "TeachingOvertime",
      "body": "Sick days and personal days are built into a teacher\u2019s contract.  It is not up to colleagues to decide when it is and when it is not appropriate for teachers to use them.  Although it may be inconvenient for colleagues at times, it really is between the district and its employees if there is a problem.",
      "created_utc": 1749729244.0,
      "score": 21,
      "permalink": "/r/Teachers/comments/1l9j29b/if_roles_were_reversed/mxd6e61/",
      "is_submitter": false,
      "edited": false,
      "stickied": false
    },
    {
      "id": "mxdajr9",
      "author": "zeezuu1",
      "body": "I think COVID played a part in changing this too. Pre-COVID, it was the norm to come to school or work if you weren\u2019t feeling great but still felt decently okay. TBH it kinda felt like a badge of honor to be at work when you were borderline sick. That\u2019s definitely not the norm now. I know both teachers and students who\u2019ve stayed home for minor illness like sniffles or sinus infections. I\u2019m not saying it\u2019s necessarily a bad thing, you don\u2019t want to get others sick, but it definitely impacts school attendance for students and staff.",
      "created_utc": 1749730885.0,
      "score": 9,
      "permalink": "/r/Teachers/comments/1l9j29b/if_roles_were_reversed/mxdajr9/",
      "is_submitter": false,
      "edited": false,
      "stickied": false
    },
    {
      "id": "mxdb0so",
      "author": "sunshineisfine92",
      "body": "What school do you teach at where the kids would complain about their teacher being out?",
      "created_utc": 1749731065.0,
      "score": 9,
      "permalink": "/r/Teachers/comments/1l9j29b/if_roles_were_reversed/mxdb0so/",
      "is_submitter": false,
      "edited": false,
      "stickied": false
    },
    {
      "id": "mxd2xbg",
      "author": "One-Two3214",
      "body": "I know that some districts around me in Texas have stopped offering 10 days PTO. The state requires only 5 and then districts fund the others, but a friend of mine recently hired by another district nearby said that he was offered 8 days for the year.\n\nSo in Texas at least, the response to teachers actually using their allotted days is to take some of them away rather than maybe handle the reasons for why teachers might be more inclined to take their days than they have in the last.",
      "created_utc": 1749727783.0,
      "score": 8,
      "permalink": "/r/Teachers/comments/1l9j29b/if_roles_were_reversed/mxd2xbg/",
      "is_submitter": false,
      "edited": false,
      "stickied": false
    },
    {
      "id": "mxd1txe",
      "author": "Violinman135",
      "body": "The days are in the contract. We should use the days available to us if we want/need.\nJust say no to covering instead of being a bitch about it. \nIt's not your coworker's problem that your admin sucks and asks you/ requires you to cover. \nMaybe you should use some more days.",
      "created_utc": 1749727291.0,
      "score": 34,
      "permalink": "/r/Teachers/comments/1l9j29b/if_roles_were_reversed/mxd1txe/",
      "is_submitter": false,
      "edited": false,
      "stickied": false
    },
    {
      "id": "mxd2ymp",
      "author": "LongIslandNerd",
      "body": "Yea I've used all 10 days. Why?\n\nFirst: I worked for a. School and never called out. Came in with fevers all the time. And then they got rid of my position. I had 91 sick days[this district just had sick for personal and non personal]\n\nSecond: when they keep pilling up more work on teachers, we're going to get burned out quicker. \n\nThird: there are many pd days that I'd rather attend to then deal with shitty classes so I will take that and o well someone has to cover my classes.",
      "created_utc": 1749727799.0,
      "score": 12,
      "permalink": "/r/Teachers/comments/1l9j29b/if_roles_were_reversed/mxd2ymp/",
      "is_submitter": false,
      "edited": false,
      "stickied": false
    },
    {
      "id": "mxd8z64",
      "author": "charpenette",
      "body": "Yes. Teacher absenteeism is up in all districts around me. I don\u2019t blame anyone and missed my fair share this year, too. Stop being a pick-me and understand that your colleagues are exhausted. Do you HAVE to cover classes if asked?",
      "created_utc": 1749730274.0,
      "score": 13,
      "permalink": "/r/Teachers/comments/1l9j29b/if_roles_were_reversed/mxd8z64/",
      "is_submitter": false,
      "edited": false,
      "stickied": false
    },
    {
      "id": "mxdc9n5",
      "author": "tardisknitter",
      "body": "Mental health is just as important as physical health. \n\nI'm Autistic and I've taken sick days to recover from particulars stressful days that have caused meltdowns/shutdowns. I am of use to no one if my disability is making it hard for me to function.",
      "created_utc": 1749731535.0,
      "score": 13,
      "permalink": "/r/Teachers/comments/1l9j29b/if_roles_were_reversed/mxdc9n5/",
      "is_submitter": false,
      "edited": false,
      "stickied": false
    },
    {
      "id": "mxddql9",
      "author": "professor-ks",
      "body": "The district is willing to pull me out of the classroom for three days to attend PD/meetings so it's hard to keep thinking they expect us in the classroom every day.",
      "created_utc": 1749732077.0,
      "score": 6,
      "permalink": "/r/Teachers/comments/1l9j29b/if_roles_were_reversed/mxddql9/",
      "is_submitter": false,
      "edited": false,
      "stickied": false
    },
    {
      "id": "mxdj0rh",
      "author": "Confident-Listen3515",
      "body": "Those days are part of my compensation. I am taking them. Subs are on admin.",
      "created_utc": 1749733925.0,
      "score": 3,
      "permalink": "/r/Teachers/comments/1l9j29b/if_roles_were_reversed/mxdj0rh/",
      "is_submitter": false,
      "edited": false,
      "stickied": false
    },
    {
      "id": "mxdpmnd",
      "author": "Stunning-Mall5908",
      "body": "I was paid one day for ever four days of sick leave/personal days l had at retirement. Do the math. I had a year\u2019s of leave and was paid for one semester. Teachers should take their time.",
      "created_utc": 1749736114.0,
      "score": 4,
      "permalink": "/r/Teachers/comments/1l9j29b/if_roles_were_reversed/mxdpmnd/",
      "is_submitter": false,
      "edited": false,
      "stickied": false
    },
    {
      "id": "mxdq2sm",
      "author": "antmars",
      "body": "Reading through OPs comments in this thread it seems they fundamentally feel like a teacher being absent means their work is redistributed to other teachers.   Until they understand it Doenst have to be like that there\u2019s really no point in arguing with them.  \n\nIt\u2019s not necessarily their fault - I\u2019ve seen admin try to pit teacher against teacher before.  It\u2019s cheaper for admin and keeps the frustration away from their office.\n\nBut that\u2019s a broken culture.  Someone being absent shouldn\u2019t create more work for other teachers.  If anything it should create an opportunity for someone to earn money covering or a sub coming in.  \n\nThere are better places out there, OP, I hope you can either complain enough to fix yours or leave to enjoy a better place.  Start with your union get it in your contract that you cannot be called upon to sub when fair compensation.  \n\nAt my school subbing to cover an out teacher is voluntary and $40/hr.   We still allowed paid (at the same rate) involuntary subs - but I\u2019ve never once been called on to sub involuntarily because everyone wants that cheddar.\n\nAlso - un used sick days are paid out.   5 hours x $40 = $200/day.   The school budgeting covering those sick days with subs and if you don\u2019t use your subs they hand you the money instead.   \n\nYoure complaining about your peers, OP, but I doubt your peers are preventing policies like this from being implemented.",
      "created_utc": 1749736255.0,
      "score": 4,
      "permalink": "/r/Teachers/comments/1l9j29b/if_roles_were_reversed/mxdq2sm/",
      "is_submitter": false,
      "edited": false,
      "stickied": false
    },
    {
      "id": "mxdn9o6",
      "author": "retropanties",
      "body": "I view my PTO as part of my compensation. My district doesn\u2019t pay out so if I don\u2019t use my days I am literally accepting a lower salary. Also if I ever go over my absences my district will literally dock my pay over $300. So I will happily use my PTO days whenever I want and for whatever reason. I am younger so I think this is definitely a vibe shift in my generation.",
      "created_utc": 1749735350.0,
      "score": 3,
      "permalink": "/r/Teachers/comments/1l9j29b/if_roles_were_reversed/mxdn9o6/",
      "is_submitter": false,
      "edited": false,
      "stickied": false
    },
    {
      "id": "mxdw9j7",
      "author": "quickwitqueen",
      "body": "I don\u2019t need to learn. I\u2019ve done my time doing that. When I work for a district who that doesn\u2019t give a fuck about me, I\u2019m going to use as many days as I want. \n\nAnd if my students are out, if they make the effort to complete make-up work, I have no issue.\n\nIf you\u2019re not getting paid to cover that is a union issue. If I cover a class, I get a stipend. \n\nStop blaming the teachers and instead blame the system.",
      "created_utc": 1749738134.0,
      "score": 3,
      "permalink": "/r/Teachers/comments/1l9j29b/if_roles_were_reversed/mxdw9j7/",
      "is_submitter": false,
      "edited": false,
      "stickied": false
    },
    {
      "id": "mxdu4sz",
      "author": "Educational_Pie1188",
      "body": "Who cares? They\u2019re our days to use, so why should we be shamed for using them? We have every right to take off. Stop being a martyr.",
      "created_utc": 1749737502.0,
      "score": 2,
      "permalink": "/r/Teachers/comments/1l9j29b/if_roles_were_reversed/mxdu4sz/",
      "is_submitter": false,
      "edited": false,
      "stickied": false
    },
    {
      "id": "mxdn79e",
      "author": "insert-haha-funny",
      "body": "If you get a certain amount of days out as part of your contract, you can\u2019t be mad when people use their days off when it\u2019s literally part of their compensation package",
      "created_utc": 1749735328.0,
      "score": 1,
      "permalink": "/r/Teachers/comments/1l9j29b/if_roles_were_reversed/mxdn79e/",
      "is_submitter": false,
      "edited": false,
      "stickied": false
    },
    {
      "id": "mxdrbrm",
      "author": "Jumpy_Wing3031",
      "body": "If I'm sick or injured, I'm not coming to work. I don't expect children (nor do I want them to) to come to school sick or injured. I don't want to spread COVID, flu, and RSV to my co-workers or students, and I'm not going to be any good at work if I am sick. I don't feel guilt because those are my days to use for those reasons. It is the administration's problem when teachers are ill and need coverage. It's their job to arrange coverage and re-imburse staff appropriately.",
      "created_utc": 1749736646.0,
      "score": 1,
      "permalink": "/r/Teachers/comments/1l9j29b/if_roles_were_reversed/mxdrbrm/",
      "is_submitter": false,
      "edited": false,
      "stickied": false
    },
    {
      "id": "mxdrfug",
      "author": "honeybear33",
      "body": "If my district isn\u2019t going to GAF about student absences, whether it\u2019s skipping or taking a two week cruise right after a week break then I am not going to care about taking days for me time",
      "created_utc": 1749736681.0,
      "score": 1,
      "permalink": "/r/Teachers/comments/1l9j29b/if_roles_were_reversed/mxdrfug/",
      "is_submitter": false,
      "edited": false,
      "stickied": false
    },
    {
      "id": "mxdromc",
      "author": "meteorprime",
      "body": "I always put an early for when I\u2019m going to miss work unless I\u2019m sick.\n\nThere definitely hasn\u2019t been a big change in the number of sick hours we have.\n\nI haven\u2019t seen anything personally change.",
      "created_utc": 1749736756.0,
      "score": 1,
      "permalink": "/r/Teachers/comments/1l9j29b/if_roles_were_reversed/mxdromc/",
      "is_submitter": false,
      "edited": false,
      "stickied": false
    },
    {
      "id": "mxds7o7",
      "author": "whatev88",
      "body": "We get 10 days a year. So like\u2026one day off per month. That pales in comparison to student attendance issues.",
      "created_utc": 1749736916.0,
      "score": 1,
      "permalink": "/r/Teachers/comments/1l9j29b/if_roles_were_reversed/mxds7o7/",
      "is_submitter": false,
      "edited": false,
      "stickied": false
    },
    {
      "id": "mxdtomh",
      "author": "Karadek99",
      "body": "I think it\u2019s part of the lack of discipline for students nowadays. Teachers are taking days off for mental health, having to deal with all the behaviors that the administration isn\u2019t.",
      "created_utc": 1749737366.0,
      "score": 1,
      "permalink": "/r/Teachers/comments/1l9j29b/if_roles_were_reversed/mxdtomh/",
      "is_submitter": false,
      "edited": false,
      "stickied": false
    },
    {
      "id": "mxdudav",
      "author": "Tricky_Cheesecake658",
      "body": "I used my days when it was either lose my days or lose my mind.",
      "created_utc": 1749737572.0,
      "score": 1,
      "permalink": "/r/Teachers/comments/1l9j29b/if_roles_were_reversed/mxdudav/",
      "is_submitter": false,
      "edited": false,
      "stickied": false
    },
    {
      "id": "mxduhp5",
      "author": "actuallycallie",
      "body": "the fact that there's not coverage is not your colleagues' fault. they should not feel (and you should not feel) pressured to come to work when you/your child/your elderly parent you care for is sick. It is ADMIN's responsibility to make sure there is enough coverage. You are mad at the wrong people.",
      "created_utc": 1749737607.0,
      "score": 1,
      "permalink": "/r/Teachers/comments/1l9j29b/if_roles_were_reversed/mxduhp5/",
      "is_submitter": false,
      "edited": false,
      "stickied": false
    },
    {
      "id": "mxdvkcw",
      "author": "Dangerous-Design-613",
      "body": "Teaching is a crappy job. I got out of it 2 years ago. Students have all the power and teachers are taken advantage of. I don\u2019t blame other teachers for taking time off.",
      "created_utc": 1749737928.0,
      "score": 1,
      "permalink": "/r/Teachers/comments/1l9j29b/if_roles_were_reversed/mxdvkcw/",
      "is_submitter": false,
      "edited": false,
      "stickied": false
    },
    {
      "id": "mxdwadh",
      "author": "Strict-Astronaut2245",
      "body": "Public schooling is lost. The unions haven\u2019t done their jobs to help empower teachers. Administration have done their best to uncut teachers. It\u2019s no longer a career. It\u2019s a job you clock in and clock out for",
      "created_utc": 1749738141.0,
      "score": 1,
      "permalink": "/r/Teachers/comments/1l9j29b/if_roles_were_reversed/mxdwadh/",
      "is_submitter": false,
      "edited": false,
      "stickied": false
    },
    {
      "id": "mxdwi07",
      "author": "Fancy_Bumblebee5582",
      "body": "People stopped saving their days and started using them and now everyone freaks",
      "created_utc": 1749738203.0,
      "score": 1,
      "permalink": "/r/Teachers/comments/1l9j29b/if_roles_were_reversed/mxdwi07/",
      "is_submitter": false,
      "edited": false,
      "stickied": false
    },
    {
      "id": "mxdwlzo",
      "author": "MasterApprentice67",
      "body": "You are given PTO and sick days, use them...\n\nI taught for 4 yrs, the only time I used them was during the birth of my first child so I could have some paid leave. It was approved by HR. I should have used more mental heath day because I wouldn't have burned out.\n\nHaving nearly perfect attendance as a teacher does nothing",
      "created_utc": 1749738236.0,
      "score": 1,
      "permalink": "/r/Teachers/comments/1l9j29b/if_roles_were_reversed/mxdwlzo/",
      "is_submitter": false,
      "edited": false,
      "stickied": false
    },
    {
      "id": "mxdxmhs",
      "author": "Tim4Wafflez",
      "body": "This reads pretty tone deft. Ngl. \"Think about the kids and your fellow teachers\" is what created this snowball effect of teacher burnout. \n\nMy girlfriend (11/12th grade) is one of those purely amazing and talented teachers that students flock to for safety and feeling welcome, even ones that aren't her kids. She is constantly drained this year because of a myriad of systemic problems. The culture of handling misguided gusrdians and students is horrendous. She's been teaching for 9 years, and this year broke her. \n\nThe entitlement from kids and parents and no support from the school is making her take days off consistently. She's protecting herself. She is actually quitting teaching altogether after this year because of how bad it is and how damaging it is to her. I won't be getting into details, but most posts on this subreddit resonate with her and myself deeply. This post does not. \n\n*Do not blame your fellow teachers who are doing their best. You don't know what is going on with them. This is a systemic problem. Administrative. Guardians. Government. Culture. Not a teacher problem. *\n\nP.s. I know this isn't at every school. But this one she is at is a nightmare and won't be naming it for obvious reasons.",
      "created_utc": 1749738534.0,
      "score": 1,
      "permalink": "/r/Teachers/comments/1l9j29b/if_roles_were_reversed/mxdxmhs/",
      "is_submitter": false,
      "edited": false,
      "stickied": false
    },
    {
      "id": "mxdy8ye",
      "author": "moosecrater",
      "body": "Check your contracts.  They got in trouble with the union (in a VERY weak union state) about taking away prep time because it\u2019s in your contract.  They had to find other ways of covering it.",
      "created_utc": 1749738717.0,
      "score": 1,
      "permalink": "/r/Teachers/comments/1l9j29b/if_roles_were_reversed/mxdy8ye/",
      "is_submitter": false,
      "edited": false,
      "stickied": false
    },
    {
      "id": "mxdz5bb",
      "author": "JawasBuiltMyHotRod",
      "body": "I just retired from my district of 17 years to move to another state with about 500 hours of sick leave I never used. My district will not pay it out. Meanwhile my wife had limited leave hours during her maternity leave and the district would not let me move hours to her. We suffered financial hardship during that time.\n\nI get your point about covering classes when teachers are out. We've all been there. But if I could go back to the beginning I would have used every minute of my sick time.",
      "created_utc": 1749738983.0,
      "score": 1,
      "permalink": "/r/Teachers/comments/1l9j29b/if_roles_were_reversed/mxdz5bb/",
      "is_submitter": false,
      "edited": false,
      "stickied": false
    },
    {
      "id": "mxdz8ac",
      "author": "shayner5",
      "body": "It\u2019s more work to miss work. I\u2019d rather go sick",
      "created_utc": 1749739008.0,
      "score": 1,
      "permalink": "/r/Teachers/comments/1l9j29b/if_roles_were_reversed/mxdz8ac/",
      "is_submitter": false,
      "edited": false,
      "stickied": false
    },
    {
      "id": "mxdzham",
      "author": "DazzlerPlus",
      "body": "Probably youre mentally exaggerating. I had my worst attendance in my career last year at a whopping 94%",
      "created_utc": 1749739080.0,
      "score": 1,
      "permalink": "/r/Teachers/comments/1l9j29b/if_roles_were_reversed/mxdzham/",
      "is_submitter": false,
      "edited": false,
      "stickied": false
    },
    {
      "id": "mxdzzj1",
      "author": "wokehouseplant",
      "body": "You\u2019re not the only one who has observed this. And I have such mixed feelings about it. \n\nOn the one hand, yes, use your PTO. It\u2019s your right. \n\nOn the other: we\u2019ve had lots of people suddenly taking \u201csick\u201d days off for frivolous reasons, even knowing the misery it puts their colleagues through. And people in this thread are like \u201cthat\u2019s admin\u2019s problem.\u201d Yes, of course it technically is, but the fact remains that *somebody* has to watch those children. If there aren\u2019t enough subs/admin to cover (and my admin *always* covers before asking any of us to do so), and I get asked to help - I\u2019m not a dick, of course I\u2019m going to help. It isn\u2019t my admin\u2019s fault that there\u2019s a sub shortage in our area. (Stop. Just don\u2019t. It really isn\u2019t.) We have several staff with legit health concerns that cause them to miss a lot of work, and knowing that, I can\u2019t understand the mentality of the healthy ones who will take a whole day off because Fido has a 9AM vet appointment or they have a spa gift certificate or whatever\u2026 when they KNOW three others are out for chemo and such. I am absolutely going to resent my colleague who has taken a \u201csick day\u201d once a week for the last two months (they\u2019re not really sick).",
      "created_utc": 1749739228.0,
      "score": 1,
      "permalink": "/r/Teachers/comments/1l9j29b/if_roles_were_reversed/mxdzzj1/",
      "is_submitter": false,
      "edited": false,
      "stickied": false
    },
    {
      "id": "mxe0k9i",
      "author": "Physical_Cod_8329",
      "body": "It is your admin\u2019s fault for asking people to cover. There are MANY legitimate reasons why someone needs to take a day off of work.",
      "created_utc": 1749739397.0,
      "score": 1,
      "permalink": "/r/Teachers/comments/1l9j29b/if_roles_were_reversed/mxe0k9i/",
      "is_submitter": false,
      "edited": false,
      "stickied": false
    },
    {
      "id": "mxe12rd",
      "author": "No_Coms_K",
      "body": "We get 10 days a year. More teachers aren't missing, more administrators are bitching about it.",
      "created_utc": 1749739546.0,
      "score": 1,
      "permalink": "/r/Teachers/comments/1l9j29b/if_roles_were_reversed/mxe12rd/",
      "is_submitter": false,
      "edited": false,
      "stickied": false
    },
    {
      "id": "mxe1k15",
      "author": "FrostyDog94",
      "body": "I don't even get why you people are still teachers. It sounds like it sucks. I made more than my teacher friends working at Chipotle and it wasn't a fraction as stressful. Just quit.",
      "created_utc": 1749739683.0,
      "score": 1,
      "permalink": "/r/Teachers/comments/1l9j29b/if_roles_were_reversed/mxe1k15/",
      "is_submitter": false,
      "edited": false,
      "stickied": false
    },
    {
      "id": "mxe1nnr",
      "author": "UsoSmrt",
      "body": "Unused PTO is uncompensated and does not roll over. This is an issue that the school could fix on its own.",
      "created_utc": 1749739713.0,
      "score": 1,
      "permalink": "/r/Teachers/comments/1l9j29b/if_roles_were_reversed/mxe1nnr/",
      "is_submitter": false,
      "edited": false,
      "stickied": false
    },
    {
      "id": "mxd0imf",
      "author": "seandelevan",
      "body": "We have so many teacher absences that we have to routinely cover their classes. Years ago you would just be expected to lose your planning on Fridays. A few years ago our current admin and super have \u201cblacked out\u201d most Fridays meaning you had to have a doctor\u2019s note to take Fridays off.",
      "created_utc": 1749726695.0,
      "score": 1,
      "permalink": "/r/Teachers/comments/1l9j29b/if_roles_were_reversed/mxd0imf/",
      "is_submitter": false,
      "edited": false,
      "stickied": false
    },
    {
      "id": "mxdmrwz",
      "author": "Squeaky_sun",
      "body": "So interesting to me in reading these comments that not one teacher mentioned concern that their class will fall behind if they are frequently absent. I teach AP classes that need every minute of class to cover the curriculum. I love my job and want my students to succeed. I rarely take sick days (just one last year) as I am blessed with good health. I choose to schedule routine appts for summer and breaks, and my own children are grown-ups, so no childcare issues.\n\nWe do not have a problem getting subs at my public school. On unusual days that not enough subs are available, teachers who cover classes are paid to do so, and there are teachers who are happy to earn extra money. The office staff cares about the teachers\u2019 preferences and only asks me if they are desperate. I like my prep time over the $80/hr. No one complains that I should be a martyr and I just covered two classes last year. Everyone gets what they want. Good admin makes such a difference!",
      "created_utc": 1749735185.0,
      "score": 0,
      "permalink": "/r/Teachers/comments/1l9j29b/if_roles_were_reversed/mxdmrwz/",
      "is_submitter": false,
      "edited": false,
      "stickied": false
    },
    {
      "id": "mxdcuzl",
      "author": "micchic22",
      "body": "My Principal started giving away gift cards on certain days that we had a lot of people out.",
      "created_utc": 1749731757.0,
      "score": 0,
      "permalink": "/r/Teachers/comments/1l9j29b/if_roles_were_reversed/mxdcuzl/",
      "is_submitter": false,
      "edited": false,
      "stickied": false
    },
    {
      "id": "mxdfhu5",
      "author": "forgeblast",
      "body": "It's a riot reading the absence sheet on Friday when 20 people are out and we have 4 subs....I know I'm not going to have a prep, have to cover etc. If he wanted to be jerks and check every time they were absent and it just happened to be on Fridays then so be it. \nI am banking days since they put in our last contract we get paid the sub rate, which goes up every year.",
      "created_utc": 1749732706.0,
      "score": 0,
      "permalink": "/r/Teachers/comments/1l9j29b/if_roles_were_reversed/mxdfhu5/",
      "is_submitter": false,
      "edited": false,
      "stickied": false
    },
    {
      "id": "mxdm06e",
      "author": "kcintac",
      "body": "I wouldn't unless they require me to come fill in for you. If you're sick, no worries. I understand.",
      "created_utc": 1749734927.0,
      "score": 0,
      "permalink": "/r/Teachers/comments/1l9j29b/if_roles_were_reversed/mxdm06e/",
      "is_submitter": true,
      "edited": false,
      "stickied": false
    },
    {
      "id": "mxd52wi",
      "author": "skoon",
      "body": "In almost any kind of work environment, 10% of the employees will use 90% of the sick leave taken. It's generally the same people who take a lot of sick leave. Usually it's because they have a different idea of what \"sick\" means. For some people sick means they have a contagious disease like a cold or the flu and stay home so they don't spread it. Some people sick means they can see the broken bone sticking through their skin. But most of the people who take the most sick leave think sick means they feel tired.\n\nPlus the sad amount of personal days given to teachers means that teachers use sick leave as PTO as \"mental health days\".",
      "created_utc": 1749728701.0,
      "score": -7,
      "permalink": "/r/Teachers/comments/1l9j29b/if_roles_were_reversed/mxd52wi/",
      "is_submitter": false,
      "edited": false,
      "stickied": false
    },
    {
      "id": "mxd316q",
      "author": "kcintac",
      "body": "Nope. I have no problem with people who use sick time. I'm pretty sure that's not what is happening for some of these absences. I've never said no when asked to cover. I would need to check to see what the contract language says about this. I find it odd however that you seem to not give a care about your fellow colleagues who need to adjust their day to fit your absence. I guess it's a me world these days.",
      "created_utc": 1749727831.0,
      "score": -14,
      "permalink": "/r/Teachers/comments/1l9j29b/if_roles_were_reversed/mxd316q/",
      "is_submitter": true,
      "edited": false,
      "stickied": false
    },
    {
      "id": "mxdzxhc",
      "author": "adelie42",
      "body": "My first 18 years in education, I was ride or die, only took 3 days off that entire time. Now I feel no guilt respecting myself and showing up or taking time as desired. My time off is a tool provided and I'm not going to waste it just to be a martyr.",
      "created_utc": 1749739212.0,
      "score": 1,
      "permalink": "/r/Teachers/comments/1l9j29b/if_roles_were_reversed/mxdzxhc/",
      "is_submitter": false,
      "edited": false,
      "stickied": false
    },
    {
      "id": "mxd2erh",
      "author": "kcintac",
      "body": "I understand your point of view about the health-related issues. However, that guilty feeling you used to have was there because you knew that someone else would be inconvenienced by your situation. I think people have come to the point that they just don't care anymore. Once again, health issues are one thing, but in my opinion, if you can't get a sub and you just need a day off because you just aren't feeling it today, that's another issue.",
      "created_utc": 1749727552.0,
      "score": -168,
      "permalink": "/r/Teachers/comments/1l9j29b/if_roles_were_reversed/mxd2erh/",
      "is_submitter": true,
      "edited": false,
      "stickied": false
    },
    {
      "id": "mxcxs7w",
      "author": "Absolute-fool-27",
      "body": "I became more willing to use sick and personal days when in February my admin still didn't know my name (small school with 30ish teachers, two APs), and kept sending me reprimand memos for petty things that weren't violations of staff conduct or for other staff members that they couldn't remember weren't me. The final straw to use up my last personal day was when I was sexually assaulted and the principal made it seem like my clothing choices were at fault (quite frankly very conservative- collar bone to just below the knees at a minimum) and issued a memo for inappropriate dress when teachers don't even have a dress code in this district.",
      "created_utc": 1749725415.0,
      "score": 88,
      "permalink": "/r/Teachers/comments/1l9j29b/if_roles_were_reversed/mxcxs7w/",
      "is_submitter": false,
      "edited": false,
      "stickied": false
    },
    {
      "id": "mxdtuxw",
      "author": "Odd-Cry-1363",
      "body": "Thanks AI",
      "created_utc": 1749737419.0,
      "score": 7,
      "permalink": "/r/Teachers/comments/1l9j29b/if_roles_were_reversed/mxdtuxw/",
      "is_submitter": false,
      "edited": false,
      "stickied": false
    },
    {
      "id": "mxdyxk4",
      "author": "ImpressiveFishing405",
      "body": "When I started as a para, I got an official reprimand and letter in my file because I used bereavement leave to attend my girlfriend's grandmother's funeral.\u00a0 They only found out because they asked the teacher I worked with who died, and she didn't realize it was wrong either.\u00a0 Apparently bereavement leave is only for actual family members.\u00a0 Doesn't matter that we were living together at the time.\u00a0 And they were *not* sympathetic.\n\n\nToday I wouldn't even need to explain anything.",
      "created_utc": 1749738920.0,
      "score": 3,
      "permalink": "/r/Teachers/comments/1l9j29b/if_roles_were_reversed/mxdyxk4/",
      "is_submitter": false,
      "edited": false,
      "stickied": false
    },
    {
      "id": "mxe113b",
      "author": "easybakeevan",
      "body": "This might be the most perfect thing ever written.",
      "created_utc": 1749739532.0,
      "score": 1,
      "permalink": "/r/Teachers/comments/1l9j29b/if_roles_were_reversed/mxe113b/",
      "is_submitter": false,
      "edited": false,
      "stickied": false
    },
    {
      "id": "mxe2173",
      "author": "BoomerTeacher",
      "body": "Jaguar, your comments are perfect.",
      "created_utc": 1749739820.0,
      "score": 1,
      "permalink": "/r/Teachers/comments/1l9j29b/if_roles_were_reversed/mxe2173/",
      "is_submitter": false,
      "edited": false,
      "stickied": false
    },
    {
      "id": "mxd5dcc",
      "author": "NeverOneDropOfRain",
      "body": "Kind of ironic to use AI to make this point.",
      "created_utc": 1749728822.0,
      "score": -33,
      "permalink": "/r/Teachers/comments/1l9j29b/if_roles_were_reversed/mxd5dcc/",
      "is_submitter": false,
      "edited": false,
      "stickied": false
    },
    {
      "id": "mxd50z8",
      "author": "Give_me_soup",
      "body": "You get paid to cover classes?",
      "created_utc": 1749728679.0,
      "score": 19,
      "permalink": "/r/Teachers/comments/1l9j29b/if_roles_were_reversed/mxd50z8/",
      "is_submitter": false,
      "edited": false,
      "stickied": false
    },
    {
      "id": "mxd491u",
      "author": "kcintac",
      "body": "Once again, I'm not saying people shouldn't take sick days. That's what they are for, I understand that.",
      "created_utc": 1749728352.0,
      "score": -18,
      "permalink": "/r/Teachers/comments/1l9j29b/if_roles_were_reversed/mxd491u/",
      "is_submitter": true,
      "edited": false,
      "stickied": false
    },
    {
      "id": "mxdeu9f",
      "author": "kcintac",
      "body": "I can agree with this statement. However, let's say you wake up and want to use a personal day off but you know there are no subs to cover and 5 other teachers will have to cover your class. Personally, that would bother me. Whats your thought?",
      "created_utc": 1749732473.0,
      "score": -18,
      "permalink": "/r/Teachers/comments/1l9j29b/if_roles_were_reversed/mxdeu9f/",
      "is_submitter": true,
      "edited": false,
      "stickied": false
    },
    {
      "id": "mxdgwx5",
      "author": "Necessary_Bowl_8893",
      "body": "My school started giving semester bonuses for attendance 3 years ago. Good news is pay for subs increased. Bad news, I still have to cover classes at least once a week",
      "created_utc": 1749733199.0,
      "score": 21,
      "permalink": "/r/Teachers/comments/1l9j29b/if_roles_were_reversed/mxdgwx5/",
      "is_submitter": false,
      "edited": false,
      "stickied": false
    },
    {
      "id": "mxduzzm",
      "author": "AdditionalAmoeba6358",
      "body": "A lot of what you mention stems from lack of funding and the way society now chooses to view education.\n\nNot sure how school administrators are supposed to have an effect on something far larger than that specific school, that specific district, etc \n\nIt\u2019s a conversation I have with my mom constantly. We need to place the blame where it actually exists.",
      "created_utc": 1749737758.0,
      "score": 7,
      "permalink": "/r/Teachers/comments/1l9j29b/if_roles_were_reversed/mxduzzm/",
      "is_submitter": false,
      "edited": false,
      "stickied": false
    },
    {
      "id": "mxdfcfd",
      "author": "ajswdf",
      "body": "My district isn't quite so bad, but I had the same thought when I switched careers. If your payout for unused days is less than what they pay a sub for the day they are communicating to you that they want you to use all of your time off.",
      "created_utc": 1749732653.0,
      "score": 11,
      "permalink": "/r/Teachers/comments/1l9j29b/if_roles_were_reversed/mxdfcfd/",
      "is_submitter": false,
      "edited": false,
      "stickied": false
    },
    {
      "id": "mxdsw4c",
      "author": "Capable-Instance-672",
      "body": "We don\u2019t get any sick leave payout at retirement at all, but then admin complains when teachers take leave. I have over 100 sick days banked and by the time I retire in 15 years, who knows how many more will go to waste. I guess I\u2019m covered if I need surgery or have a long term illness.",
      "created_utc": 1749737126.0,
      "score": 3,
      "permalink": "/r/Teachers/comments/1l9j29b/if_roles_were_reversed/mxdsw4c/",
      "is_submitter": false,
      "edited": false,
      "stickied": false
    },
    {
      "id": "mxdyygb",
      "author": "Squestis",
      "body": "$10 a day? That\u2019s ridiculous. In our district, which is in a state that isn\u2019t too union friendly (but fortunately our district is), we get $300 per unused sick day at the end of each year, unless we want to bank them (up to 90). Since I doubt I will retire from my state, I never use them and cash them out. It\u2019s a nice $2400 bonus that I\u2019ve gotten for the past four years.",
      "created_utc": 1749738928.0,
      "score": 1,
      "permalink": "/r/Teachers/comments/1l9j29b/if_roles_were_reversed/mxdyygb/",
      "is_submitter": false,
      "edited": 1749739721.0,
      "stickied": false
    },
    {
      "id": "mxe2oo1",
      "author": "Same_Profile_1396",
      "body": "At retirement, my district/state pays you out at 100% of your hourly rate for how ever many leave hours you have banked, unlimited. We can roll our hours each year and the accumulate, we don't have limits to how much we can bank.\n(As long as you have at least 12 years in district)",
      "created_utc": 1749740006.0,
      "score": 1,
      "permalink": "/r/Teachers/comments/1l9j29b/if_roles_were_reversed/mxe2oo1/",
      "is_submitter": false,
      "edited": false,
      "stickied": false
    },
    {
      "id": "mxd5xym",
      "author": "kcintac",
      "body": "Great to hear. This makes sense.",
      "created_utc": 1749729059.0,
      "score": 5,
      "permalink": "/r/Teachers/comments/1l9j29b/if_roles_were_reversed/mxd5xym/",
      "is_submitter": true,
      "edited": false,
      "stickied": false
    },
    {
      "id": "mxd4as8",
      "author": "un_finite",
      "body": "BRAVO",
      "created_utc": 1749728373.0,
      "score": 25,
      "permalink": "/r/Teachers/comments/1l9j29b/if_roles_were_reversed/mxd4as8/",
      "is_submitter": false,
      "edited": false,
      "stickied": false
    },
    {
      "id": "mxe1lol",
      "author": "Illustrious-Chef1757",
      "body": "This comment needs to be higher in the thread. There are many of us who started out as martyrs and saw the system for what it was as the years went on. If teachers keep picking up the slack created by incompetent admin and district leaders then blaming one another it only perpetuates the problem.",
      "created_utc": 1749739696.0,
      "score": 1,
      "permalink": "/r/Teachers/comments/1l9j29b/if_roles_were_reversed/mxe1lol/",
      "is_submitter": false,
      "edited": false,
      "stickied": false
    },
    {
      "id": "mxdb643",
      "author": "Jacob0050",
      "body": "Unless you're on your death bed or banging your wife (or getting banged) GET TO THE CLASSROOM!",
      "created_utc": 1749731121.0,
      "score": -39,
      "permalink": "/r/Teachers/comments/1l9j29b/if_roles_were_reversed/mxdb643/",
      "is_submitter": false,
      "edited": false,
      "stickied": false
    },
    {
      "id": "mxdg7en",
      "author": "kcintac",
      "body": "Agreed.",
      "created_utc": 1749732951.0,
      "score": 1,
      "permalink": "/r/Teachers/comments/1l9j29b/if_roles_were_reversed/mxdg7en/",
      "is_submitter": true,
      "edited": false,
      "stickied": false
    },
    {
      "id": "mxd6x0q",
      "author": "kcintac",
      "body": "Contractually, I suppose you are correct.",
      "created_utc": 1749729455.0,
      "score": -8,
      "permalink": "/r/Teachers/comments/1l9j29b/if_roles_were_reversed/mxd6x0q/",
      "is_submitter": true,
      "edited": false,
      "stickied": false
    },
    {
      "id": "mxdp2im",
      "author": "HRHValkyrie",
      "body": "I am personally very glad of this shift. I get sick easily and martyr employees showing up ill to work end up costing me sick days when their sniffles turn into my pneumonia.",
      "created_utc": 1749735935.0,
      "score": 8,
      "permalink": "/r/Teachers/comments/1l9j29b/if_roles_were_reversed/mxdp2im/",
      "is_submitter": false,
      "edited": false,
      "stickied": false
    },
    {
      "id": "mxdys8s",
      "author": "vlovato",
      "body": "They notice.",
      "created_utc": 1749738877.0,
      "score": 1,
      "permalink": "/r/Teachers/comments/1l9j29b/if_roles_were_reversed/mxdys8s/",
      "is_submitter": false,
      "edited": false,
      "stickied": false
    },
    {
      "id": "mxde3wv",
      "author": "kcintac",
      "body": "Omg....hypothetically speaking. Sorry, I didn't spell that out clearly.",
      "created_utc": 1749732210.0,
      "score": -8,
      "permalink": "/r/Teachers/comments/1l9j29b/if_roles_were_reversed/mxde3wv/",
      "is_submitter": true,
      "edited": false,
      "stickied": false
    },
    {
      "id": "mxd4mvq",
      "author": "kcintac",
      "body": "Lol. I think you may be part of the issue I was referring to.",
      "created_utc": 1749728515.0,
      "score": -26,
      "permalink": "/r/Teachers/comments/1l9j29b/if_roles_were_reversed/mxd4mvq/",
      "is_submitter": true,
      "edited": false,
      "stickied": false
    },
    {
      "id": "mxe1sqg",
      "author": "lotheva",
      "body": "Do you ever get to like the very end of a sickness and realize you\u2019re completely overstimulated, and take a sick day as soon as you\u2019re more or less \u2018better\u2019? Asking for a friend. \nAlso side note, autistic teacher who knits and loves doctor who? I think we\u2019re meant to be best friends.",
      "created_utc": 1749739753.0,
      "score": 1,
      "permalink": "/r/Teachers/comments/1l9j29b/if_roles_were_reversed/mxe1sqg/",
      "is_submitter": false,
      "edited": false,
      "stickied": false
    },
    {
      "id": "mxe2tt0",
      "author": "No-Fix1210",
      "body": "Yea my students are chronically behind and I\u2019m the only one who cares (or cared?). But after teaching 13 years and watching loads of students miss 30-40+ days of school and get passed on without the basic pillars of knowledge\u2026 why would I miss one of my doctors appointments because I\u2019m worried about them getting behind? They are already behind, lightyears behind, and nobody cares but me. So I decided a few years ago I can\u2019t care more than them, more than their parents, more than admin, more than society. Now I take my appointments and give my all the other 180 days I show up.",
      "created_utc": 1749740047.0,
      "score": 1,
      "permalink": "/r/Teachers/comments/1l9j29b/if_roles_were_reversed/mxe2tt0/",
      "is_submitter": false,
      "edited": false,
      "stickied": false
    },
    {
      "id": "mxdbwzl",
      "author": "OkEdge7518",
      "body": "and some people have chronic health issues!!\u00a0",
      "created_utc": 1749731403.0,
      "score": 9,
      "permalink": "/r/Teachers/comments/1l9j29b/if_roles_were_reversed/mxdbwzl/",
      "is_submitter": false,
      "edited": false,
      "stickied": false
    },
    {
      "id": "mxd4mve",
      "author": "AlliopeCalliope",
      "body": "I'll say as someone who came from the corporate world/career switcher, it's an adjustment only having ten sick days all year.\u00a0\n\n\nAlso, it's not selfless to come in sick and get everyone else sick. Kids AND adults should stay home when they are sick!\u00a0\n\n\nMental health IS health. It's better to stay home one day than to burn out.\u00a0\n\n\n\nMy school actually has substitutes, though, with split lists in a pinch; so we very rarely are asked to give up planning. I might feel differently in that case. I think you should address the situation at your school but yeah, the culture is changing.\u00a0",
      "created_utc": 1749728515.0,
      "score": 24,
      "permalink": "/r/Teachers/comments/1l9j29b/if_roles_were_reversed/mxd4mve/",
      "is_submitter": false,
      "edited": false,
      "stickied": false
    },
    {
      "id": "mxd9eup",
      "author": "charpenette",
      "body": "I find it odd that you don\u2019t care about your fellow colleagues who need a day because they\u2019re sick, burned out, or have a family member who needs care. I guess it\u2019s a me world these days.",
      "created_utc": 1749730444.0,
      "score": 18,
      "permalink": "/r/Teachers/comments/1l9j29b/if_roles_were_reversed/mxd9eup/",
      "is_submitter": false,
      "edited": false,
      "stickied": false
    },
    {
      "id": "mxdep9i",
      "author": "fumbs",
      "body": "You don't know why they are out and are gatekeeping. I was out for a month with a broken leg but didn't tell everyone ahead of time. It was more days than I had, but my health and safety came first. Then later in the year I also had COVID, but again didn't inform my coworkers ahead of time. \n\nMy coteacher also had to use more than her allotted days. Her doctor had her take off two weeks for a tonsillectomy. She managed to do this over a break, so it was only one week during school. Then a few months later she needed an emergency appendectomy. She did not share either of these with the whole team and should not be expected to.",
      "created_utc": 1749732424.0,
      "score": 5,
      "permalink": "/r/Teachers/comments/1l9j29b/if_roles_were_reversed/mxdep9i/",
      "is_submitter": false,
      "edited": false,
      "stickied": false
    },
    {
      "id": "mxdqh72",
      "author": "HRHValkyrie",
      "body": "The fact that you haven\u2019t checked the contract and are just blindly agreeing to everything the admin asks, even when it\u2019s burning you out enough to ask internet strangers for advice, says a lot. Clearly admin don\u2019t care about your wellbeing, so why are you breaking yourself to make their jobs easier? They have options. They could cover classes, but don\u2019t. If multiple teachers are out, talk those classes to the gym (or other large space) and have admin babysit. They are paid a lot more than you to figure this stuff out. Let them.",
      "created_utc": 1749736382.0,
      "score": 1,
      "permalink": "/r/Teachers/comments/1l9j29b/if_roles_were_reversed/mxdqh72/",
      "is_submitter": false,
      "edited": false,
      "stickied": false
    },
    {
      "id": "mxd5kty",
      "author": "icey561",
      "body": "It's not your fellows teacher's job to care. Complain to admin. If they don't care, find a new workplace. Whatever it is, don't blame your co workers for using their pto. It's a job.",
      "created_utc": 1749728908.0,
      "score": 130,
      "permalink": "/r/Teachers/comments/1l9j29b/if_roles_were_reversed/mxd5kty/",
      "is_submitter": false,
      "edited": false,
      "stickied": false
    },
    {
      "id": "mxd4o2d",
      "author": "Give_me_soup",
      "body": "If people need the time off, they need it. You're not the arbiter of PTO validity.",
      "created_utc": 1749728529.0,
      "score": 75,
      "permalink": "/r/Teachers/comments/1l9j29b/if_roles_were_reversed/mxd4o2d/",
      "is_submitter": false,
      "edited": false,
      "stickied": false
    },
    {
      "id": "mxd5eeh",
      "author": "Competitive_Sea1156",
      "body": "You either have paid time off you can use when YOU need it or you have paid time off that your employer decides when you need it.  Which is the better situation?",
      "created_utc": 1749728834.0,
      "score": 18,
      "permalink": "/r/Teachers/comments/1l9j29b/if_roles_were_reversed/mxd5eeh/",
      "is_submitter": false,
      "edited": false,
      "stickied": false
    },
    {
      "id": "mxdloxj",
      "author": "Frogalicious1",
      "body": "lol, I signed a contract that gave me x amount of personal days and x amount of sick days. I will legally use my contractual PTO for whatever I want.  Stop worrying about what others do",
      "created_utc": 1749734822.0,
      "score": 16,
      "permalink": "/r/Teachers/comments/1l9j29b/if_roles_were_reversed/mxdloxj/",
      "is_submitter": false,
      "edited": false,
      "stickied": false
    },
    {
      "id": "mxdntp4",
      "author": "Dog1andDog2andMe",
      "body": "Are you union? Because it's written in a lot of contracts that you *can't* be forced to cover another class during your planning.\n\n\nIf you are not union, join one. Or advocate for a union and all those other policies that come in a state where unions are allowed.\n\n\nAttacking your fellow teachers for using the days that they have as a right IS a very Fox News-Republican Party sort of thing. Your anger should be at your admin for not covering the absences. Should be at the school district for not paying subs enough to attract them. Should be at the admins, the district, and the political leaders for creating environments in schools where kids' bad behavior is allowed, where teachers aren't respected, where kids with IEPs are allowed to attack and hurt others because of inclusion, where children's mental health isn't adequately taken care of -- as many schools lack a counselor. Where everything is so underfunded that teachers struggle to survive on their salaries, where Trump's student loan policies mean new teachers are paying back huge $1.5k a month student loans while earning $45k a year. THESE are just some of the reasons why teachers are taking their days off -- mental health IS just as valid as physical health for taking a sick day! You are blaming the wrong people for the situation.",
      "created_utc": 1749735535.0,
      "score": 8,
      "permalink": "/r/Teachers/comments/1l9j29b/if_roles_were_reversed/mxdntp4/",
      "is_submitter": false,
      "edited": false,
      "stickied": false
    },
    {
      "id": "mxdox49",
      "author": "SourceTraditional660",
      "body": "My responsibility is to provide a sub plan. Everything else is someone else\u2019s responsibility in their literal job description. No one is being inconvenienced. They\u2019re being asked to do their jobs and honor the contract\u2019s term. Full stop.",
      "created_utc": 1749735886.0,
      "score": 8,
      "permalink": "/r/Teachers/comments/1l9j29b/if_roles_were_reversed/mxdox49/",
      "is_submitter": false,
      "edited": false,
      "stickied": false
    }
  ],
  "relevance": {
    "score": 10,
    "user_type": "teacher",
    "pain_points": [
      "individuals taking action from whining to showing up when they are overwhelmed or exhausted won\u2019t fix a working environment problem"
    ],
    "keywords_found": [
      "teacher burnout",
      "routine"
    ],
    "sentiment_score": -0.9999,
    "age_relevance": false,
    "urgency_level": "high",
    "competitive_mentions": [],
    "timestamp": "2025-06-12T14:57:21.808355"
  }
}