{
  "subreddit": "speechtherapy",
  "post": {
    "id": "1h98vxy",
    "title": "Parent-developed: App to make expressive language practice fun for kids",
    "author": "FormerTank7589",
    "created_utc": 1733625435.0,
    "score": 0,
    "num_comments": 8,
    "url": "https://www.reddit.com/r/SpeechTherapy/comments/1h98vxy/parentdeveloped_app_to_make_expressive_language/",
    "selftext": "Fellow parent here! My son has dyslexia, and like many kids with dyslexia, he struggles with expressive language. After months of watching him get frustrated with speech therapy homework, I created an app to make practice time fun (and less stressful for everyone!).\n\nThe app focuses on key skills many of our kids work on:\n\n* Building better sentence structure\n* Expanding sentences naturally\n* Developing storytelling abilities\n* Strengthening narrative skills\n\nI'd love to connect with other parents in this community who understand these challenges. Whether your child is currently in speech therapy or working on these skills at home, I'd value hearing about your experiences and sharing more about how this app might help.\n\n  \nFeel free to DM me if you'd like to\u00a0chat"
  },
  "comments": [
    {
      "id": "m0z4hy8",
      "author": "notitia_quaesitor",
      "body": "This screams, i am a developer and I'm going market research, but i can't tell you that directly, so I'm not gonna tell you the name of the app, or share any screenshots of it, instead, I'll really for you to contact me so i can harvest your details and improve my product so i can sell it for higher price.",
      "created_utc": 1733627385.0,
      "score": 6,
      "permalink": "/r/SpeechTherapy/comments/1h98vxy/parentdeveloped_app_to_make_expressive_language/m0z4hy8/",
      "is_submitter": false,
      "edited": false,
      "stickied": false
    },
    {
      "id": "mg9722g",
      "author": "Playful-Chapter-6695",
      "body": "Did you ever finish/release the app?",
      "created_utc": 1741224950.0,
      "score": 2,
      "permalink": "/r/SpeechTherapy/comments/1h98vxy/parentdeveloped_app_to_make_expressive_language/mg9722g/",
      "is_submitter": false,
      "edited": false,
      "stickied": false
    },
    {
      "id": "mpxiaua",
      "author": "c60cc6066",
      "body": "Is there an update? I am also interested jn the app!",
      "created_utc": 1746056229.0,
      "score": 1,
      "permalink": "/r/SpeechTherapy/comments/1h98vxy/parentdeveloped_app_to_make_expressive_language/mpxiaua/",
      "is_submitter": false,
      "edited": false,
      "stickied": false
    },
    {
      "id": "m0z8467",
      "author": "FormerTank7589",
      "body": "I understand your skepticism - there are a lot of marketers who use that approach! I'm a parent and developer, and I developed the app to solve a problem my son was facing. I'm not a big company doing market research - just a parent trying to make something genuinely helpful for kids.\n\n  \nThe app has not yet been released. Below is a screenshot.\n\nhttps://preview.redd.it/4d3megmfoj5e1.png?width=1284&format=png&auto=webp&s=056d47a83d005f1cf609e278662f0b8773271c2a",
      "created_utc": 1733628910.0,
      "score": 1,
      "permalink": "/r/SpeechTherapy/comments/1h98vxy/parentdeveloped_app_to_make_expressive_language/m0z8467/",
      "is_submitter": true,
      "edited": false,
      "stickied": false
    },
    {
      "id": "m0z8p4x",
      "author": "Mollywisk",
      "body": "\ud83d\udcaf",
      "created_utc": 1733629149.0,
      "score": 1,
      "permalink": "/r/SpeechTherapy/comments/1h98vxy/parentdeveloped_app_to_make_expressive_language/m0z8p4x/",
      "is_submitter": false,
      "edited": false,
      "stickied": false
    },
    {
      "id": "m0zanuj",
      "author": "notitia_quaesitor",
      "body": "Okay. First question, Android or iPhone? Do you have the color pallet for the dark screen? Second, walk is through this with more screenshots. And a few more examples. It looks nice and clean.",
      "created_utc": 1733629975.0,
      "score": 2,
      "permalink": "/r/SpeechTherapy/comments/1h98vxy/parentdeveloped_app_to_make_expressive_language/m0zanuj/",
      "is_submitter": false,
      "edited": false,
      "stickied": false
    },
    {
      "id": "mhxr4zc",
      "author": "aerost0rm",
      "body": "I love the look. How does this work? Build the sentences of the story, then ask the questions? I thought about trying to get to develop an app as my son doesn\u2019t not compose sentences properly and his comprehension lacks at times. I thought about building something where the rewards are a in game currency but offer tangible rewards, such as background wallpapers of their favorite characters, real world rewards such as small little toys that could be mailed out, etc. maybe it\u2019s a free app but subscription based so that money can go towards the reward store. Maybe ad revenue. I hadn\u2019t really sat down and made solid plans.",
      "created_utc": 1742054003.0,
      "score": 1,
      "permalink": "/r/SpeechTherapy/comments/1h98vxy/parentdeveloped_app_to_make_expressive_language/mhxr4zc/",
      "is_submitter": false,
      "edited": false,
      "stickied": false
    },
    {
      "id": "m179xld",
      "author": "FormerTank7589",
      "body": "Currently I only support iOS, so iPads and iPhones. The app works in dark mood too.  I will post some more images today.",
      "created_utc": 1733756735.0,
      "score": 1,
      "permalink": "/r/SpeechTherapy/comments/1h98vxy/parentdeveloped_app_to_make_expressive_language/m179xld/",
      "is_submitter": true,
      "edited": 1733757360.0,
      "stickied": false
    }
  ],
  "relevance": {
    "score": 8,
    "user_type": "parent",
    "pain_points": [
      "the app focuses on key skills many of our kids work on:\n\n* building better sentence structure\n* expanding sentences naturally\n* developing storytelling abilities\n* strengthening narrative skills\n\ni'd love to connect with other parents in this community who understand these challenges",
      "after months of watching him get frustrated with speech therapy homework, i created an app to make practice time fun (and less stressful for everyone!)"
    ],
    "keywords_found": [
      "speech therapy"
    ],
    "sentiment_score": 0.9973,
    "age_relevance": false,
    "urgency_level": "low",
    "competitive_mentions": [],
    "timestamp": "2025-06-12T14:46:32.954908"
  }
}