{
  "subreddit": "specialed",
  "post": {
    "id": "1l7boi3",
    "title": "Short Term Memory tips for student?",
    "author": "wulvii",
    "created_utc": 1749491984.0,
    "score": 6,
    "num_comments": 7,
    "url": "https://www.reddit.com/r/specialed/comments/1l7boi3/short_term_memory_tips_for_student/",
    "selftext": "I am a para with a middle school student who has severe memory issues, particularly short-term/working memory and it's worse in the afternoons. He is mostly nonverbal, and while his diagnosis doesn't include TBI, he presents like a few TBI students I've seen. In the afternoons he paces a lot, changes his mind about what he wants to do very quickly, forgets 1 step directions while following them, and constantly asks about things he was just told (asks to go home, asks for the snack he is currently eating, asks where someone who is in the same room is, etc.) I was told he's had the same IEP goals since kindergarten. \n\nI've made some pages that say \"First Lunch Then Outside\" and other first-then memory visuals, but he isn't super interested in interacting with memory visuals despite modeling and consistent availability and use. His reading comprehension level is very low, so most visuals seem to go kind of over his head if they have more than 1 picture on them (like his visual schedule confuses him with just one picture per class period, even 2 picture first/thens have him asking for the Then over and over). \n\nI am wondering if anyone has any advice for supports I can use to help him practice his memory skills, or accomodations/modifications that can help a student who has such intense short term memory issues. Usually we just try and get his work done in the AM before he gets too confused to work, but that means all afternoon he wanders around confused and sensory seeking and often gets distressed when he can't remember what he's doing. I want to try and support him better in the afternoon. Case manager is at a bit of a loss as well. "
  },
  "comments": [
    {
      "id": "mwvljka",
      "author": "Other_Clerk_5259",
      "body": "Has he had a neuropsychological evaluation? Did they provide recommendations?\n\nIs there a reason he's at school in the afternoon at all if he spends the afternoons barely functional and distressed?\n\n\"Everything\" getting worse when tired is very common with acquired brain injuries. Taking a break/nap helps some, but you'd have to consider the longer effects: if the nap helps someone 'power through' the afternoon but they crash twice as hard after school, it's probably not worth it and reducing demands in the afternoon might be better.  \n(Also determine the impacts on nighttime sleep. Common wisdom is that daytime sleep impairs nighttime sleep; from what I've seen in people with brain injuries, this is sometimes the case but some people sleep better at night if they've gotten adequate rest during the day and aren't overstimulated and way past tired at night. Naps are worth trying, *especially* in people with insomnia.)\n\nBackground stimulation can make things much worse, so addressing the environment is important. For an example: one of my clients can converse fairly smoothly for 90 minutes if it's quiet (after that the aphasia and memory problems become frustrating-to-them bad), but only for about 30 minutes if there's noise like being in a cafe/having a radio on/construction work outside. Brain injuries generally make it hard for the brain to filter important from uninportant stimuli; reducing unimportant stimuli can help.\n\nSensory seeking behaviour is a thing that shouldn't be overlooked (it too often is), but things that appear sensory seeking can also be an attempt to drain out stimuli that aren't under the person's own control. E.g. person who is disturbed by noise hums to drown out other people's noise.\n\nRegarding visuals: visual everything often tops the list of \"what to do for any kind of disability vaguely relating the brain\", but some people find them supremely unhelpful; it takes them about as much effort to interpret the meaning of the picto as it would to decypher a cryptic crossword clue. Even if his reading comprehension is low, don't rule out the possibility that it may be smoother than the visual. Color-coding is the one visual that sort of works for one of my clients (though anything else visual doesn't at all - their visual processing is very poor) so consider that. You can combine things (in green ink: \"Math\" + math picto) if you aren't sure which strategy works best, but that can also be overwhelming.\n\nedit: am not a teacher, do work with adults and occasionally teens with brain injuries.",
      "created_utc": 1749494242.0,
      "score": 10,
      "permalink": "/r/specialed/comments/1l7boi3/short_term_memory_tips_for_student/mwvljka/",
      "is_submitter": false,
      "edited": false,
      "stickied": false
    },
    {
      "id": "mwxbetb",
      "author": "FamilyTies1178",
      "body": "The repetitive questions are typical of autism.  It's a sort of echolalia.  Fits in with epilepsy too.  I hope your school has effective curriculum and student supports that are specifically autism-oriented.",
      "created_utc": 1749512676.0,
      "score": 3,
      "permalink": "/r/specialed/comments/1l7boi3/short_term_memory_tips_for_student/mwxbetb/",
      "is_submitter": false,
      "edited": false,
      "stickied": false
    },
    {
      "id": "mx1347i",
      "author": "Far_Violinist_1333",
      "body": "You could try adding an audio component to the picture schedules. If he has an iPad or tablet there\u2019s an app called choiceworks has this feature. Unfortunately it\u2019s not free but it\u2019s not very expensive either.\n\nEdit: not a teacher, am a parent",
      "created_utc": 1749568523.0,
      "score": 2,
      "permalink": "/r/specialed/comments/1l7boi3/short_term_memory_tips_for_student/mx1347i/",
      "is_submitter": false,
      "edited": false,
      "stickied": false
    },
    {
      "id": "mwxt1ot",
      "author": "angelposts",
      "body": "Not sure if this will be the case with your student, but I have a student with memory issues (3rd-grade) who also asks the same schedule questions over and over every day. For example, \"What's after lunch and recess?\", \"What are we doing after special?\", \"What time is my bus coming?\". All of these are the same every day. There are a lot of things she genuinely cannot recall, but with same-every-day things like this, if I just repeat her question right back to her, she'll often answer it correctly.\n\nExample conversation we have every day:\n\nStudent: What's after special?\nMe: What's after special?\nStudent: Snack!",
      "created_utc": 1749518650.0,
      "score": 1,
      "permalink": "/r/specialed/comments/1l7boi3/short_term_memory_tips_for_student/mwxt1ot/",
      "is_submitter": false,
      "edited": false,
      "stickied": false
    },
    {
      "id": "mww0ieb",
      "author": "wulvii",
      "body": "Thanks! This is all really helpful to consider! He has had extensive neurological workups done, without going into details he has very extreme epilepsy. It results in stuff like the memory issues but also more perplexing things like being unable to read a word presented visually to him, but being able to identify it if spelled out loud to him, among other things. Makes me wonder if certain audio cues, like having rhymes or jingles for different activities might make them easier to remember for him. \n\nI'm going to suggest some of your ideas to the case manager for us to implement over summer school!",
      "created_utc": 1749498495.0,
      "score": 4,
      "permalink": "/r/specialed/comments/1l7boi3/short_term_memory_tips_for_student/mww0ieb/",
      "is_submitter": true,
      "edited": false,
      "stickied": false
    },
    {
      "id": "mwxcs0g",
      "author": "blind_wisdom",
      "body": "So, I did a quick google, and it looks like seizures can affect vision.\n\nMaybe look into accommodations for visual processing disorders?\n\nMaybe you can make a first - then board that uses buttons that play an audio? So he can push the button when not sure.",
      "created_utc": 1749513127.0,
      "score": 3,
      "permalink": "/r/specialed/comments/1l7boi3/short_term_memory_tips_for_student/mwxcs0g/",
      "is_submitter": false,
      "edited": false,
      "stickied": false
    }
  ],
  "relevance": {
    "score": 8.8,
    "user_type": "parent",
    "pain_points": [
      "has he had a neuropsychological evaluation? did they provide recommendations?\n\nis there a reason he's at school in the afternoon at all if he spends the afternoons barely functional and distressed?\n\n\"everything\" getting worse when tired is very common with acquired brain injuries"
    ],
    "keywords_found": [
      "visual schedule",
      "autism",
      "kindergarten"
    ],
    "sentiment_score": 0.9907,
    "age_relevance": true,
    "urgency_level": "low",
    "competitive_mentions": [],
    "timestamp": "2025-06-12T14:55:07.398411"
  }
}