{
  "subreddit": "specialed",
  "post": {
    "id": "1l57rj7",
    "title": "Is my son actually receiving an appropriate education? If not, what can I do about it?",
    "author": "99Smiles",
    "created_utc": 1749255653.0,
    "score": 46,
    "num_comments": 118,
    "url": "https://www.reddit.com/r/specialed/comments/1l57rj7/is_my_son_actually_receiving_an_appropriate/",
    "selftext": "I am new to all this IEP and special ed navigation and need some advice. \n\nMy son is level 3 autistic and has only been in the ECEAP/spec ed program a month, he's supposed to be going 4 days a week. \n\nBecause of the care he requires, most of the time they call me to pick him up early and told me not to bring him at all 3 out of 4 days last week. Because 2 days one para was out and one day the other para was out. Which doesn't seem right. He isn't getting the support he needs. Am I over reacting? I'm trying to be considerate to the school but at the same I need to advocate for my son. Does anyone have any advice? \n\nEdit: we are in speech and currently on every waitlist in 3 counties for ABA. \n\nEdit 2: they flat out refuse to add 1:1 to IEP. What do I do about that?"
  },
  "comments": [
    {
      "id": "mwetr2d",
      "author": "illbringthepopcorn",
      "body": "This is not legal. If a child is sent home (at least in my state) it is considered a suspension and requires extensive documentation.  Your son has a right to free appropriate public education. It is not his fault that a para was not there. The school must figure it out.  \n\nCheck out the Endrews case from 2017. It raised the bar for services students receive in special education.  I would raise this concern asap and go to due process if there is no compliance.",
      "created_utc": 1749255993.0,
      "score": 107,
      "permalink": "/r/specialed/comments/1l57rj7/is_my_son_actually_receiving_an_appropriate/mwetr2d/",
      "is_submitter": false,
      "edited": false,
      "stickied": false
    },
    {
      "id": "mweuy3m",
      "author": "Sea_Economics128",
      "body": "**If you're being called to pick your child up, it may mean the current programming doesn\u2019t meet their needs, staff may need more training, or the placement isn\u2019t appropriate. You can request an IEP meeting to review services and placement and explore better options.**",
      "created_utc": 1749256444.0,
      "score": 71,
      "permalink": "/r/specialed/comments/1l57rj7/is_my_son_actually_receiving_an_appropriate/mweuy3m/",
      "is_submitter": false,
      "edited": false,
      "stickied": false
    },
    {
      "id": "mwexgvs",
      "author": "Old-General-4121",
      "body": "All of these answers are legally correct, but we are having a terrible time finding staff right now in my area and even when we put in a request for a sub, confirm with the staffing agency and are told everything is arranged, people will just not show up the day of the job.  So the people who do show up are quitting because the conditions aren't good for staff or kids.  \n\nAgain, I am fully aware that the district legally has to provide staff.  I'm just not sure what to do when we try to hire or get subs and people don't take the job or don't show up with no explanation.  We have kids with a 1:1 para who just go through a revolving door of subs, and the more support a kid needs, the less likely we are to get a sub.  \n\nEducation is losing staff for all positions, but when you suggest that, just maybe, the pay and benefits are not good enough to attract people to jobs, all you hear is how school employees are greedy or lazy.  I don't have the solution, though it does sound like a 1:1 might need to be added.  Just don't assume that means you'll them have a person to fill that role.",
      "created_utc": 1749257387.0,
      "score": 48,
      "permalink": "/r/specialed/comments/1l57rj7/is_my_son_actually_receiving_an_appropriate/mwexgvs/",
      "is_submitter": false,
      "edited": false,
      "stickied": false
    },
    {
      "id": "mweyyvr",
      "author": "newsnewsnews111",
      "body": "Everyone here is correct in saying \n- don\u2019t pick him up\n- learn his rights and cite them \n\nBut I\u2019d add calling for another IEP meeting and request a different placement since they are unable to meet his needs and are continually denying him FAPE.",
      "created_utc": 1749257927.0,
      "score": 24,
      "permalink": "/r/specialed/comments/1l57rj7/is_my_son_actually_receiving_an_appropriate/mweyyvr/",
      "is_submitter": false,
      "edited": false,
      "stickied": false
    },
    {
      "id": "mweuc68",
      "author": "seattlantis",
      "body": "I work in early childhood special ed and I don't know if in my 3 years there we've ever requested a child be picked up unless they were visibly sick or behaving usually for themselves (and we suspected they were sick). Granted we're housed in an elementary school so if we're down paras we're able to pull from other classes but in my opinion it's completely inappropriate for them to keep sending him home or requesting he doesn't attend. If it's not an appropriate placement for him then they need to address that but this isn't a solution.",
      "created_utc": 1749256213.0,
      "score": 8,
      "permalink": "/r/specialed/comments/1l57rj7/is_my_son_actually_receiving_an_appropriate/mweuc68/",
      "is_submitter": false,
      "edited": false,
      "stickied": false
    },
    {
      "id": "mwfjzn7",
      "author": "Jdp0385",
      "body": "Maybe put him in another school. They can\u2019t pull qualified teachers out their ass",
      "created_utc": 1749266068.0,
      "score": 5,
      "permalink": "/r/specialed/comments/1l57rj7/is_my_son_actually_receiving_an_appropriate/mwfjzn7/",
      "is_submitter": false,
      "edited": false,
      "stickied": false
    },
    {
      "id": "mwewijs",
      "author": "SaudadeLife",
      "body": "Was a functional behavior assessment done? Does your son have a behavior intervention plan? \n\nIt\u2019s not legal. If your son requires a 1:1 or shared para to be safe then it needs to be provided. You need to document your concerns. Send an email to the IEP team that outlines the days he is missing school or you\u2019re asked to pick him up early. Indicate it appears the current level of service is not meeting his needs.\n\nYou might need an advocate to review your IEP. \nYou likely need to file a state complaint.",
      "created_utc": 1749257029.0,
      "score": 8,
      "permalink": "/r/specialed/comments/1l57rj7/is_my_son_actually_receiving_an_appropriate/mwewijs/",
      "is_submitter": false,
      "edited": false,
      "stickied": false
    },
    {
      "id": "mwezn24",
      "author": "tetosauce",
      "body": "I don\u2019t have all the details but depending on his cognitive and functional level, sending him home might not be appropriate. Probably illegal honestly. You can confront them and demand more detailed documentation behind their reasoning. You can also see if they could work with you to come up with a plan for when it would be appropriate to send him home since you know you\u2019re son better, the difference is you would have a say there vs letting them decide when to send him home.  You can also refuse to pick him up. If they don\u2019t cooperate you can file a complaint with the state or get help from an  advocate. What typically happens then is the state might intervene and make the school try to meet the IEP in some way, regardless of staffing. The other reality of this situation is, if there isn\u2019t enough staff, there could be some safety concerns. It\u2019s harder to supervise, let alone provide IEP services, but at that point, safety is the bigger concern vs receiving an education imo. This is a complex matter and many districts handle it differently. I strongly encourage you to call for a meeting and get them to give you data, clarify the situation, and even ask how the services are being delivered. Find out if the issue is just a supervising/service delivery issue or an actual safety concern like physical harm to self or others (or eloping). I hope you get your answers.",
      "created_utc": 1749258178.0,
      "score": 4,
      "permalink": "/r/specialed/comments/1l57rj7/is_my_son_actually_receiving_an_appropriate/mwezn24/",
      "is_submitter": false,
      "edited": 1749258527.0,
      "stickied": false
    },
    {
      "id": "mwf8vyk",
      "author": "ConflictedMom10",
      "body": "Everything said above is correct, legally, I believe.\n\nDo you think it\u2019s possible your son wouldn\u2019t be safe at school if they\u2019re understaffed? It\u2019s still illegal, but it would offer an explanation.",
      "created_utc": 1749261677.0,
      "score": 3,
      "permalink": "/r/specialed/comments/1l57rj7/is_my_son_actually_receiving_an_appropriate/mwf8vyk/",
      "is_submitter": false,
      "edited": false,
      "stickied": false
    },
    {
      "id": "mwg5jyq",
      "author": "Gail_the_SLP",
      "body": "In special education, the squeaky wheel gets the grease. As a parent, you have more power than you may realize at this point. You have the right to request an IEP meeting at any time. You can request that a special ed administrator be there. You can bring an advocate with you. You can insist that the district provide compensatory services for any days he misses because of staffing. You can fight for a 1:1 para. Don\u2019t let them skip over your concerns. Insist that they be thoroughly discussed and evidence considered. If they say no to anything, they should document it on the prior written notice with the options considered and rejected along with the reasons why. But don\u2019t take that as the final answer. If you have evidence that refutes their reason for rejecting your request, call another IEP meeting (with admin present) and make them consider it again.\u00a0\n\nSince he\u2019s a preschooler, the placement options may be limited at this point. Often districts have just one kind of special ed preschool program. When he transitions to elementary age, there will probably be options that better fit his needs.\n\nAnother point I have to make as an SLP: start now researching how to use his AAC device. Find out what app he\u2019s going to use and learn as much as you can about it. There are lots of videos out there. Consult with the SLP, Learn about core words and modeling. Once you get that device, have him bring it home every day (you might have to sign a checkout form), take it with you everywhere, practice and model like crazy! Insist it be used in the classroom throughout his day, not just when he\u2019s in speech therapy. The more he\u2019s exposed to it, the faster he will learn it!",
      "created_utc": 1749276494.0,
      "score": 4,
      "permalink": "/r/specialed/comments/1l57rj7/is_my_son_actually_receiving_an_appropriate/mwg5jyq/",
      "is_submitter": false,
      "edited": false,
      "stickied": false
    },
    {
      "id": "mwgtc9p",
      "author": "haidee9",
      "body": "Probably different because we're in a different country but if we drop below a certain number of staff and supply can't be provided then we can't run our class because of the health and safety of the children and staff . It can be dangerous for feeding , if a child needs changed there might not be enough staff to do that and be in the room with the other children . Behaviour if a form of cahms hold  is needed or to get the child or other children to a safe space. Even if we're down one person it makes any teaching and learning time very difficult.",
      "created_utc": 1749290853.0,
      "score": 4,
      "permalink": "/r/specialed/comments/1l57rj7/is_my_son_actually_receiving_an_appropriate/mwgtc9p/",
      "is_submitter": false,
      "edited": false,
      "stickied": false
    },
    {
      "id": "mweui5x",
      "author": "DankTomato2",
      "body": "You\u2019re not overreacting. This is absolutely illegal. The school can\u2019t tell you not to send your child unless they\u2019ve been suspended or expelled. Depending on where your child is at cognitively, he probably can\u2019t be suspended or expelled at all. I would reach out to someone higher up. If they don\u2019t help you, this could potentially be a legal matter.\n\nI would assume he has behavior concerns and that\u2019s why they don\u2019t want him sent to school, especially when they\u2019re down on staff. If that\u2019s the case, it can be assumed that a public school setting isn\u2019t appropriate for him. It\u2019s good that he\u2019s on waitlists for that reason. I hope everything gets sorted out.",
      "created_utc": 1749256277.0,
      "score": 10,
      "permalink": "/r/specialed/comments/1l57rj7/is_my_son_actually_receiving_an_appropriate/mweui5x/",
      "is_submitter": false,
      "edited": false,
      "stickied": false
    },
    {
      "id": "mweund0",
      "author": "shebringsthesun",
      "body": "How old is your kid?",
      "created_utc": 1749256331.0,
      "score": 3,
      "permalink": "/r/specialed/comments/1l57rj7/is_my_son_actually_receiving_an_appropriate/mweund0/",
      "is_submitter": false,
      "edited": false,
      "stickied": false
    },
    {
      "id": "mwf19y1",
      "author": "TOBONation",
      "body": "The IEP services start one week after the meeting so changes can be made after the meeting, as they might arise after the team has time to process the information and the plan. After the 7 days, the IEP is active and should be followed as written. From then on, changes can be made if an IEP meeting is held and all team members agree. That is called amending the IEP. If there are staffing concerns, the school district is responsible for addressing the issue and providing your child the exact services stated in the IEP. Your child is protected from being restricted of a free public education. The minutes of services stated in the IEP have to be followed or the district is out of compliance.",
      "created_utc": 1749258789.0,
      "score": 3,
      "permalink": "/r/specialed/comments/1l57rj7/is_my_son_actually_receiving_an_appropriate/mwf19y1/",
      "is_submitter": false,
      "edited": false,
      "stickied": false
    },
    {
      "id": "mwf9mom",
      "author": "No-Welder1695",
      "body": "Hire an advocate them telling you not to bring your child to school violates FAPE.",
      "created_utc": 1749261960.0,
      "score": 3,
      "permalink": "/r/specialed/comments/1l57rj7/is_my_son_actually_receiving_an_appropriate/mwf9mom/",
      "is_submitter": false,
      "edited": false,
      "stickied": false
    },
    {
      "id": "mwfs4s8",
      "author": "Limp-Story-9844",
      "body": "Para shortage.",
      "created_utc": 1749269639.0,
      "score": 3,
      "permalink": "/r/specialed/comments/1l57rj7/is_my_son_actually_receiving_an_appropriate/mwfs4s8/",
      "is_submitter": false,
      "edited": false,
      "stickied": false
    },
    {
      "id": "mwevk7m",
      "author": "Cloud13181",
      "body": "The courts have consistently ruled that funding and staffing are not valid reasons for not complying with an IEP, the school is required to provide it by law no matter what. Get an advocate and/or a lawyer.",
      "created_utc": 1749256674.0,
      "score": 12,
      "permalink": "/r/specialed/comments/1l57rj7/is_my_son_actually_receiving_an_appropriate/mwevk7m/",
      "is_submitter": false,
      "edited": false,
      "stickied": false
    },
    {
      "id": "mwhs0e9",
      "author": "Haunting_Room4526",
      "body": "Subs for paras usually comes out of the title 1 budget not out of instructional faculty budget. Just a different allocation. Funds can really be limited so most never get subs unless the school pulls paras from other classrooms. \n\nYou are a unicorn in the average world of schools",
      "created_utc": 1749306054.0,
      "score": 2,
      "permalink": "/r/specialed/comments/1l57rj7/is_my_son_actually_receiving_an_appropriate/mwhs0e9/",
      "is_submitter": false,
      "edited": false,
      "stickied": false
    },
    {
      "id": "mwkcupq",
      "author": "Snoo-88741",
      "body": "As others have pointed out, yes, this is illegal and not an appropriate education.\u00a0\n\n\nBut I recommend before you go into a big legal battle over it, ask yourself - do you think his teacher and the paras actually like and care about him? Are you getting the vibe that they're doing their best but their hands are tied? Or are you getting the vibe that they see your son as an annoying inconvenience and don't really like having him around?\n\n\nBecause you might be able to force his school to follow the rules, but you can't force them to care about your son's well-being. And if they don't care about his well-being, that school will never be a good place for him, no matter what rules they're compelled to follow.\u00a0\n\n\nMy parents made the mistake of trying to fight my elementary school to get them to treat me right, and the more they fought, the more the teachers retaliated on me. I really wish they'd pulled me out of that school the first year I had a teacher who hated me, instead of putting me through three more years of hell there.",
      "created_utc": 1749336275.0,
      "score": 2,
      "permalink": "/r/specialed/comments/1l57rj7/is_my_son_actually_receiving_an_appropriate/mwkcupq/",
      "is_submitter": false,
      "edited": false,
      "stickied": false
    },
    {
      "id": "mwqd69e",
      "author": "babababooga",
      "body": "Sounds like they\u2019re understaffed. You could push the issue but do you really want to send him if there\u2019s only 1 para for the entire class? \nLook into other schools. And no they won\u2019t assign a 1 in 1 this early on. They\u2019re extremely expensive for the state to provide, so the IEP team has to prove the need for it through data collection and monitoring response to accommodations and intervention",
      "created_utc": 1749421236.0,
      "score": 2,
      "permalink": "/r/specialed/comments/1l57rj7/is_my_son_actually_receiving_an_appropriate/mwqd69e/",
      "is_submitter": false,
      "edited": false,
      "stickied": false
    },
    {
      "id": "mweu2ac",
      "author": "Difficult_Article439",
      "body": "This is crap,. Its not your problem the para is out , thats what subs are for.Go  in there and fight for him , you are entitled to compensation for the missing hours . Demand a meeting to review the iep asap amd add an addendum .Review you rights .Always follow  up on an email of what is said to confirm  . They hate stuff in email.",
      "created_utc": 1749256109.0,
      "score": 6,
      "permalink": "/r/specialed/comments/1l57rj7/is_my_son_actually_receiving_an_appropriate/mweu2ac/",
      "is_submitter": false,
      "edited": 1749305804.0,
      "stickied": false
    },
    {
      "id": "mweuk01",
      "author": "lsp2005",
      "body": "What your school district is doing is illegal. They need to find someone even if the para is absent. Telling you to keep your child home the way they are doing violates the IEP and FERPA. You need an attorney. If you sue, I would ask that your legal fees are also reimbursed. I would ask them to pay for private school and for bussing, or to send someone to your home for individual instruction. None of this is okay. I am so sorry. You need to consult with an attorney in your state that can provide you with individual legal advice for your specific situation.",
      "created_utc": 1749256296.0,
      "score": 3,
      "permalink": "/r/specialed/comments/1l57rj7/is_my_son_actually_receiving_an_appropriate/mweuk01/",
      "is_submitter": false,
      "edited": false,
      "stickied": false
    },
    {
      "id": "mwikqnp",
      "author": "Zappagrrl02",
      "body": "If they are calling you to pick him up, they should be considering that a suspension.  Start asking for documentation any time they are sending him home or asking you not to bring him.  And file a state complaint or due process so you get compensatory services.",
      "created_utc": 1749315224.0,
      "score": 1,
      "permalink": "/r/specialed/comments/1l57rj7/is_my_son_actually_receiving_an_appropriate/mwikqnp/",
      "is_submitter": false,
      "edited": false,
      "stickied": false
    },
    {
      "id": "mwl2oei",
      "author": "Jaded_Apple_8935",
      "body": "What state are you in? Time to file a complaint with their state level department of education.",
      "created_utc": 1749346003.0,
      "score": 1,
      "permalink": "/r/specialed/comments/1l57rj7/is_my_son_actually_receiving_an_appropriate/mwl2oei/",
      "is_submitter": false,
      "edited": false,
      "stickied": false
    },
    {
      "id": "mwnzzk7",
      "author": "Curious_Spirit_8780",
      "body": "You can ask that a Functional Behavior Assessment (FBA)  be done to get your child a BII. They have to accommodate your request within 60 days. Now that summer is here, it won\u2019t happen until next school year.",
      "created_utc": 1749394944.0,
      "score": 1,
      "permalink": "/r/specialed/comments/1l57rj7/is_my_son_actually_receiving_an_appropriate/mwnzzk7/",
      "is_submitter": false,
      "edited": false,
      "stickied": false
    },
    {
      "id": "mwo75e8",
      "author": "Ok-Trouble7956",
      "body": "What grade level is this fit?",
      "created_utc": 1749397153.0,
      "score": 1,
      "permalink": "/r/specialed/comments/1l57rj7/is_my_son_actually_receiving_an_appropriate/mwo75e8/",
      "is_submitter": false,
      "edited": false,
      "stickied": false
    },
    {
      "id": "mwof4e7",
      "author": "TiredAndTiredOfIt",
      "body": "Get a lawyer. It is suuuuper ill3gal to send him home based on his disability needs. Sue and demand a 1 to 1.",
      "created_utc": 1749399611.0,
      "score": 1,
      "permalink": "/r/specialed/comments/1l57rj7/is_my_son_actually_receiving_an_appropriate/mwof4e7/",
      "is_submitter": false,
      "edited": false,
      "stickied": false
    },
    {
      "id": "mwpx5ca",
      "author": "Turningintoapumpkin",
      "body": "Illegal. The next time they call you to pick him up, tell them they\u2019re violating his right to a FAPE and they\u2019re violating his IEP. Also ask for an IEP meeting and ask them to show you the evidence they gathered thag shows he doesn\u2019t need a 1:1. I doubt they will have anything solid. If it\u2019s in your budget, find an advocate to come to the meeting with you.",
      "created_utc": 1749416020.0,
      "score": 1,
      "permalink": "/r/specialed/comments/1l57rj7/is_my_son_actually_receiving_an_appropriate/mwpx5ca/",
      "is_submitter": false,
      "edited": false,
      "stickied": false
    },
    {
      "id": "mwuilbn",
      "author": "Left_Beautiful_9741",
      "body": "You need an advocate that knows the laws bec. You are correct but most parents don\u2019t know what to say when 6 people throw information out at them at the same time.  Having the support of an advocate could help drastically.  If what is happening now isn\u2019t working simply state just that.  It\u2019s obvious this isn\u2019t working, if a teacher is out sick there\u2019s a sub to take over, regular education students don\u2019t skip days bec school is mandatory.  There\u2019s no day off bec someone is sick and your son deserves that same opportunity.  If you want a 1:1 you have to show why, and that the options presented won\u2019t work.  I\u2019m not sure where you are in that process or what they are considering.  Why does he need a 1:1?  Has he had one in the past?  Did it work?  What hasn\u2019t worked?",
      "created_utc": 1749483424.0,
      "score": 1,
      "permalink": "/r/specialed/comments/1l57rj7/is_my_son_actually_receiving_an_appropriate/mwuilbn/",
      "is_submitter": false,
      "edited": false,
      "stickied": false
    },
    {
      "id": "mwvcptb",
      "author": "Working-Activity373",
      "body": "Not legal.  They can't refuse to have your child at school full time and refuse to provide the assistance he needs in order to be there.  Call a local parent advocate or lawyer that does pro bono work.",
      "created_utc": 1749491783.0,
      "score": 1,
      "permalink": "/r/specialed/comments/1l57rj7/is_my_son_actually_receiving_an_appropriate/mwvcptb/",
      "is_submitter": false,
      "edited": false,
      "stickied": false
    },
    {
      "id": "mwetf7k",
      "author": "Mollywisk",
      "body": "What does his IEP say?",
      "created_utc": 1749255868.0,
      "score": 1,
      "permalink": "/r/specialed/comments/1l57rj7/is_my_son_actually_receiving_an_appropriate/mwetf7k/",
      "is_submitter": false,
      "edited": false,
      "stickied": false
    },
    {
      "id": "mwfmf9i",
      "author": "Jumpy_Wing3031",
      "body": "It's literally our job to figure out how to accommodate your son. Not yours. Just because they ask you to pick him up (if he's not sick, ect.) doesn't mean you have to. I teach the highest support needs, and I hate sending kids home. It often teaches the student that if they actually inappropriately they can go home and the inconsistent schedule never really let's him settle in. Regardless of available staff, it's the school districts job to figure staffing out. \n\nAre their certain behaviors they are struggling with?",
      "created_utc": 1749267104.0,
      "score": 1,
      "permalink": "/r/specialed/comments/1l57rj7/is_my_son_actually_receiving_an_appropriate/mwfmf9i/",
      "is_submitter": false,
      "edited": false,
      "stickied": false
    },
    {
      "id": "mwh5tn7",
      "author": "WonderfulVariation93",
      "body": "They CANNOT tell you to pick him up early or not come to school (or not go on a field trip) because they lack staffing or cannot handle him because he is acting up. The only legit reason to mandate a child leave school early or not attend is illness that could be contagious.",
      "created_utc": 1749297458.0,
      "score": 1,
      "permalink": "/r/specialed/comments/1l57rj7/is_my_son_actually_receiving_an_appropriate/mwh5tn7/",
      "is_submitter": false,
      "edited": false,
      "stickied": false
    },
    {
      "id": "mwk6710",
      "author": "PezGirl-5",
      "body": "Sounds like they can\u2019t meet his needs. Time to get him into an out of district specialized school.",
      "created_utc": 1749333884.0,
      "score": 0,
      "permalink": "/r/specialed/comments/1l57rj7/is_my_son_actually_receiving_an_appropriate/mwk6710/",
      "is_submitter": false,
      "edited": false,
      "stickied": false
    },
    {
      "id": "mwf56st",
      "author": "minimonster11",
      "body": "I agree! There\u2019s ample documentation if they\u2019ve sent him home more than 10 days without a manifestation meeting.",
      "created_utc": 1749260280.0,
      "score": 12,
      "permalink": "/r/specialed/comments/1l57rj7/is_my_son_actually_receiving_an_appropriate/mwf56st/",
      "is_submitter": false,
      "edited": false,
      "stickied": false
    },
    {
      "id": "mwil4z3",
      "author": "Zappagrrl02",
      "body": "State law and legal cases have specifically found that staffing is not an appropriate reason to reduce the amount of time a student receives services.  Any time the school is sending a student home should be a suspension.  It sounds like the school is engaging in \u201csilent suspensions\u201d which is super illegal.  I would not pick him up or refuse to send him without written documentation from the school as they are skirting all kinds of regulations and rules.",
      "created_utc": 1749315348.0,
      "score": 12,
      "permalink": "/r/specialed/comments/1l57rj7/is_my_son_actually_receiving_an_appropriate/mwil4z3/",
      "is_submitter": false,
      "edited": false,
      "stickied": false
    },
    {
      "id": "mwhelx7",
      "author": "phrusselltn",
      "body": "They have exhibited a pattern of exclusion. They are not just wrong, but breaking the law. These are called \"soft suspensions\" because they are likely not documenting them. Get your partner or a friend to go with you for moral support and ask for an IEP meeting and tell them this will no longer continue. Staffing is not your problem. They will push back. Too bad for them. Stand your ground!",
      "created_utc": 1749301184.0,
      "score": 4,
      "permalink": "/r/specialed/comments/1l57rj7/is_my_son_actually_receiving_an_appropriate/mwhelx7/",
      "is_submitter": false,
      "edited": false,
      "stickied": false
    },
    {
      "id": "mwin6ow",
      "author": "illbringthepopcorn",
      "body": "In addition, if you need to enroll him elsewhere because they cannot provide FAPE, they are liable for the cost.  Get aggressive!!",
      "created_utc": 1749315989.0,
      "score": 0,
      "permalink": "/r/specialed/comments/1l57rj7/is_my_son_actually_receiving_an_appropriate/mwin6ow/",
      "is_submitter": false,
      "edited": false,
      "stickied": false
    },
    {
      "id": "mwevdla",
      "author": "99Smiles",
      "body": "This was what was discussed last Friday when they said that if a para was out, it was better to just keep him home. Then 3 out of the following 4 days a para was out.",
      "created_utc": 1749256604.0,
      "score": 11,
      "permalink": "/r/specialed/comments/1l57rj7/is_my_son_actually_receiving_an_appropriate/mwevdla/",
      "is_submitter": true,
      "edited": false,
      "stickied": false
    },
    {
      "id": "mwhfvuc",
      "author": "avoiceofageneration",
      "body": "We had a family fight us tooth and nail about every one of their kids\u2019 behaviors all year. We all agreed it was not the right setting for their kid and that she would really benefit from a therapeutic school with smaller class sizes. Now after a year of this her parents are saying they want to pull her from the school because we keep contacting them about her behavior and attacking staff. But because we spent all year fighting with her parents who denied any of her behaviors, we weren\u2019t able to adequately do the level of data collection that could have pushed the district to pay for it.",
      "created_utc": 1749301676.0,
      "score": 8,
      "permalink": "/r/specialed/comments/1l57rj7/is_my_son_actually_receiving_an_appropriate/mwhfvuc/",
      "is_submitter": false,
      "edited": false,
      "stickied": false
    },
    {
      "id": "mwevhfv",
      "author": "Sea_Economics128",
      "body": "You can get a 30-min free consultation here if you'd like some more actionable recommendations!  [https://findparentadvocates.com/](https://findparentadvocates.com/)",
      "created_utc": 1749256644.0,
      "score": 9,
      "permalink": "/r/specialed/comments/1l57rj7/is_my_son_actually_receiving_an_appropriate/mwevhfv/",
      "is_submitter": false,
      "edited": false,
      "stickied": false
    },
    {
      "id": "mwf5o8a",
      "author": "stay_curious_-",
      "body": "Some districts are required to hire paras through whatever means necessary (often due to a lost legal battle), which means paying more to hire long-term paras and/or going to medical staffing agencies to get subs. It's relatively easy to get an LPN or RN to work as a substitute para. It's just very expensive.",
      "created_utc": 1749260464.0,
      "score": 12,
      "permalink": "/r/specialed/comments/1l57rj7/is_my_son_actually_receiving_an_appropriate/mwf5o8a/",
      "is_submitter": false,
      "edited": false,
      "stickied": false
    },
    {
      "id": "mwf12fl",
      "author": "99Smiles",
      "body": "They say that this is the 'highest support needs class' they have. So they say, there is nowhere better to fit him. Which seems bogus. Because all the kids in his class are verbal and pretty neurotypical presenting. This is the only preschool in a decent sized district. It's like they are trying to say my kid is the highest support needs kid in a city of 80,000+ people. Which I find extremely hard to believe. My kid isn't THAT different.",
      "created_utc": 1749258714.0,
      "score": 4,
      "permalink": "/r/specialed/comments/1l57rj7/is_my_son_actually_receiving_an_appropriate/mwf12fl/",
      "is_submitter": true,
      "edited": false,
      "stickied": false
    },
    {
      "id": "mwfl4so",
      "author": "99Smiles",
      "body": "Maybe if I could afford it! I'm a single mom to kid that isn't even able to go to school for 2 hours, let alone all the therapy appointments. You think i could afford any before/after school childcare with the support he needs?That would cost more than i would be making an hour. And this is the only preschool in the district. The surrounding districts aren't even accepting any variances because everyone is fleeing my district due to a budget crisis that's been on nationwide news. \nBut i digress, staffing and budget are NOT reasons to violate FAPE.",
      "created_utc": 1749266544.0,
      "score": 1,
      "permalink": "/r/specialed/comments/1l57rj7/is_my_son_actually_receiving_an_appropriate/mwfl4so/",
      "is_submitter": true,
      "edited": false,
      "stickied": false
    },
    {
      "id": "mwewoad",
      "author": "SaudadeLife",
      "body": "Also, stop picking him up early, unless they say he is suspended.",
      "created_utc": 1749257088.0,
      "score": 8,
      "permalink": "/r/specialed/comments/1l57rj7/is_my_son_actually_receiving_an_appropriate/mwewoad/",
      "is_submitter": false,
      "edited": false,
      "stickied": false
    },
    {
      "id": "mwumvwn",
      "author": "Left_Beautiful_9741",
      "body": "Sometimes the squeaky wheel gets told to stop and a mass email gets sent to all staff in the district to not address the issue.  Yup I\u2019ve had it happen!  The bus wasn\u2019t getting my two kids to school. The early pick up and 2.5 hr ride to go 5 miles my kids couldn\u2019t handle.  The school forced me to drive them, refusing to change the bus.  I lost my job.  And I kept bringing this up over and over.  My kids missed 45 days of school.  I kept calling IEP meetings and calling district officials to try to fix it since there were no advocates to help.  One day I received a letter from the district that a mass email went out to all staff to not engage or answer any of my concerns regarding the bus.  I could use what was given( that didn\u2019t work) or drive them myself.  Otherwise I was told to go somewhere else and enroll them!  Yup!  Without a job no advocate or attorney was willing to help.  I tried legal aid, parent center, liaisons, student support services, state coordinator, national special education law centers, anyone I thought could help.  No one!  Not a single person could help.  I sent copies of the law to staff and with me to meetings.  They did not care.",
      "created_utc": 1749484630.0,
      "score": 1,
      "permalink": "/r/specialed/comments/1l57rj7/is_my_son_actually_receiving_an_appropriate/mwumvwn/",
      "is_submitter": false,
      "edited": false,
      "stickied": false
    },
    {
      "id": "mwgq34x",
      "author": "ssl0th",
      "body": "I don't think kids in my state can be suspended for over a certain number of days if they have an IEP, some not at all",
      "created_utc": 1749288895.0,
      "score": 1,
      "permalink": "/r/specialed/comments/1l57rj7/is_my_son_actually_receiving_an_appropriate/mwgq34x/",
      "is_submitter": false,
      "edited": false,
      "stickied": false
    },
    {
      "id": "mweuvl7",
      "author": "99Smiles",
      "body": "He's 4. But it's the early childhood special education preschool through the school district.",
      "created_utc": 1749256417.0,
      "score": 2,
      "permalink": "/r/specialed/comments/1l57rj7/is_my_son_actually_receiving_an_appropriate/mweuvl7/",
      "is_submitter": true,
      "edited": false,
      "stickied": false
    },
    {
      "id": "mwfoalu",
      "author": "Mango2226",
      "body": "They can\u2019t make people exist. The job listings are posted, but no one is applying for them. And it doesn\u2019t help that funding is being cut.",
      "created_utc": 1749267925.0,
      "score": 13,
      "permalink": "/r/specialed/comments/1l57rj7/is_my_son_actually_receiving_an_appropriate/mwfoalu/",
      "is_submitter": false,
      "edited": false,
      "stickied": false
    },
    {
      "id": "mwfp94q",
      "author": "Fearless_Cucumber404",
      "body": "If people do not show up, there is no one to care for the student.  If there are too many students with too few caregivers, that is another legal issue.",
      "created_utc": 1749268348.0,
      "score": 8,
      "permalink": "/r/specialed/comments/1l57rj7/is_my_son_actually_receiving_an_appropriate/mwfp94q/",
      "is_submitter": false,
      "edited": false,
      "stickied": false
    },
    {
      "id": "mwezwqa",
      "author": "Haunting_Room4526",
      "body": "I\u2019m not surprised. 1 to 1 costs about $35k. Not just pay but the cost of benefits.  That service ties up many ppl to make sure 1:1 is consistent including PE. \n\nYou need to do some homework. Make a chart of all the schools in the district who have Autism classrooms. How many students to adults. Locations, transportation etc\n\nIt is possible because of his particular needs he could be served in another classroom in the district with transportation provided. \n\nYou need to know his IQ and any other scores you can get. Expectations of classroom needs are dependent on his starting point. \n\nThe district I was in had 1 self contained classroom in a middle school that served 12 students in a district of 55,000 students. District also had a brand new school for students w IQ of 55 or below. If you didn\u2019t search you never found out because it is expensive for the district-transportation must be provided. \n\nStart looking for parent groups to learn from. Your student can stay in school until 21 and the end of the school year. \n\nYou can learn about summer programs usually paid for by the district to avoid regression to the mean. \n\nYou have lots to learn so buddy up with someone who has walked the path",
      "created_utc": 1749258280.0,
      "score": 5,
      "permalink": "/r/specialed/comments/1l57rj7/is_my_son_actually_receiving_an_appropriate/mwezwqa/",
      "is_submitter": false,
      "edited": false,
      "stickied": false
    },
    {
      "id": "mwewz28",
      "author": "Haunting_Room4526",
      "body": "Paras don\u2019t get subs BUT if IEP states Sara for your kid then they better dig one up from the dead. If the service is 1 to 1 then he has to have one even if they pull an instructional aid from another school. If the IEP requires a reduced class size or resource room it must happen. To be out of compliance is a huge deal at the state level. The money to be earned by an attorney from the district is easy pickings. Your child gets compensatory services never money. One thing you don\u2019t do is short IEP services. \n\nUsually there is a LEA (local educational agent) who should oversee services. If the woefully inadequate principal is left in charge is where stupid statements like take him home or keep him home because we don\u2019t have staff comes from. No one who has sped education would say that. So much liability for not providing FAPE. \n\nare you in a one party recording state?  Record on your phone and play that for the district sped dept or super. Watch ppl burn to the ground. \n\nIf you don\u2019t get FAPE then someone will teach you about sped advocates or find you an attorney because it such easy money for the attorney. \n\nI\u2019m sorry you are hooked up to such a mess. Early intervention is everything",
      "created_utc": 1749257203.0,
      "score": 5,
      "permalink": "/r/specialed/comments/1l57rj7/is_my_son_actually_receiving_an_appropriate/mwewz28/",
      "is_submitter": false,
      "edited": false,
      "stickied": false
    },
    {
      "id": "mweugp8",
      "author": "99Smiles",
      "body": "Apparently \"paras don't get subs\" >.<",
      "created_utc": 1749256261.0,
      "score": 2,
      "permalink": "/r/specialed/comments/1l57rj7/is_my_son_actually_receiving_an_appropriate/mweugp8/",
      "is_submitter": true,
      "edited": false,
      "stickied": false
    },
    {
      "id": "mwqqiwq",
      "author": "Enough-Sugar-2898",
      "body": "FERPA? I don\u2019t see any FERPA violations here. IDEA violations, yes. What FERPA violations are you referring to?",
      "created_utc": 1749425843.0,
      "score": 1,
      "permalink": "/r/specialed/comments/1l57rj7/is_my_son_actually_receiving_an_appropriate/mwqqiwq/",
      "is_submitter": false,
      "edited": false,
      "stickied": false
    },
    {
      "id": "mwettuc",
      "author": "99Smiles",
      "body": "They don't have staff to ask for one to one but he needs to be taken out every 10 minutes for a walk or he's aggressive towards his classmates. But if he requires that much care and attention, like they says he does, shouldn't they put that into the IEP?",
      "created_utc": 1749256021.0,
      "score": 2,
      "permalink": "/r/specialed/comments/1l57rj7/is_my_son_actually_receiving_an_appropriate/mwettuc/",
      "is_submitter": true,
      "edited": false,
      "stickied": false
    },
    {
      "id": "mwfojus",
      "author": "99Smiles",
      "body": "He gets really aggressive towards his peers so he has to talk a walk to take a break (10 minutes) every 30 minutes or so. He's an absolute angel 1:1 with adults. It's just peers he struggles with. He's totally nonverbal.\n\nHe's thrown chairs at kids, bite, kick, hit, etc. Anything he can do to get space. He's also very territorial over things he deems 'his'",
      "created_utc": 1749268038.0,
      "score": -1,
      "permalink": "/r/specialed/comments/1l57rj7/is_my_son_actually_receiving_an_appropriate/mwfojus/",
      "is_submitter": true,
      "edited": false,
      "stickied": false
    },
    {
      "id": "mwih43h",
      "author": "JCEssentials",
      "body": "Depending on the state, there is likely an advocacy network with professionals who can attend the meeting to help support the family. If not an advocacy network, your child's pediatrician may have a case worker who can be at the meeting to support as well.",
      "created_utc": 1749314087.0,
      "score": 2,
      "permalink": "/r/specialed/comments/1l57rj7/is_my_son_actually_receiving_an_appropriate/mwih43h/",
      "is_submitter": false,
      "edited": false,
      "stickied": false
    },
    {
      "id": "mwevvbk",
      "author": "Sea_Economics128",
      "body": "Missed this part. Yes, the IEP may be appropriate, they are just failing to implement it\\* as written and your child may be owed compensatory services.",
      "created_utc": 1749256790.0,
      "score": 16,
      "permalink": "/r/specialed/comments/1l57rj7/is_my_son_actually_receiving_an_appropriate/mwevvbk/",
      "is_submitter": false,
      "edited": false,
      "stickied": false
    },
    {
      "id": "mwevngi",
      "author": "99Smiles",
      "body": "I mean, last Friday was the iep meeting. They added an addendum for an AAC device but the staffing issue wasn't put in anywhere at all. Because I didn't think keeping him home every great once in a while was a big deal. But three out of 4 days within the week is ridiculous",
      "created_utc": 1749256708.0,
      "score": 14,
      "permalink": "/r/specialed/comments/1l57rj7/is_my_son_actually_receiving_an_appropriate/mwevngi/",
      "is_submitter": true,
      "edited": false,
      "stickied": false
    },
    {
      "id": "mwh8j1x",
      "author": "DaksTheDaddyNow",
      "body": "Sounds like they're justifying the 1:1 for you!",
      "created_utc": 1749298673.0,
      "score": 7,
      "permalink": "/r/specialed/comments/1l57rj7/is_my_son_actually_receiving_an_appropriate/mwh8j1x/",
      "is_submitter": false,
      "edited": false,
      "stickied": false
    },
    {
      "id": "mwhg0rc",
      "author": "illbringthepopcorn",
      "body": "This makes me so angry.  It\u2019s never better to just keep him home. Eventually, he\u2019ll refuse to even go to school because he does not feel welcome.  Keep track of all the dates he\u2019s been sent home and start referring to them as suspensions. \n\nI would also immediately reach out to an advocate in your area.  What state are you in? I can help you find one.  I\u2019m furious for you.",
      "created_utc": 1749301728.0,
      "score": 2,
      "permalink": "/r/specialed/comments/1l57rj7/is_my_son_actually_receiving_an_appropriate/mwhg0rc/",
      "is_submitter": false,
      "edited": false,
      "stickied": false
    },
    {
      "id": "mwfp6oe",
      "author": "Old-General-4121",
      "body": "We can't get LPN or RN staff to work as an LPN or RN through our medical staffing agency, so I am not sure that would work.  I'm in the US, out west, outside of a city, and sometimes it's just hard to find enough people to meet the needs.  Our SLP, OT, PT staff are also frequently contracted through medical staffing agencies and last year I was in a building where we just didn't have an SLP for four months and had to offer compensatory services when we finally found one.  It was posted, and it was requested through med staffing, and they didn't have a person to send, even though the job pays up to 6 figures.  \n\nIt's also common to wait over a year for appointments for clinical OT/SLP therapy or an autism evaluation (my son waited 18 months for an eval 45 minutes away)  and two years waiting for ABA, so this isn't just a school problem.  \n\nThat certainly isn't always the case, but at least in a place as big as the US, geography matters.  I'm always amazed when I'm back east and remember just how close places are, whereas I could drive 6 hours and still be in the same state and still not hit a real city.",
      "created_utc": 1749268317.0,
      "score": 14,
      "permalink": "/r/specialed/comments/1l57rj7/is_my_son_actually_receiving_an_appropriate/mwfp6oe/",
      "is_submitter": false,
      "edited": false,
      "stickied": false
    },
    {
      "id": "mwf2khp",
      "author": "Griffinej5",
      "body": "If this is the highest support needs class they have, and they are unable to support your child there, then they need to be looking into providing a 1:1, or private placement. \nTalk to an advocate or a lawyer. People here are not those things. You\u2019re getting some good advice, but also some that may not be true for your state.",
      "created_utc": 1749259276.0,
      "score": 22,
      "permalink": "/r/specialed/comments/1l57rj7/is_my_son_actually_receiving_an_appropriate/mwf2khp/",
      "is_submitter": false,
      "edited": false,
      "stickied": false
    },
    {
      "id": "mwf2my0",
      "author": "newsnewsnews111",
      "body": "I agree completely. Are you sure that there aren\u2019t any other schools? \n\nAround here we have several private special education schools that the local school district pays tuition for the student. It\u2019s called out-of-district. \n\nI used an advocate and then a lawyer to get my son out of his inappropriate local classroom. Similar to you, it was full of kids talking in sentences and using the computer to research. \n\nLocal special needs Facebook groups are good for school recommendations. \n\nAlso, why only four days? That\u2019s patently illegal unless you agree in his IEP. They are not doing their job and you will have to learn how to hold them to it. It\u2019s not fun but they are not on his side.",
      "created_utc": 1749259302.0,
      "score": 5,
      "permalink": "/r/specialed/comments/1l57rj7/is_my_son_actually_receiving_an_appropriate/mwf2my0/",
      "is_submitter": false,
      "edited": false,
      "stickied": false
    },
    {
      "id": "mwgq221",
      "author": "Routine_Ad7626",
      "body": "I\u2019ve been a special ed teacher for 15 years in three different states. In all of them, if the school/district didn\u2019t have an appropriate placement for a student, they were required to pay for the student to go to a school with the appropriate placement outside the district. Whether that school is a public school, nonpublic school, or private school doesn\u2019t matter, the district must pay for transportation, any school fees/tuition, etc. I would imagine the policy is the same or similar where you are. However, the school/district where you are is unlikely to volunteer this information as this is a very costly option for them. I would recommend getting in contact with a special education advocate who can help you to navigate this process. Education lawyers are also a good option, and they can likely help you find an advocate as well. I don\u2019t know much about how to go about finding an advocate, unfortunately, so I can\u2019t offer much advice about the process. \n\nAll that said, what everyone else has been saying about the school sending your son home being illegal, depending on how they\u2019re doing it, and telling you to keep your son home is correct. As is what has been said about schools/districts having difficulty finding and retaining special education staff. It\u2019s a horrible situation right now with schools not being able to find the staff needed to support their students and the students not receiving the interventions and supports they need as a result. However, none of that is your or your child\u2019s problem. Please keep advocating for your child\u2019s needs. This is most definitely a case of the squeaky wheel getting the grease.",
      "created_utc": 1749288877.0,
      "score": 9,
      "permalink": "/r/specialed/comments/1l57rj7/is_my_son_actually_receiving_an_appropriate/mwgq221/",
      "is_submitter": false,
      "edited": false,
      "stickied": false
    },
    {
      "id": "mwfsdad",
      "author": "Limp-Story-9844",
      "body": "Shortage.",
      "created_utc": 1749269749.0,
      "score": 1,
      "permalink": "/r/specialed/comments/1l57rj7/is_my_son_actually_receiving_an_appropriate/mwfsdad/",
      "is_submitter": false,
      "edited": false,
      "stickied": false
    },
    {
      "id": "mwip9pm",
      "author": "None",
      "body": "[deleted]",
      "created_utc": 1749316645.0,
      "score": 1,
      "permalink": "/r/specialed/comments/1l57rj7/is_my_son_actually_receiving_an_appropriate/mwip9pm/",
      "is_submitter": false,
      "edited": 1749316831.0,
      "stickied": false
    },
    {
      "id": "mwjdbgo",
      "author": "solomons-mom",
      "body": "> It's like they are trying to say my kid is the highest support needs kid in a city of 80,000+ people. Which I find extremely hard to believe. My kid isn't THAT different.\n\nThey may well be finding that your child is the highest needs child they have, and are trying hard NOT to mention it. In a city of 80,000, there will be about 1,000 people your kid's age. CDC's current numbers for autism are 3.1 per 100 for age four, or about 30 for his age in your city.  However, level 3 is about 1-in-4, so that means your son is one of maybe 5--to-10 kids in the district with his level of need, and those level 3 kids will vary as well. \n\nNow consider that your child has only been in the school for one month, the last month of the school year.  You may need to be more clear-eyed about the level of support he needs.  You also may need to be realistic about the ability of the school to find the people to provide it given the short time he has been enrolled and the time of the year.",
      "created_utc": 1749324267.0,
      "score": 1,
      "permalink": "/r/specialed/comments/1l57rj7/is_my_son_actually_receiving_an_appropriate/mwjdbgo/",
      "is_submitter": false,
      "edited": false,
      "stickied": false
    },
    {
      "id": "mwqprkr",
      "author": "Enough-Sugar-2898",
      "body": "My suggestion is that you consult with a good advocate. The people saying that you need to understand how difficult it is for the school may be well-meaning, but they don\u2019t understand special education law and that the onus to provide a FAPE falls on the school district, not YOU as the parent.\n\nYou need to be careful with advocates because there is no licensure or certification to become an advocate. There are bad advocates out there but also some really good ones. The COPAA directory is a good place to start.\n\nI\u2019m an advocate based in California. I only practice in my state and my caseload is currently full, but if you share which state you live in, I can help point you in the right direction.\n\nAlso, good advocates can be costly. If you have a strong case, and alternative option is to seek an attorney who will take your case on contingency-meaning that you don\u2019t have to pay because they\u2019re hoping to get attorney fees from the school district.",
      "created_utc": 1749425578.0,
      "score": 1,
      "permalink": "/r/specialed/comments/1l57rj7/is_my_son_actually_receiving_an_appropriate/mwqprkr/",
      "is_submitter": false,
      "edited": false,
      "stickied": false
    },
    {
      "id": "mwimq0x",
      "author": "magicpancake0992",
      "body": "Please don\u2019t do that.   If they\u2019re calling you because they\u2019re short staffed, they can\u2019t ensure his safety OR the safety of staff and other children.    It sounds like he has some very serious maladaptive behaviors, but they are responsible for everyone\u2019s safety.  Not just your child\u2019s.  \n\nA month isn\u2019t long enough to collect the data to support  a 1:1 for your child.   A month also isn\u2019t enough time to collect data and design/implement appropriate behavioral interventions.  \ud83e\udd14  \n\nThe district will show that they have done their due diligence to staff the classroom.",
      "created_utc": 1749315843.0,
      "score": 3,
      "permalink": "/r/specialed/comments/1l57rj7/is_my_son_actually_receiving_an_appropriate/mwimq0x/",
      "is_submitter": false,
      "edited": false,
      "stickied": false
    },
    {
      "id": "mwkdb6g",
      "author": "Snoo-88741",
      "body": "Please do *not* leave your child with people who don't want him there!",
      "created_utc": 1749336442.0,
      "score": 2,
      "permalink": "/r/specialed/comments/1l57rj7/is_my_son_actually_receiving_an_appropriate/mwkdb6g/",
      "is_submitter": false,
      "edited": false,
      "stickied": false
    },
    {
      "id": "mwgqgbb",
      "author": "Remarkable-Low-3471",
      "body": "Good idea, you gotta maximize the amount of free babysitting you get.",
      "created_utc": 1749289121.0,
      "score": 2,
      "permalink": "/r/specialed/comments/1l57rj7/is_my_son_actually_receiving_an_appropriate/mwgqgbb/",
      "is_submitter": false,
      "edited": false,
      "stickied": false
    },
    {
      "id": "mwve91u",
      "author": "Gail_the_SLP",
      "body": "I\u2019m sorry that happened to you. I know things are different in different states. In Washington where I am, parents who fight for \u00a0what\u00a0their kids need often get it. Or they take us to court and get it that way. Not that I\u2019m complaining about that, I just do what I\u2019m told.",
      "created_utc": 1749492200.0,
      "score": 1,
      "permalink": "/r/specialed/comments/1l57rj7/is_my_son_actually_receiving_an_appropriate/mwve91u/",
      "is_submitter": false,
      "edited": false,
      "stickied": false
    },
    {
      "id": "mwf4a8x",
      "author": "ShatteredHope",
      "body": "So this does actually change things a bit.\u00a0 The rules and laws that are written for TK-12 special education don't always apply to preschool.\u00a0 It's still absolute bullshit for the school to be asking you to pick him up because of short staffing though.",
      "created_utc": 1749259930.0,
      "score": 7,
      "permalink": "/r/specialed/comments/1l57rj7/is_my_son_actually_receiving_an_appropriate/mwf4a8x/",
      "is_submitter": false,
      "edited": false,
      "stickied": false
    },
    {
      "id": "mwevdfg",
      "author": "SaudadeLife",
      "body": "What state are you in?",
      "created_utc": 1749256602.0,
      "score": 1,
      "permalink": "/r/specialed/comments/1l57rj7/is_my_son_actually_receiving_an_appropriate/mwevdfg/",
      "is_submitter": false,
      "edited": false,
      "stickied": false
    },
    {
      "id": "mwfogku",
      "author": "Cloud13181",
      "body": "Then the school has to pay to send them to a different school/placement that meets their needs if they can't do it themselves.",
      "created_utc": 1749267999.0,
      "score": 2,
      "permalink": "/r/specialed/comments/1l57rj7/is_my_son_actually_receiving_an_appropriate/mwfogku/",
      "is_submitter": false,
      "edited": false,
      "stickied": false
    },
    {
      "id": "mwexmzl",
      "author": "99Smiles",
      "body": "The problem is they flat out refuse to add 1-1 to the IEP.",
      "created_utc": 1749257450.0,
      "score": 2,
      "permalink": "/r/specialed/comments/1l57rj7/is_my_son_actually_receiving_an_appropriate/mwexmzl/",
      "is_submitter": true,
      "edited": false,
      "stickied": false
    },
    {
      "id": "mwfu9ng",
      "author": "Mck63",
      "body": "Paras get subs in my district. What are the higher ups in your district smoking?",
      "created_utc": 1749270637.0,
      "score": 2,
      "permalink": "/r/specialed/comments/1l57rj7/is_my_son_actually_receiving_an_appropriate/mwfu9ng/",
      "is_submitter": false,
      "edited": false,
      "stickied": false
    },
    {
      "id": "mwhre10",
      "author": "Difficult_Article439",
      "body": "I am a para we get subs",
      "created_utc": 1749305848.0,
      "score": 1,
      "permalink": "/r/specialed/comments/1l57rj7/is_my_son_actually_receiving_an_appropriate/mwhre10/",
      "is_submitter": false,
      "edited": false,
      "stickied": false
    },
    {
      "id": "mwevmx2",
      "author": "angelposts",
      "body": "Paras get subs in my district. If a classroom can't function without them, they need subs.",
      "created_utc": 1749256702.0,
      "score": 12,
      "permalink": "/r/specialed/comments/1l57rj7/is_my_son_actually_receiving_an_appropriate/mwevmx2/",
      "is_submitter": false,
      "edited": false,
      "stickied": false
    },
    {
      "id": "mwgqc7z",
      "author": "ssl0th",
      "body": "They do in my district. They need to figure it out",
      "created_utc": 1749289050.0,
      "score": 5,
      "permalink": "/r/specialed/comments/1l57rj7/is_my_son_actually_receiving_an_appropriate/mwgqc7z/",
      "is_submitter": false,
      "edited": false,
      "stickied": false
    },
    {
      "id": "mweul79",
      "author": "shebringsthesun",
      "body": "they can't just say he doesn't need a one to one because they don't have the staffing for it - that is bs",
      "created_utc": 1749256309.0,
      "score": 9,
      "permalink": "/r/specialed/comments/1l57rj7/is_my_son_actually_receiving_an_appropriate/mweul79/",
      "is_submitter": false,
      "edited": false,
      "stickied": false
    },
    {
      "id": "mwevgpv",
      "author": "stay_curious_-",
      "body": "If they don't have the staff or resources to provide an appropriate setting for your son, they need to find an alternate setting that does (at their expense).\n\n(One caveat is that this assumes your son is at least 3 years of age. If he's an early diagnosis kiddo, he may have to wait until age 3 so that he's covered under IDEA)",
      "created_utc": 1749256636.0,
      "score": 4,
      "permalink": "/r/specialed/comments/1l57rj7/is_my_son_actually_receiving_an_appropriate/mwevgpv/",
      "is_submitter": false,
      "edited": false,
      "stickied": false
    },
    {
      "id": "mwev9xu",
      "author": "Mollywisk",
      "body": "Yes",
      "created_utc": 1749256566.0,
      "score": 3,
      "permalink": "/r/specialed/comments/1l57rj7/is_my_son_actually_receiving_an_appropriate/mwev9xu/",
      "is_submitter": false,
      "edited": false,
      "stickied": false
    },
    {
      "id": "mx9msi1",
      "author": "Any_Ambassador9156",
      "body": "Every 10 minutes or he\u2019s aggressive to his classmates? At what point does it stop being education and start being medical care?",
      "created_utc": 1749675034.0,
      "score": 1,
      "permalink": "/r/specialed/comments/1l57rj7/is_my_son_actually_receiving_an_appropriate/mx9msi1/",
      "is_submitter": false,
      "edited": false,
      "stickied": false
    },
    {
      "id": "mwf5p9i",
      "author": "demiurgeofdeadbooks",
      "body": "Wouldn't it be nice if they reworked their processes instead of shelling out private tuition for the few kids with parents knowledgeable enough to make a stink",
      "created_utc": 1749260475.0,
      "score": 7,
      "permalink": "/r/specialed/comments/1l57rj7/is_my_son_actually_receiving_an_appropriate/mwf5p9i/",
      "is_submitter": false,
      "edited": false,
      "stickied": false
    },
    {
      "id": "mwf6kq9",
      "author": "99Smiles",
      "body": "It's because it's preschool paid for through the school district because of early intervention. All the schools in my district even high school get Fridays off. That was implemented like 2012 when I was in school. Normal preschool is 2 days but spec ed get 4 days. IEP says 4 days, but I guess since I've been not sending him that's my fault, even though it was at their request.",
      "created_utc": 1749260805.0,
      "score": 5,
      "permalink": "/r/specialed/comments/1l57rj7/is_my_son_actually_receiving_an_appropriate/mwf6kq9/",
      "is_submitter": true,
      "edited": false,
      "stickied": false
    },
    {
      "id": "mwir2lg",
      "author": "99Smiles",
      "body": "And I get that, which is why I have never hesitated to pick him up. And it's not a constant or daily thing that he does these things. But them shoving him out the door and washing their hands of him if starting to interfere with his rights to FAPE. \n\nIt seems like the more I try to sympathize with the school the more they take him out of class.\n\nI am a single mom on welfare, I literally cannot work because the cost of childcare for my child would be more hourly than I would make at work. So no, I cannot afford any private options. And that's not even considering all the therapy appointments every week that would be during work hours. I so wish I could work and have time with adult conversation, but it's just not realistic for us right now. I was hoping I could when he started school, but with how he gets told not to show up most days that's clearly not gonna happen.\n\nI would NEVER want to put other kids in danger, but my kid needs some semblance of an education, and structure too\n\nAnd to add, I've never ever seen these behaviors with my own eyes, my kid don't do this with me around. Even around other kids. Those aggressive behaviors I listed are just what they have told me.",
      "created_utc": 1749317205.0,
      "score": 1,
      "permalink": "/r/specialed/comments/1l57rj7/is_my_son_actually_receiving_an_appropriate/mwir2lg/",
      "is_submitter": true,
      "edited": 1749317437.0,
      "stickied": false
    },
    {
      "id": "mwjgv8d",
      "author": "99Smiles",
      "body": "I am very clear eyed. But the problem is, it's literally their job to get him what he needs. And they are not, so I'm coming here to ask what to do about it. Whether that's sending him somewhere else, or giving him the 1:1 he needs. If they can't educate him they need to send him somewhere that can. Not deprive him of an education altogether.",
      "created_utc": 1749325442.0,
      "score": 1,
      "permalink": "/r/specialed/comments/1l57rj7/is_my_son_actually_receiving_an_appropriate/mwjgv8d/",
      "is_submitter": true,
      "edited": false,
      "stickied": false
    },
    {
      "id": "mwqq1u1",
      "author": "99Smiles",
      "body": "I'm in WA state. 30 minutes north of Seattle.",
      "created_utc": 1749425678.0,
      "score": 1,
      "permalink": "/r/specialed/comments/1l57rj7/is_my_son_actually_receiving_an_appropriate/mwqq1u1/",
      "is_submitter": true,
      "edited": false,
      "stickied": false
    },
    {
      "id": "mwjm5go",
      "author": "solomons-mom",
      "body": "OP, why has he only been in school for a month?  Was he in a different school?",
      "created_utc": 1749327206.0,
      "score": 2,
      "permalink": "/r/specialed/comments/1l57rj7/is_my_son_actually_receiving_an_appropriate/mwjm5go/",
      "is_submitter": false,
      "edited": false,
      "stickied": false
    },
    {
      "id": "mwhqvtj",
      "author": "Interesting-Gear9933",
      "body": "It\u2019s not free babysitting\u2014it\u2019s his legal and protected RIGHT to receive these services and education. They are intentionally sending him home in a manner that they\u2019re not documenting because it\u2019s illegal and they WILL owe the family financially in some way.\nThis is their legal responsibility, not parent\u2019s.",
      "created_utc": 1749305677.0,
      "score": 3,
      "permalink": "/r/specialed/comments/1l57rj7/is_my_son_actually_receiving_an_appropriate/mwhqvtj/",
      "is_submitter": false,
      "edited": false,
      "stickied": false
    },
    {
      "id": "mwevpts",
      "author": "99Smiles",
      "body": "WA state",
      "created_utc": 1749256732.0,
      "score": 1,
      "permalink": "/r/specialed/comments/1l57rj7/is_my_son_actually_receiving_an_appropriate/mwevpts/",
      "is_submitter": true,
      "edited": false,
      "stickied": false
    },
    {
      "id": "mwgplkc",
      "author": "Remarkable-Low-3471",
      "body": "Sir, we're all outa beef and you're demanding a hamburger. This is how we end up eating rat.",
      "created_utc": 1749288588.0,
      "score": 15,
      "permalink": "/r/specialed/comments/1l57rj7/is_my_son_actually_receiving_an_appropriate/mwgplkc/",
      "is_submitter": false,
      "edited": false,
      "stickied": false
    },
    {
      "id": "mwjes2u",
      "author": "Mango2226",
      "body": "That\u2019s not true. They just need to prove they\u2019re attempting to. The parent could sue and potentially get the school to pay for private placement, but it\u2019d be an extremely costly and lengthy process.",
      "created_utc": 1749324752.0,
      "score": 2,
      "permalink": "/r/specialed/comments/1l57rj7/is_my_son_actually_receiving_an_appropriate/mwjes2u/",
      "is_submitter": false,
      "edited": false,
      "stickied": false
    },
    {
      "id": "mwfprke",
      "author": "Fearless_Cucumber404",
      "body": "They can flat out refuse to your attorney and pay for a lawsuit which costs much more than a 1:1 para.  If they can't do that, they can pay for a private facility.",
      "created_utc": 1749268578.0,
      "score": 4,
      "permalink": "/r/specialed/comments/1l57rj7/is_my_son_actually_receiving_an_appropriate/mwfprke/",
      "is_submitter": false,
      "edited": false,
      "stickied": false
    },
    {
      "id": "mwf6q2w",
      "author": "stay_curious_-",
      "body": "I'd contact a local disability rights advocacy/support group like PAVE: https://wapave.org/\n\nThe process of getting a fair IEP can be somewhat adversarial, and having a strong advocate on your side can really help. They also have parent groups where people who have been through the same thing can give you advice on how to navigate the system.",
      "created_utc": 1749260862.0,
      "score": 3,
      "permalink": "/r/specialed/comments/1l57rj7/is_my_son_actually_receiving_an_appropriate/mwf6q2w/",
      "is_submitter": false,
      "edited": false,
      "stickied": false
    },
    {
      "id": "mwf1w1u",
      "author": "99Smiles",
      "body": "Any advice for when they refuse to add it?",
      "created_utc": 1749259019.0,
      "score": 1,
      "permalink": "/r/specialed/comments/1l57rj7/is_my_son_actually_receiving_an_appropriate/mwf1w1u/",
      "is_submitter": true,
      "edited": false,
      "stickied": false
    },
    {
      "id": "mx9ofnb",
      "author": "99Smiles",
      "body": "I've never witnessed the behaviors they are describing. Even when taking him around other children. He is literally the sweetest kid when its just him. Hes totally nonverbal, he just cant communicate when he needs space from other kids, and can't play with other kids because of the communication issues. Oh, and he's almost 4 years old so he is still learning social skills anyways. \n\nIf it is as bad as they say, then he needs to be in a self-contained classroom or have 1:1. But they refuse. Their staffing issues aren't my or my kids problem - and these behaviors are manifesting from his disability. So if they are telling me not to bring my kid, because they 'can't handle him' then they need to get the staff, or send him somewhere that can.",
      "created_utc": 1749675511.0,
      "score": 1,
      "permalink": "/r/specialed/comments/1l57rj7/is_my_son_actually_receiving_an_appropriate/mx9ofnb/",
      "is_submitter": true,
      "edited": false,
      "stickied": false
    },
    {
      "id": "mwfc6fo",
      "author": "newsnewsnews111",
      "body": "Luckily, it\u2019s not the norm in my state, just my district being stingy. I don\u2019t know anyone else in my special needs activity groups that had to do that. If I lived in a different town, it would have been better for my son. Ironically the rest of our school system is pretty good.",
      "created_utc": 1749262939.0,
      "score": 3,
      "permalink": "/r/specialed/comments/1l57rj7/is_my_son_actually_receiving_an_appropriate/mwfc6fo/",
      "is_submitter": false,
      "edited": false,
      "stickied": false
    }
  ],
  "relevance": {
    "score": 10,
    "user_type": "parent",
    "pain_points": [
      "are their certain behaviors they are struggling with? they cannot tell you to pick him up early or not come to school (or not go on a field trip) because they lack staffing or cannot handle him because he is acting up",
      "start looking for parent groups to learn from",
      "you can get a 30-min free consultation here if you'd like some more actionable recommendations!  [https://findparentadvocates",
      "local special needs facebook groups are good for school recommendations",
      "as is what has been said about schools/districts having difficulty finding and retaining special education staff"
    ],
    "keywords_found": [
      "autism",
      "speech therapy",
      "special needs",
      "transition",
      "preschool",
      "early childhood"
    ],
    "sentiment_score": -0.9941,
    "age_relevance": true,
    "urgency_level": "high",
    "competitive_mentions": [],
    "timestamp": "2025-06-12T14:58:21.704754"
  }
}