{
  "subreddit": "ABA",
  "post": {
    "id": "1l8f2sd",
    "title": "How many hours for pre-k setting?",
    "author": "soupypoopy13",
    "created_utc": 1749601813.0,
    "score": 5,
    "num_comments": 4,
    "url": "https://www.reddit.com/r/ABA/comments/1l8f2sd/how_many_hours_for_prek_setting/",
    "selftext": "Hi! My son is going thru observations right now with a BCBA at his preschool. They soon will meet me to recommend hours. This fall he\u2019s transitioning to his last year of pre-k which is full day at the elementary school M-F. How many hours do you think a RBT be with my child at school? We don\u2019t plan to do clinic or home therapy . Just school. TIA! I just want to be prepped in case they try to recommended like the whole week start to finish. "
  },
  "comments": [
    {
      "id": "mx49e53",
      "author": "DnDYetti",
      "body": "The number of weekly therapy hours depends on your child's needs at this time. Since we don't know your child, ethically, we can't tell you how many hours they're going to recommend or what your child actually needs to increase necessary skills.\n\nPre-k would be a child aged 3-4. That being said, in my experience, therapy hours for that age group could be as little as 15 or as much as 40 per week with combined therapies, depending on therapy setting and the child's ASD diagnosis severity.",
      "created_utc": 1749602336.0,
      "score": 4,
      "permalink": "/r/ABA/comments/1l8f2sd/how_many_hours_for_prek_setting/mx49e53/",
      "is_submitter": false,
      "edited": false,
      "stickied": false
    },
    {
      "id": "mx4aq1a",
      "author": "soupypoopy13",
      "body": "That\u2019s fair! He\u2019s old for his age because he missed the K cut off so he\u2019ll be 5 for 90% of the year. He is potty trained, academically appropriate level and verbal. Def level 1! He just has huge issues with emotional regulation where he is non violent but incredibly easily frustrated. He also has very loud disruptive stims, has a hard time transitioning, and always thinks it\u2019s his turn to talk in a classroom of kids, as well as has a hard time staying on task. \n\nI had him screened for adhd first at the doctors which he scored very high for, but they then tested him for autism and he was deemed autistic as well. Due to his age, they want me to do a year of aba before they will medically agree he also has adhd. \n\nI just have no idea what is helpful for a school setting because the RBT will be following his school day while supporting his goals, not pulling him out for therapy.",
      "created_utc": 1749602795.0,
      "score": 2,
      "permalink": "/r/ABA/comments/1l8f2sd/how_many_hours_for_prek_setting/mx4aq1a/",
      "is_submitter": true,
      "edited": false,
      "stickied": false
    },
    {
      "id": "mx4jajd",
      "author": "DnDYetti",
      "body": "Those all sound like things that ABA can assist with! Special note: Stimming interventioms highly depend on the type of stim and if it is disruptive to his daily quality of life, and/or if it is harmful towards himself or others. Since stimming is one way of how individuals regulate, we want to always be very careful about intervening on stimming. If stimming does have to be intervened upon, then we usually find a safe alternative for the stim :)\n\nI definitely encourage you to ask as many questions as you need towards the BCBA supervisor on his team. After they complete the assessment, they'll be able to review the clinical plan and what goals they are thinking of for his school day. Please feel confident to speak your mind in a professional way towards the BCBA about any/all topics (including the clinical hour recommendation) and always advocate for your son.",
      "created_utc": 1749605798.0,
      "score": 2,
      "permalink": "/r/ABA/comments/1l8f2sd/how_many_hours_for_prek_setting/mx4jajd/",
      "is_submitter": false,
      "edited": false,
      "stickied": false
    },
    {
      "id": "mx4k205",
      "author": "soupypoopy13",
      "body": "Thanks! Yeah I def do not want to stop his stimming. He just is very loud and does it often during time where he is required to be quiet which I assume will be needed more as he gets older. \n\nI read so much on here about certain companies recommending outrageous hours no matter the child so I wasn\u2019t sure if someone had an idea of what was appropriate for a school setting. Appreciate all the feedback/info!",
      "created_utc": 1749606068.0,
      "score": 1,
      "permalink": "/r/ABA/comments/1l8f2sd/how_many_hours_for_prek_setting/mx4k205/",
      "is_submitter": true,
      "edited": false,
      "stickied": false
    }
  ],
  "relevance": {
    "score": 10,
    "user_type": "parent",
    "pain_points": [
      "def level 1! he just has huge issues with emotional regulation where he is non violent but incredibly easily frustrated"
    ],
    "keywords_found": [
      "autism",
      "emotional regulation",
      "transition",
      "preschool"
    ],
    "sentiment_score": 0.9953,
    "age_relevance": true,
    "urgency_level": "low",
    "competitive_mentions": [],
    "timestamp": "2025-06-12T14:52:38.693843"
  }
}