{
  "subreddit": "specialed",
  "post": {
    "id": "1l5rsnd",
    "title": "Gen Ed teacher here: Uncertain about \"Extra time on homework\"",
    "author": "TeachlikeaHawk",
    "created_utc": 1749321211.0,
    "score": 4,
    "num_comments": 225,
    "url": "https://www.reddit.com/r/specialed/comments/1l5rsnd/gen_ed_teacher_here_uncertain_about_extra_time_on/",
    "selftext": "Hiya all! I'm a high school ELA teacher. I've taught mostly in the US, but also in Asia and Europe, have taught Common Core, IB, and AP, and have been in private, parochial, public, and public charter schools over the last 20-odd years.\n\nAs I wrap up the school year, I've been attending IEP and 504 meetings quite a bit the last couple of weeks. As always, I've noticed a few accommodations and modifications that tend to crop up a lot. Things like preferential seating, small group testing, graphic organizers, etc, come up regularly. Most of the time, I see the purpose behind them, and even when I don't, I make arrangements to see that things get done.\n\nThe last couple of years, an accommodation I've seen become more prevalent is \"x% extra time for assignments.\" I really struggle with this mandate. First, I don't always think it's a good choice (especially for students who struggle with perfectionism and executive function issues), but that's not my question for today. \n\nWhat I'm wondering is this: How can this actually be done?\n\nTo help articulate my question, here are two examples of things I actually have to deal with regularly as an ELA teacher. How can I make extra time work in each case?\n\n1. I assign novels. How can I give a student more time to read each chapter without that student ending up way behind on the reading? You know, day 1: be to page 15, but that one student gets another half-day. Does the time just overlap with the day 2 reading assignment (which seems to defeat the point of extra time), or do I extend everything, meaning discussions, quizzes, tests, responses, projects, group work all gets moved around?\n2. I already chunk my writing assignments. If I assign my class to follow steps in the writing process (day 1: articulate your response to the prompt; day 2: share quotes and other evidence you'll use; day 3: make a plan for each section of the paper; day 4: draft; day 5: add intro & conclusion; day 6: revise and submit the final), how can a student getting extra time for all work not end up more than a week behind?\n\nI appreciate real suggestions. If you just want to accuse me of being a dick, I don't see how that is productive. If your response will be some weird pseudo-accusation about other teachers making it work, that's not really helpful either.\n\nActual guidance is what I need. Right now, I'm operating on the belief that the extra time accommodation is one of those \"wink wink\" things, since it seems frankly impossible to create time out of nothing. The only way I could imagine it working would be if we called it a modification, and acknowledged that this student will not being following the same curriculum as the rest of the class.\n\nThoughts?"
  },
  "comments": [
    {
      "id": "mwj8len",
      "author": "squeakychipmunk101",
      "body": "Check this guys post history. He\u2019s not here for an answer he\u2019s here to make a point. He wrote a post about how I we should be focusing our resources on kids who are not \u201clap or two behind\u201d",
      "created_utc": 1749322716.0,
      "score": 56,
      "permalink": "/r/specialed/comments/1l5rsnd/gen_ed_teacher_here_uncertain_about_extra_time_on/mwj8len/",
      "is_submitter": false,
      "edited": false,
      "stickied": false
    },
    {
      "id": "mwj8sdx",
      "author": "Crazy_cat_lady_88",
      "body": "For reading, can you provide the students with an audio version? I used to record myself reading the books so that I knew exactly how long it would take my students to \u201cread\u201d along with me. It kept them from needing extra time due to their slower reading pace.",
      "created_utc": 1749322778.0,
      "score": 16,
      "permalink": "/r/specialed/comments/1l5rsnd/gen_ed_teacher_here_uncertain_about_extra_time_on/mwj8sdx/",
      "is_submitter": false,
      "edited": false,
      "stickied": false
    },
    {
      "id": "mwjl13f",
      "author": "sarah_bear_crafts",
      "body": "As a person with disabilities (without an IEP\u2026I\u2019m in my forties) the way I accommodated myself was to find out what the book was ahead of time, and find an audiobook. I think if you can provide the syllabus ahead of time, as in before the semester starts, that could count for extra time to do the work/reading, without having anyone fall behind. \n\nIf you are able to work alongside a sped teacher, ask their advice; there are simplified versions of most books, in case that will help accommodate for time and keep everyone on the same page, so to speak.\n\nAs for writing assignments, try to include examples of a good assignment, along with an explanation, in the syllabus, or have a separate file to share with your students ahead of time.\n\nI\u2019m not a sped teacher (yet)\u2014I\u2019m a para in a high school, and I\u2019m very recently diagnosed autistic.",
      "created_utc": 1749326835.0,
      "score": 14,
      "permalink": "/r/specialed/comments/1l5rsnd/gen_ed_teacher_here_uncertain_about_extra_time_on/mwjl13f/",
      "is_submitter": false,
      "edited": false,
      "stickied": false
    },
    {
      "id": "mwjoxh4",
      "author": "Fit-Egg-7782",
      "body": "I was a student with these accommodations and these are how they were successful for me in a graduate college level. I don\u2019t get extra time on things like readings, although we meet weekly and reading is not my struggle. I get extra time on things like writing assignments that are turned in at a later date. But, they aren\u2019t automatic. I have to request the extra time with a proposed new deadline that is then either approved or negotiated. It builds a sense of responsibility for me to create a new plan. Now, at your age group, it would be a skill that would have to be taught. My issues with assignments are usually executive function, not learning disability, so that would need to be factored in. Also, some assignments can\u2019t be pushed back, like final projects and things, so creating smaller deadlines for those projects and breaking the project down can help those students keep up. Like, a research project can have the question be due one week, the first chapter due the next, etc etc. big assignments can be daunting and breaking it down for the students will help then learn how to budget time for similar projects when they get to college. If you have a student with these accommodations in your class, you can also reduce the total number of assignments due for everyone and then focus on teaching all the students how to be successful at completing assignments. It\u2019s a skill many college students lack and isn\u2019t often taught early. I say this as a teacher with a master\u2019s in sped who didn\u2019t have accommodations until graduate school and has training on how to apply this to a school age as well lol",
      "created_utc": 1749328126.0,
      "score": 15,
      "permalink": "/r/specialed/comments/1l5rsnd/gen_ed_teacher_here_uncertain_about_extra_time_on/mwjoxh4/",
      "is_submitter": false,
      "edited": false,
      "stickied": false
    },
    {
      "id": "mwj7uke",
      "author": "quegrawks",
      "body": "Give them the assignment before you give it to anyone else. Then make it due at the same time as everyone else's. You've provided the extra time.",
      "created_utc": 1749322474.0,
      "score": 19,
      "permalink": "/r/specialed/comments/1l5rsnd/gen_ed_teacher_here_uncertain_about_extra_time_on/mwj7uke/",
      "is_submitter": false,
      "edited": false,
      "stickied": false
    },
    {
      "id": "mwj56fy",
      "author": "demonita",
      "body": "I give the kids up to one day for paper and computer homework, and beginning of next day for class assignments. I also make sure I let teachers know that they can ask students to read ahead, keeping communication with parents. Don\u2019t be afraid to speak up during meetings and ask for clarification or for them to word an accommodation appropriately.",
      "created_utc": 1749321614.0,
      "score": 8,
      "permalink": "/r/specialed/comments/1l5rsnd/gen_ed_teacher_here_uncertain_about_extra_time_on/mwj56fy/",
      "is_submitter": false,
      "edited": false,
      "stickied": false
    },
    {
      "id": "mwjg2v3",
      "author": "rollforlit",
      "body": "This is the one accommodation I really struggle with as a teacher- it might be because I, too, teach ELA and so much ELA work is collaborative (class discussion) and assumes you have already done the previous day\u2019s assignment. I have seen it turn into a domino effect of kids falling behind. A very typical week in my class might look like:\n\nMonday is an initial read of the text, say The Raven. We read the poem in class together and focus on comprehension and discussion.\n\nOn Tuesday I give my students an assignment where they have to analyze figurative language in the poem\u2026 and it\u2019s challenging to really get into that analysis if you haven\u2019t finished the previous day\u2019s comprehension reading.\n\nOn Wednesday we do a collaborative activity using our figurative language analysis\u2026 but the student with the IEP spent Tuesday finishing Monday\u2019s work, so they\u2019re not ready for this collaboration. Do I make them so the Tuesday assignment? Do I make them try Wednesday\u2019s assignment without the extra practice?\n\nOn Thursday students take a practice quiz on Poe\u2019s use of figurative language. But again, the IEP student either skipped a day\u2019s work or didn\u2019t get the extra team practice.\n\nOn Friday, students write an in class essay on language use in the poem. Is this a catch up day and I just excuse the writing assignment? But that isn\u2019t what the IEP says to do\u2026\n\nAnd I have had students who have plans that give them an additional two weeks before!",
      "created_utc": 1749325184.0,
      "score": 8,
      "permalink": "/r/specialed/comments/1l5rsnd/gen_ed_teacher_here_uncertain_about_extra_time_on/mwjg2v3/",
      "is_submitter": false,
      "edited": false,
      "stickied": false
    },
    {
      "id": "mwjpmvv",
      "author": "PUZZLEPlECER",
      "body": "Why don\u2019t you bring these questions up at the IEP meeting? Or ahead of time with the child\u2019s case manager. You could even take it a step further and advocate for the child if you don\u2019t believe it\u2019s in their best interest.",
      "created_utc": 1749328358.0,
      "score": 6,
      "permalink": "/r/specialed/comments/1l5rsnd/gen_ed_teacher_here_uncertain_about_extra_time_on/mwjpmvv/",
      "is_submitter": false,
      "edited": false,
      "stickied": false
    },
    {
      "id": "mwjsytx",
      "author": "datanerdette",
      "body": "The problem with the extra time accommodation is when it is applied uniformly and not individualized to a child's specific needs. \n\nAs the general education teacher in the IEP meetings, is this something that you can request refinement on? \n\nFor example, my child gets extra time, but only on certain things that are impacted by his disability. He gets extra time on all summatives where he is expected to produce high-quality, thoughtful work. He does not get extra time on classwork and homework where he is graded on completion. This allows him to keep pace with the class but still have the time he needs on tests and large projects. \n\n.",
      "created_utc": 1749329441.0,
      "score": 4,
      "permalink": "/r/specialed/comments/1l5rsnd/gen_ed_teacher_here_uncertain_about_extra_time_on/mwjsytx/",
      "is_submitter": false,
      "edited": false,
      "stickied": false
    },
    {
      "id": "mwk62ao",
      "author": "Chris_Golz",
      "body": "I\u2019m a special ed teacher and I stopped using this accommodation along time ago for the same reasons you have described. Extra time always leads to procrastination and falling further behind. They\u2019re better off turning the work in incomplete then working on it days after it was due when they should be working on the next assignment.",
      "created_utc": 1749333836.0,
      "score": 5,
      "permalink": "/r/specialed/comments/1l5rsnd/gen_ed_teacher_here_uncertain_about_extra_time_on/mwk62ao/",
      "is_submitter": false,
      "edited": false,
      "stickied": false
    },
    {
      "id": "mwjcv84",
      "author": "FlyingPerrito",
      "body": "The extended time is because if you have a crappy reading level, you need more time. If you have poor motor skills, and also are a crappy reader, you really need more time. It\u2019s not to award procrastination, and definitely not a one size fits all approach.",
      "created_utc": 1749324117.0,
      "score": 13,
      "permalink": "/r/specialed/comments/1l5rsnd/gen_ed_teacher_here_uncertain_about_extra_time_on/mwjcv84/",
      "is_submitter": false,
      "edited": false,
      "stickied": false
    },
    {
      "id": "mwj8f7i",
      "author": "MonstersMamaX2",
      "body": "Just blanket extra time on assignments is a crappy accommodation. It leads to exactly what you said, the student falling behind, which then defeats the purpose of the accommodation. \n\nI currently teach middle school resource at a K-8 school but have taught high school in the past. Both of my kids, a high schooler and a middle schooler, also gave IEP'S but for vastly different reasons. So I've approached this question not only from a teacher standpoint but from a parent standpoint as well. In my experience, students mainly need extra time on writing assignments. So when I write that accommodation, it's going to be specific. Depending on the student, it might only be for writing assignments longer than a paragraph and for 2 school days. Or they get extra time for writing assignments that are done over the course of one week but not on longer term assignments. The thought process behind that is that the longer assignments have checkpoints along the way so the final product should be done by the due date. \n\nFor your specific writing process, I would say 2 extra days to finish. If everyone turns their paper in on Monday, then the sped student is due Wednesday. I'm theory I've worked with them on the writing assignment over the past week and we're going to spend these last 2 days editing and typing the final draft. They are doing that with me so in your class they are focused on your next lesson.  \n\nFor other subjects, like math, instead of saying extra time, I might suggest reducing the number of problems that need to be done each night, eliminating those that are repetitive. For reading, I might say they should have access to the audiobook so they can listen to it instead of reading it. There are lots of options other than just 'extra time.'\n\nETA : It's definitely not a modification and should not be treated as such.",
      "created_utc": 1749322662.0,
      "score": 7,
      "permalink": "/r/specialed/comments/1l5rsnd/gen_ed_teacher_here_uncertain_about_extra_time_on/mwj8f7i/",
      "is_submitter": false,
      "edited": false,
      "stickied": false
    },
    {
      "id": "mwj99cw",
      "author": "Weird_Inevitable8427",
      "body": "Yah. It's tough because if the student gets used to taking this accommodation, they are going to end up behind in everything and terribly scrunched at the end of term. \n\nWhat I would suggest is that you ask them to stick to the reading schedule. That you set it so that they don't end up behind, and that, if they do get behind, they can still get full credit up to the limit of their IEP accommodation. \n\nSo, \"Please try to get the reading done on time. It's really going to make class boring for you if you haven't done the reading. And also, it would make the end of term a nightmare. However, I won't mark you off if you are up to 20% late. In my case, since I asked you to do this work over a week, I'm going to say that 20% is one day. Does that work for you?\" \n\nI really wish this accommodation weren't as common as it is. We aren't doing students any favors, and in the case of ADHD, you're all but guaranteeing that the student won't be able to get everything done, because ADHDers NEED deadlines that are firm, or their disability will tell them that it's OK to procrastinate every time. \n\nWhat works better in the case of ADHD is that the deadline remains firm, but the consequence is reduced so that they can still pass when they invariably turn things in late. So, in the 20% example, you might give them 20% less of a reduction in their grade if they turn it in a day late. (But check in with the student and the team to make sure this works for them.)\n\nIn high school, kids need to start learning how to manage their own disability. We don't want you to be a hard ass, but it is totally reasonable and good for kids when you ask them to step up and start advocating for what works for them. They need to be negotiating with you for what works to both show that they've mastered the material and ensure that graduation/promotion is possible for them. They should be gently led to see the teacher's POV, and to understand what future bosses will expect from them - not perfection, but that the work gets done and they are carrying their weight at their job, even if they tend to work in spurts. A conscientious  ADHDer, in this example, will often get more work done than their neurotypical peers, when given the chance to work the way they need to work. Kids need to start identifying what they need, and learning how to advocate for that.",
      "created_utc": 1749322931.0,
      "score": 7,
      "permalink": "/r/specialed/comments/1l5rsnd/gen_ed_teacher_here_uncertain_about_extra_time_on/mwj99cw/",
      "is_submitter": false,
      "edited": false,
      "stickied": false
    },
    {
      "id": "mwjjocd",
      "author": "Other-Lie788",
      "body": "I also do not like the accommodation of extra time.  My child has ADHD and just received an IEP due to executive function challenges. In my experience, more time to complete work backfires. A better option would be for my child to hand in assignments at the end of each class, and at least get credit for work completed. The more time passes, the more likely the assignment gets lost or forgotten. Teaching executive function skills should involve breaking down tasks,  completing the most important parts first, and handing in work in as it is completed.",
      "created_utc": 1749326380.0,
      "score": 6,
      "permalink": "/r/specialed/comments/1l5rsnd/gen_ed_teacher_here_uncertain_about_extra_time_on/mwjjocd/",
      "is_submitter": false,
      "edited": false,
      "stickied": false
    },
    {
      "id": "mwk87hq",
      "author": "Lilsammywinchester13",
      "body": "Former sped teacher\n\nI would try to make the assignments due on Fridays and give sped kids the weekend as extra time/any student who needs extra time for a 70 \n\nBut that\u2019s just me, I only had several years experience so maybe others have better suggestions",
      "created_utc": 1749334599.0,
      "score": 3,
      "permalink": "/r/specialed/comments/1l5rsnd/gen_ed_teacher_here_uncertain_about_extra_time_on/mwk87hq/",
      "is_submitter": false,
      "edited": false,
      "stickied": false
    },
    {
      "id": "mwjoa0v",
      "author": "Money_Pomegranate_96",
      "body": "Not a \u201cwink wink thing\u201d. It\u2019s federal law. If you\u2019re not sure how much extra time to give, ask the individual student\u2019s case manager. Typically it\u2019s an extra day. Like all students get 5 days to do the work on a project but a kid with ET would be able to turn it in on the 6th day. Sometimes, though, it\u2019s a percentage of the regular amount of time. If it\u2019s a testing accommodation, it usually means an additional class period to test in. \n\nJust because YOU don\u2019t see the purpose doesn\u2019t mean there isn\u2019t one. It\u2019s for students who struggle with processing information, sustaining attention, etc. Do you want your kids to have time to finish the work to the best of their ability or no? Honestly, most of the kids I\u2019ve had don\u2019t use that accommodation, but the ones who do, are really trying and benefitting from it. \n\nI was gen-ed high school ELA for 6 years and never had an issue. Now I\u2019m SPED ELA and will fight for accommodations to be given per the law for all the kids on my caseload. You would hate to see me coming.",
      "created_utc": 1749327910.0,
      "score": 6,
      "permalink": "/r/specialed/comments/1l5rsnd/gen_ed_teacher_here_uncertain_about_extra_time_on/mwjoa0v/",
      "is_submitter": false,
      "edited": false,
      "stickied": false
    },
    {
      "id": "mwj78t1",
      "author": "BillyRingo73",
      "body": "I doubt you\u2019ll get an answer that makes sense. This accommodation just doesn\u2019t work with certain courses or assignments. Students that use this accommodation usually fall behind their classmates or assignments start to pile up and they feel overwhelmed. Or many times, both.",
      "created_utc": 1749322278.0,
      "score": 9,
      "permalink": "/r/specialed/comments/1l5rsnd/gen_ed_teacher_here_uncertain_about_extra_time_on/mwj78t1/",
      "is_submitter": false,
      "edited": false,
      "stickied": false
    },
    {
      "id": "mwj5ige",
      "author": "ImpressiveCoffee3",
      "body": "You offer the student the option to either keep pace with the class or work on the book at their own pace. Alternatively, you could give the student a summary of part of the reading and have the student read the rest.",
      "created_utc": 1749321720.0,
      "score": 5,
      "permalink": "/r/specialed/comments/1l5rsnd/gen_ed_teacher_here_uncertain_about_extra_time_on/mwj5ige/",
      "is_submitter": false,
      "edited": false,
      "stickied": false
    },
    {
      "id": "mwkw15s",
      "author": "climbing_butterfly",
      "body": "Also at some point the kid has to gain coping skills. When I was a junior the class slides were too quick so a few days before I read ahead and took my own notes at home.",
      "created_utc": 1749343370.0,
      "score": 4,
      "permalink": "/r/specialed/comments/1l5rsnd/gen_ed_teacher_here_uncertain_about_extra_time_on/mwkw15s/",
      "is_submitter": false,
      "edited": false,
      "stickied": false
    },
    {
      "id": "mwjv5qp",
      "author": "Jeimuz",
      "body": "When I did RSP, my district's limit was 1.5\u00d7 whatever the non-SPED kids were given. See if your district has a policy like that.\n\nWhen all students are failing left and right, the counselors ask us to do whatever we can which comes down to making extensions till the end of the semester. Thus, I just keep all assignments open till final grades.\n\nAt first, I was worried that I would get a ton of last minute assignments to grade, but it wasn't so. Those who are willing do and those who are not don't. My admin has been very emphatic that students cannot be recommended to a more restrictive placement if they are passing the class.\n\nI don't concern myself with cheating much anymore since I made it that the work they can do out of class where others/AI may do it for them only counts for 20% of their final grade. The ones who care enough to really do the work and use the given supports benefit in the other 80%.",
      "created_utc": 1749330149.0,
      "score": 2,
      "permalink": "/r/specialed/comments/1l5rsnd/gen_ed_teacher_here_uncertain_about_extra_time_on/mwjv5qp/",
      "is_submitter": false,
      "edited": false,
      "stickied": false
    },
    {
      "id": "mwouuaa",
      "author": "No-Welder1695",
      "body": "Do read aloud in class so they don't need to read it as homework, then give the assignment as usual with the extra time to turn it in. I bet alot of kids skip the reading anyways or uses things similar to spark notes to gain a base understanding for in class discussions.",
      "created_utc": 1749404354.0,
      "score": 2,
      "permalink": "/r/specialed/comments/1l5rsnd/gen_ed_teacher_here_uncertain_about_extra_time_on/mwouuaa/",
      "is_submitter": false,
      "edited": false,
      "stickied": false
    },
    {
      "id": "mwq0rlu",
      "author": "No-Welder1695",
      "body": "Another suggestion don't give homework on Fridays. The only students who have homework on Friday are the ones who used the extra time accommodation. For example, Monday hw is given due on Tuesday. Accommodation: that homework is due on Wednesday. Repeat for the rest of the week. So that homework that's due on Friday is due on Monday for the accommodation. This can be used for any students who need extra time, whether it be due to absences or accommodations. If the student doesn't want to do work over the weekend, they have the choice to do it when it's assigned, but you still have met the accommodation. (Note this strategy accommodates all extra time up to 200%extra time on HW. The 50% time is meant for bigger things like essays or projects, so if you give everyone a week on an essay, the accommodation gives them an extra 4 days.).",
      "created_utc": 1749417162.0,
      "score": 2,
      "permalink": "/r/specialed/comments/1l5rsnd/gen_ed_teacher_here_uncertain_about_extra_time_on/mwq0rlu/",
      "is_submitter": false,
      "edited": false,
      "stickied": false
    },
    {
      "id": "mwqr0b2",
      "author": "fabfameight",
      "body": "One option could be to reduce length of assignment as an alternative.",
      "created_utc": 1749426012.0,
      "score": 2,
      "permalink": "/r/specialed/comments/1l5rsnd/gen_ed_teacher_here_uncertain_about_extra_time_on/mwqr0b2/",
      "is_submitter": false,
      "edited": false,
      "stickied": false
    },
    {
      "id": "mwrj3s1",
      "author": "SnooCalculations9306",
      "body": "A good way to accomplish this is to provide summaries of each chapter or simplified text so that the student can at least have a good idea of what is going on in each chapter. It\u2019s not perfect. Yes a lot of students need extra time. However the pace of the class also makes giving extra time a challenge like you mentioned. You can accommodate things differently to met the needs of the student in your classroom. Just make sure your looping in the case manager and parent so they all understand the challenge and the things you are providing to assist. Also, extended time should have a limit. So two extra days, etc. it shouldn\u2019t be open ended. The goal is to keep the student progressing while allowing for those learning differences.",
      "created_utc": 1749436204.0,
      "score": 2,
      "permalink": "/r/specialed/comments/1l5rsnd/gen_ed_teacher_here_uncertain_about_extra_time_on/mwrj3s1/",
      "is_submitter": false,
      "edited": false,
      "stickied": false
    },
    {
      "id": "mwk9776",
      "author": "Abundance_of_Flowers",
      "body": "Structure your teaching and your class so that it accommodates children with disabilities. There's nothing wrong with giving the entire class x% extra time on an assignment if it allows all the students to access their education. \n\nI recommend reaching out to your state and federal departments of education for help. You don't need to reinvent the wheel - this has been covered before.",
      "created_utc": 1749334955.0,
      "score": 2,
      "permalink": "/r/specialed/comments/1l5rsnd/gen_ed_teacher_here_uncertain_about_extra_time_on/mwk9776/",
      "is_submitter": false,
      "edited": false,
      "stickied": false
    },
    {
      "id": "mwo02bq",
      "author": "FlyingPerrito",
      "body": "Good luck to you.",
      "created_utc": 1749394967.0,
      "score": 1,
      "permalink": "/r/specialed/comments/1l5rsnd/gen_ed_teacher_here_uncertain_about_extra_time_on/mwo02bq/",
      "is_submitter": false,
      "edited": false,
      "stickied": false
    },
    {
      "id": "mx0l59r",
      "author": "HeyItsAmyInFL",
      "body": "It doesn't sound like a modification to me because you aren't changing curriculum, just how and the timeline in which it is taught. Are each one of the days assignments graded or just the final paper? If it's just the final paper or assignment being graded, extended the due date as per the IEP and allow the student to use whatever time they need within that timeframe to get the work done.",
      "created_utc": 1749563254.0,
      "score": 1,
      "permalink": "/r/specialed/comments/1l5rsnd/gen_ed_teacher_here_uncertain_about_extra_time_on/mx0l59r/",
      "is_submitter": false,
      "edited": false,
      "stickied": false
    },
    {
      "id": "mx3fg59",
      "author": "LaurieMcB",
      "body": "I always wrote this accommodation as \u201c_% extra time on assignments, after sped teacher and gen ed teacher collaboration\u201d. That way the gen ed teacher has the opportunity to discuss assignment(s) with sped teacher and determine what assignment)s) need this accommodation. Yes, it takes work but is so beneficial for all parties involved.",
      "created_utc": 1749592370.0,
      "score": 1,
      "permalink": "/r/specialed/comments/1l5rsnd/gen_ed_teacher_here_uncertain_about_extra_time_on/mx3fg59/",
      "is_submitter": false,
      "edited": false,
      "stickied": false
    },
    {
      "id": "mxbf1iz",
      "author": "PrincipalTodd",
      "body": "Admin here. \n\nMost of the accommodations on IEPs are things that would benefit every student in the classroom, but, as OP points out, there are some downsides to some accommodations as well. Does a perfectionist need extra time? Maybe. Is it helpful for them? Possibly not. Depends on the kid. \n\nHow would I deal with a 50% extra time on assignments accommodation? Well, if the assignment was given on Monday -\u2018d due in two days, it\u2019s due in three days. Will the student be behind because they\u2019re not prepared for the class discuss when everyone else has to turn in the assignment? Likely yes\u2026 but you are following the iep. \n\nRegarding your two examples\u2026\n\nI wouldn\u2019t necessarily consider an ungraded reading assignment as something that needs or warrants extra time. If you give a pop quiz when the reading is due, the student could take it the following day. I\u2019d have an alt version available obviously. However, for reading with no grade nor assessment, moot point. \n\nRegarding the paper, if you assign it on Monday and it\u2019s due next Monday, they wouldn\u2019t have to turn it in for a few days more. Don\u2019t look at broken down assignments that are scaffolded. Are you giving a grade each day? If so, they they\u2019d get extra time. If not, then it\u2019s not a problem. \n\nHere\u2019s an idea\u2026 if the student gets extra time on assignments (like the scaffolded essay you mentioned), give the student the assignment ahead of time. Don\u2019t have them do it on the back end; front load it instead. \n\nIt feels sometimes like we are headed to a point where every kid is going to have an IEP or a 504 and the accommodations that go with them. Maybe not in my professional career but eventually. Just a feeling.",
      "created_utc": 1749696864.0,
      "score": 1,
      "permalink": "/r/specialed/comments/1l5rsnd/gen_ed_teacher_here_uncertain_about_extra_time_on/mxbf1iz/",
      "is_submitter": false,
      "edited": false,
      "stickied": false
    },
    {
      "id": "mwkdt29",
      "author": "FlyingPerrito",
      "body": "Look at the kids work or test scores. Go to the Special Ed Teacher and ask. Talk to the parent. Read the IEP.",
      "created_utc": 1749336620.0,
      "score": 1,
      "permalink": "/r/specialed/comments/1l5rsnd/gen_ed_teacher_here_uncertain_about_extra_time_on/mwkdt29/",
      "is_submitter": false,
      "edited": false,
      "stickied": false
    },
    {
      "id": "mwoe9x1",
      "author": "ButtonholePhotophile",
      "body": "We have a process. It\u2019s called an IEP meeting. You can ask for one. Do it by phone with the parent and case manager and an admin. Ask your question of the IEP committee. They can amend the IEP to clarify expectations.\u00a0",
      "created_utc": 1749399349.0,
      "score": 1,
      "permalink": "/r/specialed/comments/1l5rsnd/gen_ed_teacher_here_uncertain_about_extra_time_on/mwoe9x1/",
      "is_submitter": false,
      "edited": false,
      "stickied": false
    },
    {
      "id": "mwj8zil",
      "author": "NYY15TM",
      "body": "The accommodation exists so that if a student fails it isn't their fault as you didn't accommodate them sufficiently.  It's bullshit",
      "created_utc": 1749322842.0,
      "score": -6,
      "permalink": "/r/specialed/comments/1l5rsnd/gen_ed_teacher_here_uncertain_about_extra_time_on/mwj8zil/",
      "is_submitter": false,
      "edited": false,
      "stickied": false
    },
    {
      "id": "mwjhw7a",
      "author": "LRBrenayl",
      "body": "Yep, dude clearly has an issues and/or resentment towards accommodations, sounds like an ableist and questions IDEA/investing in children with disabilities is worth it.",
      "created_utc": 1749325782.0,
      "score": 28,
      "permalink": "/r/specialed/comments/1l5rsnd/gen_ed_teacher_here_uncertain_about_extra_time_on/mwjhw7a/",
      "is_submitter": false,
      "edited": false,
      "stickied": false
    },
    {
      "id": "mwkb1xa",
      "author": "TeachlikeaHawk",
      "body": "C'mon, that's tu quoque posturing. Even if you think I'm a dick, would you say that this question lacks merit? This is a real situation I'm dealing with, and I'm honestly lost as to how to handle it.\n\nThe best way to slap me down would be to prove me wrong. Explain the obvious and simple way to handle this accommodation! Make me look like a dick! I'll be glad if you can, because I really am lost.",
      "created_utc": 1749335625.0,
      "score": -1,
      "permalink": "/r/specialed/comments/1l5rsnd/gen_ed_teacher_here_uncertain_about_extra_time_on/mwkb1xa/",
      "is_submitter": true,
      "edited": false,
      "stickied": false
    },
    {
      "id": "mwk4lhy",
      "author": "TeachlikeaHawk",
      "body": "I could provide an audio version, but that doesn't change anything about the requirement to allow extra time.",
      "created_utc": 1749333326.0,
      "score": 4,
      "permalink": "/r/specialed/comments/1l5rsnd/gen_ed_teacher_here_uncertain_about_extra_time_on/mwk4lhy/",
      "is_submitter": true,
      "edited": false,
      "stickied": false
    },
    {
      "id": "mwjqufj",
      "author": "sarah_bear_crafts",
      "body": "Oh! And if possible, have a meeting with the student(s) in question to go over the expectations.",
      "created_utc": 1749328753.0,
      "score": 4,
      "permalink": "/r/specialed/comments/1l5rsnd/gen_ed_teacher_here_uncertain_about_extra_time_on/mwjqufj/",
      "is_submitter": false,
      "edited": false,
      "stickied": false
    },
    {
      "id": "mwk5x1i",
      "author": "TeachlikeaHawk",
      "body": "I've heard this suggestion before, but when I think about the reality of it, I wonder how it would actually work.\n\nFor instance, this year my junior class covered six text-focused units (which is what the curriculum requires). If I give the student a heads-up about the first (let's say it's *Hamlet*), then the kid can pre-load *Hamlet*. Great! But...the next unit is the poetry of Gwendolyn Brooks. How can I have the kid pre-read that poetry while finishing the work on *Hamlet*? \n\nAnd so on throughout the year.\n\nThis approach sounds great for one particular unit -- assuming that there's a week or two prior to that unit when the class isn't doing anything. How often does that happen? Don't those kids deserve break time to be break time?",
      "created_utc": 1749333784.0,
      "score": 4,
      "permalink": "/r/specialed/comments/1l5rsnd/gen_ed_teacher_here_uncertain_about_extra_time_on/mwk5x1i/",
      "is_submitter": true,
      "edited": false,
      "stickied": false
    },
    {
      "id": "mwk6zkh",
      "author": "TeachlikeaHawk",
      "body": "This is all great. but sadly is not a situation I've seen.\n\nThe accommodation I've seen more and more often in the last five years is: \"extra 25% time for all assignments.\" I'm here asking for help because I know that kids need support, but I'm not Dr. Who and can't simply make more wibbly wobbly stuff whenever I need it.",
      "created_utc": 1749334165.0,
      "score": -1,
      "permalink": "/r/specialed/comments/1l5rsnd/gen_ed_teacher_here_uncertain_about_extra_time_on/mwk6zkh/",
      "is_submitter": true,
      "edited": false,
      "stickied": false
    },
    {
      "id": "mwjt5q6",
      "author": "juleeff",
      "body": "This is what a few of my son's teachers did while he was in HS. It worked out great for him.",
      "created_utc": 1749329503.0,
      "score": 4,
      "permalink": "/r/specialed/comments/1l5rsnd/gen_ed_teacher_here_uncertain_about_extra_time_on/mwjt5q6/",
      "is_submitter": false,
      "edited": false,
      "stickied": false
    },
    {
      "id": "mwj8qjm",
      "author": "NYY15TM",
      "body": "This isn't a practical solution",
      "created_utc": 1749322762.0,
      "score": -1,
      "permalink": "/r/specialed/comments/1l5rsnd/gen_ed_teacher_here_uncertain_about_extra_time_on/mwj8qjm/",
      "is_submitter": false,
      "edited": false,
      "stickied": false
    },
    {
      "id": "mwk5ylk",
      "author": "TeachlikeaHawk",
      "body": "I've heard this suggestion before, but when I think about the reality of it, I wonder how it would actually work.\n\nFor instance, this year my junior class covered six text-focused units (which is what the curriculum requires). If I give the student a heads-up about the first (let's say it's\u00a0*Hamlet*), then the kid can pre-load\u00a0*Hamlet*. Great! But...the next unit is the poetry of Gwendolyn Brooks. How can I have the kid pre-read that poetry while finishing the work on\u00a0*Hamlet*?\n\nAnd so on throughout the year.\n\nThis approach sounds great for one particular unit -- assuming that there's a week or two prior to that unit when the class isn't doing anything. How often does that happen? Don't those kids deserve break time to be break time?",
      "created_utc": 1749333799.0,
      "score": 0,
      "permalink": "/r/specialed/comments/1l5rsnd/gen_ed_teacher_here_uncertain_about_extra_time_on/mwk5ylk/",
      "is_submitter": true,
      "edited": false,
      "stickied": false
    },
    {
      "id": "mwj6568",
      "author": "TeachlikeaHawk",
      "body": "I do ask about the extra time accommodation. I'm here because I've never once gotten an answer that makes any sense.\n\nI'm not sure what you mean by giving the \"...beginning of the next day.\" The student is in classes, right? I can't pretend that allowing a student to work on ELA homework during math class is a choice I can make.",
      "created_utc": 1749321924.0,
      "score": -4,
      "permalink": "/r/specialed/comments/1l5rsnd/gen_ed_teacher_here_uncertain_about_extra_time_on/mwj6568/",
      "is_submitter": true,
      "edited": false,
      "stickied": false
    },
    {
      "id": "mwjnsk5",
      "author": "pickleknits",
      "body": "As the parent of a child who struggles with ELA bc of a learning disability, I\u2019m curious about your example on The Raven:\n\n1. When you say you read it in class, did you read it aloud to the students or have them read it to themselves? *A student who has a slow processing speed bc of adhd or dyslexia may not read the entire text in the same time as their peers so if they\u2019re reading to themselves, those students may fall behind right then. Having access to a copy at home or even an audiobook version could help.*\n\n2. You also mention that on Monday you start some of the discussion. Are notes available for students who struggle with keeping up with note-taking while processing the discussion? *Would you provide a bullet point list of highlights for them to review at home?*\n\n3. I understand the domino effect and it\u2019s something I have thought about with regards to my own child\u2019s struggles and that she does have an extended time accommodation in her IEP. Her ELA teacher says she has built in extra time so no one should need it. My daughter doesn\u2019t procrastinate the way I did and pull it together under the gun of a firm deadline. She freezes. Her brain just *will* **not** process the information. Allowing her to turn in the work later helps with that. She\u2019s wants to be a good student and do her work correctly and timely. She doesn\u2019t take an extra month. But if something is due Friday, being able to turn it in the following Monday can help her do the assignment correctly and show comprehension.",
      "created_utc": 1749327751.0,
      "score": 9,
      "permalink": "/r/specialed/comments/1l5rsnd/gen_ed_teacher_here_uncertain_about_extra_time_on/mwjnsk5/",
      "is_submitter": false,
      "edited": false,
      "stickied": false
    },
    {
      "id": "mwk9350",
      "author": "TeachlikeaHawk",
      "body": "Believe me, I have.\n\nJust last week I wrote an email to the head of the SpEd group at my school that looks very similar to my post here. So far, no response. When I have gotten a response, it's full of nonsensical suggestions like:\n\n* 25% more time means another fifteen minutes (as if I'm an idiot, and this also has nothing to do with homework)\n* Just do your best\n* You could try books on tape (which...huh? I already *do* provide links to audio versions of all texts just as a matter of course, but how does that impact extra time?)\n\nI feel like I don't get real answers because there actually aren't any. Now she sees me as a gadfly, I think, which means that despite having never given me a real answer, she finds it easier to dismiss me because I'm \"always complaining about that.\"",
      "created_utc": 1749334914.0,
      "score": 2,
      "permalink": "/r/specialed/comments/1l5rsnd/gen_ed_teacher_here_uncertain_about_extra_time_on/mwk9350/",
      "is_submitter": true,
      "edited": false,
      "stickied": false
    },
    {
      "id": "mwk9k3h",
      "author": "TeachlikeaHawk",
      "body": "Different states, districts, and schools have their own approaches to IEP & 504 meetings. While \"a classroom teacher\" must be there, no one says it has to be me. In my school, I often won't even hear about the meeting until after it has passed. And yes, I've registered my irritation with that, but so far nothing has changed.\n\nSo, I'm here, hoping that this group of professionals can advise me on how to handle this accommodation in such a way as to support the student, follow the requirement, and achieve a good outcome. If you check the responses, though, you will find no workable solutions have been offered.",
      "created_utc": 1749335083.0,
      "score": 3,
      "permalink": "/r/specialed/comments/1l5rsnd/gen_ed_teacher_here_uncertain_about_extra_time_on/mwk9k3h/",
      "is_submitter": true,
      "edited": false,
      "stickied": false
    },
    {
      "id": "mwkdh9r",
      "author": "TeachlikeaHawk",
      "body": "Yeah, I appreciate you.\n\nAny thoughts on how I can approach this while I'm in it, though? You know (much better than me) how hard it is to get parents to sign off on removing an accommodation, especially one as shiny as this one appears to be.\n\nI figure *maybe* I can campaign at my school to end the practice of adding this accommodation, but I very much doubt that the kids who already have it will lose it. Hell, just Thursday I heard one student saying to another, \"I'm going to get my parents to sign me up for a 504 so that I can get extra time.\" Now, I know that the kid is lost in teen-thinking land, but this shows pretty clearly how the general population of students perceives this accommodation.",
      "created_utc": 1749336503.0,
      "score": 3,
      "permalink": "/r/specialed/comments/1l5rsnd/gen_ed_teacher_here_uncertain_about_extra_time_on/mwkdh9r/",
      "is_submitter": true,
      "edited": false,
      "stickied": false
    },
    {
      "id": "mwkvpxv",
      "author": "climbing_butterfly",
      "body": "How would you accommodate a student with documented slower processing speed? Would they just turn in a test half finished and fail? My processing speed is in the 6th percentile.",
      "created_utc": 1749343248.0,
      "score": -1,
      "permalink": "/r/specialed/comments/1l5rsnd/gen_ed_teacher_here_uncertain_about_extra_time_on/mwkvpxv/",
      "is_submitter": false,
      "edited": false,
      "stickied": false
    },
    {
      "id": "mwk6ah4",
      "author": "TeachlikeaHawk",
      "body": "Ok...\n\nSo how do I handle it?",
      "created_utc": 1749333918.0,
      "score": 3,
      "permalink": "/r/specialed/comments/1l5rsnd/gen_ed_teacher_here_uncertain_about_extra_time_on/mwk6ah4/",
      "is_submitter": true,
      "edited": false,
      "stickied": false
    },
    {
      "id": "mwk7ns1",
      "author": "TeachlikeaHawk",
      "body": "I guess your approach is not a modification, but what I'm dealing with really is, don't you think?",
      "created_utc": 1749334403.0,
      "score": 2,
      "permalink": "/r/specialed/comments/1l5rsnd/gen_ed_teacher_here_uncertain_about_extra_time_on/mwk7ns1/",
      "is_submitter": true,
      "edited": false,
      "stickied": false
    },
    {
      "id": "mwk8d5y",
      "author": "TeachlikeaHawk",
      "body": "Yeah, I think you're right. Sadly, I just have to inform the kid that I won't take points off when things come in late, but not losing points won't change the fact that the kid won't be able to participate in discussions, or help in groups, or other things like that.\n\nI feel like a dick doing things that way, though. I mean, the accommodation has knock-on effects. If I want my class to write a paragraph in response to a particular chapter in *Gatsby* or something, do I move the assignment for the one kid until the day on the altered reading schedule that the kid will have read that chapter? Do I give the kid a different prompt (now we're edging very close to modifications instead of accommodations, and also putting me in a position to develop an entirely new curriculum for one kid)?\n\nIt's a frustrating situation.",
      "created_utc": 1749334655.0,
      "score": 3,
      "permalink": "/r/specialed/comments/1l5rsnd/gen_ed_teacher_here_uncertain_about_extra_time_on/mwk8d5y/",
      "is_submitter": true,
      "edited": false,
      "stickied": false
    },
    {
      "id": "mwjsfr0",
      "author": "Money_Pomegranate_96",
      "body": "But here\u2019s the thing, accommodations aren\u2019t always across the board. They can have extra time in math but no other class because they need due to a specific learning disability in math. Or they can have it in all classes because they process information slower due to another learning disability or issue like dyslexia. State testing gives the extra time accommodation. You can get this accommodation even for the SAT. College classes will give this accommodation. You can even talk to HR at certain jobs and get this accommodation (accommodations given at work have to be reasonable, and what\u2019s considered \u201creasonable\u201d will depend on the type of work you do). Accommodations don\u2019t end after high school and teaching them to manage their disability includes teaching them how to advocate for themselves and get what they need in the real world. Giving them less of a late penalty in lieu of extra time doesn\u2019t set them up for success when they go out into the real world and see that late means late. You can\u2019t be 20% less fired for not meeting deadlines.",
      "created_utc": 1749329269.0,
      "score": 5,
      "permalink": "/r/specialed/comments/1l5rsnd/gen_ed_teacher_here_uncertain_about_extra_time_on/mwjsfr0/",
      "is_submitter": false,
      "edited": false,
      "stickied": false
    },
    {
      "id": "mwkjikb",
      "author": "Squirrel179",
      "body": "Yeah, extra time is a terrible accommodation for ADHD, in particular.",
      "created_utc": 1749338663.0,
      "score": 4,
      "permalink": "/r/specialed/comments/1l5rsnd/gen_ed_teacher_here_uncertain_about_extra_time_on/mwkjikb/",
      "is_submitter": false,
      "edited": false,
      "stickied": false
    },
    {
      "id": "mwkct4f",
      "author": "TeachlikeaHawk",
      "body": "Hmm. Well, that could work *sometimes*. Thing is, I give more than one assignment per week, and often assignments build on each other.\n\nAlso, consider reading assignments: If the reading is due Friday, that's when I'll give the reading quiz. Of course, since Marsha gets 50% extra time, I can't give her the quiz until Tuesday. In the meantime, the rest of the class has started on reading for the next Friday deadline. Do I let Marsha wait to \"start\" the second week's reading until Tuesday (because she won't have finished the first week's reading until then), which then pushes her way, waaay behind everyone else. Or, do I have her start week 2 reading on time, essentially requiring that she double up reading for a few days, thus undermining the entire point of the accommodation?\n\nThis is why I'm here. As far as I can tell, this is a damned if you do, damned if you don't kind of situation.",
      "created_utc": 1749336260.0,
      "score": 1,
      "permalink": "/r/specialed/comments/1l5rsnd/gen_ed_teacher_here_uncertain_about_extra_time_on/mwkct4f/",
      "is_submitter": true,
      "edited": false,
      "stickied": false
    },
    {
      "id": "mwk7gpi",
      "author": "TeachlikeaHawk",
      "body": "Dude, please read the whole post. I am asking for help in figuring out *how* to do it. I'm not asking people to defend its usefulness. By \"wink wink\" I mean it's the kind of thing that we all know isn't happening exactly as written, but we recognize that that's just the way things are.\n\nLike if I'm teaching in a chem lab with tables bolted to the floor, and have five kids with \"front row seating\" when there are only four front row seats. We all just wink and get it, and do our best without actually demanding the accommodation be followed as written. That's just reality, bud.",
      "created_utc": 1749334334.0,
      "score": 6,
      "permalink": "/r/specialed/comments/1l5rsnd/gen_ed_teacher_here_uncertain_about_extra_time_on/mwk7gpi/",
      "is_submitter": true,
      "edited": false,
      "stickied": false
    },
    {
      "id": "mwjom1l",
      "author": "Money_Pomegranate_96",
      "body": "They only fall behind because they don\u2019t have the right level of support from the teachers responsible for accommodating them.",
      "created_utc": 1749328020.0,
      "score": 4,
      "permalink": "/r/specialed/comments/1l5rsnd/gen_ed_teacher_here_uncertain_about_extra_time_on/mwjom1l/",
      "is_submitter": false,
      "edited": false,
      "stickied": false
    },
    {
      "id": "mwj5tyn",
      "author": "TeachlikeaHawk",
      "body": "How do I offer the student the option to work separately? What happens when the class finished that book and we move on to another unit?\n\nGiving a summary is a bad idea, too. One of the skills I'm teaching is the ability to read and decode a text. \n\nBoth of these suggestions are additional to the accommodation, and go well beyond it into the territory of modifications.\n\nThese are awful suggestions.",
      "created_utc": 1749321824.0,
      "score": -8,
      "permalink": "/r/specialed/comments/1l5rsnd/gen_ed_teacher_here_uncertain_about_extra_time_on/mwj5tyn/",
      "is_submitter": true,
      "edited": false,
      "stickied": false
    },
    {
      "id": "mwkagxt",
      "author": "TeachlikeaHawk",
      "body": "50% extra is pretty common on the accommodations docs I've gotten, but your shrug-and-move-on approach isn't great teaching. Do I give Friday's quiz to a kid I know hasn't finished the required reading? Do I start the final project with a student I know hasn't finished the book?\n\nHow do you do those things?",
      "created_utc": 1749335413.0,
      "score": 0,
      "permalink": "/r/specialed/comments/1l5rsnd/gen_ed_teacher_here_uncertain_about_extra_time_on/mwkagxt/",
      "is_submitter": true,
      "edited": false,
      "stickied": false
    },
    {
      "id": "mwp2d4b",
      "author": "TeachlikeaHawk",
      "body": "I mean, c'mon. I can't spend the time necessary to read (for example) *Gatsby*, *Tale of Two Cities*, *IQ84*, *Frankenstein*, the poetry of Gwendolyn Brooks, and *Woman at Point Zero* during class time. I wouldn't be able to teach them how to understand books. I wouldn't have time for group projects. I wouldn't be able to teach the elements of essay writing. I wouldn't have time for enrichment.\n\nIs that really your idea?",
      "created_utc": 1749406598.0,
      "score": 1,
      "permalink": "/r/specialed/comments/1l5rsnd/gen_ed_teacher_here_uncertain_about_extra_time_on/mwp2d4b/",
      "is_submitter": true,
      "edited": false,
      "stickied": false
    },
    {
      "id": "mwrassh",
      "author": "TeachlikeaHawk",
      "body": "This is pretty restrictive, you know? To me, it doesn't seem like good pedagogy to place restrictions on the class as a whole because of one student's accommodation.",
      "created_utc": 1749433174.0,
      "score": 2,
      "permalink": "/r/specialed/comments/1l5rsnd/gen_ed_teacher_here_uncertain_about_extra_time_on/mwrassh/",
      "is_submitter": true,
      "edited": false,
      "stickied": false
    },
    {
      "id": "mwraf59",
      "author": "TeachlikeaHawk",
      "body": "Yeah, that's an alternative accommodation, but is not what I'm dealing with. I mean, I'm not really on board with reducing the assignments anyway (how would I do that with reading a novel?). But even if I were on board, I have to deal with the accommodation I actually have, not the one that would potentially work better.",
      "created_utc": 1749433037.0,
      "score": 2,
      "permalink": "/r/specialed/comments/1l5rsnd/gen_ed_teacher_here_uncertain_about_extra_time_on/mwraf59/",
      "is_submitter": true,
      "edited": false,
      "stickied": false
    },
    {
      "id": "mwwo0gt",
      "author": "TeachlikeaHawk",
      "body": "But, wouldn't that be a modification? After all, one of the standards I'm addressing is the student's ability to read and comprehend a text. Providing summaries modifies that demand.\n\nIn any case, what you're suggesting is a way to change how I teach in the hope that the student won't actually use the accommodation. What I'm asking for is a way to offer the accommodation without upending the student's ability to access the class.\n\nI appreciate that you acknowledge the challenge. My biggest takeaway here is that I'm right for thinking that this accommodation is very poorly thought-out.",
      "created_utc": 1749505212.0,
      "score": 2,
      "permalink": "/r/specialed/comments/1l5rsnd/gen_ed_teacher_here_uncertain_about_extra_time_on/mwwo0gt/",
      "is_submitter": true,
      "edited": false,
      "stickied": false
    },
    {
      "id": "mwkc6u9",
      "author": "TeachlikeaHawk",
      "body": "A couple of things:\n\n1. \"Just do it\" is not useful advice when the question is specific. I'm not asking if I should accommodate. I'm asking how to handle this specific one.\n2. If I give the whole class a certain amount of time, then it isn't extra time anymore. Accommodations are tricky that way. If I as the teacher deem that the \"normal\" time for an assignment is one hour, then a kid with 50% extra gets 90 minutes. If I then just give everyone 90 minutes, then the kid gets 135 minutes. There are some accommodations that can be given to everyone (graphic organizers, chunked assignments, sentence starters, etc), but time is not one of them. By its nature, it *has* to be \"extra.\"\n3. If \"this has been covered before\" what's the answer? You don't think in 20 years I've asked about this, numerous times? If you don't know, just say you don't know. It's not helpful to say that it's been covered when you don't actually have any idea how to handle it.",
      "created_utc": 1749336035.0,
      "score": 1,
      "permalink": "/r/specialed/comments/1l5rsnd/gen_ed_teacher_here_uncertain_about_extra_time_on/mwkc6u9/",
      "is_submitter": true,
      "edited": false,
      "stickied": false
    },
    {
      "id": "mx3afxa",
      "author": "TeachlikeaHawk",
      "body": "If you think about it, a timeline can only be expanded when there's empty time to expand into, right? I don't know how you normally plan classes, but I don't tend to plan in a bunch of empty days when nothing is happening.\n\nSo, ultimately, it turns into a modification. I give the student a different text, or adjust expectations in some other way that removes tasks to allow for more time to focus on the reading.\n\nBut let's take your suggestion and examine it:\n\n* The final assignment is the only one graded, so extend the due date\n\nLet's say we do that. How much time counts as 50%? It's an interesting question, right? If the whole unit comes down to one assignment (let's say the unit is three weeks long), should I give an extra ten days for that assignment? During those ten days, can I give other assignments?\n\nBut, sadly, I don't do that. This is high school. I grade multiple assignments throughout a unit. What makes things tricky (besides reading) is a situation that occurs frequently: Essay projects.\n\nHere's how it works:\n\n* I break the project into multiple steps (let's say five steps)\n* Step one is articulating a response to the prompt. It's usually a relatively short assignment, since I've learned that if a student starts out with a solid idea, the essay will go much more smoothly. I collect that assignment, and go to a lot of trouble to provide meaningful and useful feedback.\n* Step two (generally) involves developing the prompt. The students have to share ideas for what they need to explore to defend their position, what evidence from our current text and/or research will be helpful...stuff like that. Again, I collect the assignment and provide feedback.\n* Step three is an informal outline. Now that the student has a solid idea, has good points, has evidence to offer (all of that reviewed and supported by my comments), the essay is laid out.\n* Step four draft (with peer feedback to follow)\n* Step five final.\n\nNow, let's think about the student who gets 50% more time. \n\nStep one is a single night...let's say Monday night, with the assignment due at the start of the school day - 8am. Tuesday in class I share back their ideas with my comments, setting them up to do step two. But what about Sherry? She gets 50% extra time for step one, so by the time class starts she doesn't have it finished. Should I assign her to start on step two Tuesday night? If I do, she'll have double the workload she should (since she'll still be finishing step one, but also need to start step two), while also being a day behind.\n\nOr, should I delay assigning step two until Wednesday? Of course, then I need to delay assigning steps three, four, and five. That means that by the time we start the next unit, Sherry is a week behind. Does she not do the next unit at all? Here's where we get to modification.\n\nIt's a huge mess, and to my mind it's so obvious that this isn't going to work because the counselor is promising a resource we don't control: time.",
      "created_utc": 1749590849.0,
      "score": 1,
      "permalink": "/r/specialed/comments/1l5rsnd/gen_ed_teacher_here_uncertain_about_extra_time_on/mx3afxa/",
      "is_submitter": true,
      "edited": false,
      "stickied": false
    },
    {
      "id": "mx453kn",
      "author": "TeachlikeaHawk",
      "body": "So much better!\n\nI'm happy to give accommodations pretty much anytime, and to any students who need them. These blanket accommodations are so tough. It's not many students who'll do it, but some will take advantage of an open-ended accommodation like this one.",
      "created_utc": 1749600823.0,
      "score": 1,
      "permalink": "/r/specialed/comments/1l5rsnd/gen_ed_teacher_here_uncertain_about_extra_time_on/mx453kn/",
      "is_submitter": true,
      "edited": false,
      "stickied": false
    },
    {
      "id": "mxcyqir",
      "author": "TeachlikeaHawk",
      "body": "A few things:\n\n1. I do grade each step of the scaffolded essay.\n2. I've been told outright that reading assignments count as assignments.\n3. Frontloading only works if there were no assignments on the days before the assignment. Additionally, I'm asking the kid who struggles the most to do the work before I've explained how to do it. Does that make sense to you?",
      "created_utc": 1749725866.0,
      "score": 1,
      "permalink": "/r/specialed/comments/1l5rsnd/gen_ed_teacher_here_uncertain_about_extra_time_on/mxcyqir/",
      "is_submitter": true,
      "edited": false,
      "stickied": false
    },
    {
      "id": "mwkitg0",
      "author": "TeachlikeaHawk",
      "body": "\"Read the IEP\"? Aren't we here because I'm asking about something I read in the IEP?\n\nI have talked to the SpEd teacher. I have said that outright.\n\nTalking to the parent behind a colleague's back is a shitty thing to do. I'm not going to call up a parents and say \"Perrito put a really bad accommodation in place, Mrs. Johnson. I want to work with you to reach an understanding where you put pressure on Perrito to undo it, or barring that, you give me permission to ignore the IEP as written.\"",
      "created_utc": 1749338412.0,
      "score": 2,
      "permalink": "/r/specialed/comments/1l5rsnd/gen_ed_teacher_here_uncertain_about_extra_time_on/mwkitg0/",
      "is_submitter": true,
      "edited": false,
      "stickied": false
    },
    {
      "id": "mwp2hw3",
      "author": "TeachlikeaHawk",
      "body": "Yes, and in the mean time? How do I handle this accommodation?",
      "created_utc": 1749406637.0,
      "score": 1,
      "permalink": "/r/specialed/comments/1l5rsnd/gen_ed_teacher_here_uncertain_about_extra_time_on/mwp2hw3/",
      "is_submitter": true,
      "edited": false,
      "stickied": false
    },
    {
      "id": "mwkjve1",
      "author": "squeakychipmunk101",
      "body": "Alright I\u2019m going to assume you\u2019re coming in good faith. As a teacher you are part of the students team and are/should be encouraged to speak up when an accommodation isn\u2019t feasible for your class which I get your point. When I am a case manager I give extra time for assessments but not assignments unless they are multiple day and then only up to a day. For ELA I write in audio versions of the book and decreased length/questions on homework and classwork as long as core learning objectives are being met.",
      "created_utc": 1749338793.0,
      "score": 13,
      "permalink": "/r/specialed/comments/1l5rsnd/gen_ed_teacher_here_uncertain_about_extra_time_on/mwkjve1/",
      "is_submitter": false,
      "edited": false,
      "stickied": false
    },
    {
      "id": "mwqxf3v",
      "author": "DaksTheDaddyNow",
      "body": "The question does not lack merit. It's a poorly worded accommodation. Extra time on assignments should not be a blanket thing. Imo shortened assignments (up to 50%) is a much more viable option. Which would still be tricky with struggling readers. It's a decent accommodation for students with attention issues but not for learning disabilities.",
      "created_utc": 1749428319.0,
      "score": 5,
      "permalink": "/r/specialed/comments/1l5rsnd/gen_ed_teacher_here_uncertain_about_extra_time_on/mwqxf3v/",
      "is_submitter": false,
      "edited": false,
      "stickied": false
    },
    {
      "id": "mwkd77b",
      "author": "MonstersMamaX2",
      "body": "For reading they often need extra time because they read slow. Allowing audio access eliminates that hurdle.",
      "created_utc": 1749336401.0,
      "score": 8,
      "permalink": "/r/specialed/comments/1l5rsnd/gen_ed_teacher_here_uncertain_about_extra_time_on/mwkd77b/",
      "is_submitter": false,
      "edited": false,
      "stickied": false
    },
    {
      "id": "mwkyrnc",
      "author": "Express-Macaroon8695",
      "body": "Yet you\u2019re fine with saying you\u2019ll just not provide it wink wink?  Do you want a solution or no?  This is a great one. next time speak up in the iep and suggest a caveat to the extended time \u201cunless an audio version is provided of the text\u201d",
      "created_utc": 1749344448.0,
      "score": 7,
      "permalink": "/r/specialed/comments/1l5rsnd/gen_ed_teacher_here_uncertain_about_extra_time_on/mwkyrnc/",
      "is_submitter": false,
      "edited": false,
      "stickied": false
    },
    {
      "id": "mwp6pld",
      "author": "Top_Roll_6136",
      "body": "Let them know over the summer the reading load. Some may dive in others, may not. Get over it.",
      "created_utc": 1749407892.0,
      "score": -1,
      "permalink": "/r/specialed/comments/1l5rsnd/gen_ed_teacher_here_uncertain_about_extra_time_on/mwp6pld/",
      "is_submitter": false,
      "edited": false,
      "stickied": false
    },
    {
      "id": "mwj9r7z",
      "author": "quegrawks",
      "body": "Oh course it is. That's what unit planning is all about.",
      "created_utc": 1749323094.0,
      "score": 7,
      "permalink": "/r/specialed/comments/1l5rsnd/gen_ed_teacher_here_uncertain_about_extra_time_on/mwj9r7z/",
      "is_submitter": false,
      "edited": false,
      "stickied": false
    },
    {
      "id": "mwllzf1",
      "author": "quegrawks",
      "body": "You never know if you don't try it.",
      "created_utc": 1749353849.0,
      "score": 8,
      "permalink": "/r/specialed/comments/1l5rsnd/gen_ed_teacher_here_uncertain_about_extra_time_on/mwllzf1/",
      "is_submitter": false,
      "edited": false,
      "stickied": false
    },
    {
      "id": "mwygu2d",
      "author": "anonteacherchicken",
      "body": "The student preloads Gwendolyn Brooks on the last day of Hamlet after the summative. You\u2019re not giving Hamlet homework after the Hamlet unit is over, so there\u2019s nothing to finish.",
      "created_utc": 1749527155.0,
      "score": 2,
      "permalink": "/r/specialed/comments/1l5rsnd/gen_ed_teacher_here_uncertain_about_extra_time_on/mwygu2d/",
      "is_submitter": false,
      "edited": false,
      "stickied": false
    },
    {
      "id": "mwj6x0a",
      "author": "demonita",
      "body": "No as homework. It\u2019s not your responsibility to police the other classes, they should be making them do their content work. The expectation is that the kid completes their work with appropriate accommodations, that does not mean they take away from their other classes. Think of it like a kid with dyslexia and most of the lesson is independent reading of a grade level text with comprehension questions. They will read more carefully and need more time to interact with the text so they\u2019d be given the opportunity to take it home, when others had to complete it during class time. \n\nThe case manager can either explain or amend their pages, don\u2019t be afraid to hold them responsible for interpreting their own work. I don\u2019t like catch all accommodations, and if you had one of my students you\u2019d notice their accommodation page dwindles down when I take over. It is very rare that I give extended time and I never do it with a percentage. That\u2019s weird.",
      "created_utc": 1749322173.0,
      "score": 8,
      "permalink": "/r/specialed/comments/1l5rsnd/gen_ed_teacher_here_uncertain_about_extra_time_on/mwj6x0a/",
      "is_submitter": false,
      "edited": false,
      "stickied": false
    },
    {
      "id": "mwjvutn",
      "author": "rollforlit",
      "body": "Hi! I\u2019d be happy to talk about this with you. For reference, I\u2019m a general ed teacher with inclusion students.\n\n1) When we read a new text in class, I give each of my students a paper copy of the text as they come in the door. This copy of the text will have questions for students to answer during class as well as notes students might need to be successful and definitions of challenging words. For their warmup I ask them to preview the text and make note of any words they don\u2019t know the meaning of, although I let them know it\u2019s okay if they don\u2019t finish- this task is half so everyone sits down quietly and I can take attendance.\n\nThen I will read the text out loud, pausing for questions. As we do this, I direct them to take notes and ask some open ended questions to generate thought. I then will release them to an activity that can be completed solo or with a partner. This lets me time to check in with struggling kids and lets the ones who are ahead extend their understanding.\n\nI usually will post a link to canvas of someone (or me!) reading the stories or poems that we read in class, especially if it is longer.\n\n2) Yes, I provide notes to students. This includes things like definitions of words that I expect to trip students up, as well as an explanation of references. Using the example of the Raven, I explained who \u201cPallas\u201d and \u201cPluto\u201d are in notes so students might be able to figure out why Poe might refer to the goddess of knowledge or the god of death in the poem.\n\n3) I hear you- I am not at all anti students taking extra time when they need it. My worry is just trying to make sure kids who get extra time have all of the pieces of content they need to be successful. Flexibility is good for some but most benefit from rigidity. I will let pretty much any student take home an unfinished task for homework (even if they had a surplus of time to do it in class). It\u2019s very rare that I get completed work back when students did not do it in class with me.",
      "created_utc": 1749330377.0,
      "score": 8,
      "permalink": "/r/specialed/comments/1l5rsnd/gen_ed_teacher_here_uncertain_about_extra_time_on/mwjvutn/",
      "is_submitter": false,
      "edited": false,
      "stickied": false
    },
    {
      "id": "mwk4yy0",
      "author": "TeachlikeaHawk",
      "body": "Some of your questions hint at approaches that exacerbate the problems that extra is meant to alleviate. Giving a kid a copy to read at home, providing notes for the kid to study at home, etc. Both of those require the student in question is doing ***more*** homework in the same time frame, not using more time to do the same amount of work.\n\nI'm not sure that increasing the workload is the goal.",
      "created_utc": 1749333456.0,
      "score": 5,
      "permalink": "/r/specialed/comments/1l5rsnd/gen_ed_teacher_here_uncertain_about_extra_time_on/mwk4yy0/",
      "is_submitter": true,
      "edited": false,
      "stickied": false
    },
    {
      "id": "mwkaaj8",
      "author": "PUZZLEPlECER",
      "body": "Do you give your students a syllabus that tells them ahead of time what to do? Or at least a syllabus for each week or each novel? I think that covers your bases. You aren\u2019t just on Monday saying \u201cread 15 pages by Tuesday\u201d. It\u2019s more about giving them time to plan and prioritize homework. I agree with you though, I don\u2019t like the way it\u2019s worded and I think there are better SDIs, like maybe having the teacher help them plan their assignment timelines to finish small tasks each day/night. I think giving the audio is a great thing as well. The assignment may be to read, but if that student can\u2019t, they can at least listen to the audio.",
      "created_utc": 1749335349.0,
      "score": 5,
      "permalink": "/r/specialed/comments/1l5rsnd/gen_ed_teacher_here_uncertain_about_extra_time_on/mwkaaj8/",
      "is_submitter": false,
      "edited": false,
      "stickied": false
    },
    {
      "id": "mwkeijv",
      "author": "Chris_Golz",
      "body": "I would bring up exactly what you mentioned in your earlier post. It\u2019s important for the student and the parent to understand that by getting extra time and often leads to them falling further and further behind. What happens when the semester ends and the student has to take a final? Do they still get extra time to finish the study guide and then take the final days or weeks after the semester ends? It gets to be totally ridiculous. Kids will be completing homework and labs from chapter 5 while the rest of the class is taking the test on chapter 6. So what are you going to do postpone the test as well you can\u2019t just keep pushing everything back a little because eventually the semester ends and grades are due. Then I would ask the case manager or special education teacher, how exactly the accommodation is supposed to work.",
      "created_utc": 1749336872.0,
      "score": 3,
      "permalink": "/r/specialed/comments/1l5rsnd/gen_ed_teacher_here_uncertain_about_extra_time_on/mwkeijv/",
      "is_submitter": false,
      "edited": false,
      "stickied": false
    },
    {
      "id": "mwppp8t",
      "author": "Weird_Inevitable8427",
      "body": "Yup. Been there... on both sides. Unfortunately, not having that \"knock\" with the grades can remove the adrenalin, which sadly really helps the ADHD symptoms. It can work the other way with some disabilities - like dyslexia. Sometimes deadlines can make it much harder for them to read. \n\nYou can talk to the kid about it. Let him know what's going on and why. That would be huge. Like, look - I'm not going to take off points because of your IEP, but I'm worried that you're just going to be behind at this point and that everything will get harder. What do you need to do in order to prevent that from happening, and do you need support to make it happen?\" \n\nAnd yes - absolutely you do not modify the future assignments. Now the poor kid has to play catch up... which a lot of them can do - the adrenalin response again. (yes, it's more complicated than that but it's a decent short-hand description.) Some IEP kids have a special study hall with their sped teacher, who can help them play catch up. \n\nBest case scenario, contact the parents and let them know that the child is behind now, and that classes just aren't going to be interesting if he can't join in on the discussion, and that this is one class where being a day behind consistently is going to rob him of part of the value of your class. \n\nYou're a bit hampered by the law here, but you're doing the best you can. \n\nMaybe it helps to hear that it's not just you? That a lot of these IEP accommodations are complete horse-hockey? We're all just trying our best here. And a teacher who actually \\*wants\\* to be helpful towards the IEP kids? That's gold.",
      "created_utc": 1749413715.0,
      "score": 2,
      "permalink": "/r/specialed/comments/1l5rsnd/gen_ed_teacher_here_uncertain_about_extra_time_on/mwppp8t/",
      "is_submitter": false,
      "edited": false,
      "stickied": false
    },
    {
      "id": "mwjvnnh",
      "author": "Weird_Inevitable8427",
      "body": "The OP asked how to manage these requests for extended time for assignments. She didn't ask, and doesn't have control, over whether they exist. I gave her a few examples of ways she might work with it. \n\nIf you'd like to give your opinion, you can comment on your own. That's how online forums work. \n\nI'm an expert in this field. I've both as a special education teacher and I'm a former student. I like helping other people with that expertise. It makes me happy to do so. I don't get what your motivation here. You might look at that.",
      "created_utc": 1749330311.0,
      "score": 3,
      "permalink": "/r/specialed/comments/1l5rsnd/gen_ed_teacher_here_uncertain_about_extra_time_on/mwjvnnh/",
      "is_submitter": false,
      "edited": false,
      "stickied": false
    },
    {
      "id": "mwkdxww",
      "author": "Lilsammywinchester13",
      "body": "The point is to give them help so they can succeed \n\n- Get the book printed in dyslexia text \n- let student use audio book version \n- have \u201cfill in the blank\u201d notes they can fill out as they read \n- open note tests\n- shorten the amount of words for essay \n- have starting sentences for the first sentence of each paragraph for essay \n\nThere\u2019s lots of little things you can do to make it easier for the student, but end of the day it\u2019s up to them to do the work\n\nJust try to accommodate, document what they do, and if they don\u2019t do it, communicate with the sped teacher \n\nIf you do that PLUS the Friday due date and extra time on weekends, that\u2019s plenty for most students",
      "created_utc": 1749336668.0,
      "score": 2,
      "permalink": "/r/specialed/comments/1l5rsnd/gen_ed_teacher_here_uncertain_about_extra_time_on/mwkdxww/",
      "is_submitter": false,
      "edited": false,
      "stickied": false
    },
    {
      "id": "mwkclu5",
      "author": "Money_Pomegranate_96",
      "body": "Thank you for clarifying. I just replied to a question you asked in response to a reply I had made. Feel free to reach out if you have more questions.",
      "created_utc": 1749336186.0,
      "score": 1,
      "permalink": "/r/specialed/comments/1l5rsnd/gen_ed_teacher_here_uncertain_about_extra_time_on/mwkclu5/",
      "is_submitter": false,
      "edited": false,
      "stickied": false
    },
    {
      "id": "mwjrteo",
      "author": "galgsg",
      "body": "And what supports are teachers supposed to be giving them? Often time that specific accommodation is seen with signing off on the agenda book (so the parents can see what/when is due), graphic organizers/reference sheets, formal and informal check ins, as well as chunking. \n\nWhat else are teachers supposed to do? Move in with the kid and raise them for the parents? At what point do you believe the parents need to step up and actually parent?",
      "created_utc": 1749329067.0,
      "score": 4,
      "permalink": "/r/specialed/comments/1l5rsnd/gen_ed_teacher_here_uncertain_about_extra_time_on/mwjrteo/",
      "is_submitter": false,
      "edited": false,
      "stickied": false
    },
    {
      "id": "mwjeqzm",
      "author": "illbringthepopcorn",
      "body": "I\u2019m not sure you truly want an answer if you call these suggestions awful. As a teacher and a parent of a student with this accommodation, I see it as highly effective for those that have slower processing time.  It all depends on what you actually prioritize as important for the student:\nComprehension or completion.",
      "created_utc": 1749324742.0,
      "score": 13,
      "permalink": "/r/specialed/comments/1l5rsnd/gen_ed_teacher_here_uncertain_about_extra_time_on/mwjeqzm/",
      "is_submitter": false,
      "edited": false,
      "stickied": false
    },
    {
      "id": "mwjedr0",
      "author": "ipsofactoshithead",
      "body": "You\u2019re teaching decoding at a high school level? For reading instead of extra time they should really have read aloud. This way they can stay on pace with their peers and be able to do the work without having to worry about decoding the text.",
      "created_utc": 1749324621.0,
      "score": 3,
      "permalink": "/r/specialed/comments/1l5rsnd/gen_ed_teacher_here_uncertain_about_extra_time_on/mwjedr0/",
      "is_submitter": false,
      "edited": false,
      "stickied": false
    },
    {
      "id": "mwkh45l",
      "author": "Jeimuz",
      "body": "Not \"great teaching,\" huh? How do you get anything done with all your indecisiveness? Do you lay awake at night waiting for a notification that a student has turned in an assignment? Should I not teach my students 8th Grade math because the metrics show that they perform at a 2nd Grade level?\n\nNews Flash: No matter what you do, there are always students who fall through the cracks. Some of them are actively seeking to do so, IEP or not. Get it through your head \"teachlikeahawk,\" human teachers work within their sphere of influence.",
      "created_utc": 1749337804.0,
      "score": 6,
      "permalink": "/r/specialed/comments/1l5rsnd/gen_ed_teacher_here_uncertain_about_extra_time_on/mwkh45l/",
      "is_submitter": false,
      "edited": false,
      "stickied": false
    },
    {
      "id": "mws1c2r",
      "author": "No-Welder1695",
      "body": "What is the definition of pedagogy to you? Because you have used this educational buzzword to try to combat ways to effectively use this accommodation and I do not believe we have the same definition.",
      "created_utc": 1749443920.0,
      "score": 2,
      "permalink": "/r/specialed/comments/1l5rsnd/gen_ed_teacher_here_uncertain_about_extra_time_on/mws1c2r/",
      "is_submitter": false,
      "edited": false,
      "stickied": false
    },
    {
      "id": "mxdizi0",
      "author": "PrincipalTodd",
      "body": "To respond, yes, in situations, it could make sense to me. \n\nYou seem to be taking a line from the accommodations page of an IEP and cementing it in stone as you apply it to every part of your classroom. Working with humans doesn\u2019t flow down that stream. \n\n1) maybe don\u2019t grade each step of the scaffolding for this student\n2) I doubt you can grade whether or not a student read 25 pages without having an assessment\u2026 and if that\u2019s the case, give them the assessment way down the road. \n3) front loading can work for some, most, or even all of your assignments. Just because they have this accommodation doesn\u2019t mean they struggle the most - again, you are cementing this accommodation into your practice and teaching / education / working with humans doesn\u2019t mesh with such a strict application of a student\u2019s iep. \n\nI don\u2019t know\u2026 I\u2019ve read some of your past Reddit posts from your profile history and there seems to be a bigger issue here than Johnny\u2019s accommodation of extra time on an assignment\u2026 issues that I\u2019m not going to be able to assist with. Best of luck.",
      "created_utc": 1749733913.0,
      "score": 1,
      "permalink": "/r/specialed/comments/1l5rsnd/gen_ed_teacher_here_uncertain_about_extra_time_on/mxdizi0/",
      "is_submitter": false,
      "edited": false,
      "stickied": false
    },
    {
      "id": "mwllsvi",
      "author": "FlyingPerrito",
      "body": "Instead of getting frustrated and argumentative because you have to deal with a Special Ed kid, turn it down a notch because I was a gen ed teacher. Then I went to  teaching Severe Autism with behaviors, ED, ADHD, and so on. Push in, pull out, self-contained or whatever. Now I have a little Autistic kid. Now I have to deal with General Education Teachers who treat my kid like crap because \u201che\u2019s a distraction when he stands up\u201d or \u201cI had to remind him 3 times\u201d. Or getting texts through the Remind Parent App all day that he didn\u2019t put his crayons in his box fast enough, or his writing is shitty, or he can\u2019t color in the lines. I was in meetings with all of his teachers trying to figure out what was going on and one else had a bad thing to say, just the Gen Ed Teacher. So I have to send my kid to school knowing every single side of the equation.",
      "created_utc": 1749353769.0,
      "score": 2,
      "permalink": "/r/specialed/comments/1l5rsnd/gen_ed_teacher_here_uncertain_about_extra_time_on/mwllsvi/",
      "is_submitter": false,
      "edited": false,
      "stickied": false
    },
    {
      "id": "mwpzz0q",
      "author": "ButtonholePhotophile",
      "body": "Meetings are to occur within ten days after being call by any eligible team member. If you teach them, then you are such a member!\n\nIn the mean time? If it\u2019s written without limits or qualifications then allow it without limits or qualifications- also, take some data about it!",
      "created_utc": 1749416911.0,
      "score": 2,
      "permalink": "/r/specialed/comments/1l5rsnd/gen_ed_teacher_here_uncertain_about_extra_time_on/mwpzz0q/",
      "is_submitter": false,
      "edited": false,
      "stickied": false
    },
    {
      "id": "mwkkwna",
      "author": "TeachlikeaHawk",
      "body": "I'm really glad you do this, but bear with me for a tough fact that I'm dealing with: The actual, real-life accommodation (I'm looking at the IEP right now) reads: \"50% extra time for assignments.\"\n\nSo, it should be clear that I agree with you on how awful this is. But...so what, right? I'm sure if a teacher walked into your office and said, \"I think this accommodation you put in place and the parents signed off on is stupid, so I'm just not going to do it,\" you wouldn't just accept that, right?\n\nMy SpEd dept thinks this accommodation is a good idea. So much so that this year I had a dozen students with some version of it (25%, maybe, or 10%, or just \"extra time\"). \n\nI'm in a position where I **must** follow it. It's law. It's stupid and awful and everything else, but here we are. I would love to be invited to the IEP meetings, but I'm not. Amenable teachers are. Those who won't have any objections to whatever accommodations get suggested. By the time I'm told what the accommodations are, it's too late to change them. The SpEd dept tells me, \"I'll make a note of your concerns for the next IEP meeting **next year**.\"\n\nGreat. Thanks.\n\nSo, yeah, I'm salty. I think you would be, too. Believe it or not, I really, really want to see my students succeed. I think about this stuff in the shower because I'm trying to figure out how to approach it in a way that benefits the kid. This is the situation I have to deal with, for good or ill.\n\nI'm looking for ways to make it work.",
      "created_utc": 1749339171.0,
      "score": -2,
      "permalink": "/r/specialed/comments/1l5rsnd/gen_ed_teacher_here_uncertain_about_extra_time_on/mwkkwna/",
      "is_submitter": true,
      "edited": false,
      "stickied": false
    },
    {
      "id": "mwkdvfd",
      "author": "TeachlikeaHawk",
      "body": "The thing is, that *might* be true. Unfortunately, if a kid just doesn't want to do it, or enjoys the extra time, or still needs the extra time, I have to provide it.\n\nSo what do I do when the kid comes in and says, \"I'm not done with the reading, and I get until tomorrow, right?\" I have to allow it. I certainly can't even appear frustrated or reluctant. So, I need a logistical approach to the possibility that this will happen every time. I don't like just hoping that things will be fine. That runs counter to how most teachers I know do things anyway. We're planners, you know?",
      "created_utc": 1749336643.0,
      "score": 6,
      "permalink": "/r/specialed/comments/1l5rsnd/gen_ed_teacher_here_uncertain_about_extra_time_on/mwkdvfd/",
      "is_submitter": true,
      "edited": false,
      "stickied": false
    },
    {
      "id": "mwlaypg",
      "author": "TeachlikeaHawk",
      "body": "If I were fine with it, would I be here asking for suggestions?",
      "created_utc": 1749349239.0,
      "score": 4,
      "permalink": "/r/specialed/comments/1l5rsnd/gen_ed_teacher_here_uncertain_about_extra_time_on/mwlaypg/",
      "is_submitter": true,
      "edited": false,
      "stickied": false
    },
    {
      "id": "mwpee5d",
      "author": "TeachlikeaHawk",
      "body": "That isn't what the accommodation requires. Besides, students deserve a summer break. Requiring that students spend the summer doing work for the school year (and without teacher support) is just bad pedagogy.",
      "created_utc": 1749410212.0,
      "score": 5,
      "permalink": "/r/specialed/comments/1l5rsnd/gen_ed_teacher_here_uncertain_about_extra_time_on/mwpee5d/",
      "is_submitter": true,
      "edited": false,
      "stickied": false
    },
    {
      "id": "mwjo3h4",
      "author": "pickleknits",
      "body": "But those students are still completing the work already given so how are they getting extra time from having it sooner?",
      "created_utc": 1749327851.0,
      "score": 3,
      "permalink": "/r/specialed/comments/1l5rsnd/gen_ed_teacher_here_uncertain_about_extra_time_on/mwjo3h4/",
      "is_submitter": false,
      "edited": false,
      "stickied": false
    },
    {
      "id": "mwnh5gy",
      "author": "TeachlikeaHawk",
      "body": "What moronic claptrap.",
      "created_utc": 1749388615.0,
      "score": -2,
      "permalink": "/r/specialed/comments/1l5rsnd/gen_ed_teacher_here_uncertain_about_extra_time_on/mwnh5gy/",
      "is_submitter": true,
      "edited": false,
      "stickied": false
    },
    {
      "id": "mx3aprm",
      "author": "TeachlikeaHawk",
      "body": "One day? Your solution is a single day?",
      "created_utc": 1749590931.0,
      "score": 1,
      "permalink": "/r/specialed/comments/1l5rsnd/gen_ed_teacher_here_uncertain_about_extra_time_on/mx3aprm/",
      "is_submitter": true,
      "edited": false,
      "stickied": false
    },
    {
      "id": "mwjckts",
      "author": "ipsofactoshithead",
      "body": "Extended time is a normal accommodation that is good for kids with certain disabilities. Not writing it in isn\u2019t good for these kids. Also, the % is to make it more accountable for the student. The student can\u2019t say \u201cI have extra time so I\u2019m going to turn it in a month from now\u201d because they have a % of time they can use.",
      "created_utc": 1749324022.0,
      "score": 13,
      "permalink": "/r/specialed/comments/1l5rsnd/gen_ed_teacher_here_uncertain_about_extra_time_on/mwjckts/",
      "is_submitter": false,
      "edited": false,
      "stickied": false
    }
  ],
  "relevance": {
    "score": 10,
    "user_type": "parent",
    "pain_points": [
      "i'm looking for ways to make it work",
      "my child has adhd and just received an iep due to executive function challenges",
      "however the pace of the class also makes giving extra time a challenge like you mentioned",
      "just make sure your looping in the case manager and parent so they all understand the challenge and the things you are providing to assist",
      "i appreciate that you acknowledge the challenge",
      "instead of getting frustrated and argumentative because you have to deal with a special ed kid, turn it down a notch because i was a gen ed teacher",
      "i certainly can't even appear frustrated or reluctant",
      "students that use this accommodation usually fall behind their classmates or assignments start to pile up and they feel overwhelmed"
    ],
    "keywords_found": [
      "autism",
      "504",
      "learning differences"
    ],
    "sentiment_score": 1.0,
    "age_relevance": false,
    "urgency_level": "medium",
    "competitive_mentions": [],
    "timestamp": "2025-06-12T14:44:33.235330"
  }
}