{
  "subreddit": "speechtherapy",
  "post": {
    "id": "1hcebik",
    "title": "Speech delay TK",
    "author": "Secure_Tank1634",
    "created_utc": 1733982048.0,
    "score": 3,
    "num_comments": 4,
    "url": "https://www.reddit.com/r/SpeechTherapy/comments/1hcebik/speech_delay_tk/",
    "selftext": " I need advise. \n\nAnyone has or had a young child with a speech delay in the public school system? My TK went from a small daycare of 12 kids for 2 adults to a 23 kid class and 2 adults and we are struggling. I am getting reports of behavior he has never done and honestly he doesn\u2019t understand why these behaviors are \u201cbad.\u201d I understand that kids share bad habits and we expected this but this is odd he\u2019s regressing in some activities such as bathroom habits. We just got his IEP and he just got his first speech therapy lesson but I feel so helpless. \n\nWe are considering private school or just overall other options. I\u2019m at a lost today he told me his friends laughed at him and it\u2019s breaking my heart. Any advise would be appreciated \ud83d\ude14"
  },
  "comments": [
    {
      "id": "m27mw14",
      "author": "DazzlingDebate3291",
      "body": "hi!!! i\u2019m a qualified speech and language therapist and i\u2019m currently doing a masters degree in neuroscience. \n\nfirstly, please know that it is really common to for children with speech delay to have behavioural concerns too! you are defo not the only parent to have gone through this and it is totally normal to be worried but please know you aren\u2019t alone.\n\nhow old is your child? i\u2019m from the UK so not sure what TK means but assuming he\u2019s pretty young if he\u2019s just began school.\n\nit is also very natural for children with speech delays to struggle with these big transitions- he\u2019s gone from a class of 12 children and likely a lot of hands on support from teachers to a bigger class with (i assume) less individual support.\n\nIt\u2019s hard to advise as i obviously don\u2019t have all the necessary info but if you haven\u2019t spoken to his speech and language therapist about this, do that ASAP!! i assume as he has an education plan he is also receiving additional support from the school to help him cope with the transition? if not, definitely worth setting up a meeting with the schools SENCO department, your child\u2019s SLT, and yourselves and discussing the concerns you have about your child and how the school can best support him. This will make sure everyone is on the same page and the school aren\u2019t accidentally undoing any work that has been done in speech therapy/ at home.\n\nAdditionally, i know in the UK a lot of schools having teaching assistants that provide 1-1 support to pupils who require more input- might be worth seeing if this is an option in your area? \n\nit\u2019s hard to help without any background info but please talk to your speech and language therapist- this is not going to be the first time they\u2019ve seen this happen and they will be the most qualified person to help you and your child. these things take time \ud83d\ude0a! xx",
      "created_utc": 1734290767.0,
      "score": 2,
      "permalink": "/r/SpeechTherapy/comments/1hcebik/speech_delay_tk/m27mw14/",
      "is_submitter": false,
      "edited": false,
      "stickied": false
    },
    {
      "id": "m20vpqq",
      "author": "IEP_Review",
      "body": "Positive environment is important in younger years until they develop wisdom to discern good from bad and make choices.",
      "created_utc": 1734189202.0,
      "score": 2,
      "permalink": "/r/SpeechTherapy/comments/1hcebik/speech_delay_tk/m20vpqq/",
      "is_submitter": false,
      "edited": false,
      "stickied": false
    },
    {
      "id": "m5hha54",
      "author": "Elegant-Neat-833",
      "body": "Dear Parents,\n\nI'm a design student working on a project focused on addressing the challenges faced by children with speech and language delays. Through this project, I aim to enhance the effectiveness of therapy, support parents with assistive tech, and make the process enjoyable for children as well.\n\nThis survey aims to gather your experiences and thoughts to help enhance the effectiveness of therapy, support parents with assistive tech, and make the process enjoyable for children as well. Rest assured, your responses will be kept confidential and used solely for research purposes.\n\n[https://docs.google.com/forms/d/e/1FAIpQLSclZi5giyEOkqwvfWyf223Vl\\_ZL\\_r9\\_zR5ksiE0ti5YpkzMIw/viewform?usp=header](https://docs.google.com/forms/d/e/1FAIpQLSclZi5giyEOkqwvfWyf223Vl_ZL_r9_zR5ksiE0ti5YpkzMIw/viewform?usp=header)\n\nThank you\ud83d\ude0a",
      "created_utc": 1736059106.0,
      "score": 1,
      "permalink": "/r/SpeechTherapy/comments/1hcebik/speech_delay_tk/m5hha54/",
      "is_submitter": false,
      "edited": false,
      "stickied": false
    },
    {
      "id": "mgu3mek",
      "author": "QWERTY10099KR",
      "body": "I had a speech impairment for years throughout most of my life and eating the wrong foods and being around loud music didnt help. \nIt became severe just before hospital admission for apparent Schiziophrenia over 10 years ago.\nThrough all of the stress and excuses people made to try and traumstise me worse making it worse, in apparently trying to help me get over this speech issue, hanging off my life like a shadow everyday, permanently attached to my back (I experienced this morbid treatment for nearly 20 years everyday and passively ongoing. Parrallel to a domestic\nusing this speech issue to advocate and better thier own lives)\n(Heads up kids and anybody that has lived with a speech impairment and a distant devil hanging off thier shoulder everyday of thier lives and making a success out of this unfortunate misery, segregating thierselves as the years go by).\n\nIt was within several years ago I suffered with a gum infection/abcess swelling. With dental numbing treatment and medication for swelling and infections, \nit progressively helped and contemporarily treated my speech impairment fluency against several years of everyday Wasp/characterised harrassment by the defence of speech impediment/language segregated trolls. \nIve still had a couple of issues throughout the years in present, if I get an acute infection from anxiety or eating unhealthy meals. With Dental medications I am making progress. \nIts impossible to get a prescription without going through a dentist examination. \nPrescription doses are also available for children as well? For children its very important because ive lived this life thouroughly.",
      "created_utc": 1741518441.0,
      "score": 1,
      "permalink": "/r/SpeechTherapy/comments/1hcebik/speech_delay_tk/mgu3mek/",
      "is_submitter": false,
      "edited": 1741548672.0,
      "stickied": false
    }
  ],
  "relevance": {
    "score": 10,
    "user_type": "therapist",
    "pain_points": [
      "dear parents,\n\ni'm a design student working on a project focused on addressing the challenges faced by children with speech and language delays"
    ],
    "keywords_found": [
      "speech therapy",
      "transition"
    ],
    "sentiment_score": 0.9943,
    "age_relevance": true,
    "urgency_level": "high",
    "competitive_mentions": [],
    "timestamp": "2025-06-12T15:00:17.829366"
  }
}