{
  "subreddit": "preschool",
  "post": {
    "id": "1l84hhs",
    "title": "Pre-K Mandatory Nap Time?",
    "author": "inetsed",
    "created_utc": 1749575869.0,
    "score": 5,
    "num_comments": 41,
    "url": "https://www.reddit.com/r/preschool/comments/1l84hhs/prek_mandatory_nap_time/",
    "selftext": "Hi all! I've got a 4 and 2.5 year old, and we've had an in-home nanny since my oldest was 6 months (the same nanny for the past 2.5 years, though). I'm planning to enroll my oldest into pre-k soon, and toured one this morning that - online, at least - checked all of our boxes and had amazing reviews. In person, it just wasn't right.   \n\n\n\nOne thing I'm held up on that seems abnormal to me and I'd love a pulse check on is that I was told the 4 & 5 year old classes had mandatory nap time each day, which lasts 2.5 hours (11:30am-2pm). You can't pick up your child during this time (short of an emergency in which you have to message or call them in advance, you can't just show up) to have a half day, they can't have another activity during this time (I was told they could have a popper or silent fidget toy), but 2.5 hours seems EXCESSIVE to me.   \n\n\n\nMy oldest has been done with naps since a few months after he turned 3. Maybe once every 6-8 weeks he'll be okay with a little snooze, but even that's not a guarantee. I could understand 30 minutes of \"quiet time\" activities, and letting those who need a nap have a longer time, but the way this was explained just isn't lining up for me. The director (who gave us the tour which was not what I expected in terms of a tour anyhow) told me it was a state mandated requirement. We're in TN.   \n\n\n\nIs this normal/standard? Is it actually a state requirement?? I can't find anything online to verify either direction, and this is our first foray since we were in pre-k ourselves so not a lot to compare against. "
  },
  "comments": [
    {
      "id": "mx1yi59",
      "author": "HookerInAYellowDress",
      "body": "Our state mandates that children not enrolled in K or older must have at least one full hour of rest. \n\nOur daycare only does one hour but I know several centers do two full hours. This is when teachers take breaks.",
      "created_utc": 1749577290.0,
      "score": 21,
      "permalink": "/r/preschool/comments/1l84hhs/prek_mandatory_nap_time/mx1yi59/",
      "is_submitter": false,
      "edited": false,
      "stickied": false
    },
    {
      "id": "mx27hxb",
      "author": "Winterfaery14",
      "body": "We are required to hold nap time, per licensing. We have 2 hours blocked out for this, but that also includes getting ready to lay down and waking up/putting things away. We can't force them to nap, but they must stay quiet. \n\nIt varies from state to state, but we allow them to get up and play quietly after 30 minutes of *trying* to sleep.",
      "created_utc": 1749579764.0,
      "score": 16,
      "permalink": "/r/preschool/comments/1l84hhs/prek_mandatory_nap_time/mx27hxb/",
      "is_submitter": false,
      "edited": false,
      "stickied": false
    },
    {
      "id": "mx2px20",
      "author": "Magicalcoconut618",
      "body": "I think in most places it\u2019s 2 hours at most but yes every place we\u2019ve been has had nap time up through 4K. Some places do a shorter nap for the 4K kids. And I think it varies by state but a lot of places have rules around they cannot keep kids up or wake them early etc. The rules around ratios change for naptime and the teachers take their breaks then, but that means the kids have to stay on their mats so they stay in ratio. My older child stopped napping a little after turning 2 so we\u2019ve been dealing with this for over 2 years now with one year to go. I can\u2019t wait for kindergarten, haha.",
      "created_utc": 1749585022.0,
      "score": 10,
      "permalink": "/r/preschool/comments/1l84hhs/prek_mandatory_nap_time/mx2px20/",
      "is_submitter": false,
      "edited": false,
      "stickied": false
    },
    {
      "id": "mx3a848",
      "author": "Subject_Cabinet3946",
      "body": "Yes and it sucks. Our pre-K (at a licensed daycare center) still has them \u201cnap\u201d for 2 hours. So of course, my 5 year old struggles with bedtime and often isn\u2019t going to bed until 10pm \ud83d\ude35\u200d\ud83d\udcab. This is one thing I won\u2019t miss when she starts kinder!",
      "created_utc": 1749590784.0,
      "score": 7,
      "permalink": "/r/preschool/comments/1l84hhs/prek_mandatory_nap_time/mx3a848/",
      "is_submitter": false,
      "edited": false,
      "stickied": false
    },
    {
      "id": "mx2y9r1",
      "author": "Acrobatic_Bus_1066",
      "body": "As a Prek Teacher where we live it is mandatory state law to rest or sleep on cot for at least an hour or longer. Check with the teachers .",
      "created_utc": 1749587359.0,
      "score": 6,
      "permalink": "/r/preschool/comments/1l84hhs/prek_mandatory_nap_time/mx2y9r1/",
      "is_submitter": false,
      "edited": false,
      "stickied": false
    },
    {
      "id": "mx3kn0z",
      "author": "takethepain-igniteit",
      "body": "This is standard pretty much everywhere. A lot of times this is when teachers take their breaks. When all children are on their cots laying quietly/asleep, the required number of teachers is cut in half. For example, in my state the ratio for 3 year olds is 2:20. At naptime, once the kids are down only 1 teacher needs to be in the room with 20 kids. This lasts 2 hours so each teacher gets an hour break. Quiet time is important for kids this age even if they don't sleep.",
      "created_utc": 1749594018.0,
      "score": 6,
      "permalink": "/r/preschool/comments/1l84hhs/prek_mandatory_nap_time/mx3kn0z/",
      "is_submitter": false,
      "edited": false,
      "stickied": false
    },
    {
      "id": "mx3uyws",
      "author": "cats822",
      "body": "Yes. You need to find a preschool that is half day. Full day all do nap time here so my guy does half day.",
      "created_utc": 1749597419.0,
      "score": 4,
      "permalink": "/r/preschool/comments/1l84hhs/prek_mandatory_nap_time/mx3uyws/",
      "is_submitter": false,
      "edited": false,
      "stickied": false
    },
    {
      "id": "mx3f1sw",
      "author": "AskRecent6329",
      "body": "Our daycare does 2 hours. My LO stopped napping around 3 too. She has to lay for 20 minutes, and then they put her in with the older children around that time. They did let her bring a popper, maybe because it is part of her IEP.",
      "created_utc": 1749592246.0,
      "score": 3,
      "permalink": "/r/preschool/comments/1l84hhs/prek_mandatory_nap_time/mx3f1sw/",
      "is_submitter": false,
      "edited": false,
      "stickied": false
    },
    {
      "id": "mx3ianh",
      "author": "salaciousremoval",
      "body": "For us, state requirement. I don\u2019t like it and it sucks for my kid, but it\u2019s a staffing & licensing thing where we live. 2 hour rest. It\u2019s when the teachers get breaks. \n\nWe got our admin team to agree to let him work on a workbook quietly on his cot on days when he doesn\u2019t want to sleep.",
      "created_utc": 1749593260.0,
      "score": 3,
      "permalink": "/r/preschool/comments/1l84hhs/prek_mandatory_nap_time/mx3ianh/",
      "is_submitter": false,
      "edited": false,
      "stickied": false
    },
    {
      "id": "mx4334r",
      "author": "Winterfaery14",
      "body": "Also, keep in mind that it's a new environment; if he is napping at school, it's because he is tired and his body needs rest. \n\nI've lost count as to how many parents tell me that their child never naps at home, (which is fine, we have quiet activities for non-sleepers) only for them to be the very first one that falls asleep.",
      "created_utc": 1749600114.0,
      "score": 3,
      "permalink": "/r/preschool/comments/1l84hhs/prek_mandatory_nap_time/mx4334r/",
      "is_submitter": false,
      "edited": false,
      "stickied": false
    },
    {
      "id": "mx3morz",
      "author": "Opening-Reaction-511",
      "body": "Wow. In my state they are required to offer it if requested but it is not mandatory. Our preschool sends the nappers to the toddler room. The others continue with the preschool day. My kid is often the only napper from the preschool",
      "created_utc": 1749594689.0,
      "score": 2,
      "permalink": "/r/preschool/comments/1l84hhs/prek_mandatory_nap_time/mx3morz/",
      "is_submitter": false,
      "edited": false,
      "stickied": false
    },
    {
      "id": "mx400bv",
      "author": "Proud-Fennel7961",
      "body": "My middle son is 5yo and just finishing up preK 4. They have mandatory rest time for one hour after lunch. He stopped napping before his 3rd birthday but he LOVES his nap time at school. It hasn\u2019t affected his bedtime, he\u2019s still ready for bed at the same time. And he doesn\u2019t nap on the weekends. I know most parents are against it but it actually worked out well for us.",
      "created_utc": 1749599084.0,
      "score": 2,
      "permalink": "/r/preschool/comments/1l84hhs/prek_mandatory_nap_time/mx400bv/",
      "is_submitter": false,
      "edited": false,
      "stickied": false
    },
    {
      "id": "mx4gqef",
      "author": "Paramore96",
      "body": "Most preschools have a mandatory nap time. They don\u2019t have to sleep, but they do have to rest quietly on their cots/mats.  Also most places the ratios change at naptimes so everybody has to be on their beds, so the teachers can go to lunch.",
      "created_utc": 1749604899.0,
      "score": 2,
      "permalink": "/r/preschool/comments/1l84hhs/prek_mandatory_nap_time/mx4gqef/",
      "is_submitter": false,
      "edited": false,
      "stickied": false
    },
    {
      "id": "mx3n4yd",
      "author": "boyfriem",
      "body": "2 hours sounds like a lot to me but reading these other comments I guess it's the norm in a lot of places... at my school we do an hour of nap for the 4 year old and pre k classes but there are a few kids who don't nap and we have them do quiet solo play on their mats. If you're able I would ask what their policies are for children who don't sleep during nap time. If they have a plan in place it seems fine, but if they're trying to force every kid to sleep for 2.5 hours that's an issue. Personally I'd also be wary of it if they tell you that they don't have any problems getting all the kids to nap for the whole time because I'd have a hard time believing that and it would signal to me that they don't know how to deal with a child who doesn't nap. It's also not great for the kids developmentally to be getting that long of a nap in pre k when they'll be moving on to kindergarten and having no nap time at all. But again it sounds like this is the requirement in a lot of places, so you might want to do some research on naptime requirements for that age group wherever you live because if that's the law then that's what you're going to see at any preschool you're interested in. \nTL;DR since you already know your kid doesn't nap, I'd be less concerned about the length of nap time and more concerned about whether the school knows what to do with a kid who doesn't sleep during nap time.",
      "created_utc": 1749594838.0,
      "score": 1,
      "permalink": "/r/preschool/comments/1l84hhs/prek_mandatory_nap_time/mx3n4yd/",
      "is_submitter": false,
      "edited": false,
      "stickied": false
    },
    {
      "id": "mx3pw96",
      "author": "Spiritual-Bridge3027",
      "body": "I\u2019m in TX, was in California previously- in public pre-k or in private ones, there was no nap time for kids who are 3 or 4 y/o.\n\nGranted, the public pre-k in Cali was only 3 hours but even in TX where it\u2019s not, they still don\u2019t have naptime for kids over 4.\n\nMy kid would have gone bonkers if she was asked to take a nap at school for 2 hours and even more crazy if she was asked to keep quiet for 2 hours",
      "created_utc": 1749595754.0,
      "score": 1,
      "permalink": "/r/preschool/comments/1l84hhs/prek_mandatory_nap_time/mx3pw96/",
      "is_submitter": false,
      "edited": false,
      "stickied": false
    },
    {
      "id": "mx3uqv5",
      "author": "keep_sour",
      "body": "Ugh this drives me up the wall. My 3 YO doesn\u2019t nap at home but does at school. Bedtime on Saturday\u2019s and Sundays is always a breeze, but he\u2019s up till 10pm every night after school cause he\u2019s wired from his nap. Makes mornings a real battle when I wake him up for school and he\u2019s still tired.\n\nIn my state it\u2019s not  requirement that they sleep, just that they\u2019re offered a nap. And if the class is asleep the ratios go down so their teachers can take turns eating lunch, so I get why they need to get them to sleep. I\u2019ve just accepted that it is what it is until kindergarten but I know what you mean and agree that it\u2019s so frustrating.",
      "created_utc": 1749597346.0,
      "score": 1,
      "permalink": "/r/preschool/comments/1l84hhs/prek_mandatory_nap_time/mx3uqv5/",
      "is_submitter": false,
      "edited": false,
      "stickied": false
    },
    {
      "id": "mx3w5zc",
      "author": "Ok_Tennis_6564",
      "body": "I'm not in TN. Where I live it is mandated to offer rest before 4yrs of age, if they fall asleep you must let them rest for 1hr. If my son naps, he stays up till 11pm, which meant a miserable morning and then a long evening. The way the school gets through it, is the \"non-napping\" 3yr olds (surprisingly only 6/18 kids), are asked... Do you want to nap today? If they say no, they go to the big kid room.\u00a0\n\n\nMy kid would never just say yes at this point. And if he napped would be up even later. I was going crazy as it was. He fully stopped napping at 3yrs 2 months, but stopped at home a month or two before 3.",
      "created_utc": 1749597810.0,
      "score": 1,
      "permalink": "/r/preschool/comments/1l84hhs/prek_mandatory_nap_time/mx3w5zc/",
      "is_submitter": false,
      "edited": false,
      "stickied": false
    },
    {
      "id": "mx4r91s",
      "author": "ginam58",
      "body": "We have to have them rest. They don\u2019t have to sleep. There\u2019s a lot of quiet activity on their mats and they don\u2019t sleep",
      "created_utc": 1749608596.0,
      "score": 1,
      "permalink": "/r/preschool/comments/1l84hhs/prek_mandatory_nap_time/mx4r91s/",
      "is_submitter": false,
      "edited": false,
      "stickied": false
    },
    {
      "id": "mx5ly7v",
      "author": "Odd-Tomatillo-6890",
      "body": "I would just find a half day program. My daughter didn\u2019t go full time until she started public kindergarten. She quit napping before 3 and it would never have worked for us. If I\u2019m understanding correctly the nanny could pick the child up, mine did.",
      "created_utc": 1749622231.0,
      "score": 1,
      "permalink": "/r/preschool/comments/1l84hhs/prek_mandatory_nap_time/mx5ly7v/",
      "is_submitter": false,
      "edited": false,
      "stickied": false
    },
    {
      "id": "mx66ove",
      "author": "maestra612",
      "body": "2.5 hours is way too long for 4 and 5 year olds to nap. Making kids lie down that long indicates to me that they're short staffed and make the kids lay down so everyone can get a break during higher nap time ratios. I'd call the state licensing agency and ask about 2.5 hour mandatory naps for 5 year olds with no alternative activity for non-sleepers. They're either mistaken or lying, that is not best practices. Also 11:30???? What 5 year old is tired by 11:30, unless they wake-up at 5am? \nI also wouldn't send my child somewhere that told me there was ANYTIME that I wasn't allowed to pick up. I'd keep my nanny and find a nice part-time preschool for my child.\n\nETA I am a NJ state certified Pre-K teacher/coach in public school with an MA in teaching Pre-K thru 3rd grade. We follow Developmentally appropriate practice and we are evaluated using the ECERS tool. I've taught 16 years in public education, but before I finished my BA I taught Pre-K in a childcare center for 5 years. My 4 and 5s had a half hour quiettime each day during which I read them chapter books. My kids that still needed a nap napped in the preschool ( 3 year old) room.",
      "created_utc": 1749634457.0,
      "score": 1,
      "permalink": "/r/preschool/comments/1l84hhs/prek_mandatory_nap_time/mx66ove/",
      "is_submitter": false,
      "edited": 1749635261.0,
      "stickied": false
    },
    {
      "id": "mx7lop9",
      "author": "mandabee27",
      "body": "It is standard in most places for pre-K (our 4 year old kinders are in full day school so they don\u2019t nap obviously). One of my girls stopped napping around 2.5 and she HATED nap time because they basically just tried to force her to sleep daily and even when I asked them to give her books instead, they\u2019d give her 1 book to look at the for the 2.5 hours. She still talks about it being the worst part of daycare - I can\u2019t believe she remembers it lol, but I guess it was that annoying for her.\u00a0",
      "created_utc": 1749654126.0,
      "score": 1,
      "permalink": "/r/preschool/comments/1l84hhs/prek_mandatory_nap_time/mx7lop9/",
      "is_submitter": false,
      "edited": false,
      "stickied": false
    },
    {
      "id": "mxai3sy",
      "author": "strfk3r",
      "body": "i used to work for a preschool that had a second recess for students that didnt nap. we had one big nap room for the students that rested during 12-2 and we would bring them out as they woke up.",
      "created_utc": 1749685037.0,
      "score": 1,
      "permalink": "/r/preschool/comments/1l84hhs/prek_mandatory_nap_time/mxai3sy/",
      "is_submitter": false,
      "edited": false,
      "stickied": false
    },
    {
      "id": "mxaxmcj",
      "author": "Acceptable_Branch588",
      "body": "Most kids are done napping at 3. That\u2019s really strange",
      "created_utc": 1749690579.0,
      "score": 1,
      "permalink": "/r/preschool/comments/1l84hhs/prek_mandatory_nap_time/mxaxmcj/",
      "is_submitter": false,
      "edited": false,
      "stickied": false
    },
    {
      "id": "mxb23ck",
      "author": "Sabine418",
      "body": "We have nap 1-3, my state requires 45 min of quiet time. If the children are awake after an hour they get up and do quiet activities. I am bewildered by the fact that you can't pick up whenever you want. Most centers I have been at have an open door policy. Good luck!",
      "created_utc": 1749692201.0,
      "score": 1,
      "permalink": "/r/preschool/comments/1l84hhs/prek_mandatory_nap_time/mxb23ck/",
      "is_submitter": false,
      "edited": false,
      "stickied": false
    },
    {
      "id": "mxb3tp0",
      "author": "Gardiner-bsk",
      "body": "I would not put my child in this school. Most kids are done napping at 4.",
      "created_utc": 1749692824.0,
      "score": 1,
      "permalink": "/r/preschool/comments/1l84hhs/prek_mandatory_nap_time/mxb3tp0/",
      "is_submitter": false,
      "edited": false,
      "stickied": false
    },
    {
      "id": "mxb5sb6",
      "author": "MischaMascha",
      "body": "Without knowing what state you\u2019re in? It still is almost a certainty that yes, it is a state licensing requirement. As a pest provider, also worth noting that children are a lot more tired at daycare than they are home. It is a very different environment. Highly likely your child will savor some rest.",
      "created_utc": 1749693509.0,
      "score": 1,
      "permalink": "/r/preschool/comments/1l84hhs/prek_mandatory_nap_time/mxb5sb6/",
      "is_submitter": false,
      "edited": false,
      "stickied": false
    },
    {
      "id": "mxbaybm",
      "author": "ZookeepergameIll5365",
      "body": "A nap/rest seems normal. 2.5 hours seems NOT normal at all for 4-5 year olds. Especially starting at 11:30?? I can\u2019t imagine making a 5 year old lay quietly on a mat with no alternative activity for two and a half hours every day. My two year old doesn\u2019t even nap that long.",
      "created_utc": 1749695369.0,
      "score": 1,
      "permalink": "/r/preschool/comments/1l84hhs/prek_mandatory_nap_time/mxbaybm/",
      "is_submitter": false,
      "edited": false,
      "stickied": false
    },
    {
      "id": "mxbfajn",
      "author": "Objective_Ordinary18",
      "body": "I am a prek teacher at a 7:45-3:00 program. We do quiet time for 1 hour. I will say all the kids sleep, even the ones who \"don't nap at home\". We are on the MOVE all day and we have 2 recess times of 30 minutes and then one about 20-25 minutes right before pick up. Recess one is mid morning, then right before lunch is the second recess and then  before pickup is the finak. We eat lunch outside too if weather permits. The Rest of the day is learning activities and a special (music, P.E., Art, library) depending on the day. All students in class have quiet time for 1 hour but they aren't forced to sleep, but they do. We wake promptly at 1 hour and 85% need to be woken the others wake from the kids waking and the lights being on. School is tiring but 2.5 hours is a little excessive in my opinion.",
      "created_utc": 1749696958.0,
      "score": 1,
      "permalink": "/r/preschool/comments/1l84hhs/prek_mandatory_nap_time/mxbfajn/",
      "is_submitter": false,
      "edited": false,
      "stickied": false
    },
    {
      "id": "mxbqehe",
      "author": "Affectionate-Bee9462",
      "body": "you can show up any time you want. they cannot refuse you access to your child.",
      "created_utc": 1749701478.0,
      "score": 1,
      "permalink": "/r/preschool/comments/1l84hhs/prek_mandatory_nap_time/mxbqehe/",
      "is_submitter": false,
      "edited": false,
      "stickied": false
    },
    {
      "id": "mxdtoht",
      "author": "lizzy_pop",
      "body": "I think this is normal. The 2.5 hours includes getting ready and waking up and everything associated with it. Have you asked if kids can get up after a certain amount of time if they don\u2019t fall asleep?",
      "created_utc": 1749737365.0,
      "score": 1,
      "permalink": "/r/preschool/comments/1l84hhs/prek_mandatory_nap_time/mxdtoht/",
      "is_submitter": false,
      "edited": false,
      "stickied": false
    },
    {
      "id": "mx4bgog",
      "author": "JudyMcFabben",
      "body": "Same!!! My almost 5 yr old doesn\u2019t nap on the weekends but when he rest/naps at school bedtime is 9:30-10 \ud83e\udd75",
      "created_utc": 1749603052.0,
      "score": 3,
      "permalink": "/r/preschool/comments/1l84hhs/prek_mandatory_nap_time/mx4bgog/",
      "is_submitter": false,
      "edited": false,
      "stickied": false
    },
    {
      "id": "mx3wz90",
      "author": "inetsed",
      "body": "I would prefer half day offerings! That\u2019s the one thing I do remember from when I was in pre-k myself lol but it would be a smoother adjustment for him (and us I\u2019m sure), and he\u2019d come home while our 2.5 year old was napping here so he\u2019d still get 1:1 time with the nanny who he\u2019s obviously attached to.",
      "created_utc": 1749598077.0,
      "score": 3,
      "permalink": "/r/preschool/comments/1l84hhs/prek_mandatory_nap_time/mx3wz90/",
      "is_submitter": true,
      "edited": false,
      "stickied": false
    },
    {
      "id": "mx3v3au",
      "author": "cats822",
      "body": "Also preschool vs daycare.",
      "created_utc": 1749597459.0,
      "score": 1,
      "permalink": "/r/preschool/comments/1l84hhs/prek_mandatory_nap_time/mx3v3au/",
      "is_submitter": false,
      "edited": false,
      "stickied": false
    },
    {
      "id": "mx4bp5l",
      "author": "HookerInAYellowDress",
      "body": "Agree wholeheartedly. This is very true- if they fall asleep they are tired.",
      "created_utc": 1749603134.0,
      "score": 2,
      "permalink": "/r/preschool/comments/1l84hhs/prek_mandatory_nap_time/mx4bp5l/",
      "is_submitter": false,
      "edited": false,
      "stickied": false
    },
    {
      "id": "mx42c8k",
      "author": "Winterfaery14",
      "body": "Some preschools are housed within the elementary schools, so no toddler room.",
      "created_utc": 1749599860.0,
      "score": 2,
      "permalink": "/r/preschool/comments/1l84hhs/prek_mandatory_nap_time/mx42c8k/",
      "is_submitter": false,
      "edited": false,
      "stickied": false
    },
    {
      "id": "mx3o06y",
      "author": "boyfriem",
      "body": "Sorry I just read the post again,\n1. No pick up during nap time unless there's an emergency doesn't feel excessive to me - it's incredibly disruptive to the kids to have one of their peers leave in the middle of nap and they're not preventing you from picking up if you need to, just laying down that if you're planning to schedule an activity where your kid leaves early, you'll need to pick them up outside of that window. \n2. Their only plan for a kid who doesn't nap being to give them a fidget toy does feel like a bit of a red flag to me with the length of time. I can't imagine any child would be able to stay entertained for 2.5 hours with just that. At my school we'll give a kid a fidget toy if they're not falling asleep but again, we only nap for an hour, and this is for kids we're actually trying to get down, so they only have to entertain themselves for 45 minutes max. We have different policies for kids who we know don't nap at all, and it's concerning that they don't seem to make a distinction between kids who won't nap on a certain day and kids who don't nap ever. I wouldn't say it's a red flag for the preschool itself, there are a lot of reasons they could have this policy, and it may work just fine for them, but if you know your kid doesn't nap at all and they have no plans to accommodate that it doesn't sound like a great fit.",
      "created_utc": 1749595127.0,
      "score": 2,
      "permalink": "/r/preschool/comments/1l84hhs/prek_mandatory_nap_time/mx3o06y/",
      "is_submitter": false,
      "edited": false,
      "stickied": false
    },
    {
      "id": "mx3rjhw",
      "author": "inetsed",
      "body": "That\u2019s what I\u2019m stuck on\u2026 I know most if not all moms think their kids are the greatest, to that point I do have a great 4 year old lol and he would LOVE every aspect otherwise. But I cannot imagine a world where in the middle of the day he\u2019s expected to just be still and quiet and not engaged or active for 2.5 hours. Comments read like it must be somewhat standard though",
      "created_utc": 1749596294.0,
      "score": 1,
      "permalink": "/r/preschool/comments/1l84hhs/prek_mandatory_nap_time/mx3rjhw/",
      "is_submitter": true,
      "edited": false,
      "stickied": false
    },
    {
      "id": "mxbfrtu",
      "author": "Seaturtle1088",
      "body": "My kids Texas public  preK is required to have nap but they just do an hour. \n\n2.5 is wild. My kid has never napped that long in one stretch. They had to give my oldest a chapter book to keep her entertained through an entire hour because she refused to sleep. No book, she'd be disruptive from boredom. They started giving her long enough books to last the hour and it got infinitely better. She would have lost her mind being expected to entertain herself for 2.5 hours and a fidget toy would have never cut it.",
      "created_utc": 1749697138.0,
      "score": 1,
      "permalink": "/r/preschool/comments/1l84hhs/prek_mandatory_nap_time/mxbfrtu/",
      "is_submitter": false,
      "edited": false,
      "stickied": false
    },
    {
      "id": "mxaqo7m",
      "author": "inetsed",
      "body": "This would be a dream - for the kids at least! I can\u2019t figure out a way to justify it as they described the schedule. Day starts at 9, they have circle time, etc in the mornings as well as 1 hour outside play and lunch, then 2.5 hours nap from 11:30-2, another hour of outside time, story and free play, etc, pick up 4-4:30 unless you needed extended hours.    \n\nThis was a pre-k, its own separate building from the daycare, but i can\u2019t make it make sense for us and what we were looking for. I do feel like it must be a \u2018me\u2019 issue though. Their reviews are pretty stellar and the comments here seem like it\u2019s the norm.",
      "created_utc": 1749688062.0,
      "score": 1,
      "permalink": "/r/preschool/comments/1l84hhs/prek_mandatory_nap_time/mxaqo7m/",
      "is_submitter": true,
      "edited": false,
      "stickied": false
    },
    {
      "id": "mxbbol3",
      "author": "inetsed",
      "body": "I think that\u2019s the part I\u2019m still hung up on. Nap/quiet time in general makes total sense to me. But non-negotiable 2.5 hours, starting that early in the day with no real \u2018alternate activity\u2019 feels like a punishment. I\u2019m not by any means opposed to a nap or quiet time either one, it\u2019s the duration and the way it was presented as \u201cyeah if he coat sleep then he can have a popper at his cot\u201d that gets me.",
      "created_utc": 1749695632.0,
      "score": 1,
      "permalink": "/r/preschool/comments/1l84hhs/prek_mandatory_nap_time/mxbbol3/",
      "is_submitter": true,
      "edited": false,
      "stickied": false
    },
    {
      "id": "mx51o3d",
      "author": "cats822",
      "body": "Ah you need it for childcare! Sorry that's different! A lot of \"preschools\" full day kinda more like daycare 6-6 all offer naps from what I found. Preschool like 3 hour thing they don't do nap! At least in my area kinda how it's worded. My 3 yo would be up all night if he napped lol",
      "created_utc": 1749612623.0,
      "score": 1,
      "permalink": "/r/preschool/comments/1l84hhs/prek_mandatory_nap_time/mx51o3d/",
      "is_submitter": false,
      "edited": false,
      "stickied": false
    }
  ],
  "relevance": {
    "score": 8.580000000000002,
    "user_type": "parent",
    "pain_points": [
      "this was a pre-k, its own separate building from the daycare, but i can\u2019t make it make sense for us and what we were looking for"
    ],
    "keywords_found": [
      "preschool",
      "kindergarten",
      "toddler"
    ],
    "sentiment_score": 0.9973,
    "age_relevance": true,
    "urgency_level": "high",
    "competitive_mentions": [],
    "timestamp": "2025-06-12T14:50:35.382296"
  }
}