{
  "subreddit": "ECEProfessionals",
  "post": {
    "id": "1l8za22",
    "title": "Nap time woes",
    "author": "Pinkcorazon",
    "created_utc": 1749664290.0,
    "score": 33,
    "num_comments": 19,
    "url": "https://www.reddit.com/r/ECEProfessionals/comments/1l8za22/nap_time_woes/",
    "selftext": "Hello all. Director here. For the summer, I have the 3-4 year old nap room each day. Not to toot my own horn, but it\u2019s been going great. Since last week I\u2019ve successfully gotten all 6-8 kids asleep each day. (Small group, I know.) I tuck everyone in to start and remind them that if they are waiting patiently I can come pat their back. A lot fall asleep before I get there. \n\nYesterday was different. A child\u2019s parent *told* them they were picking them up early for an appointment, which conveniently fell over nap time. Of course, child A couldn\u2019t fall asleep. This is also my most disruptive student so they made it so no one else could sleep either. \n\nAs I was trying to get needs met, another child (B) kept popping up and making faces at another child. I took a trick from the book at another center I worked at and created a barrier by hanging a blanket over two chairs so this child couldn\u2019t see their friend anymore. I explained it was to help both of them focus on resting. Both still in clear view from my vantage point. \n\nToday, I get a message from this child B\u2019s mom wanting to talk about rest time. Said they\u2019ve heard some \u201cinteresting stories\u201d lately. I would like to get in touch with the mother and explain the situation. I am second guessing my method now. Is creating a barrier something considered appropriate? Definitely open to suggestions. \n\nAlso\u2014 I offer quiet activities *after* other children have had the chance to fall asleep. I find if I start them with quiet activities then they don\u2019t even try to sleep. "
  },
  "comments": [
    {
      "id": "mx8n6ri",
      "author": "Own_Lynx_6230",
      "body": "It might vary regionally but every centre in my area has something specific they use as nap time barriers because it's a NEED not a want",
      "created_utc": 1749664727.0,
      "score": 36,
      "permalink": "/r/ECEProfessionals/comments/1l8za22/nap_time_woes/mx8n6ri/",
      "is_submitter": false,
      "edited": false,
      "stickied": false
    },
    {
      "id": "mx8wc2w",
      "author": "thataverysmile",
      "body": "I don\u2019t see an issue with this. Just because Child B doesn\u2019t want to/doesn\u2019t need to sleep, doesn\u2019t mean he can keep other children up. You did the proper thing to allow the other children to sleep. You didn\u2019t restrain him. You just stopped him from being a pest. \n\nI would ask the mom for more clarity. If it is indeed about the barrier issue, I\u2019d firmly explain \u201cChild B was trying to keep other children awake. To ensure proper sleep hygiene for all children, I created a small barrier to prevent him from doing so. It\u2019d be helpful if you could talk to Child B and ask him to please not try to keep his friends up at nap, and explain why it\u2019s important to let them sleep. Thanks for your support!\u201d",
      "created_utc": 1749667349.0,
      "score": 55,
      "permalink": "/r/ECEProfessionals/comments/1l8za22/nap_time_woes/mx8wc2w/",
      "is_submitter": false,
      "edited": false,
      "stickied": false
    },
    {
      "id": "mx9mowa",
      "author": "Phsycomel",
      "body": "Barriers are common. \n\nNot only to prevent kids playing with each other but to reduce stimulation (light/noise) and to give them their own \"space\" to rest. We use them regularly in 3 of my 6 classes.",
      "created_utc": 1749675005.0,
      "score": 22,
      "permalink": "/r/ECEProfessionals/comments/1l8za22/nap_time_woes/mx9mowa/",
      "is_submitter": false,
      "edited": false,
      "stickied": false
    },
    {
      "id": "mx9h184",
      "author": "ShirtCurrent9015",
      "body": "Yeah this is NOT a you problem. And I would suggest that you may want to instate pick up/drop off windows. Like if somebody has an appointment, prior to nap they need to be picked up before nap time begins. Otherwise it\u2019s just gonna be a mess for everyone. That what appointment can\u2019t ask for everyone to mess up their nap.",
      "created_utc": 1749673369.0,
      "score": 21,
      "permalink": "/r/ECEProfessionals/comments/1l8za22/nap_time_woes/mx9h184/",
      "is_submitter": false,
      "edited": false,
      "stickied": false
    },
    {
      "id": "mxazeri",
      "author": "DiscombobulatedRain",
      "body": "I\u2019m assuming the child didn\u2019t properly explain the set up. I can imagine them saying \u2018the teacher put me behind a wall during nap\u2019. They said \u2018interesting\u2019 stories, so it sounds like they know the kid isn\u2019t giving full truths.",
      "created_utc": 1749691222.0,
      "score": 5,
      "permalink": "/r/ECEProfessionals/comments/1l8za22/nap_time_woes/mxazeri/",
      "is_submitter": false,
      "edited": false,
      "stickied": false
    },
    {
      "id": "mxanpea",
      "author": "Effective-Plant5253",
      "body": "i often place cots around  our shelf\u2019s and play things to crate barriers between children. as long as they are all in your view this shouldn\u2019t be a problem",
      "created_utc": 1749686988.0,
      "score": 5,
      "permalink": "/r/ECEProfessionals/comments/1l8za22/nap_time_woes/mxanpea/",
      "is_submitter": false,
      "edited": false,
      "stickied": false
    },
    {
      "id": "mx8ofvj",
      "author": "Dry-Ice-2330",
      "body": "On a one off day like that I would have had the floater take the disruptive child out of the room so the rest of the children could rest like normal. You can only control what you can control. \n\nAs follow up,  I'd pretend it didn't even happen. Tell the children that they are the best at getting rest and preparing their bodies for an afternoon of fun. The best at laying on their mats respectively while their more tired friends fall asleep, the best you've ever seen! Today to celebrate, we're going to do (special thing) after rest today to celebrate. I'll be watching to see who is doing an awesome job taking care of their bodies.\n\nYou probably don't even need the (special thing), but you know your group. It might help that 1 wild one to real it in.",
      "created_utc": 1749665078.0,
      "score": 6,
      "permalink": "/r/ECEProfessionals/comments/1l8za22/nap_time_woes/mx8ofvj/",
      "is_submitter": false,
      "edited": false,
      "stickied": false
    },
    {
      "id": "mxa8fvi",
      "author": "None",
      "body": "we often create a \u201cwall\u201d to separate the sleep mats from the main part of the room. this serves two purposes: preventing the sleepers from seeing toys and being tempted to leave their beds; and preventing non-sleepers from coming in and disturbing their friends",
      "created_utc": 1749681804.0,
      "score": 3,
      "permalink": "/r/ECEProfessionals/comments/1l8za22/nap_time_woes/mxa8fvi/",
      "is_submitter": false,
      "edited": false,
      "stickied": false
    },
    {
      "id": "mxcjsbf",
      "author": "Curious-Little-Beast",
      "body": "Mom here - can't see anything wrong with this method and would have zero issues if my kid's teachers did this for her (or for me lol - I'd love a cozy nook for a midday nap please). But I can imagine that the mom got an... interesting interpretation from the kid. Hopefully you both get a good laugh out of this conversation!",
      "created_utc": 1749717526.0,
      "score": 3,
      "permalink": "/r/ECEProfessionals/comments/1l8za22/nap_time_woes/mxcjsbf/",
      "is_submitter": false,
      "edited": false,
      "stickied": false
    },
    {
      "id": "mxawvrj",
      "author": "WeaponizedAutisms",
      "body": "Hi, kinder whisperer here. Once I got 10 kinders to sleep at the same time.\n\nWhat I do if they aren't going to sleep is give them a quiet sensory item to occupy them or a small bin of toys. I let them know that if what they have is making them loud then it will have to be put away. I make sure to position them near the entrance so they don't have to go around or over any other children when they are picked up. \n\n>As I was trying to get needs met, another child (B) kept popping up and making faces at another child. I took a trick from the book at another center I worked at and created a barrier by hanging a blanket over two chairs so this child couldn\u2019t see their friend anymore. I explained it was to help both of them focus on resting. Both still in clear view from my vantage point.\n\nI usually arrange them in places where they won't be next to people who they will fool around with. I have them roll over and look the other way or place them alternating which end of their blankets their head is at. Sometimes I just sit between them. I once had a child with FASD. They didn't like people seeing them sleep so I had a picnic blanket I put over a couple of end tables and they rested or slept under that. I've even had children rest on 2 different carpets where I have a line of sight to both. Often when some of them don't have an audience they will get bored and nod off.\n\nI had a couple of other neurospicy kids in my group. I have ADHD and autism plus some other things so I understand them a fair bit. I have let them stand up cushions to make a little area by themselves. Others I have helped to use their blankets to make a little nest under a counter in a little cubbie area. Sometimes I even let them go and rest on the library carpet away from other friends. I try to go with what works for them and doesn't bother other children.\n\n>Today, I get a message from this child B\u2019s mom wanting to talk about rest time. Said they\u2019ve heard some \u201cinteresting stories\u201d lately. I would like to get in touch with the mother and explain the situation. I am second guessing my method now. Is creating a barrier something considered appropriate? \n\nIf it worked and you had a line of sight on all the children I don't see the problem. In the preschool littles room where I work they have 16 kids scattered about the room. Some are on their cots next to other children, others have a low shelf between them and their partner in crime. It doesn't matter what the children can see as long as the ECE can monitor them. \n\n>Definitely open to suggestions.\n\nHave a meeting where you are off the floor. If possible have a witness who observed the rest time in question if not a supervisor or senior staff member. Ask if it would be alright to take notes. You never know how the child has articulated what happened to the parent.\n\n>Also\u2014 I offer quiet activities after other children have had the chance to fall asleep. I find if I start them with quiet activities then they don\u2019t even try to sleep.\n\nI do lunch, then they go to the bathroom so they don't have to get up during rest. They move to the rest carpet, put out their blanket in their specific assigned spot and can read books from a bin I set out or play quietly with some transition time sensory toys. I have the rest time music playing quietly in the background to help cue them about what is happening next. When everyone is done I have them put the books and/or the sensory toys away. Then I read them a story for 3-5 minutes, ask them to lay on their blankets and start rest time. \n\nA really consistent routine helps to reduce the energy level and get them settled. There are ECEs in my room that just let their kids go anywhere in the room and do anything when they are done eating. They dump bins, run around and scream, climb on and jump off furniture. This is because when they are tired they get hyper and are all full of cortisol and other stress hormones to try not to feel sleepy. This fucking kills me inside. Having a routine where the energy gradually steps down really helps the kids to be so much calmer.\n\nIf a child refuses to rest during rest time I have them keep \"resting\" at *wake up* time. For all of about 3 minutes normally. I tell them that rest time lasts 30 minutes and they can rest during rest time or when it's wake up time and their friends are playing. I don't think I've ever had to sit with a child for 3 minutes more than once. It helps them understand the consequences and even if they aren't resting at least they aren't waking up their friends.",
      "created_utc": 1749690312.0,
      "score": 1,
      "permalink": "/r/ECEProfessionals/comments/1l8za22/nap_time_woes/mxawvrj/",
      "is_submitter": false,
      "edited": false,
      "stickied": false
    },
    {
      "id": "mxax16g",
      "author": "WeaponizedAutisms",
      "body": "I use them with neurodivergent students a lot or ones that will fall asleep within 60 seconds if they don't have an audience for their comedy routine.",
      "created_utc": 1749690367.0,
      "score": 14,
      "permalink": "/r/ECEProfessionals/comments/1l8za22/nap_time_woes/mxax16g/",
      "is_submitter": false,
      "edited": false,
      "stickied": false
    },
    {
      "id": "mx9h8f4",
      "author": "ShirtCurrent9015",
      "body": "I second this. When you talk to the mom have her explain to you what she\u2019s speaking about and then you can respond as needed. But just remember that what you\u2019re describing here is to me more than just fine, you\u2019re doing great.",
      "created_utc": 1749673426.0,
      "score": 16,
      "permalink": "/r/ECEProfessionals/comments/1l8za22/nap_time_woes/mx9h8f4/",
      "is_submitter": false,
      "edited": false,
      "stickied": false
    },
    {
      "id": "mxay777",
      "author": "WeaponizedAutisms",
      "body": "> Barriers are common.\n> \n> Not only to prevent kids playing with each other but to reduce stimulation (light/noise) and to give them their own \"space\" to rest. We use them regularly in 3 of my 6 classes.\n\nI sometimes sit next to a child who is starting to doze. Even just having me next to them so they aren't looking around the room or at their friends helps. Even something as simple as making sure their eyes are in a shadow will encourage them to be calm or nod off.",
      "created_utc": 1749690788.0,
      "score": 8,
      "permalink": "/r/ECEProfessionals/comments/1l8za22/nap_time_woes/mxay777/",
      "is_submitter": false,
      "edited": false,
      "stickied": false
    },
    {
      "id": "mx9kjha",
      "author": "thataverysmile",
      "body": "This as well. I obviously can\u2019t stop parents from coming whenever they want, but I highly discourage parents from picking up during nap and the ensuing diaper/potty, snack, etc. Basically, try not to come during 1-4 unless it\u2019s an emergency or you absolutely couldn\u2019t get an appointment at another time. It prevents a lot of craziness.",
      "created_utc": 1749674379.0,
      "score": 11,
      "permalink": "/r/ECEProfessionals/comments/1l8za22/nap_time_woes/mx9kjha/",
      "is_submitter": false,
      "edited": false,
      "stickied": false
    },
    {
      "id": "mxaxw59",
      "author": "WeaponizedAutisms",
      "body": "> Yeah this is NOT a you problem. And I would suggest that you may want to instate pick up/drop off windows.\n\nI don't have specific timings to pick up. Parents can get their kids whenever they want or need. I do make sure though to communicate to parents what will be going on at a specific time. they have a welcome package to my group with my routine. I ask that if they think they will be picking up early during rest time that let us know. I put their child on their blanket closest to the door and assist them in *quietly* moving their child out of the room with all their belongings. If their child is likely to cry when woken I encourage them to move their child out of the room before this happens. This allows the child to exit the room with minimal disruption and allows the other children to rest or nap.\n\nI find that being accommodating to parents and having a collaborative process works better than telling them not to pick up between certain hours.",
      "created_utc": 1749690677.0,
      "score": 3,
      "permalink": "/r/ECEProfessionals/comments/1l8za22/nap_time_woes/mxaxw59/",
      "is_submitter": false,
      "edited": false,
      "stickied": false
    },
    {
      "id": "mxb10bn",
      "author": "WeaponizedAutisms",
      "body": "In the province where I am each group of children who are resting in the same room should have a shelf or something between them. We have different carpets where each group rests out of sight of each other.",
      "created_utc": 1749691800.0,
      "score": 2,
      "permalink": "/r/ECEProfessionals/comments/1l8za22/nap_time_woes/mxb10bn/",
      "is_submitter": false,
      "edited": false,
      "stickied": false
    },
    {
      "id": "mxd1bg6",
      "author": "Fine_Wealth_4344",
      "body": "Seconding this as a mom (also teacher). I would have ZERO issue if my kid was being chatty / silly and someone used a visual barrier for them. Totally appropriate (and way better than having to tell the kids over and over to stop)",
      "created_utc": 1749727058.0,
      "score": 3,
      "permalink": "/r/ECEProfessionals/comments/1l8za22/nap_time_woes/mxd1bg6/",
      "is_submitter": false,
      "edited": false,
      "stickied": false
    },
    {
      "id": "mxbu9x3",
      "author": "Phsycomel",
      "body": "100% - I learned the eyebrow rub trick years ago, too \ud83d\ude09 \u2764\ufe0f",
      "created_utc": 1749703276.0,
      "score": 3,
      "permalink": "/r/ECEProfessionals/comments/1l8za22/nap_time_woes/mxbu9x3/",
      "is_submitter": false,
      "edited": false,
      "stickied": false
    },
    {
      "id": "mxbcw3f",
      "author": "ShirtCurrent9015",
      "body": "You seem to be reframing/responding to my comment with a harsher idea of my take. The rhythm of our preschool day is important to all of our students. Helping  and supporting them to have a successful day. Many preschools have drop off windows or suggested pick up windows. Such as before or after nap. Having kids arrive and leave at all hours is challenging for children. As the original story shows. So if a child needs to be picked up early or dropped off late we explain when the best times would be and why. I am not \u201cstopping parents from getting their kids\u201d we are supporting the best ways to go about it. I very much suggest it. It is actually one of the ways that I partner with parents to support the children.",
      "created_utc": 1749696072.0,
      "score": 1,
      "permalink": "/r/ECEProfessionals/comments/1l8za22/nap_time_woes/mxbcw3f/",
      "is_submitter": false,
      "edited": false,
      "stickied": false
    }
  ],
  "relevance": {
    "score": 10,
    "user_type": "parent",
    "pain_points": [],
    "keywords_found": [
      "autism",
      "transition",
      "routine",
      "preschool",
      "neurodivergent"
    ],
    "sentiment_score": 0.9998,
    "age_relevance": true,
    "urgency_level": "high",
    "competitive_mentions": [],
    "timestamp": "2025-06-12T15:10:12.809345"
  }
}