{
    "monitored_subreddits": [
        {
            "name": "python",
            "description": "Python programming subreddit",
            "monitor_comments": true,
            "monitor_posts": true,
            "keywords": ["tutorial", "help", "question"]
        },
        {
            "name": "programming",
            "description": "General programming subreddit",
            "monitor_comments": true,
            "monitor_posts": true,
            "keywords": ["code", "project", "learning"]
        }
    ],
    "update_interval": 300,
    "max_posts_per_subreddit": 100
} 